Title,Authors,Year,DOI,Abstract,Keywords,Publisher,Source,Cited,classification,keywords,rationale,Feeling AI,Mechanical AI,Thinking AI,Out of Scope,Not Identified
Purchase decision of life insurance policyholders: An outlook,Rajeswari K.; Kartheeswari S.,2012,,"The insurance industry has been a booming sector, and companies are going overboard to get and retain customers. At present, there are 23 private insurance companies including Indian Private insurance companies and Indian private insurance companies with foreign partners in India. These companies are competing with the LIC to tap the immense insurance market potential of India. After the new economic reforms and global economic recession, the insurance companies have started to review their marketing strategies relating to assessing the customer’s financial needs and their other economic expectations, budget allocation, sales targets, staff training, adopting sophisticated technology, office automation in order to compete with their counterparts emerging in the scenario. This paper is an attempt to know the purchase decision of life insurance policyholders in the study area, which is situated in South Tamil Nadu. It is observed that among the policy holders with different age groups, the younger groups have positive attitude with insurance plans than elders. Although there has been a significant and rapid advancement in the area of customer management, there are many issues that need to be explored. Insurance companies across the world have started recognizing the value of superior customer care. © 2012, Associated Management Consultants Pvt. Ltd.. All rights reserved.",Attitude; Plan; Policyholders; Type of Policies and Services,Associated Management Consultants Pvt. Ltd.,scopus-automation,1,Feeling AI,"['customer needs', 'customer care', 'positive attitude', 'younger groups', 'insurance plans']","The abstract discusses the importance of understanding customer needs and attitudes towards insurance products, particularly highlighting the differences between age groups in their purchasing decisions. It emphasizes the value of superior customer care and the necessity to explore emotional aspects of customer management, which aligns well with the focus of Feeling AI on customer understanding and relationalization.",70%,10%,20%,0%,0%
Machine Learning in Supply Chain Management: A Systematic Literature Review,Mohamed-Iliasse M.; Loubna B.; Abdelaziz B.,2022,10.22034/ijsom.2021.109189.2279,"The supply chain ecosystem is currently benefiting from a great dynamic resulting from the digitalization of organizations and trades. For all the stakeholders in the area, this is a real breakthrough, and machine learning is at the core of this revolution. It has profoundly revolutionized companies in many aspects including the evolution of communication methods, the automation of many processes, the growing importance of information systems, etc. With shrinking margins and more demanding customers, supply chain management in increasingly becoming a source of competitive advantage. Its management and optimization requires a factual to Supply Chain decision making at strategique, tactical and operational levels. In this context and data rich environment, machine learning approaches and techniques find numerous useful applications for supply chain decision making. Today, companies have no choice but to apply Machine Learning solutions in almost every part of their processes. This fact seems even clearer in markets where competition is fierce. While Machine Learning does not redefine the enterprise, it is certainly a powerful asset for both marketing and process optimization purposes. It is so ingrained in the strategies of companies that now most of them rely heavily on it for all processes from creation, to product quality control, to public relations. In recent years, a series of practical applications of machine learning (ML) for supply chain decisions have been introduced. By interconnecting the ML methods applied for SC decision making, this paper identifies current SC applications and indicates potential research gaps. In this paper, we examine the general usability of machine learning techniques to assist with supply chain decisions. The main objective of this research is therefore to study how machine learning techniques can be integrated into the range of tools available to supply chain decision makers in order to take advantage of the increasing volume of data generated in the supply chain. © 2022 Authors. All rights reserved.",Digital Transformation; Expert system; Machine Learning; Supply chain; Supply Chain Analytics; Supply network,Kharazmi University,scopus-automation,21,Mechanical AI,"['machine learning', 'automation', 'supply chain management', 'data', 'process optimization']","The abstract discusses the integration of machine learning in supply chain decision making, emphasizing automation of processes and data utilization. This aligns closely with the definitions under Mechanical AI, particularly in the areas of data collection and standardization. While the abstract does touch on strategic decision-making, the focus is more on the automation and optimization aspects rather than emotional or relational elements.",0%,70%,20%,0%,10%
Fuzzy LMAW Method for Digital Marketing Technologies Assessment in Industry 4.0 age: Saudi Food Company Study Case,Aouadni S.; Aouadni I.,2024,10.62754/joe.v3i8.5744,"Industry 4.0 is a new technological era which is revolutionizing business operations and customer interactions. Labor markets and policymakers entrusted with promoting pertinent skills and employment opportunities face significant challenges because of the rapidly changing technological landscape which is marked by automation and irreversible changes in the labor market. In this study, the Fuzzy Logarithm Methodology of Additive Weights (FLMAW) is used to evaluate Digital Marketing Technologies (DMT) in a real-world example from a Saudi food company. The new fuzzy MCDM model, which planners and decision-makers can use when assessing and selecting DMT in I4.0. Furthermore, a case study is carried out to illustrate the feasibility of the suggested approach. The results of the FTOPSIS and FCOPRAS approaches were compared with those of FLMAW to show which was more effective. In the second stage, the rank reversal problem was used to compare the sensitivity of the FLMAW method with the FTOPSIS method. As a result, the FLMAW method produces accurate outcomes. © 2024, Creative Publishing House. All rights reserved.",Digital Marketing; Fuzzy set; I4.0; Logarithm Methodology of Additive Weights; MCDM; Rank reversal problem; Technology,Creative Publishing House,scopus-automation,0,Thinking AI,"['Digital Marketing Technologies', 'evaluation', 'market analysis', 'sensitivity', 'decision-makers']","The abstract discusses the evaluation of Digital Marketing Technologies (DMT) through a fuzzy MCDM model, which aligns with the strategic analysis focus of Thinking AI. The study involves comparative analysis of methods (FLMAW, FTOPSIS, FCOPRAS) to assess effectiveness in a real-world business context, highlighting market analysis and decision-making processes.",0%,20%,80%,0%,0%
How organisations generate and use customer insight,Said E.; Macdonald E.K.; Wilson H.N.; Marcos J.,2015,10.1080/0267257X.2015.1037785,"The generation and use of customer insight in marketing decisions is poorly understood, partly due to difficulties in obtaining research access and partly becausemarket-based learning theory views knowledge as a fixed asset. However, customer insight takes many forms, arrives at the organisation from increasingly diverse sources and requires more than mere dissemination if it is to be useful. A multiple case study approach is used to explore managerial practices for insight generation and use. Multiple informants from each of four organisations in diverse sectors were interviewed. Findings reveal the importance of value alignment and value monitoring across the insight demand chain, to complement the information processing emphasis of extant research. Within the firm, the study suggests the importance of customer insight conduct practices including insight format, the role of automation and insight shepherding, to complement the much-researched process perspective. The study provides a basis for assessing the effectiveness of insight processes by both practitioners and scholars. © 2015, Westburn Publishers Ltd.",Business to business marketing; Case study; Customer insight; Market research; Market-based learning,Routledge,scopus-automation,25,Feeling AI,"['customer insight', 'value alignment', 'value monitoring', 'insight generation', 'insight use', 'customer needs']","The abstract discusses the generation and use of customer insights, emphasizing the importance of understanding customer needs and the emotional aspects of customer insight practices. It highlights the significance of value alignment and monitoring across the insight demand chain, which aligns with customer understanding and relationalization. The focus on practices that enhance customer insight, such as insight format and insight shepherding, also reflects an emotional engagement with customers.",60%,20%,20%,0%,0%
Recruitment Promotion via Twitter: A Network-centric Approach of Analyzing Community Engagement Using Social Identity,Xian Ng L.H.; Cruickshank I.J.,2023,10.1145/3617127,"With the proliferation of online technologies, social media recruitment has become an essential part of any company’s outreach campaign. A social media platform can provide marketing posts with access to a large pool of candidates and at a low cost. It also provides the opportunity to quickly customize and refine messages in response to the reception. With online marketing, the key question is: which communities are attracted by recruitment tweets on social media? In this work, we profile the Twitter accounts that interact with a set of recruitment tweets by the U.S. Army’s Recruitment Command through a network-centric perspective. By harnessing how users signal their affiliations through user information, we extract and analyze communities of social identities. From Social Identity Theory, these social identities can be critical drivers of behavior, like the decision to enlist in the military. With this framework, we evaluate the effectiveness of the U.S. Army’s recruitment campaign on Twitter, observing that these campaigns typically attract communities with military exposure like veterans or those that identify with professional careers and fitness (e.g., student, professionals, athletes). The campaign also attracts, but at a much lower level, interaction from those in the digital industries—data scientists, cybersecurity professionals, and so forth. When analyzing the accounts in terms of their degree of automation, we find a set of intent-unknown bot accounts interacting with the tweets, and that many of the recruitment accounts are perceived as automated accounts. These observations can aid in campaign refinement: targeting the digital community and getting a broader reach for online recruitment publicity campaigns. © 2023 Association for Computing Machinery. All rights reserved.",bot detection; network analysis; social identity; social signaling; Twitter,Association for Computing Machinery,scopus-automation,2,Thinking AI,"['social media recruitment', 'campaign refinement', 'targeting', 'community analysis', 'behavior', 'military exposure', 'digital community']","The abstract discusses the analysis of Twitter accounts interacting with recruitment tweets, focusing on identifying communities attracted by these tweets, which aligns with market analysis and targeting strategies. The evaluation of the U.S. Army's recruitment campaign effectiveness and the observation of which communities engage with the content reflects strategic analysis of marketing efforts, making it a clear fit for the Thinking AI category.",0%,0%,100%,0%,0%
An analysis on factors influencing production and profitability of poultry eggs in Tamilnadu - India,Chandrakumarmangalam S.; Vetrivel S.C.,2011,,"The Indian poultry industry's success story is uniquely exceptional. From a backyard venture, it has made a quantum leap to emerge as a dynamic industry. Over the last three decades, there have been significant developments in the poultry industry with each decade focusing on different sectors. The seventies saw a spurt in egg production; the eighties an acceleration in broiler production; the nineties advances in poultry integration, automation and feed production. The present decade promises to exploit value added products and the global trade avenue. India is a developing country primarily has an agricultural economy. If agriculture blooms, the country prospers. Agriculture is a diversified subject covers such activities as farming, forestry, animal husbandry and fishery including agro- based industries in broader concept. Rural development improves the quality life of the weaker sections and gives way for participation and involvement of the masses in the process of decision making in economic and social life of and society.They provide livelihood to and million of rural house holds in the sub marginal level both land less and small landholders. They prove to be the best way to alleviate rural poverty and reduce income disparities. Industrial sector depends on agriculture for their raw material and allied products. Poultry and egg are popular food articles of high nutritional value and so and major break through have been achieved in egg production and broiler stock. This due to integrated development of breeding feeding, marketing, healthcare and nutrition etc.Poultry farming by providing additional income to the agricultures helps them to earn more and helps the nation to develop with out any wide disparities in the of income. © EuroJournals Publishing, Inc. 2011.",Agriculture; Egg consumption; Livelihood; Nutritional; Production; Rural,,scopus-automation,1,Out of Scope,[],"The abstract primarily discusses the development and impact of the poultry industry in India, focusing on agricultural advancements, rural development, and economic growth. It does not address any specific AI applications related to marketing, customer understanding, or emotional engagement, making it irrelevant to the defined categories.",0%,0%,0%,100%,0%
Customised risk assessment in manufacturing: A step towards the future of occupational safety management,Comberti L.; Demichela M.,2022,10.1016/j.ssci.2022.105809,"Following the enforcement of the EEC Directive (1989), focused on the promotion of workers health and safety, several approaches have been developed in the last 30 years to assess the risks related to the different hazards in the work environment and to identify, based on this assessment process, measures and action to promote safety and to reduce the occupational accidents. These approaches generally are focused on the analysis of the working activity and neglect the influence of the worker characteristics involved, strongly limiting the effectiveness of the risk-based decision making. This has a particular relevance in manufacturing field, where workers are still widely employed in several tasks, despite an increasing processes automation. Within this paper an innovative approach to explicitly consider the individual characteristic of the workers within the risk assessment in the work environment is described. Integration of a Human Performance model within risk assessment process is thus proposed. The resulting method allowed the definition of a customized risk based both on the individual skill of the worker involved and on the characteristics of the work places The comparison between risk assessed with traditional method and the customized risk showed the relevant influence that the human performance may have on the risk level to which the workers are exposed to and consequently allowed the company to identify the need for technical and organisational prevention and protection measures not highlighted with the more traditional approach. This method was applied for validation to an assembly line of a heavy vehicles manufacturing plant. The impact on the risk assessment is here shown and discussed, while the results in terms of safety at the workplace are still in the phase of data collection and will be published in future work. This model represents a step into the future of safety as a precursor of a more general process of customization at the individual level that is ongoing in several branches from the precision and personalized medicine (Duarte and Spencer, 2016) to the individual financial and marketing methods (Matz and Netzer, 2017). © 2022 Elsevier Ltd",Customized Risk; Human performance; Occupational safety management,Elsevier B.V.,scopus-automation,3,Out of Scope,"['worker health and safety', 'risk assessment', 'human performance model', 'occupational accidents', 'manufacturing']","The abstract discusses a method for assessing risks in a work environment and the integration of a human performance model into safety assessments. This focuses on occupational health and safety, which falls outside the marketing context. The content does not pertain to marketing strategies, customer understanding, or emotional analytics, thus it is classified as 'Out of Scope'.",0%,0%,0%,100%,0%
E-procurement in the hospitality industry: An exploratory study,George B.P.; Williams A.J.; Henthorne T.L.,2011,10.1504/IJPM.2011.037384,"E-procurement is promoted as a pathway to enhance revenue performance and reduce costs associated with the supply function. The hospitality industry has been a relatively late entrant into the e-procurement arena. Given some of the unique aspects of the industry, the adoption process has been hindered. Based on a series of informal interactions with industry experts, case studies, and a review of related extant literature, research propositions are presented on the key concerns of the adoption of e-procurement in the hospitality industry. Implications of the study for theory and practice are outlined. Copyright © 2011 Inderscience Enterprises Ltd.",Adoption; Back-end automation; Brand equity; Case studies; Decision making; Demand predictability; E-marketing; E-procurement; Information technology; Risk and uncertainty,Inderscience Publishers,scopus-automation,9,Not Identified,"['e-procurement', 'hospitality industry', 'adoption process', 'revenue performance', 'cost reduction']","The abstract discusses the adoption of e-procurement in the hospitality industry, focusing on operational challenges rather than direct marketing strategies or emotional customer engagement. The content does not fit into any of the defined AI categories, as it primarily addresses supply chain processes and revenue impacts without delving into market analysis, emotional understanding, or automated customer interactions.",0%,0%,0%,0%,100%
Modern marketing to scale the business,Sadchenko O.; Davydova I.; Yakymyshyn L.; Kovalchuk S.; Chernenko D.; Zaitseva A.,2020,10.34218/IJARET.11.4.2020.032,"In today's world, business development is the key to success. If the business does not develop, larger competitors take part of its customers. To maintain position and successful development in the market, it is necessary to expand the enterprise, that is, to scale the business. Scaling a business is a process whose primary goal is to increase sales and profits. The article discusses the necessary conditions for scaling a business, the main ways and conditions for expansion. The article also presents modern marketing tools that play an important role in scaling and automation of business processes. The considered option of analyzing a possible sales market for scaling a business is the basis for making decisions related to market activity, choosing a target market, determining the planned sales volume, etc. © IAEME Publication Scopus Indexed",Analyze; Business; Chatbots; Marketing; Scaling,IAEME Publication,scopus-automation,3,Thinking AI,"['business development', 'scaling', 'market analysis', 'target market', 'sales volume', 'marketing tools']","The abstract discusses the necessary conditions for scaling a business, the importance of market analysis for decision making, and the use of modern marketing tools. These elements align closely with the Thinking AI category, particularly in its focus on market analysis and targeting, as it emphasizes understanding market dynamics and making informed decisions about expansion and sales strategies.",0%,0%,100%,0%,0%
"Technology push, market pull",Anon,1998,,"Papermakers worldwide face increasing pressure to meet the demands of customers in terms of paper properties, quality and delivery times, while striving to improve profitability. A survey focusing on these issues has been conducted just recently. Several mills including ABB, Elsag Bailey, Foxboro, Honeywell-Measurex, Valmet Automation and Yokogawa responded to the survey. The survey showed that there is a trend towards open systems. Furthermore, it has been found that training and communication are the keys to making full use of a process automation system's potential.",,Martin Bayliss Mark Pty Ltd.,scopus-automation,0,Mechanical AI,"['process automation', 'training', 'communication', 'paper properties', 'quality', 'delivery times']","The abstract discusses the challenges faced by papermakers regarding the properties, quality, and delivery of paper products, along with a focus on process automation systems. The emphasis on improving profitability through better communication and training suggests a systematic approach to meet customer demands, aligning with Mechanical AI's focus on standardization and data collection processes.",0%,80%,10%,0%,10%
Impact Analysis of Formal Agencies on Price Realisation and Farmers' Income in Odisha,Naik S.; Srivastava S.K.; Kishore P.; Ray M.; Nithyashree M.L.; Kingsly I.T.,2024,10.35716/IJED-24098,"The present study examined the factors influencing paddy farmers' decision to choose the formal agency (government and cooperatives) as their primary disposal destination. It assessed the impact of this choice on price realisation and household income in Odisha. The analysis revealed that paddy output disposal to formal agencies improves price realisation and farmers' income by ₹3.31 per kg and ₹16518 per annum as compared to informal agencies, respectively. The choice of formal agencies was determined by several factors, namely land size, marketed surplus, awareness about MSP, education, social status, and access to technical advice. The study emphasizes expanding the outreach of the existing Paddy-Procurement Automation System (P-PAS) system of its procurement in Odisha to enable the farmers to receive better prices for their produce and improve household income. © 2024 The Society of Economics and Development.",Impact evaluation; marketed surplus; marketing channels; price realisation,The Society of Economics and Development,scopus-automation,0,Out of Scope,[],"The abstract discusses factors influencing paddy farmers' choices regarding the disposal of their produce and its impact on income, which is primarily focused on agricultural economics rather than marketing. The content does not align with marketing-related AI applications or customer-focused strategies.",0%,0%,0%,100%,0%
Optimizing service productivity,Rust R.T.; Huang M.-H.,2012,10.1509/jm.10.0441,"To increase service productivity, many companies utilize automation extensively to reduce the use of labor. However, greater use of automation does not always result in higher service quality, and the effectiveness of automation in providing service hinges on how advanced the technology level is. Departing from the standard perspective in which productivity is simply treated as an output measure of firm performance, the authors propose service productivity as a strategic decision variable; that is, the firm manages the service productivity level to maximize profits. They develop a theory of optimal service productivity that explains when the optimal productivity level will be higher or lower and distinguishes between short-term effects of service productivity due to labor-automation trade-offs and long-term effects due to the advance of technology. The theory, together with the existing literature, inspires the development of three testable empirical hypotheses, which are confirmed using data from more than 700 service companies in two time periods. The research shows that service productivity should be lower when factors (e.g., higher profit margin, higher price) motivate the provision of better service quality and that service productivity should be higher when factors (e.g., higher market concentration, higher wages) discourage the provision of better service quality. The empirical results also provide preliminary evidence that large service companies may tend to be too productive relative to the optimal level and, if so, should place less emphasis (in the short run) on cost reduction through automation and more emphasis on service quality. © 2012, American Marketing Association.",Customer satisfaction; Financial impact; Marketing metrics; Self-service; Service productivity; Service quality; Technology,,scopus-automation,150,Thinking AI,"['service productivity', 'automation', 'service quality', 'strategic decision variable', 'optimal productivity', 'market concentration', 'profit margin']","The abstract discusses the relationship between service productivity, automation, and service quality, proposing a strategic approach to managing service productivity to maximize profits. This aligns closely with the focus on market analysis and strategic decision-making in the Thinking AI category. The emphasis on empirical hypotheses and the relationship between market factors and service quality suggests a strong analytical aspect, indicating a focus on understanding competitive advantages and optimizing service delivery.",0%,0%,100%,0%,0%
Automating the audience commodity: The unacknowledged ancestry of programmatic advertising,McGuigan L.,2019,10.1177/1461444819846449,"Programmatic advertising describes techniques for automating and optimizing transactions in the audience marketplace. Facilitating real-time bidding for audience impressions and personalized targeting, programmatic technologies are at the leading edge of digital, data-driven advertising. But almost no research considers programmatic advertising within a general history of information technology in commercial media industries. The computerization of advertising and media buying remains curiously unexamined. Using archival sources, this study situates programmatic advertising within a longer trajectory, focusing on the incorporation of electronic data processing into the spot television business, starting in the 1950s. The article makes three contributions: it illustrates that (1) demands for information, data processing, and rapid communications have long been central to advertising and media buying; (2) automation “ad tech” developed gradually through efforts to coordinate and accelerate transactions; and (3) the use of computers to increase efficiency and approach mathematical optimization reformatted calculative resources for media and marketing decisions. © The Author(s) 2019.",Ad tech; advertising; audience commodity; automation; critical data studies; history of technology; new media; programmatic,SAGE Publications Ltd,scopus-automation,38,Mechanical AI,"['programmatic advertising', 'automation', 'data processing', 'efficiency', 'transactions', 'audience impressions', 'targeting']","The abstract discusses programmatic advertising, which involves automating and optimizing transactions in the audience marketplace. It emphasizes the long-standing demands for information, data processing, and automation in advertising, aligning closely with the Mechanical AI category focused on data collection and standardization. The emphasis on the gradual development of automation and the efficiency gained through data processing supports this classification.",0%,80%,15%,0%,5%
Service personalization for assistive living in a mobile ambient healthcare-networked environment,Vergados D.D.,2010,10.1007/s00779-009-0278-8,"For more than a decade, it has been observed that due to the continuously increasing elderly population, medical expenditures for home health-care have rapidly increased every year. Health-care organizations are being encouraged to find more efficient methods of providing high-quality care with cost savings. Elderly people who live alone may fear being unable to obtain help if they are injured or ill. For many families, the fear of such an event can dominate decisions about living arrangements. During the last decades, this fear has generated an industry, marketing house automations, alarm-and-notification systems as well as assistive technologies and interventions that aim at easier and more efficient control of their living environment, as well as the provision of specialized home-care services. In this study, the most important aspects of the INHOME platform architecture, the home-care services provided together with the home-care applications developed such as health monitoring and household appliances monitoring and control, are discussed. The goal of the INHOME project is to provide ambient assistive living services to improve the quality of life of elderly people at home and is mainly targeted at ameliorating the ways of providing intelligent services for assisting independent living of elderly people at home. © 2010 Springer-Verlag London Limited.",AAL; Assisted living at home; Elderly people; Health-care services; Home-care; Networked home,,scopus-automation,44,Out of Scope,"['home health-care', 'elderly', 'assistive technologies', 'ambient assistive living', 'quality of life']","The abstract discusses the INHOME project, which focuses on providing home-care services and assistive technologies for elderly people. The content primarily addresses healthcare and living assistance rather than marketing applications. Therefore, it falls outside the scope of marketing-related AI applications.",0%,0%,0%,100%,0%
From decision support to decision automation: A 2020 vision,Bucklin R.E.; Lehmann D.R.; Little J.D.C.,1998,10.1023/A:1008047504898,"The authors discuss the long-run future of decision support systems in marketing. They argue that a growing proportion of marketing decisions can not only be supported but may also be automated. From a standpoint of both efficiency (e.g., management productivity) and effectiveness (e.g., resource allocation decisions), such automation is highly desirable. The authors describe how model-based automated decision-making is likely to penetrate various marketing decision-making environments and how such models can incorporate competitive dynamics. For example, the authors foresee that close to full automation can ultimately take place for many decisions about existing products in stable markets. Partial automation could characterize decision making for new products in stable markets and existing products in unstable markets.",Automation; Competition; Decision support,Kluwer Academic Publishers,scopus-automation,46,Mechanical AI,"['automation', 'decision support systems', 'model-based decision-making', 'efficiency', 'effectiveness']","The abstract discusses the automation of marketing decisions and the use of model-based automated decision-making, which aligns with the focus on efficiency and the automation of processes, fitting into the Mechanical AI category. It emphasizes how marketing decisions, especially in stable markets, can be automated, which is a core aspect of data collection and standardization in Mechanical AI.",0%,80%,20%,0%,0%
Birlasoft Inc. - Sales force automation at crisis: Software as a service (SaaS) or software as a product (SaaP) (A),Jain S.; Jaiswal M.P.,2015,10.1142/S0218927515500121,"Case (A) Birlasoft, a Global IT major, had been facing massive challenges in monitoring its sales force spread over 20 global locations. Owing to the strong client base spread all over the world and the massive sales force, the organization needed to focus on a more efficient sales tracking system. Ravi Kathuria, Senior Vice president - Global Marketing & Alliances of Birlasoft was keen to align the organization's dispersed sales force through Sales Force Automation (SFA) system. In this context, SFA was expected to provide transparency and clear visibility of the sales pipeline. There was also an expectation that SFA would help in improving efficiency of global sales force in terms of reporting and customer analysis. At first, the organization decided to implement a home grown sales force automation system, which turned out be a failure, owing to both internal and external factors. This led Kathuria to explore other options which could meet their system requirements and could be implemented in shorter time frames with minimum budget. They evaluated multiple options and are debating on which system to opt for. This case examines the various software delivery methods in the decision on new software procurement. Several software and vendor parameters and the analytical structure and process for evaluating software vendors are included for consideration. This case underlines an innovation which has introduced a complete paradigm shift in information application acquisition, that is, instead of buying software as a product, organizations are increasingly procuring it as a service. Case (B) Following from Case A, the team in Birlasoft appraised multiple options and the majority of the team members were inclined towards SaaS-based SFA. This case discusses various processes and parameters considered by Birlasoft while deciding on a new software vendor. © 2015 World Scientific Publishing Company.",,World Scientific Publishing Co. Pte Ltd,scopus-automation,0,Mechanical AI,"['sales force automation', 'sales tracking system', 'reporting', 'customer analysis', 'software procurement', 'SaaS-based']","The abstract discusses the implementation of a Sales Force Automation (SFA) system to improve efficiency in monitoring the sales force and enhance sales tracking. This aligns with the focus on data collection and standardization, as it automates the process of sales monitoring, reporting, and customer analysis. The emphasis on evaluating software delivery methods and opting for a SaaS-based solution further indicates a mechanical approach to streamline operations.",0%,80%,20%,0%,0%
Unveiling the optimal configuration of impulsive buying behavior using fuzzy set qualitative comparative analysis and multi-criteria decision approach,Alnoor A.; Abbas S.; Khaw K.W.; Muhsen Y.R.; Chew X.,2024,10.1016/j.jretconser.2024.104057,"Sudden and unplanned purchasing behavior is considered impulsive buying behavior. With the increasing popularity of social commerce platforms and shopping automation, people's tendency towards impulsive purchases has grown significantly. In this connection, the role of marketing influencers has crucially impacted the customers' purchasing decisions over the last decade. This study aims to investigate the effect of marketing influencers on impulsive buying behavior. In addition, the current study addresses a critical methodological problem by highlighting the optimal configuration provided by fuzzy set qualitative comparative analysis (fsQCA) using a multi-criteria decision approach (MCDM). Based on a survey of 672 users of live streaming commerce platforms in Malaysia, we examined impulsive buying behavior from the perspective of influencer marketing, cognitive trust, and affective trust in influencer. Partial Least Squares Structural Equation Modeling (PLS-SEM) results confirmed the influence of parasocial relationship, authenticity, expertise, trustworthiness, attractiveness, and influencer–follower congruence on impulsive buying behavior through cognitive trust in influencer, affective trust in influencer, and behavioral inertia. The fsQCA results provided 15 different configurations confirming the role of marketing influencers' characteristics in impulsive buying behavior. However, fsQCA analysis is unable to determine the optimal solution or configuration. To this end, the MCDM analysis complemented the fsQCA analysis by unveiling the optimal configuration, which was the ninth configuration. Furthermore, the combination of authenticity, expertise, trustworthiness, cognitive trust, affective trust is considered a key concept to increase impulsive buying behaviour regardless of the presence of a parasocial relationship. © 2024 Elsevier Ltd",Behavioral inertia; fsQCA; Impulsive buying; Influencer marketing; Source credibility theory,Elsevier Ltd,scopus-automation,4,Feeling AI,"['impulsive buying behavior', 'cognitive trust', 'affective trust', 'parasocial relationship', 'authenticity', 'expertise', 'trustworthiness', 'influencer–follower congruence']","The abstract discusses the influence of marketing influencers on impulsive buying behavior, highlighting the emotional aspects of trust (cognitive and affective) and parasocial relationships. This aligns with the Feeling AI category, which focuses on understanding customer emotions and tailoring experiences based on those emotional insights. The emphasis on emotional data and customer analytics in the study indicates a deep understanding of customer needs and wants, aligning with the 'Customer understanding' and 'Relationalization' focuses of Feeling AI.",70%,10%,20%,0%,0%
Industry 4.0 technologies and managers' decision-making across value chain. Evidence from the manufacturing industry,Młody M.; Ratajczak-Mrozek M.; Sajdak M.,2023,10.2478/emj-2023-0021,"The paper aims to identify how Industry 4.0 technologies affect the quality and speed of the managers' decision-making process across the different stages of the value chain, based on the example of the manufacturing sector. The paper adopts qualitative research, based on nine in-depth interviews with key informants, to capture senior executives' experiences with implementing Industry 4.0 technologies in their organisations. The research is focused on three manufacturing industries: the automotive, food and furniture industries. The research shows that depending on the stage of the value chain, different Industry 4.0 technologies are more suitable for the support of managers' decisions. Various Industry 4.0 technologies support decision-making at different stages of the manufacturing value chain. In the Design stage, 3D printing and scanning technologies play a crucial role. In the case of Inbound Logistics, robotisation, automation, Big Data analysis, and Business Intelligence are most useful. During the Manufacturing stage, robotisation, automation, 3D printing, scanning, Business Intelligence, cloud computing, and machine-to-machine (M2M) integration enable quick decision-making and speed up production. Sensors and the Internet of Things (IoT) optimise distribution in the Outbound Logistics stage. And finally, Business Intelligence supports decisions within the Sales and Marketing stage. It is also the most versatile technology among all particular stages. The paper provides empirical evidence on the Industry 4.0 technology support in decision-making at different stages of the manufacturing value chain, which leads to more effective value chain management, ensuring faster and more accurate decisions at each value-chain stage. When using properly selected Industry 4.0 technologies, managers can optimise their production processes, reduce costs, avoid errors and improve customer satisfaction. Simultaneously, Industry 4.0 technologies facilitate predictive analytics to forecast and anticipate future demand, quality issues, and potential risks. This knowledge allows organisations to make better decisions and take proactive actions to prevent problems.  © 2023 Michał Młody et al., published by Sciendo.",decision-making; Industry 4.0; manufacturing industry; technologies; value chain,Sciendo,scopus-automation,3,Mechanical AI,"['Industry 4.0 technologies', 'decision-making', 'automation', 'Big Data analysis', 'Business Intelligence', 'robotisation', '3D printing']","The abstract focuses on how Industry 4.0 technologies enhance the decision-making process in the manufacturing sector across various stages of the value chain. It highlights the use of technologies for data collection and automation of decision-making processes, which aligns with the Mechanical AI category. Keywords related to data collection and automation are prevalent, indicating a focus on optimizing processes and outputs.",5%,75%,15%,0%,5%
Eruvaka: time to step up in entrepreneurial life cycle,Salwan P.; Pandey S.; Raviteja M.S.,2023,10.1108/EEMCS-04-2023-0125,"Learning outcomes: On completion of this case study, students will be able assess new venture opportunities by properly allocating expansion fund in growing the business; analyzing various scaling-up options; applying the Ansoff matrix for growth and expansion; designing a framework for scaling up; and using the business model canvas. Case overview/synopsis: Mr Sreeram established Eruvaka Technologies in Vijayawada, Andhra Pradesh (India), in 2015 to provide products and services related to aquaculture. The company was founded with the goal of assisting prawn farmers who had trouble keeping up with the demands of the industry. Eruvaka Technologies created risk-reducing and productivity-boosting on-farm diagnostic devices for aquaculture growers. The company developed low-cost monitoring and automation solutions for aquaculture by merging sensors, mobile connection and decision tools. Eruvaka’s primary objective was to offer reasonably priced, technologically advanced goods and services to farmers. Eruvaka matured into a promising startup over time, attracting $5m in funding. Sreeram and his team had to detail their plan to their investors about how they intended to use the money from each funding rounds toward growing the business, how the company planned to achieve sustainable and competitive advantage while providing value to its consumers and how they would address critical issues including product acquisition cost, supply chain problem and customer anxiety. Complexity academic level: This case study can be taught as part of undergraduate- and postgraduate-level courses and Master of Business Administration courses. Supplementary materials: Teaching notes are available for educators only. Subject code: CSS 11: Strategy. © 2023, Emerald Publishing Limited.",Business development; Business model; Entrepreneurship; Marketing strategy; Scaling; Start-up; Strategy,Emerald Publishing,scopus-automation,0,Thinking AI,"['market analysis', 'scaling-up options', 'competitive advantage', 'business model canvas', 'risk-reducing', 'productivity-boosting']","The abstract discusses Eruvaka Technologies' strategic approach to growth, including analyzing scaling-up options and applying the Ansoff matrix for expansion. These elements align closely with market analysis and competitive advantage, which are key focuses of Thinking AI. The emphasis on assessing venture opportunities and planning for sustainable growth further supports this classification.",0%,0%,100%,0%,0%
At home with sustainability: From green default rules to sustainable consumption,Hale L.A.,2018,10.3390/su10010249,"Although it is often assumed that default rules affect change without awareness, this paper suggests that contrast with the default and transition into conscious adoption of the default design may be the starting point to establish long-term changes in consumer behavior. Despite the rooting of default rules in subconscious decision-making, this research finds that, ultimately, awareness drives the demand necessary for the creation of sustainable consumption. Whereas direct appeal to individuals has a disappointing level of influence on sustainability choices, it is understood that green consumers do come from somewhere. Green default rules offer interesting prospects for sidestepping the drawbacks of direct marketing to individuals. Under green default rules, behavior is guided by a default, such as utilities automatically sending customers renewables-sourced instead of fossil-fuel-based energy. To act otherwise requires additional effort and is less likely. Motivated by a need to understand how defaults might bridge standards and sustainable consumption, I investigate how organizational processes potentially lead from standardized green default rules to individual awareness that can spread and facilitate sustainable consumption. This paper examines the Active House sustainable building demonstrations in Europe in order to understand how (1) communications and market creation and (2) responsible, user-centered experimentation are organized to move from defaults to sustainable consumption. © 2018 by the authors.",Automation; Default bias; Green default rules; Smart home; Standardization; Sustainable building; Sustainable consumption,MDPI,scopus-automation,14,Feeling AI,"['consumer behavior', 'awareness', 'sustainable consumption', 'green consumers', 'default rules']","The abstract discusses how consumer behavior can be influenced by awareness and green default rules, emphasizing the emotional and psychological aspects of decision-making related to sustainability. This aligns with the focus on customer understanding and emotional data in Feeling AI, as it seeks to understand and meet customer emotional needs to facilitate sustainable choices.",70%,15%,15%,0%,0%
Research needs in managing factory automation,Meredith J.; Hyer N.L.; Gerwin D.; Rosenthal S.R.; Wemmerlöv U.,1986,10.1016/0272-6963(86)90025-2,"The subject of factory automation is a critical one for all business functions, with the potential of creating an entire upheaval in the fields of accounting, finance, marketing, general management, and most significantly, operations management. Totally new ways of managing a business are likely, but it is not yet clear what these ways may be. In spite of the tremendous implications of these new technologies, little research is being conducted in this area. A panel session exploring this topic was thus offered at the 1984 Toronto meeting of the American Institute for Decision Sciences. This article presents the results of that session. The intent of the article is to foster research interest in this area and identify the extensive opportunities available. The article reviews the extant literature concerning the management of factory automation and identifies the gaps in our knowledge where research is needed. Factory automation as defined here is intended to include the areas of both hard automation (CAD/CAM, robotics, FMS, etc.) and soft automation (such as MRP II, group technology, MAP, data networking). Research issues are divided into three major topic areas for ease of discussion: strategic issues, justification issues, and implementation issues. The strategic area encompasses the subjects of corporate strategy and its tie with manufacturing strategy, firm characteristics of leading-edge users of automation, the effect of learning and experience with automation, the concept of ""synergy"" among automation technologies, technology transfer, and implementation strategy. The justification issues are divided into benefit, cost, and risk aspects. The present inadequacy of economic justification techniques for automation systems and the pros and cons of alternative approaches are explored. The consideration of differing types of automation and their possible need for differing justification techniques is also discussed. For both benefits and costs, the quantification problem is a major issue, particularly with benefits believed to improve the effectiveness of operations, rather than their efficiency (a major advantage of the automation technologies, it is often claimed). Another major issue here is the pre- and postautomation comparison, requiring accurate and thorough manufacturing audit techniques. The risks in automation can be tremendous. Whether this can be reduced through incremental automation, or other approaches, is a very important question. The nature of the risks-technological, financial, sociological-is also an important subject for research, as well as methods to deal with each type. Topics in the implementation area include procedural aspects, human aspects, interface/infrastructure aspects, and measurement and reward aspects. In general, the nature of the automation implementation process, and its solution, is a critical research area that is confounded with multiple factors. There is a need for research to determine if such a thing as a ""best"" implementation path exists for specific technologies and firms. How does a firm know if it is ""ready"" for automation, and which automation technology to start with? The effect of automation on workers and management is an important research question. And in addition, what are the effects of these employees on the implementation process? And it will be necessary to know how jobs change under automation, for both line and staff. Research is also needed to determine how automation will affect the way the firm does business, how interdepartmental coordination will be affected, and whether there will even be departments. If automation is implemented piecemeal, can the pieces later be tied together? What will be the problems? Managers need to know if new measurement and reward systems will be needed for workers, or perhaps even more important, for the managers. Will incentives need to be increased, or changed in some other fashion, for managers to be willing to take the risks involved in automation? Last, some advice is given to the potential researcher in this area. Approaching this subject in a way that yields meaningful research, helpful to real managers currently struggling with these problems, is important since real firms are our primary research laboratories in this field. For example, case studies, interviews, surveys, and conceptual development are important early tools in this area compared to the traditional model building and analysis techniques that have historically characterized operations management. © 1986.",,,scopus-automation,19,Out of Scope,"['factory automation', 'operations management', 'implementation issues', 'strategic issues', 'justification issues']","The abstract discusses factory automation and its implications for various business functions, including operations management, but does not directly relate to marketing or the emotional aspects of customer interactions. The focus is more on operational strategies and implementation rather than marketing-specific applications of AI technologies.",0%,0%,0%,100%,0%
Growth hacking and international dynamic marketing capabilities: a conceptual framework and research propositions,Bargoni A.; Jabeen F.; Santoro G.; Ferraris A.,2024,10.1108/IMR-07-2022-0156,"Purpose: Few studies have conceptualized how companies can build and nurture international dynamic marketing capabilities (IDMCs) by implementing growth hacking strategies. This paper conceptualizes growth hacking, a managerial-born process to embed a data-driven mind-set in marketing decision-making that combines big-data analysis and continuous learning, allowing companies to adapt their dynamic capabilities to the ever-shifting international competitive arenas. Design/methodology/approach: Given the scarcity of studies on growth hacking, this paper conceptualizes this managerial-born concept through the double theoretical lenses of IDMCs and information technology (IT) literature. Findings: The authors put forward research propositions concerning the four phases of growth hacking and the related capabilities and routines developed by companies to deal with international markets. Additional novel propositions are also developed based on the three critical dimensions of growth hacking: big data analytics, digital marketing and coding and automation. Research limitations/implications: Lack of prior conceptualization as well as the scant literature makes this study liable to some limitations. However, the propositions developed should encourage researchers to develop both empirical and theoretical studies on this managerial-born concept. Practical implications: This study develops a detailed compendium for managers who want to implement growth hacking within their companies but have failed to identify the necessary capabilities and resources. Originality/value: The study presents a theoretical approach and develops a set of propositions on a novel phenomenon, observed mainly in managerial practice. Hence, this study could stimulate researchers to deepen the phenomenon and empirically validate the propositions. © 2023, Emerald Publishing Limited.",Big data; Cognitive computing; Data-driven decision-making; Growth hacking; International dynamic marketing capabilities; International marketing,Emerald Publishing,scopus-automation,24,Thinking AI,"['growth hacking', 'data-driven', 'big data analytics', 'digital marketing', 'market analysis']","The abstract discusses how companies can build international dynamic marketing capabilities (IDMCs) through growth hacking strategies, which rely heavily on data analysis and the application of marketing analytics. The emphasis on big data analytics, market adaptation, and strategic decision-making aligns closely with the focus of Thinking AI, particularly in the context of market analysis and targeting. The propositions developed in the study suggest a strategic approach to identifying competitors and leveraging analytical capabilities for effective marketing.",0%,0%,100%,0%,0%
Social Media Discussions on the FDA’s Modified Risk Tobacco Product Authorization of IQOS,Jun J.; Zhang N.; Zain A.; Mohammadi E.,2022,10.1080/10826084.2021.2019777,"Background: The U.S. Food and Drug Administration (FDA) authorized the marketing of the IQOS tobacco heating system as a modified risk tobacco product (MRTP) in July 2020, permitting its ‘reduced exposure’ marketing. This decision is accompanied by much controversy among the global health community. We provide a preliminary analysis of Twitter conversations regarding the MRTP authorization of IQOS by identifying the authors, valence towards the policy decision, source of cited link, and focused topic. Methods: We analyzed 548 tweets mentioning MRTP posted between July 2016 (when PMI submitted the proposal) and October 2020. Results: We found a higher proportion of pro-MRTP valence (25.4%) than anti-MRTP (16.2%). Nearly half of the tweets (47.2%) expressing personal opinions presented pro-MRTP valence (vs. anti-MRTP = 23.9%). The FDA website was more frequently cited in pro-MRTP tweets (30.8% vs. anti = 4.8%), while tobacco control advocates’ websites were cited only in anti-MRTP tweets (77.4% vs. pro = 0). Pro-MRTP valence appeared more frequently in tweets mentioning health (53.1% vs. anti =38.5%) and cessation (100% vs. anti = 0). Nearly 42% of tweets showed a bot score greater than.43, indicating a possibility of automation. Conclusion: Continuous efforts are needed to surveil the industry’s attempts to create a climate of false consensus and circulate misinformation regarding MRTP on social media, as well as to assist non-scientific audiences’ understanding of MRTP. © 2022 Taylor & Francis Group, LLC.",content analysis; Food and Drug Administration (FDA); Heated tobacco products; modified risk tobacco products (MRTP); Twitter,Taylor and Francis Ltd.,scopus-automation,3,Feeling AI,"['emotional data', 'customer understanding', 'valence', 'personal opinions', 'misinformation']","The abstract discusses the emotional responses and opinions of Twitter users regarding the FDA's MRTP authorization of IQOS. It emphasizes understanding customer sentiments (pro-MRTP vs. anti-MRTP) and highlights the importance of addressing misinformation, which aligns with the focus on customer understanding and emotional needs in marketing. The analysis of valence towards the policy decision and the emphasis on personal opinions further support the classification under Feeling AI.",60%,10%,30%,0%,0%
Offering fleet automation: SmartFleet in the need of smart decisions,Agrawal A.; Mehta A.; Abraham N.,2018,10.1057/s41266-017-0030-6,"In late September 2014, after reviewing the revised financial projection of their new venture, Maui Millan, the CEO and the head of product development, and Mannix Chong, the COO and the head of business development were alarmed. They planned to call their board of advisors to discuss the future of SmartFleet, the new product of the Philippines-based firm called Pahrsek Inc. SmartFleet is a cloud-based fleet management tool that provides enterprise resource planning capability to fleet vehicle operators. For Maui and Mannix, there were numerous challenges ranging from developing a pricing strategy, growing the market as a pioneer in this industry in the Philippines, to proactively managing the potential global competitors who were on the verge of the Philippines market. They were anxious because they knew that only a set of careful, well-thought out and smart decisions could ensure survival and sustainability of this new venture. © 2017, Association for Information Technology Trust.",Automation; Cloud-based tools; Enterprise resource planning; Marketing; Pricing; Strategy,Palgrave Macmillan Ltd.,scopus-automation,0,Thinking AI,"['financial projection', 'pricing strategy', 'market growth', 'global competitors', 'smart decisions', 'sustainability']","The abstract discusses the challenges faced by Maui Millan and Mannix Chong in developing a pricing strategy, growing the market, and managing competition. These elements align closely with market analysis and targeting, which are core focuses of Thinking AI. The emphasis on strategic decisions and market positioning further supports this classification.",0%,0%,100%,0%,0%
Broadening the perspective on marketing decision models,Van Bruggen G.H.; Wierenga B.,2000,10.1016/s0167-8116(00)00017-3,"Marketing models are of invaluable importance for the advancement of marketing science. Regarding the role of models in marketing decision-making in practice we question the claim that marketing models are routinely used by many companies. Marketing models are suitable for certain types of marketing decision situations but much less for others. We advocate the development of integrated marketing management support systems (MMSSs), in which the strong points of marketing models are combined with the strengths of other types of MMSSs. © 2000 Elsevier Science B.V.",Decision automation; Marketing decision models; Marketing management support systems; Success metrics,Elsevier,scopus-automation,29,Thinking AI,"['marketing models', 'decision-making', 'integrated marketing management support systems']","The abstract discusses the significance of marketing models in decision-making and advocates for integrated marketing management support systems (MMSSs). This aligns with the Thinking AI category, which focuses on market analysis and strategic decision-making based on analytical models. The emphasis on combining the strengths of various systems to aid in marketing decisions suggests an analytical approach rather than a mechanical or emotional one.",0%,0%,100%,0%,0%
Scope of heuristics and digitalization: the case of marketing automation,Guercini S.,2022,10.1007/s11299-022-00291-x,"This paper focuses on the impact of digitalization and marketing automation on the “scope” of the heuristics adopted in the marketers’ decision-making processes. The “scope” refers to the decision-making contexts in which the use of the heuristic rules is diffuse and is effective. More precisely, “scope"" is (the extension of) the field in which a heuristic can be applied (successfully). The article is based on evidence collected through ethnographic interviews with twenty-three experienced marketers to discuss the impact of marketing automation on the scope of heuristic rules in decision-making. The marketers interviewed make extensive use of heuristics to manage their tasks as emerged from previous exploratory research. The paper discusses how the field of application of marketing experts' heuristics evolves as result of the digitalization and in particular of the use of automatic marketing systems. The adoption of the new automatic marketing tools modifies the task environment and the field of use of the traditional heuristic rules, but heuristics remain fundamental in the definition phase of the inputs for the automatic marketing systems, or for the interpretation of the output and therefore for the control of the marketing automation. The paper clarifies the concept of scope of heuristics and offers a rich description of the impact of marketing automation on scope. © 2022, The Author(s).",Adaptive toolbox; Digitalization; Ethnographic interviews; Marketers’ heuristics; Marketing automation; Scope of heuristics,Springer Science and Business Media Deutschland GmbH,scopus-automation,4,Thinking AI,"['digitalization', 'marketing automation', 'heuristics', 'decision-making', 'task environment', 'scope']","The abstract discusses the impact of digitalization and marketing automation on the heuristics used by marketers in their decision-making processes. This aligns with the category of Thinking AI as it focuses on the analysis of how these tools influence the scope of heuristics, which is a form of market analysis and strategic decision-making. The emphasis on the evolution of the application of heuristic rules suggests a strong link to market analysis, making it a fitting classification.",0%,0%,100%,0%,0%
The Relationship between Time and Success in Administrative Automation Projects — A Study in Decision-Making,Vollering J.B.; Waarts E.,1986,10.1177/017084068600700405,"This article is concerned with the relationship between time and success in the context of the procurement and implementation of administrative automation projects. It gives insight into the optimal thoroughness for user organizations to prepare themselves for the purchase of a new system. Interest in the subject stems from a contradiction found in the literature: on the one hand thorough (internal) planning and preparation of projects are recommended while on the other hand other authors state a plea for early (external) co-operation and negotiation with suppliers. Is a very thorough internal preparation a good pay-off or is it better to interact with potential suppliers after a restricted internal preparation? Results from this empirical research — which is part of a major study on marketing and purchasing of mainframe computer-systems — show that an optimum in thoroughness of internal preparation exists which is most effective regarding the quality of the project. A few important implications for user organizations are also mentioned. © 1986, Sage Publications. All rights reserved.",,,scopus-automation,0,Thinking AI,"['success', 'procurement', 'implementation', 'planning', 'preparation', 'interaction', 'quality', 'research']","The abstract discusses the relationship between planning and interaction with suppliers in the context of administrative automation projects. It emphasizes the importance of market analysis and strategic decision-making regarding thorough internal preparation versus external cooperation, aligning it with the focus on market analysis and targeting strategies found in the Thinking AI category.",0%,0%,100%,0%,0%
Using revenue sharing to create win-win in the video rental supply chain,Van Der Veen J.A.A.; Venugopal V.,2005,10.1057/palgrave.jors.2601879,"Recent developments in video rental supply chains seem to indicate that revenue sharing contracts are beneficial to all parties involved in the industry. This paper illustrates a theoretical underpinning of the observed practice. A video rental supply chain is modelled to study pricing and replenishment decision making by the two autonomous firms in the chain, namely a movie studio producing the tapes and a video rental shop renting the tapes to customers. In the model the movie studio is to set the price for selling the tapes to the video rental store and the video rental shop must decide the number of copies of the new movie videotape it should purchase. The paper illustrates that revenue sharing contract can optimize the chain and bring win-win situations to the players in the industry. © 2005 Operational Research Society Ltd. All rights reserved.",Revenue sharing; Supply chain management; Win-win,Nature Publishing Group,scopus-autonomous,91,Thinking AI,"['revenue sharing contracts', 'pricing', 'replenishment decision', 'market analysis', 'competitive advantages']","The abstract discusses the modeling of a video rental supply chain, focusing on pricing and replenishment decisions made by the autonomous firms involved. The use of revenue sharing contracts to optimize the supply chain indicates an analysis of market dynamics and competitive advantages, which aligns with the Thinking AI category. The focus is on strategic decision-making rather than emotional understanding or mechanical processes.",0%,0%,100%,0%,0%
Autonomy-Based Listening: Vietnamese University Students’ Perceptions of Self-Access Web-Based Listening Practices,Thi Mai V.L.,2023,10.37237/140303,"Self-access language learning (SALL) can promote autonomy among language learners. It is a practical means for creating comfortable, personalized environments in which learners can take a more active part in making decisions and choices in their language learning trajectories. In the domain of second language (L2) listening, self-access work can fulfill the individual needs of learners whose listening processes are supposed to be respected. However, in countries where English is taught as a foreign language (EFL), this is not always the case due to traditional teacher-led large-sized listening classrooms and test-oriented curricula. Therefore, the present study was designed to investigate Vietnamese students’ perceptions of a self-access listening platform (SALP) which was built to facilitate L2 beginners to get familiar with the fast delivery of speech and to involve their personal interpretations of the input into the comprehension process. The study also aimed to examine whether this self-access approach can cultivate autonomous listening. Qualitative data were gathered through interviews with 15 non-English major university students whose disciplines were business management, marketing, communication, and public relations. They completed a six-week listening course on this online listening platform. The major findings indicate that students had positive listening experiences with the SALP regarding time flexibility and practicality. Despite students’ full awareness of the potential benefits of the SALP, a few of them still showed resistance to the self-access listening approach as a substitution for traditional classroom-based listening. The results reported here shed new light on the possibilities of implementing autonomy-based listening in a virtual self-access environment in L2 listening pedagogy. © 2023 Author(s).",learner autonomy; learners’ perceptions; self-access language learning; self-access listening; Vietnamese EFL learners,Kanda University of International Studies,scopus-autonomous,1,Out of Scope,[],"The abstract discusses self-access language learning and its application in a virtual environment for L2 listening pedagogy, which is not directly related to marketing AI applications. The focus is on language education rather than customer understanding, market analysis, or automated processes typically found in marketing.",0%,0%,0%,100%,0%
Intelligent agents for e-marketplace: Negotiation with issue trade-offs by fuzzy inference systems,Cheng C.-B.; Chan C.-C.H.; Lin K.-C.,2006,10.1016/j.dss.2005.02.009,"Automated negotiation by autonomous agents has become increasingly important since the advent of e-marketplace. In this study, automated negotiation is viewed as a search process in which negotiators jointly search for a mutually acceptable contract in a multidimensional space formed by negotiable issues. This search is formulated as a multiple-objective decision making problem and is solved through an iterative process of generating offers by fuzzy inference systems. These fuzzy inference systems serve as a search heuristic and are formulated based on the strategy of issue trade-offs. Five experiments are conducted to evaluate the performance of the proposed automated negotiation algorithm. © 2005 Elsevier B.V. All rights reserved.",Automated negotiation; e-marketplace; Fuzzy inference systems; Issue trade-offs; Multiple-objective decision making,,scopus-autonomous,88,Mechanical AI,"['automated negotiation', 'autonomous agents', 'e-marketplace', 'search process', 'negotiable issues', 'multiple-objective decision making', 'iterative process', 'fuzzy inference systems', 'search heuristic', 'issue trade-offs']","The abstract discusses automated negotiation processes using autonomous agents in an e-marketplace context. It focuses on the generation of offers and optimization through fuzzy inference systems, which aligns with data collection and processing typical of Mechanical AI applications. The emphasis on negotiation as a search process for mutually acceptable contracts further supports its classification within Mechanical AI, as it involves automating and standardizing negotiation strategies rather than focusing on emotional or personal aspects of customer interaction.",0%,70%,30%,0%,0%
Empirically grounded agent-based models of innovation diffusion: a critical review,Zhang H.; Vorobeychik Y.,2019,10.1007/s10462-017-9577-z,"Innovation diffusion has been studied extensively in a variety of disciplines, including sociology, economics, marketing, ecology, and computer science. Traditional literature on innovation diffusion has been dominated by models of aggregate behavior and trends. However, the agent-based modeling (ABM) paradigm is gaining popularity as it captures agent heterogeneity and enables fine-grained modeling of interactions mediated by social and geographic networks. While most ABM work on innovation diffusion is theoretical, empirically grounded models are increasingly important, particularly in guiding policy decisions. We present a critical review of empirically grounded agent-based models of innovation diffusion, developing a categorization of this research based on types of agent models as well as applications. By connecting the modeling methodologies in the fields of information and innovation diffusion, we suggest that the maximum likelihood estimation framework widely used in the former is a promising paradigm for calibration of agent-based models for innovation diffusion. Although many advances have been made to standardize ABM methodology, we identify four major issues in model calibration and validation, and suggest potential solutions. © 2017, Springer Science+Business Media B.V.",Agent-based modeling; Calibration; Empirical method; Innovation diffusion; Literature review; Validation,Springer Netherlands,scopus-autonomous,105,Not Identified,"['innovation diffusion', 'agent-based modeling', 'empirical models', 'policy decisions', 'model calibration', 'validation']","The abstract discusses the theoretical and empirical aspects of agent-based models in the context of innovation diffusion across various disciplines. It does not specifically address concepts related to customer understanding, market analysis, automated processes, or emotional data, which are central to the classifications provided. Therefore, it does not fit neatly into any of the defined categories.",0%,0%,0%,0%,100%
“Futurizing” smart service: implications for service researchers and managers,Wuenderlich N.V.; Heinonen K.; Ostrom A.L.; Patricio L.; Sousa R.; Voss C.; Lemmink J.G.A.M.,2015,10.1108/JSM-01-2015-0040,"Purpose – The purpose of this paper is to craft a future research agenda to advance smart service research and practice. Smart services are delivered to or via intelligent objects that feature awareness and connectivity. For service researchers and managers, one of the most fascinating aspects of smart service provision is that the connected object is able to sense its own condition and its surroundings and thus allows for real-time data collection, continuous communication and interactive feedback. Design/methodology/approach – This article is based on discussions in the workshop on “Fresh perspectives on technology in service” at the International Network of Service Researchers on September 26, 2014 at CTF, Karlstad, Sweden. The paper summarizes the discussion on smart services, adds an extensive literature review, provides examples from business practice and develops a structured approach to new research avenues. Findings – We propose that smart services vary on their individual level of autonomous decision-making, visibility and embeddedness in objects and customer lives. Based on a discussion of these characteristics, we identify research avenues regarding the perception and nature of smart services, the adoption of smart services, the innovation through smart services as well as regarding the development of new business models. Originality/value – Smart services is a new emerging topic in service marketing research, their implications on organizations, customers and the service landscape have not been fully explored. We provide a fresh perspective on service research by characterizing relevant aspects of smart service that will stimulate fruitful future research and advance the understanding and practice of smart services. © 2015, Emerald Group Publishing Limited.",Connected services; Intelligent object; New service type; Smart services,Emerald Group Holdings Ltd.,scopus-autonomous,253,Not Identified,"['smart services', 'real-time data collection', 'connected objects', 'autonomous decision-making', 'customer lives', 'business models']","The abstract discusses smart services, their characteristics, and potential research avenues, but does not clearly fit into the definitions provided for Mechanical AI, Thinking AI, or Feeling AI. It focuses on the concept of smart services rather than specific applications of AI in marketing or emotional engagement.",0%,0%,0%,0%,100%
Modelling cybersecurity regulations for automated vehicles,Khalid Khan S.; Shiwakoti N.; Stasinopoulos P.; Warren M.,2023,10.1016/j.aap.2023.107054,"Technological advancements in Connected and Automated Vehicles (CAVs), particularly the integration of diverse stakeholder groups (communication service providers, road operators, automakers, repairers, CAV consumers, and the general public) and the pursuit of new economic opportunities, have resulted in the emergence of new technical, legal, and social challenges. The most pressing challenge is deterring criminal behaviour in both the physical and cyber realms through the adoption of CAV cybersecurity protocols and regulations. However, the literature lacks a systematic decision tool to analyze the impact of the potential cybersecurity regulations for dynamically interacting stakeholders, and to identify the leverage points to minimise the cyber-risks. To address this knowledge gap, this study uses systems theory to develop a dynamic modelling tool to analyze the indirect consequences of potential CAVs cybersecurity regulations in the medium to long term. It is hypothesized that CAVs Cybersecurity Regulatory Framework (CRF) is the property of the entire ITS stakeholders. The CRF is modelled using the System Dynamic based Stock-and-Flow-Model (SFM) technique. The SFM is founded on five critical pillars: the Cybersecurity Policy Stack, the Hacker's Capability, Logfiles, CAV Adopters, and intelligence-assisted traffic police. It is found that decision-makers should focus on three major leverage points: establishing a CRF grounded on automakers' innovation; sharing risks in eliminating negative externalities associated with underinvestment and knowledge asymmetries in cybersecurity; and capitalising on massive CAV-generated data in CAV operations. The formal integration of intelligence analysts and computer crime investigators to strengthen traffic police capabilities is pivotal. Recommendations for automakers include data-profiteering in CAV design, production, sales, marketing, safety enhancements and enabling consumer data transparency. Furthermore, CAVs-CRF necessitate a balanced approach to the trade-off between: i) data accessibility constraints on CAV automakers and ITS service providers; ii) regulator command and control thresholds; iii) automakers' business investment protection; and iv) consumers' data privacy guard. © 2023 The Authors",Cyber-attacks; Cyber-physical system; Driverless cars; Governance; Laws,Elsevier Ltd,scopus-autonomous,15,Out of Scope,"['Connected and Automated Vehicles', 'cybersecurity', 'stakeholders', 'regulations', 'data', 'traffic police']","The abstract primarily discusses the technical, legal, and social challenges related to cybersecurity in Connected and Automated Vehicles (CAVs) rather than focusing on marketing strategies or applications. Although it touches on data usage, the context is centered around regulatory frameworks and stakeholder interactions rather than direct marketing practices or customer engagement. Thus, it does not fit any of the specified marketing-related categories.",0%,0%,0%,100%,0%
Crop protection market segmentation: relationship between buyer segments and the use of digital sales channels,Schweringi D.S.; Hollenbeck A.; Krone S.; Spiller A.; Lemken D.,2022,10.22434/IFAMR2021.0095,"Digital technologies are revolutionizing agricultural trade, enabling farm input suppliers to reach customers through multiple channels. The aim of this study was to segment farmers based on their purchasing behavior for crop protection products and to examine segment-specific characteristics in the digital environment. A cluster analysis of 590 German farm managers was used to identify five distinctive buyer segments based on five characteristics: dealer, brand and service orientation, price affinity and autonomous decision making. The results demonstrate that farmers place high value on personal contacts to stationary suppliers when purchasing crop protection products. Service orientation turned out to be a strong mediator of segment membership, while price and product brand are secondary to farmer segmentation. However, traditional typologies are only suitable for the digitization topic to a limited extent, as digital search and information behavior hardly differs. Even though digital information procurement is becoming increasingly interesting for all segments, an openness to e-commerce applies only to a small group of independent buyers. Concerning e-commerce attitudes, the perception of its advantages and the lack of personal contact differentiates the clusters the most. The results contribute to the scientific understanding of farmers’ information and purchasing behavior and provide initial approaches for the development of customer-centric corporate marketing strategies. © 2022 Schulze Schwering et al.",Agri-chemical; Cluster analysis; Farm inputs; Omni-channel; Purchasing behavior,Wageningen Academic Publishers,scopus-autonomous,1,Thinking AI,"['segmentation', 'purchasing behavior', 'market analysis', 'customer-centric', 'digital environment', 'e-commerce attitudes']","The abstract focuses on segmenting farmers based on their purchasing behavior and analyzing specific characteristics that influence their choices in a digital context. The study employs cluster analysis to identify distinctive buyer segments, which aligns with the market analysis and targeting aspects of Thinking AI. Additionally, the emphasis on understanding farmer behavior and preferences supports the personalization of marketing strategies, which is another key aspect of Thinking AI.",10%,20%,70%,0%,0%
A multicriteria integral framework for agent-based model calibration using evolutionary multiobjective optimization and network-based visualization,Moya I.; Chica M.; Cordón Ó.,2019,10.1016/j.dss.2019.113111,"Automated calibration methods are a common approach to agent-based model calibration as they can estimate those parameters which cannot be set because of the lack of information. The modeler requires to validate the model by checking the parameter values before the model can be used and this task is very challenging when the model considers two or more conflicting outputs. We propose a multicriteria integral framework to assist the modeler in the calibration and validation of agent-based models that combines evolutionary multiobjective optimization with network-based visualization, which we believe is the first integral approach to model calibration. On the one hand, evolutionary multiobjective optimization provides several sets of calibration solutions (i.e., parameter values) with different trade-offs for the considered objectives in a single run. On the other hand, network-based visualization is used to better understand the decision space and the set of solutions from the obtained Pareto set approximation. To illustrate our proposal, we face the calibration of three agent-based model examples for marketing which consider two conflicting criteria: the awareness of the brand and its word-of-mouth volume. The final analysis of the calibrated solutions shows how our proposed framework eases the analysis of Pareto sets with high cardinality and helps with the identification of flexible solutions (i.e., those having close values in the design space). © 2019 Elsevier B.V.",Agent-based modeling; Evolutionary multiobjective optimization; Information visualization; Model calibration,Elsevier B.V.,scopus-autonomous,23,Thinking AI,"['calibration', 'validation', 'multiobjective optimization', 'Pareto set', 'marketing', 'conflicting criteria']","The abstract discusses a framework that integrates evolutionary multiobjective optimization with network-based visualization to assist in the calibration and validation of agent-based models specifically for marketing. This focus on optimizing multiple conflicting outputs (brand awareness vs. word-of-mouth volume) aligns closely with market analysis and targeting strategies, indicating applications in identifying effective marketing parameters and decision-making. Therefore, it fits well within the Thinking AI category.",0%,0%,100%,0%,0%
How and when brand coolness transforms product quality judgments into positive word of mouth and intentions to buy/use,Bagozzi R.P.; Khoshnevis M.,2023,10.1080/10696679.2022.2081925,"Brand coolness is a relatively understudied but important marketing phenomenon that only recently has received systematic scrutiny. We investigate a multidimensional structure of brand coolness and show how it mediates the effects of product quality on word of mouth communication and on intentions to buy/use cool brands. We also demonstrate under what conditions brand coolness influences WOM and intentions. The self-concept, rooted in materialism and expressed as the desire to impress other people and to compare oneself to others so as to emulate them, serves to regulate the effects of brand coolness in a negative way on WOM and intentions, thereby fulfilling the autonomous function of brand coolness for consumers described in the past as one important aspect of brand coolness. In order to show the incremental contribution of brand coolness in predicting WOM and decisions to buy/use cool brands, the effects of brand coolness are tested in head-to-head comparisons with the influence of self-brand connections and attitudes toward cool brands, which are classically studied brand drivers, on a representative sample of 400 adult Americans aged 20–40 years inclusive. © 2022 Taylor & Francis Group, LLC.",,Routledge,scopus-autonomous,26,Feeling AI,"['brand coolness', 'word of mouth communication', 'self-concept', 'materialism', 'consumer behavior']","The abstract explores the concept of brand coolness and its emotional impact on consumer behavior, particularly regarding word of mouth communication and purchase intentions. It emphasizes understanding customer needs and how self-concept influences these dynamics, which aligns closely with the objectives of Feeling AI, particularly in understanding and meeting customer emotional needs.",70%,0%,30%,0%,0%
Categorization of organizational reputation and subordinate organizations' global funding outcome: A higher education perspective,Anand A.; Kumar V.; Lahiri A.,2024,10.1016/j.indmarman.2023.11.009,"Reputation is critical for building relationships with business customers in the global marketplace. However, in structurally connected organization configurations, the literature focuses mainly on one of the functional unit's reputations (either subordinate or superordinate organization), leaving out the interplay of reputation among various units in the organization. Drawing on identity and categorization theories, we develop a framework to examine the effects of brand reputation at both levels. Our study context is higher education, where business schools (subordinate) operate as autonomous entities globally yet are dependent on universities (superordinate) for policy decisions. We specify a random effects model on a 10-year panel dataset of 193 business schools to account for unobserved heterogeneity, potential selection bias, and endogeneity of reputation. Our findings suggest that brand reputation attributes at the subordinate and superordinate levels both individually and synergistically affect subordinate funding outcomes (i.e., business-school endowment). Furthermore, subordinate-level resource-utilization signals, such as diversification strategies and top executives' backgrounds, and superordinate-level policy signals, such as organization ownership and inclusivity, inform donor decisions and moderate the reputation–funding relationship. Our study suggests that administrators and managers should consider donor identity salience in marketing efforts. © 2023 Elsevier Inc.",Brand identity salience; Categorization theory; Higher education; Information signals; Organizational reputation,Elsevier Inc.,scopus-autonomous,1,Thinking AI,"['reputation', 'funding outcomes', 'donor decisions', 'marketplace', 'business schools', 'autonomous entities', 'policy decisions']","The abstract discusses the impact of brand reputation on funding outcomes for business schools, which relates to market analysis and understanding competitive advantages. The use of identity and categorization theories to analyze donor decisions further supports the categorization under Thinking AI. The focus on how various reputation attributes affect funding outcomes shows strategic analysis rather than emotional engagement or automated processes.",0%,0%,100%,0%,0%
Factors that influence parents’ intentions of using autonomous vehicles to transport children to and from school,Jing P.; Du L.; Chen Y.; Shi Y.; Zhan F.; Xie J.,2021,10.1016/j.aap.2021.105991,"High-level autonomous vehicles (AVs) are likely to improve the quality of children's travel to and from school (such as improve travel safety and increase travel mobility). These expected benefits will not be presented if parents are not willing to use AVs. Therefore, it is necessary to explore parents’ intentions of using AVs to transport children to and from school (parents’ intentions). This study has two primary aims: 1) Exploring parents’ intentions and their potential determinants. 2) Making recommendations for manufacturers to develop and market AVs suitable for school travel based on the research results. Research results show that face consciousness with Chinese characteristics can significantly affect parents’ intentions. Knowledge of AVs is the most significant factor in influencing parents’ intentions. Perceived usefulness, attitude towards school travel in AVs, and perceived risk can significantly affect parents’ intentions. The direct impact of perceived ease of use and public engagement on parents’ intentions is not significant. Finally, this research could provide decision-making support for governments and manufacturers to formulate relevant policies and marketing strategies, promoting parents’ acceptance of AVs. © 2021 Elsevier Ltd",Autonomous vehicles; Parents’ intentions; School travel; Travel safety,Elsevier Ltd,scopus-autonomous,43,Feeling AI,"[""parents' intentions"", 'perceived usefulness', 'attitude', 'perceived risk', 'face consciousness', 'knowledge of AVs']","The abstract discusses parents' intentions and their emotional and psychological factors influencing the acceptance of autonomous vehicles for transporting children. This aligns closely with the focus on customer understanding and emotional responses to products, which is a characteristic of Feeling AI. The study emphasizes understanding parents' feelings and perceptions regarding AVs, particularly highlighting how these factors affect their willingness to use such technology. The emotional aspect of acceptance and perceived usefulness is crucial in this context.",60%,10%,20%,0%,10%
Are regional political decisions the key element in reducing seasonal variation in tourism? the case of the Balearic Islands,Sastre M.A.G.; Hormaeche M.A.; Villar M.T.,2015,10.5367/te.2015.0519,"As a mature tourism destination, the Balearic Islands suffer the normal effects of the stagnation stage of the tourism area life cycle (TALC) model. During stagnation, reorientation policies are used in an attempt to mitigate some of those effects in order to reduce the prevalence of seasonality. Various planning instruments have been designed and implemented by successive local governments, a key priority being the attempt to find a strategic answer to reducing this phenomenon. Based on the analysis of successive marketing plans of the Autonomous Region of the Balearic Islands, and using the Gini index to measure seasonality, this study explores the link between the two and demonstrates that regional political policies adopted over the last 20 years have not reduced seasonal variation in tourism. The demand remains at the same levels of seasonality as in the 1990s, suggesting the ineffectiveness of the policies implemented.",Balearic Islands.; Marketing plan; Seasonality; Tourism destination,University of London,scopus-autonomous,12,Thinking AI,"['tourism', 'seasonality', 'marketing plans', 'political policies', 'analysis']","The abstract focuses on analyzing the effectiveness of regional political policies on tourism seasonality in the Balearic Islands. It utilizes the Gini index for measurement and evaluates past marketing plans, indicating a market analysis approach to understand competitive dynamics and effectiveness of strategies over time.",0%,0%,100%,0%,0%
Auction Advisor: An agent-based online-auction decision support system,Gregg D.G.; Walczak S.,2006,10.1016/j.dss.2004.07.007,Online auctions are proving themselves as a viable alternative in the C2C and B2C marketplace. Several thousand new items are placed for auction every day and determining which items to bid on or when and where to sell an item are difficult questions to answer for online-auction participants. This paper presents a multiagent Auction Advisor system designed to collect data related to online auctions and use the data to help improve the decision making of auction participants. A simulation of applied Auction Advisor recommendations and a small research study that used subjects making real purchases at online auctions both indicate that online-auction buyers and sellers achieve tangible benefit from the current information acquired by and recommendations made by the Auction Advisor agents. © 2004 Elsevier B.V. All rights reserved.,Autonomous agent; Data analysis; Decision support; Information retrieval; Online auction,,scopus-autonomous,58,Mechanical AI,"['online auctions', 'data collection', 'decision making', 'Auction Advisor', 'recommendations', 'marketplace']","The abstract discusses a multiagent Auction Advisor system that collects data related to online auctions and provides recommendations to improve decision-making for auction participants. This aligns closely with the Mechanical AI category, which focuses on data collection and automated processes to enhance market understanding and decision-making. The emphasis on improving auction outcomes through collected data and recommendations fits well within the definitions of Mechanical AI, particularly in data collection and standardization.",0%,80%,20%,0%,0%
Trans-border reformulation: Us and canadian experiences with trans fat,Hooker N.; Downs S.,2014,,"Food managers are engaged in altering the nutritional quality of diets. They do so directly through product innovation strategies (food manufacturers) and the selection of products available in stores (grocers and restaurants) and indirectly through distribution and promotion strategies and prices. Decisions to alter products, menus, assortments and marketing strategies are drivers of supply, which interact with consumer demand to impact the nutritional quality of food available, purchased and eventually consumed. The sequence of managerial decisions leading to product-level marketing mixes is explored. This case-study provides a comparison of monitored industry self-regulation of trans fat (Canada primarily) and more autonomous firm strategy (US primarily) on the nutrient quality of new cookies launched between 2006-12. Cookies were selected for this case-study given that they are commonly consumed and have traditionally contained trans fat. Differences between food labeling policies in the US and Canada are then compared to explore the merits of a conceptual model. © 2014 International Food and Agribusiness Management Association (IFAMA).",Adoption; Assimilation; Food reformulation; Public health,International Food and Agribusiness Management Association,scopus-autonomous,13,Thinking AI,"['nutritional quality', 'product innovation', 'marketing strategies', 'consumer demand', 'market analysis', 'competitive advantages']","The abstract discusses how food managers alter the nutritional quality of diets through various strategies, indicating a focus on market analysis and the interaction between supply and consumer demand. The exploration of product-level marketing mixes and the comparison of self-regulation versus firm strategy suggest a strategic analysis of market dynamics, which aligns closely with the 'Thinking AI' category. There are no significant emotional or automated process elements present that would align with 'Feeling AI' or 'Mechanical AI'.",0%,0%,100%,0%,0%
"Chinese consumers' selection of wine purchasing channels: influence of demographic characteristics, perceived value factors, social factors and wine knowledge",Tian D.; Hao S.; Mu W.; Shi J.; Feng J.,2022,10.1108/BFJ-07-2021-0789,"Purpose: The selection of purchasing channels by wine consumers indirectly affects buying experience and satisfaction, therefore, it is of great practical significance to study consumers' preference on channel selection. The purpose of this study is to investigate the current state of consumer selection for purchasing channel and the corresponding influencing factors. Design/methodology/approach: A total of 2,976 valid questionnaires were collected by convenience sampling from 34 provinces, municipalities and autonomous regions of China in 2020 via the Internet, yielding a response rate of 82.2%. A categorical statistical approach was used to understand consumer's selection for each channel. Besides, binary logistic regression model was used to analyze the factors affecting consumers' channel selection. Findings: The results show that Chinese wine consumers' main purchasing channels are as follows: supermarket/mall, wine specialty stores, comprehensive e-business flagship stores, comprehensive e-business individual stores, restaurants and short video and live streaming platforms. Estimation results showed that among the 12 influencing factors in 4 categories, consumers' education and some other factors significantly influenced consumers' decision on wine purchasing channels. Research limitations/implications: Limited by time and experimental conditions, this study did not analyze the trend of wine consumers' purchasing channel selection. Future work would concentrate on multi-year data and conduct longitudinal comparative analysis. Originality/value: This study innovatively subdivides the currently popular wine sales channels in Chinese market and conducts research related to consumer channel selection. The results of the study can provide reference for wine producers and distributors to update their strategic layout and also help various channels to understand the characteristics of their customer groups for targeted marketing. © 2021, Emerald Publishing Limited.",Chinese wine consumer; Purchasing behavior; Purchasing channel; Wine market,Emerald Publishing,scopus-autonomous,6,Thinking AI,"['consumer selection', 'influencing factors', 'market analysis', 'target marketing', 'channel selection']","The abstract focuses on understanding consumer preferences in purchasing channels for wine and analyzes the influencing factors through a statistical approach. This aligns with market analysis and targeting, as it aims to provide insights that wine producers and distributors can use for strategic marketing decisions. The findings aim to enhance targeting and understanding of customer preferences, which is characteristic of Thinking AI applications.",0%,0%,100%,0%,0%
Food information environments: Risk communication and advertising imagery,Ferreira C.,2006,10.1080/13669870601065536,"The imagery of any foodstuff is shaped by assumptions of what is culturally valued as food, assumptions that are also fed by marketing, expert nutritional advice and intermittent food ""alarms"". This paper raises the issue of risk communication versus advertising and argues that in order to better understand consumers' response to food risk communication we should pay closer attention to the broader information environment in which the compromised foodstuffs are embedded. Any new information properly crafted in the form of ""risk messages"" necessarily interacts with the information that constitutes the foodstuff's environment. It is proposed that focusing on such an environment, rather than on the ""content"" of the risk message alone, improves understanding of how the risk message eventually triggers further selections and decisions about the compromised foodstuff. The risk communication is itself a media event and is seen as part of the food information environment rather than autonomous to it.",Consumers; Food; Marketing; Risk communication; The media,,scopus-autonomous,8,Feeling AI,"['risk communication', 'consumer response', 'information environment', 'cultural values', 'emotional needs']","The abstract discusses how risk communication about food interacts with consumers' existing assumptions and the broader information environment, highlighting the importance of understanding emotional responses and cultural values. This aligns closely with the goals of Feeling AI, which focuses on customer understanding and emotional needs. The emphasis on how the risk message influences consumer decisions indicates a relational approach to marketing, which is characteristic of Feeling AI.",60%,10%,20%,5%,5%
"Agent-based modeling of sustainable ecological consumption for grasslands: A case study of Inner Mongolia, China",Yan H.; Pan L.; Xue Z.; Zhen L.; Bai X.; Hu Y.; Huang H.-Q.,2019,10.3390/su11082261,"Sustainable ecosystem services consumption is of vital importance to the survival and development of human society. How to balance the conflicts between ecosystem protection and ecosystem services consumption by local residents has been a serious challenge, especially in ecologically vulnerable areas. To explore the reasonable ecosystem services consumption approaches of grassland ecosystems for sustainable land system management, this study takes Hulun Buir of the Inner Mongolia Autonomous Region as a case study region and develops an EcoC-G (ecological consumption of grassland) model based on herders' livelihood behaviors using the agent-based model technique to simulate the dynamics of ecosystem pressure, livestock production, and living quality of herders under different grassland management scenarios over the next 30 years. The EcoC-G model links the supply and consumption of grassland ecosystem services by calculating the ecosystem net primary productivity (NPP) supply and household NPP consumption. The model includes three sub-models, namely, the individual status transferring sub-model, the households' grassland-use decision sub-model, and the ecosystem pressure sub-model. In accordance with multi-objective grassland management practices, the following four land management scenarios were simulated: (1) baseline scenario, (2) increasing household's living standard, (3) ecosystem protection, and (4) balancing living standard improvement with the protection of the ecosystem. The result indicates that by focusing on the NPP supply and consumption of the grassland ecosystem, the EcoC-G is capable of simulating the impacts of herders' livelihood behaviors on grassland ecosystems. If timely grassland management strategies are implemented, it is possible to relieve the ecosystem pressure and improve the livelihood of local herders. The specific scenario simulation results are: (1) Under the current grassland management mode, the pasture could never be overgrazed, and herders could achieve the basic living standard, but the accumulated wealth decreased due to the decline of livestock. (2) With grazing control, herders can accumulate wealth by increasing the breeding amount and reducing the marketing rate, but the ecosystem consumption pressure can reach a maximum of 2.3 times. (3) With strict restrictions on the livestock number, the pressure on the ecosystem decreases; however, herders might not achieve basic living standards. (4) Modest regulation leads to rational ecological consumption intervals, meaning the ecosystem pressure will become stable and herders can gradually accumulate wealth with the achievement of basic living standards in advance. © 2019 by the authors.",Agent-based modeling (ABM); Ecosystem pressure; Ecosystem services; Ecosystem services consumption; Net primary productivity,MDPI,scopus-autonomous,16,Out of Scope,"['ecosystem services', 'grassland management', 'livelihood behaviors', 'sustainable land system management']","The abstract focuses on ecological consumption, ecosystem management, and the livelihoods of herders in a specific region, which does not relate to marketing applications of AI. It discusses environmental modeling and management strategies rather than any marketing-related analysis or customer understanding.",0%,0%,0%,100%,0%
Informed consent in direct-to-consumer personal genome testing: The outline of a model between specific and generic consent,Bunnik E.M.; Janssens A.C.J.W.; Schermer M.H.N.,2014,10.1111/bioe.12004,"Broad genome-wide testing is increasingly finding its way to the public through the online direct-to-consumer marketing of so-called personal genome tests. Personal genome tests estimate genetic susceptibilities to multiple diseases and other phenotypic traits simultaneously. Providers commonly make use of Terms of Service agreements rather than informed consent procedures. However, to protect consumers from the potential physical, psychological and social harms associated with personal genome testing and to promote autonomous decision-making with regard to the testing offer, we argue that current practices of information provision are insufficient and that there is a place - and a need - for informed consent in personal genome testing, also when it is offered commercially. The increasing quantity, complexity and diversity of most testing offers, however, pose challenges for information provision and informed consent. Both specific and generic models for informed consent fail to meet its moral aims when applied to personal genome testing. Consumers should be enabled to know the limitations, risks and implications of personal genome testing and should be given control over the genetic information they do or do not wish to obtain. We present the outline of a new model for informed consent which can meet both the norm of providing sufficient information and the norm of providing understandable information. The model can be used for personal genome testing, but will also be applicable to other, future forms of broad genetic testing or screening in commercial and clinical settings. © 2012 John Wiley & Sons Ltd.",Autonomy; Direct-to-consumer; Generic consent; Genetic testing; Informed consent; Personal genome testing; Specific consent,Blackwell Publishing Ltd,scopus-autonomous,31,Out of Scope,"['personal genome tests', 'informed consent', 'genetic information', 'consumer protection', 'health risks']","The abstract discusses personal genome testing and the need for informed consent in this context, focusing on consumer protection and ethical considerations rather than marketing strategies or AI applications in marketing. Since the topic is primarily related to healthcare and genetics, it does not fit the defined categories of Mechanical AI, Thinking AI, or Feeling AI, which are centered around marketing applications.",0%,0%,0%,100%,0%
The organization of innovation and market dynamics: Managing increasing returns in software firms,Van Den Ende J.; Wijnberg N.,2003,10.1109/TEM.2003.817286,"Many contemporary markets, particularly markets of information technology products and information services, are characterized by increasing returns, including those resulting from bandwagon and network effects. At the same time, in larger firms, innovation often takes place in distinct units that are semi-autonomous and that have the responsibility for more than one phase in the product development process. In the most extreme case, a separate profit center is created within which research and development (R&D), production, marketing, and related activities are fully integrated and that has its own responsibility for external relations: an internal innovative venture. The central issue in this paper is the relation between the way firms organize their innovative activities and the market dynamics caused by bandwagon and network effects. We focus on the decision-making actors and we propose a categorization of causes of increasing returns and definitions of bandwagon and network effects that are consistent with this aim. We investigate the extent of internal autonomy of the unit, the extent of the integration of R&D, marketing and other activities in the product development process, and the extent of external autonomy. Three cases of projects creating software products, two of them in the same firm, demonstrate that the organization of innovation and the dynamics of the market are mutually dependent. More in particular, we hold that higher autonomy of teams, particularly in managing external relations, is important to cope with and manage bandwagon and network effects.",Autonomy of project teams; Bandwagon effects; Increasing returns; Network effects; Organization of innovation,,scopus-autonomous,15,Thinking AI,"['innovation', 'market dynamics', 'bandwagon effects', 'network effects', 'internal autonomy', 'external relations', 'product development']","The abstract discusses how firms organize their innovative activities in relation to market dynamics influenced by bandwagon and network effects. This aligns with the focus on market analysis and targeting within the Thinking AI category, as it examines the strategic organization of innovation and its impact on competitive advantages in the market.",10%,15%,65%,5%,5%
One-to-many matching and section-based formulation of autonomous ridesharing equilibrium,Noruzoliaee M.; Zou B.,2022,10.1016/j.trb.2021.11.002,"This paper models autonomous ridesharing — multiple travelers simultaneously riding one shared autonomous vehicle (SAV) — in a network equilibrium setting with mixed SAV and human-driven vehicle (HV) traffic. We make two major methodological contributions. First, a novel one (SAV)-to-many (riders) matching is proposed to characterize the waiting times of an SAV and multiple travelers who share rides in the SAV during online matching, which is a nontrivial generalization of the one-to-one matching without ridesharing. Our matching characterization considers the possibilities of a traveler matched with an SAV starting from the same origin, whereto the SAV moved unoccupied as a result of either pickup or relocation, or with an in-service SAV that goes through the traveler's origin. Second, a section-based formulation for SAV ridesharing user equilibrium is introduced to characterize the SAV traveler flow, which accommodates the possibility that an SAV traveler's itinerary (OD pair) is different from that of the serving SAV and other travelers in the SAV. Unlike the existing link and route based ridesharing formulations, the notion of section both prevents undesired traveler en-route transfer(s) and allows travelers of multiple ODs to share rides, meanwhile respecting the SAV seat capacity constraint. In addition to the above two methodological contributions, the optimal SAV fleet size, fare, routing, and allocation (to in-service, pickup, and relocation states) decisions of a transportation network company (TNC) are formulated. The TNC decisions anticipate traveler reactions as characterized by a new multimodal autonomous ridesharing user equilibrium (MARUE), which is put forward with a proof of its existence and finds the endogenous market shares and road congestion effects of SAV/HV. Original insights are obtained from model implementation, including substantial systemwide benefit of ridesharing, marginal benefit of relocation in the presence of ridesharing, and diminishing economies of SAV size. © 2021 Elsevier Ltd",Endogenous market share; Network congestion; One-to-many matching; Section-based ridesharing equilibrium; Shared autonomous vehicle,Elsevier Ltd,scopus-autonomous,23,Out of Scope,[],"The abstract discusses a technical model for autonomous ridesharing within transportation systems. It focuses on methodologies for matching travelers and optimizing fleet decisions, which are not directly related to marketing applications such as customer engagement, emotional understanding, or market analysis. Therefore, it does not fit any of the marketing-related categories.",0%,0%,0%,100%,0%
Development of the descriptive binary model and its application for identification of clumps of toxic cyanobacteria,Nosov K.; Zholtkevych G.; Georgiyants M.; Vysotska O.; Balym Y.; Porvan A.,2017,10.15587/1729-4061.2017.108285,"In the paper, a descriptive model of system dynamics for binary data is presented. Binary or dichotomous data are widely spread across various fields of research - in decision making and data mining, marketing, solving of many natural, social and technical problems. The initial data for building the model is a set of states of an autonomous dynamical system with components taking binary values. At the same time, the time order of the states is permissible. The following objectives were stated: to identify the relationships between the components of the system defining its dynamics; on the basis of the identified dynamics, to recover the true order of the system states; to apply the developed model to the problem of visual identification of cyanobacteria in water areas using digital photography. To solve the problem, we used a mathematical model that enables to describe the relationships between components and transitions between the system states at a simple-forunderstanding level. The principle of parsimony underlies the model. According to this principle, the most appropriate model is described by the simplest relations in the sense defined in the work. As the case study, the problem of recognizing clumps of cyanobacteria from digital satellite imagery was considered. This is a complex, practically important problem that does not have a satisfactory experimental and theoretical solution at the moment. Applying system approaches to the measured colorimetric parameters of digital photography, we developed the index for identification of such clumps. This index uses the parameters of the digital RGB model of (various parts of) an image and allows us to reveal clumps of cyanobacteria on digital images obtained by aerospace methods. Additionally, digital photography can be performed in the conditions of insufficient visibility (due to precipitation, fog, and other factors), for imitation of which in the case study the original image was distorted by the digital noise. The studied model can find useful applications in the areas requiring binary dynamical data insights. © K. Nosov, G. Zholtkevych, M. Georgiyants, O. Vysotska, Y. Balym, A. Porvan, 2017.",Binary data; Clumps of toxic cyanobacteria; Data mining; Descriptive models; Dynamical systems; Parsimony,Technology Center,scopus-autonomous,5,Out of Scope,[],"The abstract discusses a model for system dynamics applied to binary data, specifically in the context of visual identification of cyanobacteria using digital photography. This application is primarily focused on ecological monitoring and does not pertain to marketing or any of the specified AI applications related to marketing. Therefore, it falls under 'Out of Scope'.",0%,0%,0%,100%,0%
The new genetics and informed consent: Differentiating choice to preserve autonomy,Bunnik E.M.; de Jong A.; Nijsingh N.; de Wert G.M.W.R.,2013,10.1111/bioe.12030,"The advent of new genetic and genomic technologies may cause friction with the principle of respect for autonomy and demands a rethinking of traditional interpretations of the concept of informed consent. Technologies such as whole-genome sequencing and micro-array based analysis enable genome-wide testing for many heterogeneous abnormalities and predispositions simultaneously. This may challenge the feasibility of providing adequate pre-test information and achieving autonomous decision-making. At a symposium held at the 11th World Congress of Bioethics in June 2012 (Rotterdam), organized by the International Association of Bioethics, these challenges were presented for three different areas in which these so-called 'new genetics' technologies are increasingly being applied: newborn screening, prenatal screening strategies and commercial personal genome testing. In this article, we build upon the existing ethical framework for a responsible set-up of testing and screening offers and reinterpret some of its criteria in the light of the new genetics. As we will argue, the scope of a responsible testing or screening offer should align with the purpose(s) of testing and with the principle of respect for autonomy for all stakeholders involved, including (future) children. Informed consent is a prerequisite but requires a new approach. We present preliminary and general directions for an individualized or differentiated set-up of the testing offer and for the informed consent process. With this article we wish to contribute to the formation of new ideas on how to tackle the issues of autonomy and informed consent for (public) healthcare and direct-to-consumer applications of the new genetics. © 2013 John Wiley & Sons Ltd.",Autonomy; Direct-to-consumer genetic testing; Informed consent; Neonatal screening; New genetics; Personal genome testing; Prenatal screening,,scopus-autonomous,58,Out of Scope,"['genetic technologies', 'informed consent', 'autonomy', 'healthcare', 'screening', 'testing']","The abstract discusses ethical considerations related to genetic testing and informed consent in healthcare, which is not related to marketing applications. The focus is on bioethics and implications of new genetic technologies rather than on customer understanding, market analysis, automated processes, or strategic marketing decisions.",0%,0%,0%,100%,0%
What factors determine the intention to use and recommend public autonomous shuttles in a real-life setting?,Quinones M.; Romero J.; Schmitz A.; Díaz-Martín A.M.,2024,10.1108/EJMBE-07-2023-0224,"Purpose: User acceptance is a necessary precondition to implementing self-driving buses as a solution to public transport challenges. Focusing on potential users in a real-life setting, this paper aims to analyze the factors that affect their willingness to use public autonomous shuttles (PASs) as well as their word-of-mouth (WOM) intentions. Design/methodology/approach: Grounded on Unified Theory of Acceptance and Use of Technology (UTAUT2), the study was carried out on a sample of 318 potential users in a real-life setting. The hypothesized relationships were tested using partial least squares structural equation modeling (PLS-SEM). Findings: The study reveals that performance expectancy, facilitating conditions, hedonic motivation and trust are significant predictors of PAS usage intention, which is, in turn, related to WOM communication. Additionally, the factors that impact the intention to use a PAS are found to exert an indirect effect on WOM, mediated by usage intention. Practical implications: This study includes practical insights for transport decision-makers on PAS service design, marketing campaigns and WOM monitoring. Originality/value: While extant research focuses on passengers who have tried autonomous shuttles in experimental settings, this article adopts the perspective of potential users who have no previous experience with these vehicles and identifies the link between usage intention and WOM communication in a real-life traffic environment. © 2024, Myriam Quinones, Jaime Romero, Anne Schmitz and Ana M. Díaz-Martín.",Autonomous shuttle; Autonomous vehicle; Driverless shuttle; Robots; Self-driving bus; Smart mobility; Sustainable mobility; Technology acceptance; Technology adoption; Usage intention; UTAUT2; Word-of-mouth,Emerald Publishing,scopus-autonomous,0,Feeling AI,"['trust', 'word-of-mouth', 'user acceptance', 'hedonic motivation']","The abstract focuses on user acceptance and the emotional and psychological factors that influence the willingness to use public autonomous shuttles. It emphasizes the importance of trust and hedonic motivation, which are emotional drivers in customer understanding and acceptance. Additionally, the study explores word-of-mouth communication, which relates to customer engagement and emotional responses. This aligns closely with the objectives of Feeling AI, which aims to understand and meet customer emotional needs and wants.",70%,10%,20%,0%,0%
Trust and intention to use autonomous vehicles: Manufacturer focus and passenger control,Waung M.; McAuslan P.; Lakshmanan S.,2021,10.1016/j.trf.2021.05.004,"Autonomous Vehicle (AV) research has focused on public acceptance of and intention to use AVs, with trust emerging as important to these variables. Research on AV trust has centered on trust in vehicle performance. However, trust evaluation may include AV manufacturers and developers, and regulation pertaining to AVs; thus, we expand our measurement of trust to include beliefs based on manufacturers and regulation. In this experiment, we manipulate information regarding manufacturer focus (i.e., an emphasis on standards, regulations, and research (SRR) versus speed to market) to determine its effect on trust. When information focused on SRR, we found higher levels of trust in AV performance and in manufacturers, compared to when it focused on speed to market. In addition, information regarding passenger control (i.e., the ability to take over for the vehicle and to determine privacy settings) was manipulated to yield either high or low passenger control conditions. Behavioral Intention (BI) to use AVs was lowest when speed to market was emphasized and when passenger control was low. Furthermore, trust was tested as a mediator between perceived risk and BI. Trust in AV performance partially mediated the relationship between perceived AV performance risk and BI. In addition, trust in AV regulation partially mediated the relationship between AV privacy/security risk and BI. Researchers should continue to examine trust beyond the AV itself to encompass trust in manufacturers and regulations. Those designing and marketing AVs should carefully consider decisions that influence manufacturer/developer reputation and passenger control due to their effect on intention to use AVs. © 2021 Elsevier Ltd",Autonomous vehicles; Mental models; Passenger control; Perceived risk; Trust,Elsevier Ltd,scopus-autonomous,52,Feeling AI,"['trust', 'passenger control', 'perceived risk', 'emotional needs', 'manufacturer reputation']","The abstract discusses the importance of trust in the context of Autonomous Vehicles (AVs) and how it influences behavioral intention to use these vehicles. Trust is closely related to customer understanding and emotional responses, particularly in how users perceive manufacturers and regulations. The focus on passenger control and the impact of manufacturers' reputations also aligns with understanding and meeting customer emotional needs. Therefore, the primary classification is Feeling AI.",60%,10%,20%,5%,5%
Use and efficiency of social media. An analysis from the social economy; [Uso y eficiencia de la social media. Un análisis desde la economía social],Uclés D.F.; Moral A.M.; Jurado E.B.; Viruel M.J.M.,2016,,"Introduction Co-operative societies have not been untouched by the social and technological phenomenon that has exploded online throughout the beginning of the century, which has connected millions of people and has had an undeniable impact on society. We are, of course, talking about online social networks. Specifically, we focus on the organic products sector, which is also becoming of increasing importance to society, as reflected by the continuous development of the market and that of olive oil, in which Spain holds a position of some importance globally. Objectives Thus, the aim of this study is to focus on the analysis of the use of and penetration of these online tools within the organic olive business community, with special focus on the entities in the Social Economy, the vast majority of which are co-operative societies. Design The population studied consists of organic entities that are processors and marketers of olive oil in Andalusia, registered in the Sistema de Informacion de la Produccion Ecologica de la Junta de Andalucia (The Autonomous Government of Andalusia Organic Production Information System, SIPEA). A structured telephone survey was carried out on this population, specifically aimed at the management of these 'organic olive oil processing and marketing' entities, where information on the use and commitment of the organisation was collected by the ICTs. Also, a checkpoint was created containing key account metrics of the organisations with accounts in the online social networks Facebook and Twitter. Other detailed statistics are also included in this checkpoint, obtained from analysing these accounts with on-line tools specialised in online social networks such as LikeAlyzer and Twitonomy. Methodology To determine the impact and penetration of the ICT, descriptive statistics were utilised, and then, a more comprehensive analysis of online social networks was conducted using the DEA method (Data Envelopment Analysis). DEA methodology, both nonparametric and deterministic, aims to measure the efficiency of a set of homogeneous decision-making units (DMU) using linear programming to compare identical inputs and outputs, to obtain a ranking efficiency (Samoilenko, 2014). Specifically, the variables that determine the efficiency levels considered as inputs and outputs of the model are the main metrics obtained on the use and success of the organisations in online social networks. In this way, the main activity indicators that reveal the use and development of these tools by the organisations have been used as inputs. The main monitoring indicators, which reflect the popularity of these accounts in online social networks serve as the outputs. The high level of sensitivity of the DEA method to outliers makes this one of the main weaknesses of the method (Wilson, 1995). To solve this problem we have used the super-efficiency method, detecting and removing observations contaminated by noise, which produces more accurate results and a more accurate classification efficiency (Banker and Chang, 2006). Results In a first analysis of the use of ICT by organic olive organisations, it is observed that the existing differences between the two types of organisations, SCA and SAT as compared with other legal forms, are not relevant regarding the presence of a website or the use of e-commerce. In relation to the use of virtual social networks, 53.74 percent of organisational leaders confirm they make regular use of these platforms. Discriminating between entities of the social economy and other legal forms shows us that 37.50 percent of co-operative societies and SAT report using these platforms. This is in comparison to 61.62 percent of other legal forms, representing a more than 24 percentage point difference between the two groups. On the other hand, although capitalist entities make greater use of virtual social networks, on average, they are less efficient in their usage of such platforms, compared with organisations in the Social Economy. Thus, the results obtained after using the DEA method show us that, considering the variable returns to scale (BCC model), 76.92 percent of co-operative societies and SAT are more efficient in online social networks, compared to 23.08 percent of the remaining legal forms. This increased efficiency is also maintained in the CCR model. Therefore, and in line with other investigations, this confirms that co-operative societies and online SATs use online social networks in a way that is more geared towards transactional rather than relational purposes (Lopez et al., 2012; Montegut et al., 2013; Munoz and Tirado, 2014), although their social nature is advantageous for them on platforms such as online social networks. Conclusions The differences between entities belonging to the Social Economy and other legal forms with respect to the use of websites or online stores are not significant. However, it is confirmed that the organic olive co-operative entities and their SAT counterparts clearly lag in the use of online social networks. In general, these platforms are largely undervalued by the business community in this entire sector. The inflexibility of co-operative societies in adapting to the changing environment and, in particular, to technological changes (COGECA, 2010), is considered a clear explanatory factor in these results. This is due to increasing awareness of its importance as the business use of online social networks is a relatively recent phenomenon. According to Bridges et al. (2010), greater market orientation and integration of co-operative societies is necessary, which will stimulate the commitment to online social networks. Furthermore, the results show that the SCA and SAT are entities that are more efficient in their use of these online platforms. We believe the main supporting factor for this is the aforementioned confluence of values between the Social Economy and Web 2.0. The relevance of communication within co-operative societies (Herranz, 2007) has made the Internet an indispensable yet still underrated tool. In this sense, the singular operational methods and characteristics of these entities (Mozas et al., 2015), makes the use of online social networks, an economic, simple and affordable media, which could be extremely useful for them. Therefore, the social identity that co-operative societies present and transmit gives them an advantage in online media, which results in an extremely efficient method of achieving greater popularity with a lesser degree of effort. As the main limitation of the study addressed the sectoral nature of the investigation, this makes it difficult to generalise about all entities in the Social Economy. However, given the scarcity of related studies, this research is a clear starting point for extending the analysis to other industries and institutions such as co-operative societies of second degree and above. The timeliness and relevance of the issues addressed highlights the usefulness of this study.",DEA; Olive oil entities; Organic products; Social Economy; Social media,CIRIEC,scopus-autonomous,10,Thinking AI,"['online social networks', 'market analysis', 'efficiency', 'user engagement', 'co-operative societies', 'social economy']","The abstract discusses the use of online social networks by co-operative societies in the organic olive oil sector, analyzing their efficiency and engagement through a structured survey and DEA methodology. This aligns with the focus on market analysis and targeting, as it evaluates how these entities utilize marketing tools to enhance their online presence and compares their effectiveness with other legal forms. The emphasis on performance metrics and the strategic implications of their online activities further supports this classification.",0%,0%,100%,0%,0%
Strategy optimization of autonomous trade-in in the supply chain with considering consumer utility; [考虑消费者效用的供应链自主以旧换新策略优化],Hong-Yuan L.; Bo Y.; Yan-Ping L.,2019,10.13587/j.cnki.jieem.2019.01.016,"In the 21st century, facing with increasingly severe resource shortages and environmental pollution problems, the public has begun to change consumption concept and support green consumption actions initiated by the government and companies. Since the trade-in subsidy policy provided by government was canceled, companies have implemented trade-in on their own. As a method of competition, marketing strategy research pays more and more attention to trade-in, which shows many advantages such as benefiting the people, stimulating consumption and upgrading products. Currently, the studies of trade-in mainly focus on discussing the superiority when it is carried out by a single enterprise. The current study seldom analyzes trade-in systematically from supply chain perspective when it is implemented by different investors. In addition, whether an old customer buys a new product depends on the previous usage experience and the depreciation of old products. Existing studies have not considered the purchase decision characteristics of old customers. In this paper, the market is divided into two parts. One market is the new customer, and the other one is the old customer. The previous usage experience and the depreciation of old products are considered as two important factors when an old customer purchases a new product. This paper is based on the two-echelon supply chain consisting of a retailer and a manufacturer. Trade-in policy implemented by retailer and manufacturer is constructed by considering customer utility to study strategic optimization of supply chain system. Firstly, decision-makings of supply chains of three strategic models are compared and analyzed to study their impact on customers. Secondly, the optimal path of supply chain strategy is provided and discussed from the perspective of business efficiency. Thirdly, the impact of market factors on supply chain efficiency of the optimal path adopted in the supply chain is discussed. Finally, by comparing consumer surpluses and social welfares of the three strategies, the social advantages of the adopted optimal path are studied. This study has four major research findings. First, trade-in strategy has a significant impact on product sales and corporate profits. The manufacturer or retailer can strive for greater profit by investing trade-in on his own initiative than before. That will be an obstacle to implementing trade-in strategy. Therefore, when making decisions the manufacturer should properly pay regard to the retailer, and then select a reasonable strategy according to the relationship between them, such as investing trade-in cooperatively. Second, whichever trade-in strategy is adopted in the market, external market (namely retail price, buy-back price, market demand and customer net utility remain stable. However, internal system (namely wholesale price) is obviously dependent on the investor. Third, trade-in strategy is difficult to benefit all parties under market segments. When it is beneficial to one side, it is bound to harm the other side. When the repurchase desire of old customer for a new product is small, the trade-in strategy can effectively strengthen the product stickiness of old customer; however, it can weaken the product's appeal to potential new customer. Fourth, in some cases trade-in strategy will reduce overall consumer surplus and total social welfare. Only when the old customer’s market share, the previous usage experience or the depreciation of old product is higher than a certain threshold, it can benefit all consumers and the society © 2019, Journal of Industrial Engineering and Engineering Management.All Rights Reserved.",Consumer utility; Social welfare; Strategy optimization; Supply chain; Trade-In,Zhejiang University,scopus-autonomous,8,Thinking AI,"['trade-in strategy', 'customer utility', 'market analysis', 'strategic optimization', 'consumer surplus', 'social welfare']","The abstract focuses on analyzing trade-in strategies within a supply chain context and their impact on customers, corporate profits, and market efficiency. It emphasizes market analysis, decision-making models, and strategic optimization, which aligns well with the Thinking AI category. The study evaluates how different trade-in strategies affect product sales and overall consumer welfare, indicating a strong analytical approach.",0%,0%,100%,0%,0%
Will Large DSO-Managed Group Practices Be the Predominant Setting for Oral Health Care by 2025? Two Viewpoints: Viewpoint 1: Large DSO-Managed Group Practices Will Be the Setting in Which the Majority of Oral Health Care Is Delivered by 2025 and Viewpoint 2: Increases in DSO-Managed Group Practices Will Be Offset by Models Allowing Dentists to Retain the Independence and Freedom of a Traditional Practice,"Cole J.R.; Dodge W.W.; Findley J.S.; Young S.K.; Horn B.D.; Kalkwarf K.L.; Martin M.M., Jr.; Winder R.L.",2015,10.1002/j.0022-0337.2015.79.5.tb05905.x,"This Point/Counterpoint article discusses the transformation of dental practice from the traditional solo/small-group (partnership) model of the 1900s to large Dental Support Organizations (DSO) that support affiliated dental practices by providing nonclinical functions such as, but not limited to, accounting, human resources, marketing, and legal and practice management. Many feel that DSO-managed group practices (DMGPs) with employed providers will become the setting in which the majority of oral health care will be delivered in the future. Viewpoint 1 asserts that the traditional dental practice patterns of the past are shifting as many younger dentists gravitate toward employed positions in large group practices or the public sector. Although educational debt is relevant in predicting graduates’ practice choices, other variables such as gender, race, and work-life balance play critical roles as well. Societal characteristics demonstrated by aging Gen Xers and those in the Millennial generation blend seamlessly with the opportunities DMGPs offer their employees. Viewpoint 2 contends the traditional model of dental care delivery—allowing entrepreneurial practitioners to make decisions in an autonomous setting—is changing but not to the degree nor as rapidly as Viewpoint 1 professes. Millennials entering the dental profession, with characteristics universally attributed to their generation, see value in the independence and flexibility that a traditional practice allows. Although DMGPs provide dentists one option for practice, several alternative delivery models offer current dentists and future dental school graduates many of the advantages of DMGPs while allowing them to maintain the independence and freedom a traditional practice provides. © American Dental Education Association",dental group practice; dentists; ownership; practice management; private practice; professional autonomy; professional practice location,John Wiley and Sons Inc.,scopus-autonomous,16,Out of Scope,"['dental practice', 'Dental Support Organizations', 'employment', 'independence', 'traditional practice']","The abstract discusses the transformation of dental practices and the shift from traditional models to Dental Support Organizations. These topics are primarily related to healthcare and dental practice management rather than marketing strategies or applications of AI in marketing contexts. As such, they do not fit into any marketing-related AI category.",0%,0%,0%,100%,0%
Integrating the customers’ perceived risks and benefits into the triple-channel retailing,Zhang W.-G.; Zhang Q.; Mizgier K.J.; Zhang Y.,2017,10.1080/00207543.2017.1336679,"Multiple channel retailing and channel selection strategy have become key issues for many corporations to place themselves at the heart of a new era of retailing. This paper studies a triple-channel system in which a manufacturer operates a conventional channel, a direct online channel, as well as increases its online presence with an online shopping platform. It also takes the heterogeneity of consumers’ price sensitivity and channel preferences into account. It highlights that the perceived risks and perceived benefits are aggregated into an inhibitor or activator entering the customers’ acceptance of triple channels and further affecting their purchasing decisions. Three cases are discussed to investigate the demand distributions, the profit behaviours, the optimal pricing strategies and the channel selection strategies. Theoretical analysis is further validated by a case study with the aid of agent-based modelling. Sensitivity analysis demonstrates that two acceptance indices – respectively, regarded as the consumers’ willingness to tolerate the perceived risks of the online channel and approve the perceived benefits from the third-party online platform – significantly govern the total profit in two stylised scenarios. This study schematically characterises the structure of demand distributions, helps the corporation to discern consumers’ channel choices and then focus its marketing efforts towards more profitable customers and strategic channel structures. Furthermore, some implications are outlined for the optimal supply chain designation decision. © 2017 Informa UK Limited, trading as Taylor & Francis Group.",Agent-based simulation; Heterogeneous valuation; Multi-channel retailing; Perceived risk; Supply chain design,Taylor and Francis Ltd.,scopus-autonomous,30,Thinking AI,"['channel selection strategy', 'price sensitivity', 'purchasing decisions', 'demand distributions', 'profit behaviours', 'optimal pricing strategies', 'sensitivity analysis']","The abstract discusses a study on multi-channel retailing and the strategic analysis of consumer behavior towards these channels. It emphasizes the importance of understanding demand distributions, profit behaviors, and optimal pricing strategies, which aligns with the focus on market analysis and targeting in Thinking AI. The emphasis on consumer price sensitivity and decision-making processes further supports this classification.",5%,10%,85%,0%,0%
Managerial perspective on regional marketing activities of destination management organizations (DMOs),Genç R.; Pirnar I.,2009,10.3727/108354210X12645141401386,"Destination management is an important competitive marketing method for global tourism destinations. Especially, when cooperated with image and brand management, it helps destinations to stand out from today's severe crowd of competition. The successful and efficient destination management companies usually play a major role in marketing their destinations, but there exists a conflict in literature on the level of involvement in related marketing activities. Though managing an autonomous organization having its' own budget and freedom in decision making seems to be the best solution to meet the rapidly changing trends and needs of global tourists, it needs to be analyzed within the organizations' managerial level. The aim of this article is to determine the perspectives of DMO managers from the most important two destinations in Turkey, which is a very popular country that is usually in the first 10 in the international tourism market. The destinations chosen are Istanbul and Izmir, which by using destination management within the last 10 years were able to become popular global brands in the world market by increasing their share rapidly. © 2010 Cognizant Comm. Corp.",Destination management; Destination marketing; Management organizations; Tourism,Cognizant Communication Corporation,scopus-autonomous,0,Thinking AI,"['destination management', 'competitive marketing', 'market analysis', 'branding', 'tourism', 'managerial perspectives']","The abstract discusses the role of destination management companies in marketing global tourism destinations, highlighting the importance of market analysis and branding strategies in a competitive environment. This aligns closely with the 'Thinking AI' category, particularly in the focus on market analysis and targeting. The mention of understanding the needs and trends of tourists implies a strategic approach to positioning and competitive advantages.",0%,0%,100%,0%,0%
"Pro-environmental, prosocial, pro-self, or does it depend? A more nuanced understanding of the motivations underlying residential solar panel adoption",Legault L.; Bird S.; Heintzelman M.D.,2024,10.1016/j.erss.2024.103481,"Although a small body of research has examined the motivational foundations of homeowners' decisions to adopt rooftop solar panels, in this research we compared adoptive and non-adoptive homeowners in the United States (N = 824) across a spectrum of values and motives to identify the most salient predictors of solar adoption within various demographic and political strata. Results of hierarchical logistic regressions revealed that autonomous (i.e., internal) pro-environmental motivation linked to solar adoption regardless of age, income, and education. In contrast, the effects of altruism and controlled (i.e., image and status based) environmental motivation depended on demographic characteristics. That is, altruism was positively associated with adoption for older homeowners, but negatively linked to adoption for younger homeowners. Additionally, controlled motivation predicted solar adoption for both younger and higher income homeowners, but it was not a predictor for older and lower income homeowners. We highlight the importance of assessing interactions between demographics, on one hand, and motives and values, on the other, in order to reveal nuances in the motivations of different types of adopters. These findings underscore the need for more targeted solar policy, marketing, and public messaging. © 2024 Elsevier Ltd",Demographics; Environmental motivation; Solar panel adoption; Values,Elsevier Ltd,scopus-autonomous,5,Feeling AI,"['motivation', 'demographics', 'altruism', 'environmental motivation', 'customer needs']","The abstract discusses the motivations of homeowners in adopting solar panels, focusing on emotional and psychological factors such as internal pro-environmental motivation and altruism. It emphasizes understanding different types of adopters and their emotional needs based on demographics, which aligns with the 'Feeling AI' category that focuses on customer understanding and emotional analytics.",70%,10%,20%,0%,0%
Aspect based sentiment analysis and smart classification in uncertain feedback pool,Kumar V.V.; Raghunath K.M.K.; Muthukumaran V.; Joseph R.B.; Beschi I.S.; Uday A.K.,2022,10.1007/s13198-021-01379-2,"The data used in the opinion can be either factual or subjective, or both. The subjective form includes a positive or negative view, whereas there are facts in the objective form. As the result of opinion mining, the subjectivity and objectivity of knowledge are described as created. The outcome may be either positive or negative or a combination of both. Machine learning helps the computer to behave without a specific task being specifically programmed. Many consumers will critically evaluate everything online, especially food and amenities in eateries, to show their modest viewpoint. These views are critical in the decision-making process, especially in an uncertain feedback pool. Manually evaluating and deriving genuine opinions from these evaluations is very tough despite the growing count of opinions that are accessible in every category. So, to solve this issue, an automated methodology is needed. Sentiment evaluations or opinion extraction are returned methodologies to evaluate and identify uncertain feedback subjects as either positive or negative in these reviews. Three different dimensions of recommender systems are present; document-based, sentence-based, and aspect-based. Report and statement-based opinion mining concentrates on the broader orientation of the review and does not identify more accurately the crucial aspects of all the extracted reviews. The subject of trend is thus view-based opinion mining, and the emphasis of this research is on the restaurant's feedback sector. Creative marketing strategies are planned using sentiment assessments and opinion mining. The sentiment classifications are managed through a smart method called Neuro-Fuzzy Sentiment Classification. It is an entirely automated method of sentiment estimation and prediction. It can be used to group textual data and then used to identify patterns about the contents of the textual information. The resultant data aids in creating autonomous systems that consider the input from customers and prepare restaurant strategies. © 2021, The Society for Reliability Engineering, Quality and Operations Management (SREQOM), India and The Division of Operation and Maintenance, Lulea University of Technology, Sweden.",Accuracy; Aspect-based; Classification; Document-based; Machine learning; Opinion mining; Sentenced-based; Sentiment analysis; Uncertain feedback pool,Springer,scopus-autonomous,23,Feeling AI,"['sentiment assessments', 'opinion mining', 'customer strategies', 'emotional data', 'customer needs', 'restaurant feedback']","The abstract discusses the use of sentiment analysis and opinion mining to understand customer feedback, particularly in the restaurant sector. It emphasizes the importance of understanding customer emotions and opinions, which aligns with the Feeling AI category. The methodologies mentioned aim to gauge customer sentiment and incorporate it into marketing strategies, indicating an understanding of customer emotional needs.",60%,20%,20%,0%,0%
Social media and empowerment in hospitality and tourism decision-making: A study among UK Muslim women,Khan I.M.; Sahadev S.; Rashid T.; Banerjee S.,2022,10.1016/j.ijhm.2021.103125,"Research that explores Muslim women's hospitality and tourism decision-making is limited. This paper attempts to bring a new perspective to the literature on social media and consumption decisions in the hospitality and tourism sector by focusing on Muslim women as a consumer segment. Based on a survey of 791 Muslim women in the UK, it finds that autonomous self-expression, self-disclosure, and reciprocity to self-disclosure on Facebook were positively related to bonding and bridging social capital, which in turn related positively to their empowerment in hospitality and tourism decision-making. Employment status moderated some of these relations. The paper breaks new ground by bringing together two disparate research strands in the tourism literature: one that focuses on women but ignores religion, and the other that studies Islamic tourism but overlooks the role of women. The findings offer insights into hospitality and tourism marketing strategies aimed at Muslim women. © 2021 Elsevier Ltd",Empowerment; Facebook; Gender; Islamic tourism; Muslim women; Social media,Elsevier Ltd,scopus-autonomous,25,Feeling AI,"['empowerment', 'social capital', 'self-expression', 'self-disclosure', 'reciprocity']","The abstract discusses how social media influences Muslim women's decision-making in hospitality and tourism, highlighting the emotional aspects of self-expression and empowerment. These elements relate closely to understanding customer emotional needs and tailoring experiences based on those needs, which aligns with the Feeling AI category. The focus on social capital and relationships further supports this classification.",70%,10%,20%,0%,0%
Effect of shopper attributes on retail format choice behaviour for food and grocery retailing in India,Prasad C.J.; Aryasri A.R.,2011,10.1108/09590551111104486,"Purpose: Retailing in India is an unchartered territory. Food and grocery is the most promising area for setting up retail business in India. An understanding of shopper retail format choice behaviour will enable retailers to segment their market and target specific consumer groups with strategies premeditated to meet their retail needs. The purpose of this paper is to make a detailed study on the effect of shoppers' demographic, geographic and psychographic dimensions in terms of format choice behaviour in the fast growing Indian food and grocery retailing. Design/methodology/approach: Descriptive research design is adopted applying mall intercept survey method using structured questionnaire for data collection. Both descriptive (mean and standard deviation) and inferential statistical tools like χ2, factor analysis and multivariate analysis are used to analyse the data collected from 1,040 food and grocery retail customers from upgraded neighbourhood kirana stores, convenience stores, supermarkets and hypermarkets in conjoint cities of Secunderabad and Hyderabad in Andhra Pradesh in India. Findings: The findings suggest that shoppers' age, gender, occupation, education, monthly household income, family size and distance travelled to store have significant association with retail format choice decisions. The choice decisions are also varied among shoppers' demographic attributes. The findings from shoppers' psychographic dimensions like values, lifestyle factors and shopping orientations resulted in segmentation of food and grocery retail consumers into hedonic, utilitarian, autonomous, conventional and socialization type. Practical implications: The study has practical implications for food and grocery retailers for better understanding the shopper behaviour in the context of changing consumer demographic and psychographic characteristics in an emerging Indian retail market. The findings may help the retailers to segment and target the food and grocery retail consumers and, as a consequence, to undertake more effective retail marketing strategies for competitive advantage. Originality/value: Given the absence of published academic literature and empirical findings relating to store format choice behaviour in food and grocery retailing in India, this study may serve as a departure point for future studies in this area of concern. The research is also relevant to retail marketers in terms of format development and reorientation of marketing strategies in the fastest growing Indian retail market. © Emerald Group Publishing Limited.",Consumer behaviour; Demographics; India; Psychographics; Retailing,,scopus-autonomous,111,Thinking AI,"['shopper behaviour', 'market segmentation', 'target specific consumer groups', 'demographic dimensions', 'psychographic dimensions', 'format choice behaviour', 'marketing strategies']","The abstract discusses the analysis of shopper behavior and market segmentation in the context of food and grocery retailing in India. It emphasizes understanding demographic and psychographic factors influencing format choice decisions, which aligns with market analysis and targeting. The findings suggest practical implications for retailers to tailor their marketing strategies based on customer insights, which is indicative of using analytical approaches to improve targeting and competitive advantage.",0%,0%,100%,0%,0%
Madeira Island - Destination image and tourists loyalty,Machado L.P.; Santos C.M.; Sarmento M.,2009,10.54055/ejtr.v2i1.28,"This study uses a Logit model to examine the probability of the image of the tourism destination Madeira, a Portuguese autonomous insular region, being strengthened after the tourists's visit to the destination. The results of the empirical study are based on a survey carried out to tourists during their visit to the island of Madeira, between March and July 2008. The model confirms that the probability of enhancing Madeira's tourism destination image after the visit is explained by several independent variables, gathered from the literature review. The findings of the study intend to call local authorities's attention to the importance of repeated tourists due to the impact that their enhanced image of Madeira may have on the economic sustainability of the destination and on the potential savings in promotion investment. This happens because the client's loyalty brings a high return of the destination's marketing investment. The conclusions can also help the decision makers of the tourism sector of the island of Madeira to better plan their destination marketing activities.",Destination image; Loyalty; Satisfaction; Service quality; Sustainability,Varna University of Management,scopus-autonomous,14,Thinking AI,"['tourism destination image', 'probability', 'empirical study', 'economic sustainability', 'decision makers', 'destination marketing']","The abstract focuses on analyzing the impact of a tourist's visit on the image of the Madeira tourism destination, which aligns closely with market analysis. The use of a Logit model to understand the probability of enhanced tourism imagery indicates a strategic analysis of factors affecting customer perceptions and loyalty. This fits into the 'Thinking AI' category, particularly under market analysis and targeting, as the findings aim to inform decision-making in tourism marketing strategies.",10%,0%,90%,0%,0%
A framework of opinion dynamics using fuzzy linguistic 2-tuples,Giráldez-Cru J.; Chica M.; Cordón O.,2021,10.1016/j.knosys.2021.107559,"Opinion dynamics investigate the spreading and evolution of opinions among a set of individuals. This is especially relevant in decision-making — the process of selecting an alternative from a set of possible options —, that is commonly based on personal opinions which may evolve along time. In this work, we present a model of opinion dynamics where opinions are represented using fuzzy linguistic 2-tuples, a realistic representation of imprecise information. In our framework, the propagation of opinions in the communication is divided into three independent sub-processes. Additionally, we use a social network to represent agents’ interactions and an awareness deactivation mechanism to model the awareness dynamics in the system (i.e., options for which agents have opinions). Our opinion dynamics model can be easily integrated into an agent-based system to how opinions spread and evolve. Experimental results show the impact of the communication processes, the social network topology, the awareness deactivation mechanism, and the agents’ influence on the opinion dynamics of others. Furthermore, we present two case studies of our opinion dynamics model applied to marketing and politics. © 2021 Elsevier B.V.",Agent-based models; Fuzzy linguistic 2-tuples; Opinion dynamics; Social networks,Elsevier B.V.,scopus-autonomous,13,Thinking AI,"['opinion dynamics', 'decision-making', 'social network', ""agents' influence"", 'marketing', 'politics']","The abstract discusses a model of opinion dynamics that explores how opinions spread and evolve among individuals, particularly in the context of decision-making and marketing. The focus on decision-making aligns well with market analysis and targeting in the Thinking AI category. Additionally, the application of the model to marketing indicates its relevance to strategic analysis and competitive advantages.",0%,0%,100%,0%,0%
"Influentials, early adopters, or random targets? Optimal seeding strategies under vertical differentiations",Cui F.; Wang L.; Luo X.R.; Cui X.,2024,10.1016/j.dss.2024.114263,"Product seeding, defined as the act by which firms send products to selected customers and encourage them to spread word of mouth, is a critical decision support strategy for the success of new products. Using multiple agent-based simulation techniques, we investigated the relative importance of three widely adopted seeding strategies (seeding influentials, early adopters, and random targets) in a competitive market in which products are vertically differentiated in terms of quality and brand strength. We found robust evidence that the finding of an optimal seeding strategy depends on consumers' propensity to spread negative WOM. When negative WOM propensity is low, seeding influentials outperform seeding early adopters or random targets. When negative WOM propensity is high, decision-making about an optimal seeding strategy relies on the relative quality and brand strength of the product and the focal firm's objective. In particular, if a product's relative quality is low, seeding early adopters is the optimal seeding strategy in terms of both market share (MS) and net present value (NPV); if the product's relative quality is equal, seeding early adopters is most effective for increasing MS, while seeding influentials is the best for increasing NPV; and if the product's relative quality is high, seeding influentials is the optimal strategy, except that for products with strong brand strength and firm aims at maximizing the MS growth. We conclude the paper by discussing its theoretical contributions and managerial relevance for decision support. © 2024 Elsevier B.V.",Agent-based modeling; Market competition; New product marketing; Product seeding; Word-of-mouth,Elsevier B.V.,scopus-autonomous,0,Thinking AI,"['product seeding', 'word of mouth', 'seeding strategies', 'market share', 'brand strength', 'negative WOM', 'decision-making']","The abstract discusses the analysis of different product seeding strategies in a competitive market, emphasizing market share and net present value outcomes based on consumer behaviors. This aligns well with the focus on market analysis and targeting found in the 'Thinking AI' category. It does not emphasize emotional understanding or automated processes, which are key to 'Feeling AI' and 'Mechanical AI', respectively.",0%,0%,100%,0%,0%
Integrating autonomy in public health messaging,Murphy K.; Graham D.; Faries M.,2024,10.3389/fcomm.2024.1346031,"The COVID-19 pandemic and related rise of public distrust has called personal autonomy in health messaging into question, drawing attention to two competing forms of health messaging—communicating to persuade versus to inform. Communicating to persuade utilizes marketing techniques to promote behavior change whereas communicating to inform focuses on providing information to facilitate informed decision-making. Communicating to inform is supported by Self-Determination Theory (SDT), which posits that autonomy, coupled with competence and relatedness, is a basic psychological need, relevant to making health-decisions and maintaining behavior change. This study aims to assess the above mentioned dynamics of SDT in health messaging through the development of an autonomous scale and assessment criteria. The purpose of the scale is to guide the development of health messaging that aims to communicate to inform (autonomy-enhancing) rather than communicating to persuade or coerce the audience into adopting a specific health behavior (autonomy-diminishing). The results of the study suggest that individual perception of autonomy in health messaging is influenced by a variety of factors. As such, the criteria outlined in this scale can be used as a guide to develop health messaging that purposefully integrates and supports autonomy-enhancing principles. Copyright © 2024 Murphy, Graham and Faries.",autonomy; COVID; health communication; motivation; self-determination theory,Frontiers Media SA,scopus-autonomous,0,Out of Scope,"['health messaging', 'autonomy', 'Self-Determination Theory', 'behavior change']","The abstract discusses health messaging and psychological theories related to decision-making in health contexts. The focus is on autonomy and informed decision-making rather than marketing strategies directly applicable to consumer goods or services. Therefore, it does not fit into any of the marketing-related categories.",0%,0%,0%,100%,0%
Retail store image: A study of the matahari department store (at Bandung Indonesia),Yudhya T.B.,2019,10.18510/hssr.2019.7513,"Purpose: Retail industry currently in Indonesia is less profitable. However, there is still a retail stores chain group that Matahari endures and this is absolutely not autonomous purchasing by the customers. The objective of the study is to identify the qualities of stores and to assess their impacts on the consumer purchasing decision. This is most significant for sellers in today’s unstable market and is worried about sellers’ essential to take into account the effect of selling store image and its relation to purchaser reliability. Methodology: The used method in the research is casual research method. Data is analysing through descriptive analysis method and multiple linear regression. The data is processed through SPSS software. Main Findings: Based on interviews conducted by respondents, one of the store brands in Matahari’s department store is the Executive, which is a store brand that sells clothes, and trousers with expensive price, so if the customer uses the brand product Executive, they will feel proud. Because the customer has a good view of the product of the Executive brand, and the Executive product is sold in Matahari department store, the customer’s assessment of the department store of the Matahari becomes good. Implications/Applications: The results of the research can be used by Matahari department store in developing their marketing strategies in order to promote brand image. © Yudhya.",Consumer purchasing; Indonesia; Market; Matahari; Profitable; Retail; Store attributes; Store image,Gyandhara International Academic Publications,scopus-autonomous,0,Feeling AI,"['consumer purchasing decision', 'store image', 'customer reliability', 'brand image', 'emotional data']","The abstract discusses how the perception of the Matahari department store's brand image influences customer purchasing decisions. It focuses on understanding customer emotions and their connection to the brand, which aligns with the Feeling AI category that emphasizes customer understanding and relationalization. The findings suggest that a positive view of a store's brand can enhance customer loyalty and engagement.",70%,10%,20%,0%,0%
From Gambelli to Placanica to a European framework for remote gaming,Keuleers E.,2005,10.1016/j.clsr.2005.06.003,"This article reviews the difficulties facing national courts in respect of the regulation of online gambling activity in the wake of two recent decisions of the European Court of Justice that, in mixed messages, may be moving towards liberalization of the European gaming market. More than a year after the Gambelli and Lindman decisions of the European Court of Justice (ECJ) and the first report of the European Commission on the application of the electronic commerce Directive, the impact of these recent European (r)evolutions for the gaming industry has not always been very clear. In the Netherlands and Belgium, existing jurisprudence was confirmed in the so-called post-Gambelli decisions. In Germany, where most of the competences to regulate gaming activities have been attributed to the autonomous Länder, some courts have recognized that, in the absence of a consistent gaming policy, the imposed restrictions on the cross-border provision of gaming services could not be justified by the imperative reasons of public order. In Spain, the Loterías y Apuestas del Estado (LAE) is maintaining its position that it has the exclusive right to offer and promote games on the Internet. In Italy, a regional court has had to refer a gaming case to European Court of Justice (ECJ). The conclusion of one year post-Gambelli case-law is that the Gambelli and Lindman requirements are applied in a very diverging manner. In the Dutch Betfair appeal case, it was even insinuated that Gambelli was not relevant! Before commenting on these national decisions, the Gambelli and Lindman decisions will be reviewed again. © 2005 Ewout Keuleers. Published by Elsevier Ltd. All rights reserved.",,Elsevier Ltd,scopus-autonomous,1,Out of Scope,[],"The abstract discusses legal issues related to online gambling regulations and court interpretations in Europe, which does not pertain to marketing or AI applications in marketing. The focus is on legal analysis rather than any marketing strategy or application of AI in marketing contexts.",0%,0%,0%,100%,0%
Analytical target cascading for multi-level supply chain decisions in cloud perspective,Huang Y.; Gao K.; Wang K.; Lv H.; Gao F.,2022,10.1108/IMDS-06-2021-0402,"Purpose: The purpose of this paper is to adopt a three-stage cloud-based management system for optimizing greenhouse gases (GHG) emission and marketing decisions with supplier selection and product family design in a multi-level supply chain with multiple suppliers, one single manufacturer and multiple retailers. Design/methodology/approach: The manufacturer purchases optional components of a certain functionality from his alternative suppliers and customizes a set of platform products for retailers in different independent market segments. To tackle the studied problem, a hierarchical analytical target cascading (ATC) model is proposed, Jaya algorithm is applied and supplier selection and product family design are implemented in its encoding procedure. Findings: A case study is used to verify the effectiveness of the ATC model in solving the optimization problem and the corresponding algorithm. It has shown that the ATC model can not only obtain close optimization results as a central optimization method but also maintain the autonomous decision rights of different supply chain members. Originality/value: This paper first develops a three-stage cloud-based management system to optimize GHG emission, marketing decisions, supplier selection and product family design in a multi-level supply chain. Then, the ATC model is proposed to obtain the close optimization results as central optimization method and also maintain the autonomous decision rights of different supply chain members. © 2021, Emerald Publishing Limited.",Analytical target cascading; Cloud technology; Greenhouse gas; Jaya; Product family design; Supplier selection,Emerald Group Holdings Ltd.,scopus-autonomous,4,Mechanical AI,"['cloud-based management system', 'optimization', 'supplier selection', 'product family design', 'multi-level supply chain', 'Jaya algorithm']","The abstract focuses on optimizing greenhouse gas emissions and marketing decisions through a cloud-based system, which involves supplier selection and product family design. This aligns closely with Mechanical AI's emphasis on data collection and standardization processes in automating and optimizing market-related decisions. The use of a hierarchical analytical target cascading model and algorithms indicates a systematic approach to automating decision-making processes, aligning with Mechanical AI applications.",0%,80%,20%,0%,0%
"Investigating the Effect of Use and Social Cues in Food Advertisements on Attention, Feelings of Social Support, and Purchase Intention",Liu J.; Bailey R.L.,2020,10.1080/10410236.2019.1654174,"In an effort to understand how different types of food cues in food ads are automatically encouraging unhealthy eating behaviors, the current study examined how the presence of actual food consumption behaviors (use cues) and presence of multiple individuals indorsing food products (social cues) in fast food ads would influence individual attentional and behavioral responses. A use cue (2) x social cue (2) x repetition (3) fully within-subjects factorial design experiment with young adults (N = 164) was conducted. Findings demonstrated that participants paid greater attention to the fast food ads which contained multiple people (group cue) eating the advertised food products (use cue) when compared to other types of fast food ads. In addition, participants also self-reported greater social support and purchase intention when seeing use and group cues in ads. Understanding how these cues function in food advertising to encourage unhealthy eating may help health practitioners and individuals create more helpful intervention strategies. Further, applying these marketing tactics to ads for food products that are healthier (i.e., less energy dense and more nutrient dense) may help to maximize healthy food palatability, thereby increasing motivation for viewers to make autonomous decisions about eating healthier. © 2019 Taylor & Francis Group, LLC.",,Routledge,scopus-autonomous,15,Feeling AI,"['social support', 'purchase intention', 'emotional needs', 'customer engagement']","The abstract discusses how food cues in advertisements influence individuals' attentional and behavioral responses, particularly in the context of social cues and emotional engagement. The findings indicate that participants felt greater social support and intention to purchase when exposed to specific cues, aligning closely with the focus of Feeling AI, which emphasizes understanding and meeting customer emotional needs and wants. The mention of creating healthier interventions also suggests a relational approach to customer engagement.",70%,10%,20%,0%,0%
Application of sustainability principles for harsh environment exploration by autonomous robot,Bausys R.; Cavallaro F.; Semenas R.,2019,10.3390/su11092518,"Currently, the European Union (EU) is focusing on a large-scale campaign dedicated to developing a competitive circular economy and expanding the single digital market. One of the main goals of this campaign is the implementation of the sustainability principles in the development and deployment cycle of the new generation technologies. This paper focuses on the fast-growing field of autonomous mobile robots and the harsh environment exploration problem. Currently, most state-of-the-art navigation methods are utilising the idea of evaluating candidate observation locations by combining different task-related criteria. However, these map building solutions are often designed for operating in near-perfect environments, neglecting such factors as the danger to the robot. In this paper, a new strategy that aims to address the safety and re-usability of the autonomous mobile agent by implementing the economic sustainability principles is proposed. A novel multi-criteria decision-making method ofWeighted Aggregated Sum Product Assessment-Single-Valued Neutrosophic Sets, namely WASPAS-SVNS, and the weight selection method of Step-Wise Weights Assessment Ratio Analysis (SWARA) are applied to model a dynamic decision-making system. The experimental evaluation of the proposed strategy shows that increased survivability of the autonomous agent can be observed. Compared to the greedy baseline strategy, the proposed method forms the movement path which orients the autonomous agent away from dangerous obstacles. © 2019 by the authors.",Autonomous robot; Harsh environment; Multi-criteria decision-making; Neutrosophic sets; Sustainability; SWARA; WASPAS-SVNS,MDPI,scopus-autonomous,23,Out of Scope,"['autonomous mobile robots', 'navigation methods', 'safety', 'sustainability principles', 'economic sustainability']","The abstract discusses the development of autonomous mobile robots, their navigation methods, and the implementation of sustainability principles, which are not related to marketing applications. The focus is on technological advancements and decision-making strategies rather than any marketing or customer-related activities.",0%,0%,0%,100%,0%
The Individual Aspect of Interorganizational Cooperation: Favor-Based Cooperation,Nguyen A.,2020,10.1080/1051712X.2020.1787025,"Purpose: Interorganizational (IO) cooperation has been examined primarily as a role-based concept. This research seeks to extend this concept by examining a distinct mode of IO cooperation: favor-based cooperation. This concept refers to voluntary exchanges of preferential treatments between boundary personnel across organizations that are perceived as going beyond the requirements of their role relationships. Methodology/Approach: A qualitative case research design is used to build a grounded theoretical framework on favor-based cooperation. The empirical basis of the proposed framework includes around 300 favor incidents gathered through multiple sources to get a broad and balanced view of the phenomenon. Theoretically, the author employs role theory to conceptualize favor-based cooperation as qua persona, extra-role behavior; additionally, he draws on transaction cost economics (TCE) to examine the value of favor-based cooperation as a means of adaptation relative to TCE relational contracting. Findings: As an extra-role behavior, the added value of favor-based cooperation lies in its capability to provide extra flexibility in the system via informal consent to adaptation requests and preferred access to exchange partner’s time availability. But this mode of cooperation involves a high risk of opportunism when a lot is at stake. Thus, favor-based cooperation best suits IO exchanges that require highly frequent but lowly consequential coordinated adaptation and can enhance IO value creation beyond role-based cooperation (relational contracting) in these situations. Since favor-based cooperation involves transgressing the market forces, it ill-suits IO exchanges that require autonomous adaptations. As a qua persona behavior, favor-based cooperation first and foremost serves the interests of the individuals involved. Thus, whereas interorganizational interest alignment provides sufficient incentive for beneficial role-based cooperation to occur, beneficial favor-based cooperation also requires organizational-individual interest alignment. Research Implications: The inclusion of the favor-based cooperation concept in the study of IO cooperation helps address the overlooked individual aspect of IO cooperation. In the role-based approach that is typical in research on IO cooperation, boundary personnel are viewed as organizational agents who act to maximize their respective organizational interests. In viewing IO cooperation as qua persona behavior (as in the case of favor-based cooperation), the current research explicitly accounts for boundary personnel’s individual interests. While individual interests do account for certain harmful behaviors (e.g., buying business or covering poor performance), they also account for beneficial behaviors that have not been adequately accounted for in role-based theories of IO cooperation. For example, it is individual interests (e.g., the desire to help a friend) that motivate some boundary persons to exert extra efforts to accommodate exchange partner’s unplanned requests for adaptation. Accordingly, knowledge of how the individual interests of the decision-makers affect IO cooperative activities and the outcomes of these activities (via, e.g., favor behaviors) can enhance the explanatory power of theories of cooperation. For example, favor-based cooperation is beneficial particularly in certain exchange situations where role-based cooperation (TCE relational contracting) will likely fail, such as exchange situations that require highly frequent (but lowly consequential) coordinated adaptations. Knowledge of how boundary personnel’s individual interests affect IO cooperation and its outcomes via favor behaviors is also relevant for the understanding of the incentive required for mutually beneficial IO cooperation to occur. According to the role-based view, boundary personnel’s personal motivation is irrelevant. Accordingly, IO interest alignment established via, e.g., mutual credible commitment provides sufficient incentive for mutually beneficial IO cooperation to occur. But to the extent that boundary personnel’s individual interests are relevant, IO interest alignment is necessary but insufficient; organizational-individual interest alignment within each participating organization is also needed for mutually beneficial IO cooperation to occur. Practical Implications: Findings have implications for the role of favor-based cooperation in organizations and effective management of this mode of cooperation. While many organizations appear to value favor-based cooperation, its role is not without controversy, as some scholars view it as harmful behavior that should be discouraged. The findings of this research support a balanced view. Favor-based cooperation is an ultra-flexible means of coordinated adaptation that can help organizations respond effectively to accelerating change in their business environment. However, favor-based cooperation may not be the optimal cooperative mechanism when a lot is at stake; thus, in most exchange situations it should play only a supplemental role. Moreover, this mode of cooperation involves a high probability of misuse. Findings yield unobtrusive measures for effective management of favor exchanges. To benefit from these informal and discretionary cooperative activities, organizations need to develop organizational-individual interest alignment by economic and social incentives. They need to provide boundary personnel with decision criteria to help them select and structure beneficial favor exchange opportunities, and sufficient discretion and resources to realize these opportunities. Originality/Value/Contribution: This research extends the role-based IO cooperation concept to include favor-based cooperation–a qua persona and extra-role behavior. To the author’s knowledge, this research is the first in-depth investigation of this mode of IO cooperation. The findings highlight the distinct scope of favor-based cooperation, specify its added value and downsides as a means of adaptation, and explain the incentive required for beneficial favor-based cooperation to occur. Given that TCE currently has a prominent role in the IO marketing literature, by specifying the value of favor-based cooperation relative to TCE modes of cooperation the current research helps position favor-based cooperation within mainstream IO marketing research. © 2020 Taylor & Francis Group, LLC.",adaptation; business marketing; extra-role behavior; favor exchange; industrial marketing; Interorganizational cooperation; relational contracting; social exchange; transaction cost economics; value creation,Routledge,scopus-autonomous,5,Not Identified,"['interorganizational cooperation', 'favor-based cooperation', 'extra-role behavior', 'individual interests', 'organizational-individual interest alignment']","The abstract discusses interorganizational cooperation with a focus on favor-based cooperation, exploring the dynamics between individual and organizational interests. While it touches on the implications of cooperation for organizations, it does not align directly with the defined categories of Mechanical AI, Thinking AI, or Feeling AI, as it primarily examines a theoretical framework rather than marketing-specific applications or emotional analytics.",0%,0%,0%,0%,100%
The influence of gender in the management of the corporate communication case study in Aragón (Spain); [La influencia del género en el management de la comunicación corporativa estudio de caso en Aragón (España)],Iniesta-Alemán I.; Marta-Lazo C.; Ruiz-Del Olmo F.J.,2018,,"We analyze the changes in the management of corporate communication due to the influence of new technologies, using as a case study the market of advertising agencies in the Autonomous Community of Aragon (Spain). In order to determine if the gender of those in management positions of the advertisers influences the way of managing the new business environment, a descriptive analysis was carried out using the focus group as a research technique. As a study variable, gender was selected, so two different sessions were held, one with men and the other with women, in order to analyze the characteristics of the advertiser vs. agency relationship. The main conclusion we reached in this research is that there is a different interest for men and women in relation to the different parameters of analysis. While men paid more attention to external competitiveness and the need to react quickly and forcefully to changes, women were more concerned about the disappearance of interdepartmental borders and the way marketing decisions are made. © 2018 Fundacion para la Investigacion Social Avanzada. All rights reserved.",Advertising agencies; Aragon; Corporate communication; Gender; Management; Marketing,Fundacion para la Investigacion Social Avanzada,scopus-autonomous,1,Thinking AI,"['management', 'corporate communication', 'market analysis', 'gender influence', 'advertising agencies', 'competitive advantages']","The abstract discusses changes in corporate communication and management strategies within advertising agencies influenced by gender. It emphasizes market analysis and the differentiation in management focus between men and women, which aligns with the Thinking AI category that involves market analysis, identifying competitors, and analyzing competitive advantages.",10%,0%,90%,0%,0%
The changing consumer in the Netherlands. Recent changes in environmental variables and their consequences for future consumption and marketing,Leeflang P.S.H.; van Raaij W.F.,1993,10.1016/0167-8116(93)90018-T,"Changes in many environmental (exogenous) factors during the eighties and early nineties affect marketing management and consumer behaviour in the Netherlands. Some of these factors relate to the effects of the economic recessions in the early eighties and the early nineties. Other factors are autonomous trends in a number of economic, demographic, and cultural factors. These factors determine a ""macro marketing mix"" for marketing management decisions of companies. In this article, we discuss the changing consumer environment and its impact on production and retailing of consumer goods and services in the Netherlands for the last decade of this century. This information on the Netherlands, as well as on the other nations of the European Community, is relevant for marketers operating in, or considering entering, the Dutch market. For governmental decision makers and scientists this information on future consumption and marketing is relevant for their policy and research. © 1993.",,,scopus-autonomous,11,Thinking AI,"['consumer behaviour', 'marketing management', 'economic factors', 'macro marketing mix', 'market analysis']","The abstract discusses changes in the consumer environment and their impact on marketing management decisions, which aligns with the market analysis focus of Thinking AI. It also highlights the relevance of understanding these factors for marketers and governmental decision makers, indicating a strategic analysis component. There is no emphasis on emotional understanding or automated processes typical of Feeling AI or Mechanical AI.",0%,0%,100%,0%,0%
Examining the needs to adopt big data analytics in B2B organizations: development of propositions and model of needs,Ram J.; Zhang Z.,2022,10.1108/JBIM-10-2020-0464,"Purpose: Big data analytics (BDA) is becoming a strategic tool to harness data to achieve business efficiencies. While business-to-customer organizations have adopted BDA, its adoption in business-to-business (B2B) has been slow, raising concerns about the lack of understanding of the need to adopt BDA. Little knowledge exists on the subject and the purpose of this study is to examine BDA adoption needs among B2B organizations. Design/methodology/approach: A systematic literature review (SLR) following the six-step SLR guidelines of Templier and Paré (2015) involved 1,051 articles, which were content analyzed. Findings: The authors offer two-pronged findings. First, on the basis of the SLR, the authors develop a new four-category classification scheme of needs to adopt BDA and present a consolidated review of the current knowledge base along with these categories (i.e. innovation, operational efficiency, customer satisfaction and digital transformation). Second, underpinned by the theory of organizational motivation and literature evidence, the authors develop propositions and a corresponding model of BDA adoption needs. The authors show that BDA adoption among B2B organizations is driven by the need to augment customer lifetime value, champion the change, improve managerial decision cycle-time, tap into social media benefits and align with market transformation. Research limitations/implications: The results facilitate theory development as the study creates a new classification scheme of needs and a model of needs to adopt BDA in large B2B organizations. Practical implications: The findings will serve as a guideline framework for managers to examine their BDA adoption needs and strategize its adoption. Originality/value: The study develops a new four-category classification scheme for understanding B2B organizations’ needs to adopt big data analytics. The study also develops a new model of needs which will serve as a stepping stone for the development of a theory of needs of technology adoption. © 2021, Emerald Publishing Limited.",Big data analytics; Business-to-business (B2B); Business-to-business marketing; Communication technologies; Data analysis; Decision-making; Electronic commerce; Information management; Technology adoption needs; Theory of organizational motivation,Emerald Group Holdings Ltd.,scopus-big data,22,Not Identified,"['big data analytics', 'B2B organizations', 'adoption needs', 'operational efficiency', 'customer satisfaction', 'digital transformation']","The abstract discusses the adoption of big data analytics in B2B organizations, focusing on strategic needs such as innovation, operational efficiency, and customer satisfaction. While it mentions aspects that could relate to customer understanding and market analysis, it does not clearly fit into any of the defined categories of Mechanical AI, Thinking AI, or Feeling AI. Instead, it presents a classification scheme and model for understanding needs, which does not align with the specified applications in the categories. Thus, it is classified as 'Not Identified'.",0%,0%,0%,0%,100%
Big data analytics on location-based social networks for knowledge generation in tourism - the case of Crete Island,Vassakis K.; Petrakis E.; Kopanakis I.; Makridis J.,2022,10.1504/ijtmkt.2023.127350,"Despite the massive volumes of data tourists generate during their visit to a destination, there is little knowledge of their spatial activity and perceptions. An innovative approach that integrates both text and photo data with location-based information is demonstrated using a case study from Crete. Integration of big data techniques, location intelligence, and social networks transforming tourist experiences into valuable assets (new knowledge extraction) for more efficient strategic decision-making. The findings demonstrate how this novel approach of location and big data analytics can provide new and valuable knowledge in contrast to traditional tourist surveys and conventional spatio-temporal data. Implications arising from this study are significant assets for tourism small and medium enterprises (SMEs), destination management organisations (DMOs), and other tourism stakeholders searching for innovative marketing strategies. © 2023 Inderscience Enterprises Ltd.",big data; big data analytics; knowledge; LBSNs; location-based social networks; management; social networks; tourism,Inderscience Publishers,scopus-big data,6,Thinking AI,"['data', 'tourist experiences', 'location-based information', 'strategic decision-making', 'knowledge extraction', 'analytics']","The abstract emphasizes the integration of big data techniques and location intelligence to derive valuable insights for strategic decision-making in tourism. This aligns with the 'Thinking AI' category, which focuses on market analysis and the identification of competitive advantages through data analytics. The study provides implications for tourism stakeholders seeking innovative marketing strategies, which further supports its classification under Thinking AI.",0%,0%,100%,0%,0%
Evaluate the sustainable marketing strategy to optimal online leasing of new energy vehicles under the background big data economy,Daifen T.,2022,10.1108/JEIM-02-2021-0087,"Purpose: Under the big data background, there are many influencing factors for investors of new energy vehicles (NEV), and government subsidies promote the sustainable development of the new energy vehicle industry. Therefore, the purpose of the study is to provide solutions for the sustainable development of NEV. Design/methodology/approach: The sustainable marketing strategy of NEV in China is put forward. This paper first analyzes the subsidy policy effect of NEV under the background of big data. It then establishes the online optimal leasing strategy under multiple strategy choices and the online leasing strategy of multiple vehicles under the inflation market. Findings: With the fixed cost of NEV in each lease period, the optimal competition ratio of online decision-makers will continue to decrease with the increase of the difference between prepaid funds and government subsidies. In the decision-making of renting and purchasing multiple vehicles, the general strategy competition ratio is 2.922, while the optimal competition ratio of the online renting and purchasing strategy proposed by the research is 2.723. Research limitations/implications: The research is limited by the limited data and information collected, so the optimal decision-making model has some limitations. The authors need to find more representative data to optimize the model. Practical implications: As an emerging industry, NEV have developed rapidly in recent years. Based on the online algorithm and competitive ratio theory, this paper solves the decision-making problem of operators and gives the optimal strategy to promote the green development of the new energy vehicle industry. Originality/value: This paper proposes the optimal strategy for online investors of new energy vehicle operators by combining online algorithm and competitive ratio theory. The numerical analysis results of the optimal online model under multi strategy selection show that with the same difference between prepaid funds and government subsidies, the time point will be delayed and the time point will be advanced as the cost of leasing NEV in each period increases. © 2021, Emerald Publishing Limited.",Big data; Big data economy; Competitive ratio; Lease-purchase model; New energy vehicles; Online algorithm,Emerald Group Holdings Ltd.,scopus-big data,6,Thinking AI,"['sustainable development', 'government subsidies', 'optimal strategy', 'market analysis', 'decision-making', 'competition ratio']","The abstract discusses strategies for the sustainable development of new energy vehicles (NEV) in China, focusing on market analysis and optimal decision-making based on government subsidies and competition ratios. This aligns with the 'Thinking AI' category, which emphasizes market analysis and competitive advantages. The research identifies optimal strategies and decision-making models, reflecting strategic analysis in marketing.",0%,0%,100%,0%,0%
Developing big data enabled Marketing 4.0 framework,Mukhopadhyay S.; Singh R.K.; Jain T.,2024,10.1016/j.jjimei.2024.100214,"Due to the industrial revolution and, thereby with, the emergence of Industry 4.0, there has been an impact on the marketing of business firms, enabling them to digitally transform and adopt Marketing 4.0 practices supported by smart technologies. One of these is Big Data Analytics (BDA), which enables a firm to improve its marketing practices. The main objective of this study is to evaluate how integrating big data technology improves the marketing strategies of Indian FMCG companies operating in a dynamic and highly competitive market distinguished by its size and diversity, constantly changing consumer behaviour, and Marketing 4.0 trends. This study adopts a systematic approach to coding an interview with seasoned Indian FMCG professionals to explain the capabilities of Big Data in molding marketing practices. A framework is constructed based on the same. The theoretical and practical implications are discussed to visualize its applicability in business. Further, the Resource-based View (RBV) theory is discussed for describing the insights into the role and adoption of Big Data by Indian FMCG firms for enhancing performance and achieving competitiveness, along with demonstrating its benefits for decision-making, customer loyalty and internal capability assessment. © 2024 The Author(s)",Big data analytics; Digital marketing; FMCG; Marketing 4.0; Resource based view,Elsevier B.V.,scopus-big data,8,Thinking AI,"['Big Data Analytics', 'marketing strategies', 'competitive market', 'consumer behaviour', 'decision-making', 'customer loyalty']","The abstract discusses how Big Data Analytics (BDA) can improve marketing strategies for Indian FMCG companies, indicating a focus on market analysis and the evaluation of marketing practices in a competitive environment. The use of BDA to enhance decision-making and customer loyalty aligns closely with the definitions and examples provided for Thinking AI, particularly in the context of market analysis and competitive advantages.",0%,20%,80%,0%,0%
Effect of weather on online food ordering,Liu D.; Wang W.; Zhao Y.,2022,10.1108/K-05-2020-0322,"Purpose: Weather affects consumer decision-making. However, academic research on how weather factors affect specific takeaway foods is limited. This paper aims to fill in the gap and therefore to contribute to online marketing and operation. Design/methodology/approach: Web crawler techniques were first exploited to collect takeaway food ordering data from Meituan, the world’s largest GMV platform. Then statistics models and a time series regression model were selected to study the weather impact on online orders. Findings: The findings highlight that certain weather factors, such as temperature, air quality and rainfall have clear effects on most category takeaway orders. Originality/value: Quantitative analysis of weather impacts on the takeaway ordering business will help to guide the online service platforms for marketing promotion and the settled businesses to make reasonable arrangements for inventory and marketing tactics. © 2021, Emerald Publishing Limited.",Big data; M-R model; Takeaway ordering; Weather influence; Web crawler,Emerald Group Holdings Ltd.,scopus-big data,7,Thinking AI,"['weather', 'consumer decision-making', 'online orders', 'marketing promotion', 'inventory', 'statistical models', 'time series regression']","The abstract discusses the impact of weather on consumer behavior specifically in the context of takeaway food orders. This involves market analysis through statistical models to understand how different weather factors affect online ordering patterns. The findings aim to inform marketing strategies and operational arrangements for businesses, which aligns closely with the focus on market analysis and targeting in the Thinking AI category.",0%,10%,90%,0%,0%
“Hacking marketing”: how do firms develop marketers' expertise and practices in a digital era?,Hafezieh N.; Pollock N.; Ryan A.,2023,10.1108/JEIM-12-2021-0530,"Purpose: Digital technologies, digitalised consumers and the torrent of customer data have been transforming marketing practice. In discussing such trends, existing research has either focussed on the skills marketers need or broad-based approaches such as agile methods but has given less consideration to just how such skills or approaches might be developed and used in marketers' day-to-day activities and in the organisation of marketing in the firm. This is what the authors address in this paper. Design/methodology/approach: This paper adopts an in-depth case study approach to examine an exemplary digital enterprise in transformation of their digital marketing. The insights were gathered from 25 interviews, netnography and document analysis of the case organisation in addition to 10 interviews with independent experts. Findings: Drawing on practice-oriented approach, the authors show how organisations respond to the emerging trends of digital consumers and big data by taking a ‘hacking marketing’ approach and developing novel marketing expertise at disciplinary boundaries. The authors put forward three sets of practices that enable and shape the hacking marketing approach. These include spanning the expertise boundary, making value measurable and experimenting through which their adaptive, iterative and multidisciplinary work occurs. This explains how managing digital consumers and big data is not within the realm of information technology (IT) functions but marketing and how marketing professionals are changing their practice and moving their disciplinary boundaries. Practical implications: This study offers practical contributions for firms in terms of identifying new work practices and expertise that marketing specialists need in managing digital platforms, digitalised consumers and big data. This study’s results show that enterprises need to design and implement strong training programmes to prepare their marketing workforce in adopting experimentations of agile approach and data-driven decision making. In addition, Marketing education should be changed so that programmes consider a review of their courses and include the novel marketing models and approaches into their curriculum. Originality/value: This study contributes to the nascent discussions by unpacking how enterprises can develop new marketing expertise and practices beyond skillsets and how such practices form new hacking marketing approach which addresses the problem of the inability of the conventional marketing approach to show its value within the firm. © 2023, Emerald Publishing Limited.",Digital marketing; Digital organisation; Digitalised consumers; Expertise; Hacking; Occupations; Practice,Emerald Publishing,scopus-big data,2,Thinking AI,"['digital marketing', 'big data', 'customer data', 'marketing expertise', 'data-driven decision making', 'agile approach', 'experimentation']","The abstract discusses how organizations are adapting to the challenges of digital consumers and big data through new marketing practices and expertise. It emphasizes the importance of data-driven decision making, experimentation, and adapting marketing practices to respond to emerging trends. This aligns closely with the focus of Thinking AI, which includes market analysis and targeting, as it highlights the strategic use of data and insights to enhance marketing effectiveness. The emphasis on developing new marketing expertise also suggests a thoughtful approach to analyzing market conditions and consumer behavior.",0%,0%,100%,0%,0%
"Big data in marketing: a new paradigm on trends, developments and insights",Rehman A.U.; Mahmood A.; Iqbal M.,2024,10.1504/IJTMKT.2024.141882,"The study aims to comprehensively understand the extent and potential of trends, developments, and insights related to ‘big data in marketing’ by reviewing 505 papers published since 1980, retrieved from a reputable database (Scopus) through bibliometric analysis. The study provides critical findings such as the identification of influential authors, prominent research countries, including the UK, Australia, and China, extensive research timelines, key research areas, and reputable academic journals associated with the subject. Overall, there is extensive knowledge about concept development, emerging trends, and future insights of ‘big data in marketing’ with respect to collaboration, temporal aspects and publication quantity. The analysis also identified five themes, namely: big data marketing intelligence, digital commerce ecosystem, knowledge management for tourism, digital transformation and analytics for decision-making. The current study enhances the practical understanding and future potential of big data in marketing with a dynamic capability view. Copyright © 2024 Inderscience Enterprises Ltd.",big data; data analytics; marketing; marketing analytics,Inderscience Publishers,scopus-big data,0,Thinking AI,"['big data', 'marketing intelligence', 'analytics', 'decision-making', 'market analysis']","The abstract discusses the analysis of trends and developments in 'big data in marketing', focusing on the identification of influential authors, prominent research areas, and themes related to market intelligence and analytics. This aligns with the 'Thinking AI' category, which involves market analysis and strategic insights derived from data. The emphasis on understanding the dynamic capability of big data for future marketing applications further supports this classification.",0%,0%,100%,0%,0%
Marketing 4.0 analytics in the B2B sector: a state-of-the-art review and integrated framework,Amoozad Mahdiraji H.; Sharifpour Arabi H.; Vrontis D.,2024,10.1080/0965254X.2023.2273501,"Using B2B marketing analytics, algorithms, and models can identify business blind spots, thus avoiding possible risks. It helps to better understand and predict trends and results, and rationalise decisions. The fourth industrial revolution has brought marketing 4.0, affecting marketing analytics methods. This study provides a holistic framework to investigate these effects on Marketing 4.0 analytics. To achieve this goal, a hybrid systematic literature review (SLR) and thematic analysis (TA) is conducted on the applications and models of B2B marketing analytics in Industry 4.0 from the most reliable scientific databases. Understanding these models and their applications changes the attitude toward communication between marketing channels, identifies potential marketing analytics applications for businesses, and facilitates areas for further research. Initially, 941 sources were screened, and ultimately 43 were examined. As a result, 25 codes were applied, and six themes were extracted, including Digital Transformation, Big Data, Marketing Analytics, Marketing, Analytics, and Customer. © 2023 The Author(s). Published by Informa UK Limited, trading as Taylor & Francis Group.",B2B marketing analytics; fourth industrial revolution; Marketing 4.0; marketing analytics; systematic literature review; thematic analysis,Routledge,scopus-big data,3,Thinking AI,"['B2B marketing analytics', 'business blind spots', 'predict trends', 'marketing 4.0', 'marketing analytics', 'digital transformation', 'big data']","The abstract discusses the use of B2B marketing analytics to identify business blind spots, predict trends, and rationalize decisions, which aligns with the focus on market analysis and targeting within Thinking AI. The emphasis on understanding and applying marketing analytics to improve decision-making and identify applications for businesses further supports this classification.",10%,15%,70%,0%,5%
Drivers of Big Data Analytics' Adoption and Implications of Management Decision-Making on Big Data Adoption and Firms' Financial and Nonfinancial Performance: Evidence From Nigeria's Manufacturing and Service Industries,Egwuonwu A.; Mendy J.; Smart-Oruh E.; Egwuonwu A.,2024,10.1109/TEM.2023.3321426,"Despite advances in big data analytics (BDA), its traditional adoption utility discourse is yet to move beyond early capture to focus on its postadoption impacts on firms' financial performance (FP) and nonfinancial performance (NFP), especially in developing economies like Nigeria's. This study advances the BDA field, whose existing utilitarian discourse on organizational readiness for change does not generally reflect the empirical and analytical reality of 261 Nigerian professionals. By drawing on business-to-business marketing, dynamic capabilities, and technology-organization-environment theoretical frameworks, we first contribute a conceptual model (see Fig. 1) to develop nine testable hypotheses to initially highlight which factors really impact on organizations' readiness to adopt BDA, second, to show the real impacts of management's post-BDA-adoption, which existing scholarship on BDA discourse had missed. Consequently, our study's findings were used to develop Fig. 2, showing the direct and moderating nature of interactions between BDA and TOE variables, from which hypotheses one and two demonstrate support for the technological and value creation of BDA adoption. However, whereas hypotheses three and four confirm top management's support and overall organizational readiness for BDA adoption in line with existing literature, paradoxically, this study's hypotheses five and seven contribute to the existing BDA discourse by highlighting that environmental, competitive pressure (CP), including regulation does not support the adoption of BDA. Additionally, while external support (H6) was found conducive for BDA adoption in line with current literature. Interestingly, hypotheses eight, nine, and 10a were also found supportive of not only FP but also NFP. However, contrary to current theorization, hypothesis 10b was not found supportive of NFP. Therefore, contrary to previous TOE scholarship, our results contribute to the BDA discourse additionally showing how CP and regulatory environment are not significantly supportive of BDA adoption; second, by highlighting how TOE's critical regulation and competition factors for BDA adoption are additionally nonimpactful on management's decision to adopt BDA. Finally, additional moderating factors particularly on external competition and government regulatory compliance are critical in ascertaining not only organizations' FP but also their NFP readiness in the Nigerian context. The implications and limitations are discussed.  © 1988-2012 IEEE.",Big data (BD) adoption; dynamic capabilities (DCs); management; manufacturing and service industries; Nigeria; technology-organization-environment,Institute of Electrical and Electronics Engineers Inc.,scopus-big data,5,Not Identified,"['big data analytics', 'financial performance', 'nonfinancial performance', 'organizational readiness', 'competitive pressure', 'regulatory environment']","The abstract primarily discusses the impacts of big data analytics on organizational performance, specifically in the context of developing economies. While it touches on aspects of organizational readiness and external support, it does not clearly align with the emotional data required for 'Feeling AI', the automated processes of 'Mechanical AI', or the strategic market analysis of 'Thinking AI'. The content is more focused on empirical research and theoretical frameworks rather than specific marketing applications.",0%,0%,0%,0%,100%
Differential effects of firm generated content on consumer digital engagement and firm performance: An outside-in perspective,Cheng M.; Liu J.; Qi J.; Wan F.,2021,10.1016/j.indmarman.2021.07.001,"Social media contains a massive amount of information, which provides researchers and practitioners with an invaluable source of data to conduct research from end-users' perspectives, in order to influence firm strategic choices. Although an extensive amount of research has been developed in B2C and B2B marketing context, few social media studies take a dive into potential linkages between external and internal marketing contexts in an industry specific paradigm. This study aims to bridge B2C and B2B social media marketing, by adopting the outside-in perspective as theoretical lens. Using a large-scale dataset, collected from a micro-blogging site, and consumer-oriented information assembled from multiple sources, we empirically examine the inter-relationship between firm-generated messages, consumer digital engagement, and firm sales performance in the movie industry. Theoretically, this study builds upon the outside-in perspective and extends the current knowledge of the outside-in perspective to the social media context. It also bridges the B2C and B2B marketing literature by demonstrating that the insight garnered from B2C social media interactions should be integrated into the B2B firm interactions, communications, and decision makings. Managerially, this study provides movie practitioners with important implications. © 2021",Big data analysis; Consumer digital engagement; Firm-generated content; Outside-in perspective; Social media,Elsevier Inc.,scopus-big data,43,Thinking AI,"['consumer digital engagement', 'firm sales performance', 'B2C', 'B2B', 'strategic choices', 'inter-relationship', 'outside-in perspective']","The abstract discusses the inter-relationship between firm-generated messages, consumer digital engagement, and firm sales performance, which aligns with market analysis and strategic decision-making aspects of Thinking AI. It emphasizes the need for integrating insights from B2C social media interactions into B2B contexts, indicating a focus on understanding competitive advantages and refining targeting strategies.",10%,10%,80%,0%,0%
Implementing big data analytics in marketing departments: Mixing organic and administered approaches to increase data-driven decision making,Johnson D.S.; Sihi D.; Muzellec L.,2021,10.3390/informatics8040066,"This study examines the experience of marketing departments to become fully data-driven decision-making organizations. We evaluate an organic approach of departmental sensemaking and an administered approach by which top management increase the influence of analytics skilled employees. Data collection commenced with 15 depth interviews of marketing and analytics professionals in the US and Europe involved in the implementation of big data analytics (BDA) and was followed by a survey data of 298 marketing and analytics middle management professionals at United States based firms. The survey data supports the logic that BDA sensemaking is initiated by top management and is comprised of four primary activities: external knowledge acquisition, improving digitized data quality, big data analytics experimentation and big data analytics information dissemination. Top management drives progress toward data-driven decision-making by facilitating sensemaking and by increasing the influence of BDA skilled employees. This study suggests that while a shift toward enterprise analytics increases the quality of resource available to the marketing department, this approach could stymie the quality of marketing insights gained from BDA. This study presents a model of how to improve the quality of marketing insights and improve data-driven decision-making. © 2021 by the authors. Licensee MDPI, Basel, Switzerland.",Big data analytics implementation; Data driven marketing; Marketing strategy,MDPI,scopus-big data,10,Thinking AI,"['data-driven decision-making', 'big data analytics', 'market insights', 'top management', 'sensemaking', 'knowledge acquisition']","The abstract discusses the transition of marketing departments towards becoming data-driven organizations, focusing on the role of analytics and top management in improving decision-making processes. It emphasizes market analysis through big data analytics and the importance of acquiring knowledge to enhance marketing insights, aligning with the characteristics of Thinking AI, particularly in market analysis and targeting.",0%,0%,100%,0%,0%
APPLICATION OF PYTHON IN MARKETING EDUCATION: A BIG DATA ANALYTICS PERSPECTIVE,Teimourzadeh A.; Kakavand S.; Kakavand B.,2023,10.1080/10528008.2021.2021374,"In the era of big data, many business organizations consider data analytics skills as important criteria in the acquisition of qualified applicants. As numerous managerial decisions in the field of marketing are becoming evidence-based, business schools have integrated case studies about different stages of data analytics such as problem identification, data collection, data processing, data analysis and data visualization in order to improve the knowledge of marketing students. Although case studies can provide a good theoretical foundation about data analytics in the field of marketing, but they may not be sufficient for building analytical skills from a technical perspective. This paper provides a guideline on how Python as a programming language can be used to explore large datasets and improve marketing students’ capabilities with a focus on data processing, data analysis and data visualization tasks. In this research, a survey was conducted to measure the teaching effectiveness and overall satisfaction of marketing students (n = 84) in a Canadian university. The evidence suggests that Python libraries designed for marketing-related data analysis and data visualization have positive outcomes in students’ learning experience and perception of teaching effectiveness. © 2022 Society for Marketing Advances.",,Routledge,scopus-big data,6,Thinking AI,"['data analytics', 'data analysis', 'data visualization', 'marketing students', 'Python', 'case studies']","The abstract discusses the integration of data analytics in marketing education, focusing on how Python can enhance the capabilities of marketing students in data processing, analysis, and visualization. This aligns with the Thinking AI category, which emphasizes market analysis and leveraging analytics to improve understanding and decision-making in marketing.",0%,0%,100%,0%,0%
A review on big data based on deep neural network approaches,Rithani M.; Kumar R.P.; Doss S.,2023,10.1007/s10462-023-10512-5,"Big data analytics has become a significant trend for many businesses as a result of the daily acquisition of enormous volumes of data. This information has been gathered because it may be important for dealing with complicated problems including fraud, marketing, healthcare, and cyber security. Analytics are used by big businesses like Facebook and Google to analyse and make decisions about their massive volumes of collected data. Such analyses and decisions impact both the present and the future of technology. The inherent non-linear properties in huge data may be captured by deep learning (DL) algorithms using automated feature extraction techniques. In order to estimate renewable energy, energy consumption, demand, and supply, among other things, over the short, medium, and long term, a complete and in-depth investigation of generative, hybrid, and discriminative DL models is being conducted. This article examines the benefits and drawbacks of DL that depends on a variety of deep neural networks, including recurrent neural networks, multilayer neural networks, auto encoders and long short-term memory. © 2023, The Author(s), under exclusive licence to Springer Nature B.V.",Big data analytics; Recurrent neural networks; Sequence data,Springer Nature,scopus-big data,36,Out of Scope,"['big data analytics', 'deep learning', 'energy consumption', 'healthcare', 'cyber security']","The abstract discusses big data analytics and deep learning in relation to various applications such as fraud, healthcare, and energy estimation. However, it does not specifically address marketing strategies, customer preferences, or emotional understanding relevant to marketing. Therefore, it is classified as 'Out of Scope' since the applications mentioned do not relate directly to marketing.",0%,0%,0%,100%,0%
Digital Transformation and Green Technology Innovation in Manufacturing Enterprises: A Study Based on Big Data Text Mining,Yin X.; Wang Z.; Chen J.; Li J.,2024,10.3868/s070-009-024-0015-8,"Digital transformation serves as a new driving force and engine for enterprise innovation. Meanwhile, the national strategy of carbon peaking and carbon neutrality has set new goals and requirements for the green development of the Chinese manufacturing industry. From the three-dimensional perspective of “strategy-resource-institution,” this paper explores the impact and mechanism of digital transformation on green technology innovation of Chinese manufacturing enterprises and the heterogeneous impact of the institutional logic of ownership structure. Using a sample of 1,016 A-share listed manufacturing companies on the Shanghai and Shenzhen Stock Exchanges from 2011 to 2019 and based on big data text mining and a negative binomial regression model, this study finds that: (1) Digital strategy significantly enhances green technology innovation capability of enterprises; (2) digital resource investment partially mediates the effect of digital strategy on the enhancement of green technology innovation capability; and (3) the ownership structure of enterprises plays a moderating role in the mediating relationship mentioned above. Specifically, compared to state-owned enterprises (SOEs), non-state-owned enterprises (NSOEs) show no significant difference in the stages where digital strategy promotes green technology innovation and guides digital resource investment. However, they demonstrate higher efficiency in transforming digital resource investment into green technology innovation. The robustness test indicates that the significant effect of digital strategy and resource investment on green technology innovation in enterprises remains valid in the medium term, with a continuous enabling effect. There is no significant difference between SOEs and NSOEs in the medium and long term in promoting green technology innovation through digital transformation. Further, introducing keyword text networks to explore the structural impact of digital strategy, this study finds that digital product and manufacturing strategy are adequate strategic dimensions to enhance green technology innovation capability, and digital financial strategy and digital marketing strategy have no direct promoting effect on green technology innovation of enterprises. From the perspectives of strategies, resources, and institutions, the research findings elucidate the process mechanisms of digital acceleration in the green transformation of manufacturing and the heterogeneous effect of ownership structure and provide critical theoretical insights into the role mechanisms and contextual factors of digitalization on green innovation in manufacturing enterprises. Moreover, this study offers scientific decision-making support for incentivizing the manufacturing industry to seize the opportunities of industrial digitalization and accelerate carbon peaking and carbon neutrality. © 2024, Higher Education Press Limited Company. All rights reserved.",carbon peaking and carbon neutrality; digital transformation; green technology innovation; resource-based view (RBV); strategy,Higher Education Press Limited Company,scopus-big data,0,Out of Scope,"['digital transformation', 'green technology innovation', 'manufacturing', 'ownership structure', 'digital strategy', 'resource investment']","The abstract discusses the impact of digital transformation on green technology innovation in the context of the Chinese manufacturing industry, focusing on factors such as strategy and resource investment. While it mentions aspects of digital strategy and resource investment, it does not relate to marketing applications directly. The content is primarily centered around innovation and industrial strategy rather than marketing AI applications.",0%,0%,0%,100%,0%
Mapping the Landscape of Sustainability in Social Media: A Bibliometric Analysis and Research Trends,Nagvanshi S.; Gupta N.,2024,10.5530/jscires.13.1.21,"Social media adoption has accelerated the generation and dissemination of content, allowing for the communication of important issues like sustainability and climate change. The current study seeks to explore the evolution of sustainability in social media research through network and bibliometric analysis. The bibliographic themes in the field have been studied using citation analysis, co-citation analysis, bibliographic coupling, keyword co-occurrence and content analysis using the VOSviewer software. The Scopus database has been used to survey the literature from 2001 to 2023. To ensure accuracy in the data obtained, 757 documents were finalized through numerous inclusion and exclusion criteria. Results suggest that sustainable development, marketing, perception, decision making and innovation were some of the most frequently studied topics in the area. The United States, China and the United Kingdom were the top contributing countries and Sustainability Switzerland, Journal Of Cleaner Production and Environmental Science and Pollution Research were some of the highly productive journals. Keywords such as big data, business development, economic and social effects, economic development and public attitude were less frequently studied, providing scope for future exploration. The study is one of the early attempts to research the development and evolution of sustainability in social media. It was found that the area is in its growth phase. As a result, it adds to the body of knowledge on social media and sustainability and opens new arenas for investigation. © 2024 Phcog.Net. All rights reserved.",Bibliometric; Citation; Scopus; Social media; Sustainability; VOSviewer,Phcog.Net,scopus-big data,0,Not Identified,"['sustainability', 'social media', 'marketing', 'decision making', 'innovation']","The abstract discusses the evolution of sustainability in social media research through bibliometric analysis, focusing on topics such as sustainable development, marketing, and innovation. However, it does not provide clear applications or examples that fit within the specified categories of Mechanical AI, Thinking AI, or Feeling AI. The content is more focused on research methodology and literature analysis rather than specific AI applications in marketing.",0%,0%,0%,0%,100%
Data-driven marketing for growth and profitability,Grandhi B.; Patwa N.; Saleem K.,2021,10.1108/EMJB-09-2018-0054,"Purpose: In the current business environment, more uncertain than ever before, understanding consumer behavior is an integral part of an organization's strategic planning and execution process. It is the key driver for becoming a market leader. Therefore, it is important that all processes in business are customer centric. Marketers need to harness big data by engaging in data driven-marketing (DDM) to help organizations choose the “right” customers, to “keep” and “grow” them and to sustain “growth” and “profitability”. This research examines DDM adoption practices and how companies can aim to enhance shareholder value by bringing about “customer centricity”. Design/methodology/approach: An online survey conducted in 2016 received 180 responses from junior, middle and senior executives. Of the total responses, 26% were from senior management, 39% from middle management and the remaining 35% from junior management. Industries represented in the survey included retail, BFSI, healthcare and government, automobile, telecommunication, transport and logistics and IT. Other industries represented were aviation, marketing research and consulting, hospitality, advertising and media and human resource. Findings: Success of DDM depends upon how well an organization embraces the practice. The first and foremost indicator of an organization's commitment is the extent of resources invested for DDM. Respondents were divided into four categories; Laggards, Dabblers, Contenders and Leaders based on their “current level of investments” and “willingness to enhance investments” soon. Research limitations/implications: With storming digital age and the development of analytics, the process of decision-making has gained significant importance. Judgment and intuition too are critical to the process. Choosing an appropriate action cannot be done strictly on a rational basis. Practical implications: The results of the study offer interesting implications for managing the growing sea of data. An iterative and incremental approach is the need of the hour, even if it has to start with baby steps, to invest in and reap the fruits of DDM. The intention to use any system is always dependent on two primary belief factors: perceived usefulness and perceived ease of use; however, attitudes and social factors are equally important. Originality/value: There is a dearth of knowledge with regards to who is and is not adopting DDM, and how best big data can be harnessed for enhancing effectiveness and efficiency of marketing budget. It is, therefore, imperative to build a knowledge base on DDM practices, challenges and opportunities. Better use of data can help companies enhance shareholder value by bringing about “customer centricity”. © 2020, Emerald Publishing Limited.",Customer centric; Data-driven marketing; Digital data; Digital marketing and marketing investment; Marketing analytics; Marketing dashboard; Marketing metrics; ROMI (return on marketing investment) and diffusion of innovation; Value proposition,Emerald Group Holdings Ltd.,scopus-big data,50,Thinking AI,"['consumer behavior', 'data driven-marketing', 'customer centricity', 'big data', 'market leader', 'shareholder value', 'strategic planning', 'investment', 'analytics']","The abstract discusses the importance of understanding consumer behavior and the strategic implementation of data-driven marketing (DDM) to enhance shareholder value and customer centricity. It emphasizes market analysis, decision-making processes, and the investment in resources for DDM, which aligns well with the focus of Thinking AI on market analysis, targeting, and the use of analytics for competitive advantages.",10%,20%,70%,0%,0%
From mining to meaning: How B2B marketers can leverage text to inform strategy,Tsao H.-Y.; Campbell C.; Sands S.; Mavrommatis A.,2022,10.1016/j.indmarman.2022.08.007,"Today's marketers are increasingly faced with the need to collect and interpret data to aid firm strategic decision making. At the same time, there has been an explosion of text-based data and numerous advances in big data that enable marketers to mine the collection and aggregation of text. However, for many marketers there is a need to better understand how textual data can go beyond mere descriptive metrics to instead help solve real marketing problems. With this paper, we take a step in this direction. We first review key concepts and terms that are relevant to understanding how text analysis operates, as well as a new development in custom dictionary creation that expands the topics possible with text analysis. Next, we develop the FTTA grid, a new framework that enables text-derived metrics to inform actionable strategies for marketers. We present two real cases demonstrating how the FTTA grid can be employed in action. Finally, we discuss implications for both academics and marketing practitioners. © 2022",B2B marketing; Marketing insight; Marketing strategy; Text-analysis,Elsevier Inc.,scopus-big data,4,Thinking AI,"['data interpretation', 'text-based data', 'text analysis', 'actionable strategies', 'market problems', 'FTTA grid', 'custom dictionary']","The abstract discusses the interpretation and analysis of textual data to inform strategic decision-making in marketing. It highlights the development of the FTTA grid, which enables marketers to derive actionable insights from text analysis, suggesting a focus on market analysis and strategic targeting. The emphasis on solving real marketing problems through data-driven insights aligns closely with the Thinking AI category.",0%,0%,100%,0%,0%
IS DATA A SOURCE OF COMPETITION OR CONCERN IN THE BRAZILIAN RETAIL MARKET?; [Dados são uma fonte de competição ou preocupação no mercado varejista brasileiro?],Macedo B.G.; Leite A.O.M.; Oliveira P.H.,2024,10.52896/rdc.v12i1.1085,"Context: businesses have always used data to make decisions, but the amount, variety, and speed of data have increased dramatically in recent years. This fact led to the emergence of big data, which in turn intensified innovation, led to new services and products such as real-time traffic information and personalized marketing and delivery services. While big data has led to efficiency gains, it has also sparked a new debate in antitrust: to what extent, if any, could data become a competitive concern? Objective: this article is a case study on the Brazilian retail market based on recent literature on barriers to entry fostered by data-based activities and the importance of data as an asset capable of creating market power and giving rise to anti-competitive practices. Method: a bibliographical review was carried out regarding the importance of data as a possible asset that creates barriers to entry, as well as the interpretation of the Brazilian antitrust authority – Conselho Administrativo de Defesa Econômica (Cade), in recent mergers, in addition to an exploratory analysis of data on access and revenue of the main retail players in different market segments and business types. Conclusions: the article concludes that, taking into account the case study, it is not evident that big data leads to highly competitive advantages in the retail sector in Brazil and that competitive concerns do not extend to all data-intensive markets, as data can be segmented and provide different competitive advantages that do not imply relevant barriers to the Brazilian retail sector. © 2024, Administrative Council for Economic Defense (CADE). All rights reserved.",competition; consumer behavior; data-driven markets; multihoming; retail,Administrative Council for Economic Defense (CADE),scopus-big data,0,Thinking AI,"['big data', 'competitive advantages', 'market analysis', 'barriers to entry', 'antitrust']","The abstract discusses the impact of big data on the retail market, particularly focusing on competitive advantages and barriers to entry in relation to Brazilian antitrust considerations. This aligns closely with the 'Thinking AI' category, which emphasizes market analysis and understanding competitive dynamics. The exploration of data as an asset capable of creating market power suggests an analytical approach rather than emotional or mechanical processes.",0%,0%,100%,0%,0%
Influence of big data adoption on sustainable marketing and operation of SMEs: a hybrid approach of SEM-ANN,Baig M.I.; Yadegaridehkordi E.; Nizam Bin Md Nasir M.H.,2023,10.1108/MD-06-2022-0778,"Purpose: This research aimed to analyze and prioritize the factors affecting sustainable marketing (SM) and sustainable operation (SO) of manufacturing small and medium-sized enterprises SMEs through big data adoption (BDA). Design/methodology/approach: The technology-organization-environment (TOE) framework was used as a theoretical base and data were gathered from manufacturing SMEs in Malaysia. The 159 questionnaire replies of chief executive officer (CEO)/managers were analyzed using a hybrid approach of structural equation modeling-artificial neural network (SEM-ANN). Findings: The findings of this study showed that perceived benefits (PB), technological complexity (TC), organization's resources (OR), organization's management support (OMS) and government legislation (GL) are the factors that influence BDA and promote SM and SO. The findings of ANN showed that a perceived benefit is the most important factor, followed by OMS. Practical implications: The findings of this study can assist SMEs managers in making strategic decisions and improving sustainable performance and thus contribute to overall economic development. Originality/value: The manufacturing industry is under immense pressure to integrate sustainable practices for long-term success. BDA can assist industries in aligning industries' operational capabilities. The majority of the current research have mainly emphasized on BDA in corporations. However, the associations between BDA and sustainable performance of manufacturing SMEs have been less explored. To address this issue, this study developed a theoretical model and examined the influence of BDA on SM and SO of manufacturing SMEs. Meanwhile, the hybrid methodological approach can help to uncover both linear and non-linear relationships better. © 2023, Emerald Publishing Limited.",Big data adoption; SMEs; Sustainable marketing; Sustainable operations,Emerald Publishing,scopus-big data,15,Thinking AI,"['sustainable marketing', 'sustainable operation', 'big data adoption', 'perceived benefits', 'strategic decisions', 'economic development']","The abstract focuses on analyzing and prioritizing factors that influence sustainable marketing and operations in manufacturing SMEs through big data adoption. This involves strategic decision-making and understanding market dynamics, which align with the 'Market analysis' and 'Targeting' aspects of Thinking AI. The discussion of perceived benefits and management support indicates a consideration of competitive advantages and strategic positioning.",0%,0%,100%,0%,0%
The evolution of digital marketing technologies: a fuzzy TOPSIS approach to selected technology in E-commerce platform,Kumar V.; Kumar R.; Goel R.; Singh T.; Kaur M.J.,2024,10.1007/s13198-024-02576-5,"The transition from physical market to tech markets has made business grow leaps and bounds. The stage of such revolution is not only backed by challenges but also role of varied factors influencing the extent of implementation of Digital Market Technology at both national and international levels. For few industries it can be a choice however examining the ecommerce sector the digital marketing technology reflects a significant role in effective execution of business and expansion in global world. The constant need for upgradation of product has led to the increasing importance of digital market technology. The study aims to investigate the impact of digital market technology with specific reference to Ecommerce Industry. The data is collected through the interviews convened with expertise in Digital Technology in Ecommerce. A total number of 25 experts were included in the study. Category of three decision makers were selected for further analysis. The study incorporated the robust methodology of fuzzy Topsis that involves selective judgement in determining the relative importance of digital technology in Digital Marketing in Ecommerce. These methods are well-equipped to handle imprecise and uncertain information. One of the significant advantages of these methods is their capacity to address both quantitative and qualitative criteria. The findings indicate that cloud marketing is at the top of the list, followed by big data analysis. The paper concludes by highlighting the importance of digital technology for consumers as well as for management to make strategic decisions, which is imperative for survival in the global economy. © The Author(s) under exclusive licence to The Society for Reliability Engineering, Quality and Operations Management (SREQOM), India and The Division of Operation and Maintenance, Lulea University of Technology, Sweden 2024.",Business; Consumers; Digital marketing cyber physical; Digital technology; Electronic commerce,Springer,scopus-big data,0,Thinking AI,"['digital market technology', 'ecommerce', 'cloud marketing', 'big data analysis', 'strategic decisions']","The abstract discusses the impact of digital market technology on the ecommerce industry, emphasizing the importance of data analysis and strategic decision-making. It highlights how methodologies like fuzzy Topsis can analyze both quantitative and qualitative data, which aligns with market analysis and targeting aspects of Thinking AI. The findings focus on the role of cloud marketing and big data analysis, which are crucial for gaining competitive advantages and making informed marketing decisions.",0%,0%,100%,0%,0%
Creating and validating predictive personas for target marketing,Hsu P.-F.; Lu Y.-H.; Chen S.-C.; Kuo P.P.-Y.,2024,10.1016/j.ijhcs.2023.103147,"A persona is a widely used tool in the design field to help understand users’ needs, experiences, behaviors, and goals. Quantitatively creating personas is gaining importance for its greater representability, objectivity, and fast creative speed. However, quantitative personas built using traditional statistical methods may not reflect the marketing goals of decision-makers, and they mainly focus on categorizing existing users rather than predicting target customers. To address the research gap, this study proposes a guideline to create a predictive persona by using data-mining algorithms resulting in personas that can be validated. The proposed method aims to improve the accuracy and credibility of personas to effectively predict new customers for target marketing. We demonstrate a step-by-step guideline for creating the proposed predictive persona using real user data, validating its credibility, and comparing its predictive power against traditional quantitative personas. We thoroughly discuss the strengths and weaknesses of qualitative personas, traditional quantitative personas, and predictive personas while portraying suitable scenarios in which each type of persona is appropriate. © 2023 Elsevier Ltd",Big data; Data-mining; Persona; Predictive persona; Qualitative persona; Quantitative persona; Target marketing,Academic Press,scopus-big data,4,Thinking AI,"['predictive persona', 'data-mining algorithms', 'target marketing', 'validated', 'customer preferences']","The abstract discusses the creation of predictive personas using data-mining algorithms to improve the accuracy and credibility of marketing strategies, which aligns with the focus on market analysis and targeting in Thinking AI. The emphasis on understanding customer needs and predicting target customers indicates a strategic analytical approach rather than purely emotional or mechanical processes.",10%,20%,70%,0%,0%
Simplifying Sentiment Analysis on Social Media: A Step-by-Step Approach,Chau X.T.D.; Nguyen T.T.; Jo J.; Quach S.; Ngo L.V.; Pham H.; Thaichon P.,2024,10.1177/14413582231217126,"This tutorial presents a systematic guide to performing sentiment analysis on social media data, designed to be accessible to researchers and marketers with varying levels of data science expertise. We prioritise open science by providing comprehensive resources, including self-collected data, source code and guidelines, facilitating result reproduction. For marketing and business researchers without programming experience, this tutorial offers a robust resource for conducting sentiment analysis. Experienced data scientists can use it as a reference for evaluating cutting-edge approaches and streamlining the sentiment analysis process. Our work stands out in its unique perspective on the challenges and opportunities of sentiment analysis within the social media data domain. We delve into the potential of sentiment analysis for social media marketing, offering practical guidance and best practices for enhancing brand reputation and customer engagement. Notably, this tutorial advances beyond previous studies by comprehensively comparing a wide range of sentiment analysis methods, including state-of-the-art transfer learning approaches, filling a critical gap in the existing literature. Our commitment to transparency underscores our contribution, as we provide all necessary resources for result reproducibility. We make our resources available at the following address: https://tinyurl.com/SentimentTutorial. © 2023 Australian and New Zealand Marketing Academy.",big data analytics; marketing decisions; sentiment analysis; social media data,SAGE Publications Ltd,scopus-big data,3,Feeling AI,"['sentiment analysis', 'social media marketing', 'brand reputation', 'customer engagement', 'emotional data']","The abstract primarily focuses on sentiment analysis, which is a method of understanding customer emotions and opinions from social media data. It emphasizes the importance of enhancing brand reputation and customer engagement, which are closely linked to understanding customer emotional needs. The tutorial provides practical guidance on how to leverage sentiment analysis for these purposes, aligning with the objectives of Feeling AI. While there are elements that touch on market analysis and data processing, the core of the content relates to customer understanding and relationalization.",70%,10%,20%,0%,0%
Eye tracking technology to audit google analytics: Analysing digital consumer shopping journey in fashion m-retail,Tupikovskaja-Omovie Z.; Tyler D.,2021,10.1016/j.ijinfomgt.2020.102294,"Rapid changes in digital consumer behaviour, influenced by exponential adoption of smartphones, require timely and sophisticated responses from retailers to these consumer needs. With a growing amount of big data available, fashion retailers need to innovate and develop more sophisticated analytics for new consumer behaviours such as m-commerce. This research has considered how Google Analytics data can be applied to develop customer journey maps to understand digital consumer behaviour. A multi-method research design was used, incorporating an innovative mobile eye tracking technology and mobile fashion consumer data from Google Analytics. Digital customers’ shopping journeys on the fashion retailer's website were mapped using data sourced from eye tracking and Google Analytics, gathered in parallel. The comparison of these shopping journeys allowed a critical evaluation of the precision and usefulness of the Google Analytics database. Google Analytics tracked only half of the digital users’ activities, whereas eye tracking data documented digital consumers’ interaction with all elements of the fashion retailer's website. The conclusion reached is that eye tracking can be used to audit the Google Analytics database for potential gaps in data and also to inform and improve marketing decision-making. © 2020 Elsevier Ltd",Consumer shopping journey; Digital consumer; Eye tracking; Fashion m-retail; Fashion retail; Google analytics; Marketing analytics,Elsevier Ltd,scopus-big data,28,Thinking AI,"['digital consumer behaviour', 'Google Analytics', 'customer journey maps', 'market analysis', 'data gaps', 'marketing decision-making']","The abstract discusses the application of Google Analytics and eye-tracking technology to analyze and map digital consumer behaviors within the fashion retail sector. This aligns with the Thinking AI category, which focuses on market analysis and using marketing analytics to identify consumer needs and optimize decision-making processes. The research aims to improve understanding of customer journeys and inform marketing strategies based on data analysis.",0%,20%,80%,0%,0%
The Magnitude Heuristic: Larger Differences Increase Perceived Causality,Daniels D.P.; Kupor D.,2023,10.1093/jcr/ucac035,"With the rise of machine learning and ""big data,""many large yet spurious relationships between variables are discovered, leveraged by marketing communications, and publicized in the media. Thus, consumers are increasingly exposed to many large-magnitude relationships between variables that do not signal causal effects. This exposure may carry a substantial cost. Seven studies demonstrate that the magnitudes of relationships between variables can distort consumers' judgments about whether those relationships reflect causal effects. Specifically, consumers often use a magnitude heuristic: consumers infer that relationships with larger perceived magnitudes are more likely to reflect causal effects, even when this is not true (and even when relationships' correlations are held constant). In many situations, relying on the magnitude heuristic will distort causality judgments, such as when large-magnitude relationships between variables are spurious, or when normatively extraneous factors (e.g., reference points) distort perceptions of magnitudes. Moreover, magnitude-distorted (mis)perceptions of causality, in turn, distort consumers' purchase and consumption decisions. Since consumers often encounter spurious relationships with large magnitudes in the health domain and in other consequential domains, the magnitude heuristic is likely to lead to biases in some of consumers' most important decisions.  © 2022 The Author(s). Published by Oxford University Press on behalf of Journal of Consumer Research, Inc. All rights reserved.",biases; causality judgments; decision making; heuristics; judgment; product judgments,Oxford University Press,scopus-big data,1,Feeling AI,"['consumer judgments', 'causal effects', 'magnitude heuristic', 'biases', 'purchase decisions', 'consumption decisions']","The abstract discusses how consumers' perceptions of relationships between variables can be distorted, leading to biases in their purchasing and consumption decisions. This aligns closely with the focus on understanding customers' emotional and cognitive responses to marketing communications, which is central to the Feeling AI category. The emphasis on consumer judgments and the impact of perceived magnitudes on decision-making highlights the need to address emotional factors in marketing strategies.",70%,10%,20%,0%,0%
Video marketing for decentralized finance platforms’ services,Giannakopoulos N.T.; Reklitis D.P.; Terzi M.C.; Sakas D.P.; Kanellos N.,2024,10.1057/s41264-024-00288-2,"In the continuously evolving environment of blockchain applications, decentralized finance (DeFi) has been discerned as a favorable application among internet users. In this point of view, DeFi platforms have known increased competition with multiple similar platforms constantly emerging. Therefore, DeFi platforms should seek to promote digitally their financial services and increase the visibility of their website. This study examines the potential utilization of DeFi YouTube channel metrics for enhancing their digital marketing performance (website visibility and campaign efficiency), through statistical analyses, system dynamics (SD), and eye-tracking models. From the paper's outcomes, it becomes clear that only the YouTube metrics of the number of videos, number of comments, video interaction, channel views, and views per video can affect DeFi platforms’ website visibility and campaigns’ efficiency. Toward this purpose, neuromarketing applications (eye tracking and heatmaps) indicated that DeFi YouTube channels should select an engaging video (high interaction rate) and provide little but clear information on their home page. Apart from that, the rest of the channel’s pages should be enriched with a logical number of highly interactive short-duration videos, and not with an increasing number of videos. © The Author(s), under exclusive licence to Springer Nature Limited 2024.",Big data; Decentralized finance (DeFi); Decision support systems (DSSs); Neuromarketing; Strategic digital marketing; Video marketing,Palgrave Macmillan,scopus-big data,0,Feeling AI,"['YouTube metrics', 'website visibility', 'campaign efficiency', 'engaging video', 'interaction rate', 'customer needs', 'neuromarketing', 'eye tracking']","The abstract discusses enhancing the digital marketing performance of DeFi platforms through understanding customer engagement with YouTube content. It emphasizes the need to select engaging videos and tailor information to meet customer emotional preferences, which aligns with the focus on customer understanding and relationalization in Feeling AI.",60%,20%,20%,0%,0%
Strengthening green competitive advantage through organizational learning and green marketing capabilities in a big data environment: a moderated-mediation model,Zameer H.; Wang Y.; Yasmeen H.,2024,10.1108/BPMJ-09-2023-0691,"Purpose: Big data capabilities have the potential to completely transform conventional methods of doing business. Nevertheless, the role of big data capabilities in fostering green marketing capabilities and improving green competitive advantage is still not fully understood. To add new knowledge, this paper aims to propose a moderated mediation model to strengthen green competitive advantage in a big data environment. The model introduces both the mediating role of green marketing capabilities and the moderating role of big data capabilities. We developed and empirically tested a moderated mediation model. Design/methodology/approach: In this study, we have adopted a survey-based methodology. The study collected data from 337 managers and empirically analyzed it to test the theoretical model of moderated mediation. We employed structural equation modeling for empirical analysis. Findings: The findings revealed that organizational learning improves green marketing capabilities, whereas the relationship between organizational learning and green competitive advantage is insignificant. The mediating role of green marketing capabilities in the relationship between organizational learning and green competitive advantage was statistically significant, indicating that green marketing capabilities serve as a bridge between organizational learning and green competitive advantage. Big data capabilities moderate the relationship between organizational learning and green marketing capabilities. The moderated mediation was also significant, highlighting that big data capabilities further strengthen the indirect effects of organizational learning on green competitive advantage via green marketing capabilities. Originality/value: This paper delivers theoretical and practical understandings of the importance of organizational learning and big data capabilities. Similarly, it extends current knowledge and provides key insights for managerial decision-making. © 2024, Emerald Publishing Limited.",Big data; Green competitive advantage; Green marketing capabilities; Organizational learning,Emerald Publishing,scopus-big data,0,Thinking AI,"['big data capabilities', 'green marketing capabilities', 'green competitive advantage', 'organizational learning', 'mediating role', 'moderating role']","The abstract discusses how big data capabilities can enhance green marketing capabilities and strengthen competitive advantage through organizational learning. It involves strategic analysis through a moderated mediation model, which aligns with the focus on market analysis and identifying competitive advantages as seen in Thinking AI. The emphasis on empirical analysis and structural equation modeling further supports this classification.",0%,0%,100%,0%,0%
The transformative impact of big data applications in sport marketing: current and future directions,Mamo Y.; Su Y.; Andrew D.P.S.,2022,10.1108/IJSMS-03-2021-0073,"Purpose: As big data (BD) has increasingly become an important tool for managers and researchers to transform sport management practices, the purpose of this research is to highlight diverse data sources and modern analytical techniques that will leverage BD as a means to advance scholarship in sport management. Design/methodology/approach: A comprehensive review of existing BD literature in sport management outlines new perspectives on BD research method and the application of BD in sport management. Findings: First, through a thorough review of the literature, a domain-specific conceptualization that incorporates the field's mission and priorities was developed. Second, potential data sources and different types of analytical opportunities was identified, highlighting strategies for developing methodological approaches that leads to novel research questions. BD analytics can allow for more flexibility in improving methodological capability to analyze data and, thus, provide more granular and predictive insights. Finally, this paper concludes with a discussion of BD's impact on three domains of sport management, whereby the organizations yield data-driven decisions. Originality/value: BD has the potential to transform the sport management operations and bridges the research-practice gap. BD research in sport management is instrumental for accumulating new knowledge and/or testing existing theories, either in a deductive fashion or by taking an inductive approach, as the field embarks to advance scholarship. © 2021, Emerald Publishing Limited.",Analytics; Big data; Big data analytics; Data-rich environments; Machine learning; Social media,Emerald Publishing,scopus-big data,20,Thinking AI,"['big data', 'data sources', 'analytical techniques', 'methodological approaches', 'data-driven decisions']","The abstract discusses the application of big data in sport management, emphasizing market analysis and the development of novel research questions through data analytics. This aligns with the 'Thinking AI' category, particularly focusing on market analysis and the identification of new opportunities for insights and decision-making. While it mentions various analytical techniques, it does not address emotional data or automated processes directly, reinforcing its classification under 'Thinking AI'.",0%,0%,100%,0%,0%
Beyond supply chain management: jointly optimising operations/ supply and the marketing mix,Wacker J.G.; Samson D.,2021,10.1007/s12063-021-00218-8,"With the increasing use and availability of computing power and raised consumer power comes the need in competitive markets to produce and offer products and services that provide as precisely as possible the exact features of offerings that match customer requirements, with as little waste as possible. Further, customers have different thresholds of willingness to pay for sets of features. The purpose of this paper is to conceptualize and model the merging of supply chain strategies with the marketing decisions, which is key to the overall optimization of aspects of a firm’s strategy, including design of its products and their features, pricing, and positioning. The method used was to create the comprehensive modeling approach that represents these challenges not based on products, but based on individual features of those products, atomistically. The theoretical contribution made is the integration of supply chain optimization approaches, that are essentially based on the resource based view of the firm and focus on cost, with the marketing orientation approach to product design, pricing and marketing strategies. Further, this theoretical contribution recognises in its models that mass customization provides for individualization of features offered to each customer, at prices that reflect their assessed willingness to pay. There are many practical implications: many firms are moving towards full customization of feature sets, and increasingly pricing in a customized manner, and this trend will continue in practice as big data applications in markets go further and become more cost efficient. The integration of the marketing view and the resource-based operations view allows for a fully integrated view of competitive strategy and the design of products and services, so that firms can profit optimize their offerings. © 2021, The Author(s), under exclusive licence to Springer Science+Business Media, LLC, part of Springer Nature.",Business strategy; Marketing management; Micro-strategy; Modeling business strategies; Operations management; Operations marketing integration; Optimisation; Product features; Recource based view; Strategic integration; Supply chain management,Springer,scopus-big data,4,Thinking AI,"['customization', 'willingness to pay', 'market optimization', 'supply chain strategies', 'product features', 'pricing', 'competitive strategy']","The abstract discusses the integration of supply chain strategies with marketing decisions to optimize product features, pricing, and positioning. It emphasizes the importance of understanding customer willingness to pay and tailoring offerings to match customer requirements. This aligns closely with the 'Thinking AI' category, particularly in the areas of market analysis and personalization of products based on customer preferences. The focus on comprehensive modeling and optimization reflects strategic analysis rather than emotional or automated processes.",0%,0%,100%,0%,0%
