Title,Authors,Year,DOI,Abstract,Keywords,Publisher,Source,Cited,classification,keywords,rationale,Feeling AI,Mechanical AI,Thinking AI,Out of Scope,Not Identified
"Defense Conversion in Small Companies: Risk, Activities, and Success Assessment",Hougui S.Z.; Shenhar A.J.; Dvir D.; Tishler A.,2002,10.1023/A:1015648404569,"The defense industry has been experiencing a large draw-down during the 1990s. This has left many companies, large and small, in a situation where they had to examine the viability and future of their businesses. While large and medium-size companies were somewhat assisted by government policies and support, small subcontractors were often left alone, facing higher risks and severe threats to their future. This research investigated the events, decisions, activities and success of small defense contractors, which had to face this new situation. It developed a specific framework, which may be used to help companies in assessing their conversion efforts. The study was conducted by utilizing a within-case and cross-case methodology for case study analysis. Results assert the difficulties for highly defense dependent companies to enter and succeed in the commercial market and explain why many conversion efforts have often failed in the past. Our findings show that to convert successfully, companies must streamline and improve their internal processes, develop a strategic plan, develop their marketing capabilities, and must have management and employee commitment to the process. Although such recommendations were expected, we found, that to many of these companies, they were completely new. As a by-product to this study, we found that managers in small businesses are typically not aware of modern concepts of strategic management and do not normally read the management literature. A new approach to educating such managers is needed, and thus suggested. © 2002 Kluwer Academic Publishers.",,,scopus-recommendation,3,Thinking AI,"['conversion efforts', 'strategic plan', 'marketing capabilities', 'management commitment', 'educating managers', 'internal processes']","The abstract discusses the challenges faced by small defense contractors in transitioning to the commercial market, emphasizing the need for strategic planning and marketing capabilities. This aligns with the focus of Thinking AI on market analysis and targeting, as the research aims to improve decision-making and strategic approaches for these companies. The mention of developing a strategic plan and improving marketing capabilities further supports the classification under Thinking AI.",10%,10%,70%,0%,10%
Hospital image and the positioning of service centers: An application in market analysis and strategy development,Smith S.M.; Clark M.,1990,,"The research confirms the coexistence of different images for hospitals, service centers within the same hospitals, and service programs offered by each of the service centers. The images of individual service centers are found not to be tied to the image of the host facility. Further, service centers and host facilities have differential rankings on the same service decision attributes. Managerial recommendations are offered for ''image differentiation'' between a hospital and its care centers.",,,scopus-recommendation,10,Feeling AI,"['images', 'hospital', 'service centers', 'differential rankings', 'image differentiation']","The abstract discusses the varying images of hospitals and their service centers, highlighting the importance of understanding how these images differ and the need for 'image differentiation'. This aligns with the concept of customer understanding and positioning, which are key elements of Feeling AI. The focus is on emotional perceptions and how they influence customer decisions in healthcare, indicating a relational understanding of customer needs.",70%,0%,30%,0%,0%
Tackling ethical dilemmas in project management using vignettes,Loo R.,2002,10.1016/S0263-7863(01)00056-4,"While many measures address, say, marketing ethics, relatively less attention has been paid to ethical dilemmas and decision-making specifically in project management. This paper presents results from the development of a multidimensional measure of ethical dilemmas and decision-making in project management. The investigator developed three vignettes representing ethical dilemmas that could be realistically found in three phases of most projects (the planning, execution, and termination phases). Each vignette is followed by Reidenbach and Robin's (Reidenbach RE, Robin DP. Toward the development of a multidimensional scale for improving evaluations in business ethics. Journal of Business Ethics 1990;9:639-653) 30-item response scale tapping five theories of ethics: Justice, Relativism, Egoism, Utilitarianism, and Deontology. Results from 247 management undergraduates doing project management validate the three vignettes and support this approach in stimulating heated class discussion on ethics. Recommendations are presented for trainers and project managers. © 2002 Elsevier Science Ltd and IPMA. All rights reserved.",Ethical decision-making; Ethical dilemmas; Ethical theories; Vignettes,,scopus-recommendation,36,Not Identified,"['ethical dilemmas', 'decision-making', 'project management', 'vignettes', 'business ethics']","The abstract discusses ethical dilemmas and decision-making in project management rather than marketing applications of AI. It focuses on ethics in project management education and does not align with the definitions or examples provided for Mechanical AI, Thinking AI, or Feeling AI.",0%,0%,0%,100%,0%
Marketing's influence tactics in new product development: A study of high technology firms in China,Atuahene-Gima K.; Li H.,2000,10.1016/S0737-6782(00)00059-X,"It has been widely recognized that marketing's interaction with other functional departments (e.g., R&D) has significant impact on new product success. However, little research addresses how marketing actually behaves in the process of new product development (NPD). Drawing upon marketing, product innovation, and organizational buying literatures, this study contributes to the literature by delineating the types of influence tactics adopted by marketing and investigating how the use of these tactics affects marketing's influence on NPD decisions. Data on 128 new product projects from 114 high technology firms in China were collected from R&D perspective via on-site interviews. The findings indicate that, from the R&D's perspective, both marketing and R&D seem to have equivalent influence on new product decisions. In terms of usage frequency, the most frequently used influence tactics by marketing are persistent pressure, information exchange, and recommendation (i.e., use of rational logic). Coalition formation (e.g., seeking the support of peers) and upward appeal (i.e., seeking support from superiors) tactics are moderately used. The less frequently used tactics are legalistic plea (i.e., use of rules and regulations) and request. Regarding the effectiveness of influence tactics, the results indicate that persistent pressure, information exchange, and coalition formation lead to higher marketing influence in NPD decisions. However, the use of an upward appeal tactic leads to lower marketing influence. Recommendation, legalistic plea and request tactics are unrelated to marketing's influence. Our results also show that the efficacy of marketing's influence tactics is contingent upon the degree of functional interdependence in the NPD stages and the degree of interdepartmental conflict. Information exchange and coalition formation tactics are more effective at the initiation stage of the NPD process whereas legalistic plea and persistent pressure are more effective at the implementation stage. We further find that legalistic plea is more effective but coalition tactic is less effective when the degree of interdepartmental conflict is higher. Findings of this study provide managers responsible for ensuring market-oriented NPD with a better understanding of how the influence of marketing in the NPD process may be enhanced. Given our focus on Chinese firms, they also suggest that managers need to be sensitive to the cultural context of marketing influence.",,,scopus-recommendation,46,Thinking AI,"['influence tactics', 'marketing influence', 'new product development', 'interdepartmental conflict', 'information exchange']","The abstract discusses the influence of marketing in the new product development (NPD) process, focusing on the analysis of different influence tactics and their effectiveness in decision-making. This aligns with the 'Thinking AI' category, which emphasizes market analysis and strategic targeting based on data and organizational behavior. The findings highlight how the marketing department can better analyze and influence NPD decisions, indicating a market analysis approach.",0%,0%,100%,0%,0%
Slotting allowances and the retail sale of alcohol beverages,Gundlach G.T.; Bloom P.N.,1998,10.1177/074391569801700203,"Considerable controversy and debate surrounds the practice of slotting allowances, or fees, paid by manufacturers for obtaining the patronage of retailers. To date, regulators have yet to agree on public policy toward these practices; at least one federal antitrust agency suggests that slotting fees may be competitive, another has conducted investigations into these practices, and still another suggests banning them altogether. In this article, the authors examine the recent decision by the Bureau of Alcohol, Tobacco, and Firearms (BATF) to prohibit slotting allowances in the retail sale of alcohol beverages. Focusing on the regulatory environment, industry structure, marketing practices, and consumer consumption behavior in the alcohol beverage industry, the authors analyze the BATF's decision and attempt to reconcile disparate public policy treatment of these practices. Implications for understanding slotting allowances and recommendations for further public policy development and research then are explored.",,American Marketing Association,scopus-recommendation,23,Thinking AI,"['slotting allowances', 'regulatory environment', 'public policy', 'market practices', 'industry structure', 'competitive', 'consumer behavior']","The abstract discusses the implications of regulatory decisions regarding slotting allowances in the alcohol beverage industry, focusing on market practices and public policy. This aligns with the Thinking AI category as it involves market analysis, understanding competitive dynamics, and examining regulatory impacts on industry practices.",0%,0%,100%,0%,0%
Regaining a seat at the table: Marketing management and the e-service opportunity,Hughes T.,2007,10.1108/08876040710758577,"Purpose - The study outlined in this paper seeks to deepen one's understanding of the theoretical and practical implications for marketing management where an internet component has been added to the business. Design/methodology/approach - Cases were developed primarily from individual in-depth interviews with 30 managers from financial services. Findings - In setting up an e-commerce capability the case study organizations have been taking strategic decisions on customer interaction. Aligning channels cost-effectively with appropriate customers requires difficult decisions to be made in targeting and managing different customer segments. At the operational level many aspects of customer interaction can be handled centrally, moving the emphasis of customer management into customer service departments. Research limitations/implications - The question of how best to manage customers effectively, using e-service in an integrated manner with other channels, can be seen to be complex and requires further research in order to extend theory in this area and give more meaningful guidance to marketing practitioners. Practical implications - The marketing function has the potential to play a prime role in ensuring that remote customer management is effective. Recommendations are made for practising managers on developing an integrated channel strategy; setting up processes for managing customer feedback from the new channels and responding to this feedback. Originality/value - E-service is throwing up new and fundamental challenges for organizations and this potentially provides new opportunities for marketing practitioners to play a leading role at strategic and operational levels. However, in the cases marketing management's strategic and operational contribution to resolving these issues was limited.",Case studies; Marketing management,,scopus-recommendation,6,Feeling AI,"['customer interaction', 'customer service', 'customer feedback', 'customer management', 'customer segments']","The abstract primarily discusses the importance of managing customer interactions and feedback in the context of e-commerce, emphasizing emotional understanding and the need to tailor services to different customer segments. It highlights the complexities of managing customer relationships effectively through e-service, which aligns closely with the principles of Feeling AI, particularly in understanding customer needs and relationalization. While there are elements of strategic analysis present, the focus on emotional engagement and customer service attributes the main emphasis to Feeling AI.",60%,15%,20%,0%,5%
Decision-making associated with drug candidates in the biotechnology research and development (R&D) pipeline,Skrepnek G.H.; Sarnowski J.J.,2007,10.1057/palgrave.jcb.3050040,"This research investigated the issues and methods of analysis considered by executives when managing biotechnology drug candidates within the research and development (R&D) pipeline. A mail survey was developed to assess: (1) factors considered during clinical trials; (2) sources of funding for R&D; (3) analytic tools used in decision-making; and (4) the use and application of pharmacoeconomics, and targeted primarily Chief Financial Officers (CFO) within 396 biotechnology firms in the United States (US). Consistent with prior research on CFOs, a response rate of 7.5 per cent was achieved and respondents generally represented smaller biotechnology companies valued below US$100m. Findings indicated that regulatory and capital requirements as well as investor expectations were important factors throughout clinical phase trials. Venture capital and capital/securities markets were the most commonly used sources of R&D capital. The most frequently cited decision-making techniques used included prior experience/intuition/ human judgment, net present value (NPV), and internal rate of return (IRR). Pharmacoeconomic methods were utilised at every stage of R&D and applied to the management of R&D pipelines in addition to aspects of product pricing and reimbursement. Overall, these results reflect the nature of risk and uncertainty associated with pharmaceutical and biotechnology R&D. Although the use of past experience/intuition/human judgment was most common for decision-making, methods based upon discounted cash flow (DCF) approaches were also employed frequently, as was the use of pharmacoeconomics. The implications of this work should seek to catalyse the development and utilisation of robust methods to manage drug pipelines such that senior executives are afforded optimal recommendations when attempting to hedge risk and maximise return.",,,scopus-recommendation,8,Out of Scope,"['biotechnology', 'clinical trials', 'R&D pipeline', 'investment', 'pharmacoeconomics']","The abstract primarily discusses the management of biotechnology drug candidates and the factors influencing R&D processes, which does not relate to marketing applications. The focus is on financial decision-making, regulatory requirements, and clinical trial management rather than marketing strategies or customer engagement. Therefore, it falls outside the scope of marketing AI applications.",0%,0%,0%,100%,0%
A model to assess the behavioral impacts of consultative knowledge based systems,Mak B.; Lyytinen K.,1997,10.1016/S0306-4573(97)00015-0,"This paper develops a research model to study the behavioral impacts of consultative knowledge based systems (KBS). An experiment was conducted with 36 experienced MBA students in marketing management to explore to what extent their decisions were affected by the following factors: user participation in updating the knowledge-base of the KBS, ambiguity of decision setting, routinization of usage, and source credibility of the expertise embedded in the KBS. Results show that ambiguity and source credibility affect user acceptance of the KBS recommendation and cause them to revise decisions. Implications of these findings for the design of consultative KBS are discussed. © 1997 Elsevier Science Ltd.",,Elsevier Ltd,scopus-recommendation,8,Thinking AI,"['user participation', 'decision setting', 'source credibility', 'user acceptance', 'KBS recommendation']","The abstract discusses the behavioral impacts of consultative knowledge-based systems (KBS) on decision-making. It highlights factors that influence user acceptance and decision revision, which aligns closely with market analysis and understanding competitive advantages. The focus on user participation and decision-making processes suggests a strategic analysis of marketing-related behaviors, fitting the Thinking AI category.",10%,0%,80%,0%,10%
Determinants of escrow service adoption in consumer-to-consumer online auction market: An experimental study,Antony S.; Lin Z.; Xu B.,2006,10.1016/j.dss.2006.04.012,"Risk relief services (RRSs), as complementary to online trust promoting services, are becoming versatile options for risk reduction in online consumer-to-consumer auctions. In this paper, we identify factors that affect the behavior of buyers in an online auction market who had to either adopt or not adopt online escrow services (OES). An experimental C2C auction system with embedded decision support features was used to collect data. Results show that market factors, such as fraud rate, product price, and seller's reputation are important in determining buyers' OES adoption. This study also finds that sellers' reputation has a significant effect on buyer's risk perception, which influences his OES adoption decision. Furthermore, the buyers' OES adoption decisions were found to be congruent with the implied recommendations that were based on expected utility calculations. © 2006 Elsevier B.V. All rights reserved.",Escrow; Expected utility; Experiment; Online auction; Perceived risk; Reputation,,scopus-recommendation,71,Thinking AI,"['risk perception', 'OES adoption', 'market factors', ""seller's reputation"", 'buyer behavior']","The abstract discusses the factors influencing buyers' decisions regarding the adoption of online escrow services in online auctions. It highlights market analysis aspects such as fraud rates, product prices, and seller reputation, which align closely with the focus on market analysis and targeting in the Thinking AI category. The emphasis on understanding buyer behavior and perceived risks suggests a strategic analytical approach rather than emotional or purely mechanical processes.",0%,0%,100%,0%,0%
Using focus group methodology for ergonomic design,Caplan S.,1990,10.1080/00140139008927160,"Focus groups are a common tool used in marketing research to determine customers' attitudes about products or services. With careful attention to the basic structure and using selected quantitative enhancements, focus groups can also be used by ergonomists for developing solutions to product and workplace problems. By involving users and supplementing their verbal reactions with 'hard data', focus group results can be understandable to marketeers, engineers, and management. Thus, the methodology gives practitioners an effective means for approaching ergonomic problems and gaining acceptance of their recommendations. This paper describes considerations for selecting participants, requirements of the moderator, and suggestions for designing the focus group session. They are basic focus group elements. Also described are three alternative methods for enhancing the basic procedure—combining it with prior performance testing, using it as a basis for a subsequent decision-making analysis, and incorporating a tradeoff analysis during the session. The author's experience in applying these methods is given in three case studies. © 1990 Taylor & Francis Group, LLC.",Design; Ergonomics; Focus group; Methodology; Product; Workplace,,scopus-recommendation,81,Feeling AI,"['focus groups', 'customer attitudes', 'user involvement', 'verbal reactions', 'ergonomic problems', 'acceptance', 'participant selection', 'moderator requirements']","The abstract discusses the use of focus groups to understand customer attitudes and incorporate user feedback into product and workplace design, which aligns closely with the focus on customer understanding and emotional needs characteristic of Feeling AI. The methodology emphasizes understanding user reactions and developing solutions that resonate with customers' needs, indicating a strong emotional component in the analysis. Additionally, the focus on participant selection and the moderator's role suggests an emphasis on relational dynamics in the marketing process.",80%,10%,10%,0%,0%
Locating MRIs through marginal analysis,Colburn C.B.; LaTour M.S.; Johnson K.A.,1992,,The location decision for a magnetic resonance imaging (MRI) services facility is evaluated through marginal analysis. Both population-based and referral-based data are applied. The results provide input for a series of practical recommendations for MRI service providers.,,,scopus-recommendation,0,Out of Scope,"['magnetic resonance imaging', 'location decision', 'marginal analysis', 'population-based data', 'referral-based data']","The abstract discusses the evaluation of the location decision for an MRI services facility, which is related to healthcare rather than marketing. The focus is on data analysis specific to healthcare services rather than any marketing applications of AI. Therefore, it does not fit into the defined categories of Mechanical AI, Thinking AI, or Feeling AI.",0%,0%,0%,100%,0%
External and internal accountability of financial services suppliers: Current paradoxes in managing expectations and experience,O'loughlin D.; Szmigin I.,2005,10.1080/09652540500083008,"Reflecting recent European and International trends, the Irish financial services sector has witnessed phenomenal technological and competitive developments, affecting consumer decision–making and behaviour and forcing financial suppliers to re–assess their approach to setting customer expectations and assessing the consumer experience. This study, using a purposive sample of financial services managers and experts, shows suppliers increasingly struggling to practice external accountability to their customers and internal accountability to their employees. In terms of external accountability, suppliers identified numerous brand–related issues and challenges, including the increasing lack of brand differentiation and the difficulties in creating meaningful brand images, which are posing significant difficulties in creating positive and appealing customer expectations. In relation to internal accountability, suppliers highlighted the challenges associated with empowering their employees to provide a personal and superior service and meeting the evolving requirements of an increasingly diverse customer base. Recommendations are made in relation to the incorporation of consumer research, internal marketing and technology in order to provide a banking experience which facilitates supplier commitment and accountability to both customers and employees. © 2005 Taylor & Francis Group, LLC.",Expectations vs. experience; Financial supplier accountability; Irish banking sector,,scopus-recommendation,19,Out of Scope,"['financial services', 'consumer decision-making', 'customer expectations', 'internal accountability', 'brand differentiation', 'customer experience']","The abstract discusses the challenges faced by the Irish financial services sector in terms of consumer behavior and internal accountability. While it touches on customer understanding and expectations, the focus is primarily on the operational and strategic aspects of financial services rather than marketing applications related to AI. Therefore, it does not fit into the categories related to AI in marketing.",0%,0%,0%,100%,0%
Decision support for real-time telemarketing operations through Bayesian network learning,Ahn J.-H.; Ezawa K.J.,1997,10.1016/S0167-9236(97)00009-2,"Many knowledge discovery systems have been developed in diverse areas, but few systems address the use of knowledge in decision problems explicitly. This paper presents a decision support system for real-time telemarketing operations using the information extracted from the Bayesian network learning model. A prototype decision support system was developed for AT&T customer-contact employees to provide a recommendation regarding the promotion of a telephone discount plan. The system integrated a Bayesian network learning model (knowledge discovery process) and decision-making technique (influence diagram) to provide real-time decision support. A Bayesian network learning model was used to predict a probability of the customer's response from the previous promotion/response history. The influence diagram framework was used to integrate the predicted probability with the cost and benefit related to the possible actions. It was demonstrated that decision support by the Bayesian network learning model itself can be misleading. However, by linking the Bayesian network learning model with rigorous decision-making techniques such as influence diagrams, the decision support system developed in this paper was shown to provide an intelligent decision advice. © 1997 Elsevier Science B.V.",Bayesian network learning; Decision support system; Influence diagrams; Service operations management; Telecommunication applications,Elsevier,scopus-recommendation,18,Thinking AI,"['decision support system', 'Bayesian network', 'decision-making technique', 'influence diagram', 'customer response prediction']","The abstract discusses a decision support system that integrates a Bayesian network learning model with decision-making techniques to provide real-time recommendations for telemarketing operations. This aligns closely with the 'Thinking AI' category, which focuses on strategic analysis and targeting customers based on predictive modeling and decision-making frameworks. The system aims to enhance market analysis by predicting customer responses and integrating costs and benefits into decision-making, which is a hallmark of thinking AI.",0%,0%,100%,0%,0%
An exploration of rule configuration effects on the ethical decision processes of advertising professionals,LaFleur E.K.; Reidenbach R.E.; Robin D.P.; Forrest P.,1996,10.1007/BF02893938,"This study explores the ethical perceptions of advertising professionals regarding two child-oriented television advertising issues: deceptive messages and host selling. Differences in ethical evaluative and decision processes are investigated for both issues, using two evaluative rules. The results indicate that variations in advertisers' ethical judgments and ethical intentions are affected by the type of rule(s) used during the evaluative process, and by the degree to which the rules are embraced. The article concludes with recommendations for advertising management and implications for future research. Copyright © 1996 by Academy of Marketing Science.",,SAGE Publications Inc.,scopus-recommendation,18,Feeling AI,"['ethical perceptions', 'advertising professionals', 'deceptive messages', 'host selling', 'ethical judgments', 'ethical intentions']","The abstract discusses the ethical perceptions of advertising professionals, focusing on their judgments and intentions regarding child-oriented advertising practices. This indicates an understanding of customer needs and values, particularly in the context of ethical considerations in advertising. The emphasis on ethical evaluations aligns with the Feeling AI category, which prioritizes customer understanding and emotional engagement.",70%,10%,20%,0%,0%
Wives' involvement in tourism decision processes,Zalatan A.,1998,10.1016/S0160-7383(98)00038-3,"This study segments tourism decision-making tasks into 17 categories. Wives were asked to assign a score of their level of involvement in each task. A marginal involvement in tasks related to the 'financing aspects' of the trip was observed whereas involvement was high in tasks such as 'shopping', 'selecting restaurants', 'collecting information', and 'preparing luggage',. Two hypotheses were tested: the socioeconomic characteristics of wives and trip levels of task involvement are consistent for the 17 tasks (stability in taks involvement). Marketing implications and recommendations for future research were also discussed.",,,scopus-recommendation,104,Mechanical AI,"['tourism decision-making', 'involvement', 'task segmentation', 'socioeconomic characteristics', 'marketing implications']","The abstract discusses the segmentation of tourism decision-making tasks and the involvement of individuals in those tasks, which aligns with the focus on data collection and segmentation found in Mechanical AI. It also emphasizes the analysis of involvement in various tasks, indicating a systematic approach to understanding customer behavior patterns.",10%,70%,20%,0%,0%
How community drug sales schemes may succeed,Foster S.; Drager N.,1988,,"Almost all of the problems that communities encounter when setting up drug sales schemes can be anticipated by giving careful attention to political, social, economic, managerial and financial factors.; Almost all of the problems that communities encounter when setting up drug sales schemes can be anticipated by giving careful attention to political, social, economic, managerial and financial factors. Problems are often attributable to the inability of governments to provide drugs and to the private sector's unwillingness to sell or distribute them where purchasing power is low. The 1st step is to define the problems of drug supply and their causes. Objectives then become clear. The community has to decide what type of payment it will institute. If prices are set above the people's ability to pay, the scheme will not succeed; if they are set too low, costs will not be fully recovered. Once the type of fee has been chosen, a number of other decisions have to be taken, including selecting drugs and estimating needs, obtaining start-up money, finding a reliable source of drugs, cost-efficient transportation, establishing a community drug depot, and establishing price-setting. The introduction of community-based drug sales schemes may result in gains or losses for various interests, which should be identified at the outset. If the staff share in the risks of the scheme, they will have an incentive to work for its survival.",,,scopus-recommendation,3,Out of Scope,[],"The abstract discusses issues related to drug sales schemes, including political, social, and economic factors affecting drug supply and pricing. These aspects do not relate to marketing or customer engagement, which are the focus of the AI applications mentioned. Therefore, the content is classified as 'Out of Scope' as it pertains more to public health and community management rather than marketing.",0%,0%,0%,100%,0%
A logit analysis of electronic banking in New Zealand,Gan C.; Clemes M.; Limsombunchai V.; Weng A.,2006,10.1108/02652320610701717,"Purpose – In this paper the competitive landscape of financial institutions is shifting and internet banking is no longer a competitive advantage but a competitive necessity for banks. However, a limited number of empirical studies have been published in the marketing literature about electronic banking. This paper seeks to examine consumers' choices between electronic banking and non-electronic banking in New Zealand. Design/methodology/approach – The paper shows that the data for this analysis were obtained through a mail survey sent to 1,960 households in New Zealand. The decision to use electronic banking is hypothesised to be a function of service quality dimensions, perceived risk factors, user input factors, price factors, service product characteristics, individual factors and demographic variables such as age, gender, marital status, income, etc. Logistic regression is used to analyse the data. The discrete dependent variable measures whether an individual is an electronic banking or non-electronic banking user. Findings – The findings in the paper show that the output from the logistic regression indicates that the service quality, perceived risk factors, user input factors, employment, and education are the dominant variables that influence consumers' choice of electronic banking and non-electronic banking channels. Practical implications – This paper provides an improved understanding of consumers' choice between electronic and non-electronic banking. This paper also identifies new relationships, and provides findings that further support, confirm, or contradict previous studies. In addition, it provides insights into the links between electronic banking and consumer decision making, to help provide strategies, recommendations and guidelines for the banking industry. Originality/value – The paper shows how banks are developing, and utilizing new alternative distribution channels to reach their customers. © 2006, Emerald Group Publishing Limited",Customer services quality; New Zealand; Risk management,,scopus-recommendation,102,Thinking AI,"['consumer choice', 'service quality', 'perceived risk', 'market analysis', 'decision making']","The abstract discusses the examination of consumers' choices between electronic and non-electronic banking, emphasizing the analysis of various factors influencing these choices. This aligns closely with the focus on market analysis and targeting in Thinking AI, as it seeks to understand competitive advantages and consumer decision-making processes. The use of logistic regression to analyze factors such as service quality and perceived risks further supports this classification.",0%,0%,100%,0%,0%
International marketing strategy in the electronics industry: A follow–up investigation of UK SMEs 18 months after the export withdrawal decision,Crick D.; Chaudhry S.,2006,10.1080/09652540600856469,"This paper reports on a follow–up study to an investigation concerning reasons why a sample of high–tech oriented UK smaller–sized firms discontinued export activities. It provides a longitudinal, qualitative perspective that contributes to knowledge at the international strategic marketing/entrepreneurship interface by reporting on their business activities 18 months after the initial study was undertaken. The investigation provides recommendations for policy makers in the provision of trade assistance programmes to high–tech firms of this type that are finding it difficult to compete in overseas markets. © 2006 Taylor & Francis Group, LLC.",Export; Internationalisation; Public policy; Smes,,scopus-recommendation,11,Thinking AI,"['export activities', 'high-tech firms', 'international strategic marketing', 'competitiveness', 'policy makers', 'trade assistance']","The abstract discusses a study focused on understanding why high-tech firms discontinued export activities and provides insights into their business activities in an international context. This aligns well with the 'Thinking AI' category, particularly in relation to market analysis and targeting, as it involves strategic marketing insights and recommendations for competing in overseas markets.",0%,0%,100%,0%,0%
Polish Government policy for coal (1989-2006),Zientara P.,2007,10.1108/17506220710821143,"Purpose: The purpose of this paper is to discuss and assess the consecutive Governments' policy for coal (1989-2006) in the context of the systemic transformation of the Polish economy. Design/methodology/approach - The paper presents a critical analysis of the rationale and effectiveness of government efforts to restructure the Polish coal mining industry in the light of economic theory, published literature, and a survey of three collieries. Some parallels, toutes proportions gardées, are drawn between the situation in the UK under Margaret Thatcher and that in Poland. Findings: The paper arguesthat, despite throwing billions of zlotys at the industry in the form of direct subsidies and debt write-offs, decision makers failed to make the collieries economically sound. The weaknesses of the consecutive governments - manifesting itself, amongst other things, in the unwillingness and/or inability to confront the miners' unions, to introduce market mechanisms into the sector, to ensure competent management and, crucially, to press on with nationwide economic liberalisation - are seen as the principal reasons behind the failure. Practical implications: The paper highlights the root causes of government ineffectiveness as well as aspires to provide policy recommendations with a view to rendering the Polish coal industry economically viable in a free-market reality. Originality/value - It presents the coal mining industry as a relic of socialism and highlights the inconsistencies and inadequacies of the consecutive restructuring programmes; concludes that restructuring efforts - to be truly effective - have to be co-ordinated with nationwide economic liberalisation.",Coal; Government policy; Poland,,scopus-recommendation,12,Out of Scope,[],"The abstract discusses the historical policy and restructuring efforts of the Polish coal mining industry, focusing on government actions and economic theories rather than any marketing-related applications of AI. The content is primarily concerned with economic policy and industry analysis, which does not fall under the categories of Mechanical AI, Thinking AI, or Feeling AI as defined. Therefore, it is classified as 'Out of Scope'.",0%,0%,0%,100%,0%
Land use and management in PR China. Problems and strategies,Yunlong C.,1990,10.1016/0264-8377(90)90023-R,"The pressure of the Chinese population on the land is increasingly severe and serious issues confront land management. In future, China's development strategy must involve low resources expenditure in production and appropriate goods consumption. Land conservation and environmental protection must be the basic strategies of land use. Efficiency of land use should be increased and traditional agriculture must be transformed. Policy should be determined according to different regional conditions. Some approaches to Implementing these strategies are suggested. These are: control of population and expenditure; expansion and conservation of forest vegetation; increase In agricultural investment; reformation of land tenure; adjustment of land product prices; development of Industries, science and education; continuous reform of economic and political systems; and strengthening land administration. © 1990.",,,scopus-recommendation,20,Out of Scope,[],"The abstract discusses land management, environmental protection, and agricultural strategies in the context of China's development, which does not relate to marketing applications. The topics presented focus on resource management and policy suggestions rather than any marketing-oriented strategies or AI applications.",0%,0%,0%,100%,0%
Corporate ethics: An exploration of contemporary Greece,Kavali S.; Tzokas N.; Saren M.,2001,10.1023/A:1006215311621,"This study aims to discover marketing professionals' perceptions on ethical problems and current level of ethics in Greece, as well as, on the policy instruments used by companies to help employees make decisions in a more ethical fashion, using a qualitative research design. Specifically, it reports the results of a series of in-depth interviews conducted with Greek marketing professional employed by multinationals in Greece. A number of topics examining ethical problems, ethical standards, corporate policy instruments and corporate culture served as a basis for discussion. While the occasionally contrasting opinions revealed in part the perplexity of marketing ethics, respondents also arrived at points of convergence. All recognized government as playing the most prominent role in issues of public concern, legislation and overall ethical standards. Moreover, all marketers identified multinational and other foreign firms as a positive influence to the level of ethics, due to the introduction of policy instruments and control mechanisms. Finally, they also accepted the need for better informed customers and a strong organizational culture. Several recommendations are offered for consideration by marketing professionals interested in promoting ethical business conduct.",Codes of ethics; Corporate policy instruments; Ethical problems; Ethical standards; Greece; Marketing; Qualitative,,scopus-recommendation,23,Not Identified,"['ethical problems', 'ethics', 'corporate policy instruments', 'corporate culture', 'government role', 'multinational firms', 'ethical business conduct']","The abstract primarily discusses the perceptions of marketing professionals regarding ethics in their field, focusing on ethical standards, the influence of multinationals, and the role of government. It does not clearly align with the categories of Mechanical AI, Thinking AI, or Feeling AI, as it does not emphasize data collection, market analysis, customer understanding, or emotional engagement in a manner that fits the provided examples. Instead, the content is more about ethical considerations and recommendations rather than an application of AI in marketing.",0%,0%,0%,0%,100%
The decision process for retirement center development: Is market research being used effectively?,Gillpatrick T.; Grubb E.,1991,10.1300/J273v04n02_14,"This paper examines the role of market research in the decision process used to invest in continuing care retirement centers (CCRCs). Given changing demographics and the availability of financing, there has been a rapid increase in the number of CCRCs that are being developed. However, a large number of these centers have either failed or are experiencing financial difficulty. Some industry participants have blamed poor or inadequate market research as a factor contributing to the failure of many centers to meet expectations. This paper discusses how the process used to invest in centers and how the motivations of the different actors in the investment decision can influence the role and use of market research. Recommendations are suggested for how industry investors can better understand and use market research in the decision to invest in a retirement center. © 1990 Taylor & Francis Group, LLC.",,,scopus-recommendation,0,Thinking AI,"['market research', 'investment decision', 'financial difficulty', 'demographics', 'motivations', 'recommendations']","The abstract focuses on the role of market research in the investment decision process for continuing care retirement centers (CCRCs). It discusses how various actors' motivations can influence the use of market research, which aligns with the analysis and strategic decision-making aspects of Thinking AI. The emphasis on understanding market dynamics and making informed investment decisions suggests a strong connection to market analysis and targeting.",0%,0%,80%,0%,20%
APPLICATION OF A PRODUCT MIX LINEAR PROGRAMMING MODEL IN CORPORATE POLICY MAKING.,Byrd Jack Jr; Moore L.Ted,1978,10.1287/mnsc.24.13.1342,"Report of an application of linear programming to corporate policy making. The model used in the study was designed to analyze the company's marketing and production policies. The model structure is unique, incorporating features of product mix, sequencing and blending models. The model's structure is described as well as typical results it produced. The recommendations for corporate actions arising from the model are also explained. Recommendations were made to alter the existing corporate policies on brand proliferation and limited inventory levels. The product line has been reduced as a result of the study, and a policy decision to expand the inventory has been made. The process of implementation is sketched to provide a feeling for the difficulties involved in corporate policy making.",,,scopus-recommendation,10,Thinking AI,"['linear programming', 'marketing policies', 'production policies', 'recommendations', 'corporate actions']","The abstract describes a study that utilizes linear programming to analyze and recommend changes to a company's marketing and production policies. This indicates a focus on market analysis and strategic recommendations for corporate actions, aligning with the definitions under Thinking AI. The model's ability to produce recommendations for brand proliferation and inventory levels shows a strategic analysis of market dynamics and corporate policy.",0%,0%,100%,0%,0%
More effective sales force reporting,Wotruba T.R.; Mangone R.,1979,10.1016/0019-8501(79)90007-5,"As the need for marketing intelligence by sales and marketing managers grows more essential, field sales personnel are increasingly being asked to gather and report information. Many executives realize the potential value of using salespersons to supply information useful to management decision making. The sales force is familiar with their territories, their customers' needs and sources of information inside customer organizations, their competitors' marketing activities, and trends in product acceptance. The incremental costs and effort required are low compared to other research methods, since information can be submitted within the context of a regular call report system [2, 6, 8]. But salespersons have been found to be inadequate and uncooperative reporters in many instances. Numerous field salespersons believe that reporting infringes on their primary responsibility of selling, and furthermore that management apparently doesn't make use of the resulting information anyway. Thus, while salespersons have access to a wealth of marketing information of potentially great value to the firm, they are often inadequate, unreliable, and unmotivated reporters [4, 5]. This article reports the results of a study designed to investigate what management practices contribute to, or detract from, effective reporting of marketing information by salespersons. Current practices in reporting are noted and some recommendations are made to help management improve sales force reporting. © 1979.",,,scopus-recommendation,18,Thinking AI,"['marketing intelligence', 'sales force', 'information reporting', 'management decision making', 'customer needs', ""competitors' marketing activities"", 'trends', 'reporting practices', 'management improvement']","The abstract discusses the role of sales personnel in gathering and reporting marketing information, emphasizing the importance of this information for management decision-making. This aligns with the focus on market analysis and targeting within the Thinking AI category, as it illustrates how salespersons can contribute valuable insights that aid in strategic decisions. Additionally, the article analyzes current reporting practices and recommends management strategies to enhance this process, further supporting its classification under Thinking AI.",0%,0%,100%,0%,0%
Entry mode selection and its impact on the competition between organic and conventional agricultural products,Pu X.; Xu Z.; Huang R.,2020,10.1016/j.jclepro.2020.122716,"As the global organic food market continues to grow, so too will the challenges associated with managing organic food supply chains. We consider an entry mode selection problem facing an organic farmer. Specifically, an incumbent conventional farmer is selling its product through an independent retailer on the market. An organic farmer aiming to enter the market faces the problem of selecting between the conventional farmer's retailer and an organic-only retailer. Consumers are heterogeneous in their purchasing valuation of the conventional agricultural product and its organic alternative. Horizontal competition between the two competing farmers is considered under different scenarios. Multiple-stage games are analyzed to study the impact of different cases on the pricing decision and profit of each player. The results show that when the organic agricultural product enters the market through the incumbent conventional retailer, two types of products are sold through a common retailer, the competition between the two farmers will be intensified, and the profit at the retail end will increase. It is always better for the organic farmer to sell an organic agricultural product through an independent organic-only retailer than to sell it through the incumbent conventional retailer. The paper makes two contributions. First, we derive the explicit equilibrium under chain-to-chain competition with piecewise linear demand functions. Second, we link the analytical marketing literature on channel structures with the supply chain literature on chain-to-chain competition and apply them to the food supply chain. © 2020 Elsevier Ltd",Chain-to-chain competition; Entry; Food supply chain; Mode selection,Elsevier Ltd,scopus-robot,15,Thinking AI,"['organic food market', 'entry mode selection', 'pricing decision', 'profit', 'competition', 'retail', 'market analysis']","The abstract discusses strategic decisions related to market entry and competition between farmers in the organic food supply chain. It involves analyzing different market scenarios and consumer behavior, which aligns with the focus on market analysis and targeting within Thinking AI. The results highlight competitive dynamics and pricing strategies, and the paper connects marketing literature with supply chain competition, reinforcing its relevance to strategic analysis in marketing.",0%,0%,100%,0%,0%
Operational and financial decisions within proportional investment cooperatives,Qian X.; Olsen T.L.,2020,10.1287/msom.2018.0762,"Problem definition: We explore the coordination of operational and financial decisions of proportional investment agricultural marketing cooperatives, where members' (farmers') equity is required to be in proportion to their patronage (i.e., produce supplied). Academic/practical relevance: In a cooperative (co-op), operational and financial decisions are inseparable because the co-op's investment capital is linked to its economic transactions with members. We include unique features of co-ops into an analytical model and derive some key results that are different from those for investor-owned corporations. Methodology: In the presence of yield and market uncertainty, we model this situation using a Markov decision process wherein the decisions of processing quantity interact with the financial decisions of retained earnings and short-term loans. The objective is to maximize the expected present value of the aggregated farmers' payments over a finite horizon. Results: (1) Characterization of the properties of the value function and the optimal policy; (2) explicit expressions for the deterministic yield dynamic program, wherein a myopic policy is optimal; and (3) identification of financial risks associated with uncertain market and yield. Managerial implications: The results provide insight into a coop's decision making, cash position, and risk management. © 2019 INFORMS",Cooperative; Coordination; Finance and operations; Proportional investment; Risk,INFORMS Inst.for Operations Res.and the Management Sciences,scopus-robot,16,Out of Scope,"['cooperative', 'operational decisions', 'financial decisions', 'investment', 'market uncertainty', 'risk management']","The abstract discusses the coordination of operational and financial decisions in agricultural marketing cooperatives, focusing on investment capital linked to economic transactions. The methodology involves modeling with Markov decision processes, which is more aligned with operational and financial analysis rather than marketing strategies or consumer behavior. This indicates that the content does not fit within the defined categories of AI applications related to marketing.",0%,0%,0%,100%,0%
A critical analysis of e-learning agricultural technical capacity for rural development: lessons from Pakistan,Butt T.M.; Shahbaz B.; Hassan M.Z.Y.; Khan M.,2022,10.1007/s10708-020-10259-4,"Undoubtedly, high demands from food from the world-wide growing population are impacting the environment and putting many pressures on agricultural productivity. As advanced information systems and Internet technologies are adopted in Agriculture, enormous farming data, such as agricultural information, capacity buildings, training, marketing demands, and land uses, can be collected, analyzed, and processed for assisting farmers in making appropriate decisions and obtaining higher profits. e-Learning technologies have clearly emerged as development poles for rural development and food security through growths for access to knowledge and exchange through advance agricultural communication tools. A multistage random sampling technique was used by 300 selected e-Learning users from rural areas with a simple linear regression model via SPSS. A comprehensive analysis is conducted from the aspects of interoperability, scalability, accessibility, usability, etc. Based on the evaluation result, upcoming challenges are detected and summarized, suggesting the development trends and demonstrating potential improvements for future research. One of the main obstacles that farmers were not aware and training of technical information flows in rural development. Therefore, ICTs services and applications have been highly significant for agricultural technical capacity in rural development. Government should establish technology facilitating condition via information hub center to boost up and sustainable rural development. © 2020, Springer Nature B.V.",E-agricultural technology; Hub center; Information; Pakistan; Rural farmers; Technological facilitating condition,Springer Science and Business Media Deutschland GmbH,scopus-robot,0,Out of Scope,"['agriculture', 'e-Learning', 'ICTs', 'rural development', 'technical capacity']","The abstract discusses the impact of information technology and e-learning on agriculture and rural development. Although it touches on aspects of data collection and analysis, it does not align with marketing-specific applications or customer engagement strategies. Instead, it focuses on agricultural productivity and technical training, which are not relevant to marketing.",0%,20%,0%,80%,0%
Understanding the adoption dynamics of medical innovations: Affordances of the da Vinci robot in the Netherlands,Abrishami P.; Boer A.; Horstman K.,2014,10.1016/j.socscimed.2014.07.046,"This study explored the rather rapid adoption of a new surgical device - the da Vinci robot - in the Netherlands despite the high costs and its controversial clinical benefits. We used the concept 'affordances' as a conceptual-analytic tool to refer to the perceived promises, symbolic meanings, and utility values of an innovation constructed in the wider social context of use. This concept helps us empirically understand robot adoption. Data from 28 in-depth interviews with diverse purposively-sampled stakeholders, and from medical literature, policy documents, Health Technology Assessment reports, congress websites and patients' weblogs/forums between April 2009 and February 2014 were systematically analysed from the perspective of affordances. We distinguished five interrelated affordances of the robot that accounted for shaping and fulfilling its rapid adoption: 'characteristics-related' affordances such as smart nomenclature and novelty, symbolising high-tech clinical excellence; 'research-related' affordances offering medical-technical scientific excellence; 'entrepreneurship-related' affordances for performing better-than-the-competition; 'policy-related' affordances indicating the robot's liberalised provision and its reduced financial risks; and 'communication-related' affordances of the robot in shaping patients' choices and the public's expectations by resonating promising discourses while pushing uncertainties into the background. These affordances make the take-up and use of the da Vinci robot sound perfectly rational and inevitable. This Dutch case study demonstrates the fruitfulness of the affordances approach to empirically capturing the contextual dynamics of technology adoption in health care: exploring in-depth actors' interaction with the technology while considering the interpretative spaces created in situations of use. This approach can best elicit real-life value of innovations, values as defined through the eyes of (potential) users. © 2014 Elsevier Ltd.","Affordance; Da Vinci robot; Decision-making; Qualitative ethnographic evaluation; Science, technology and society studies; Surgical device; Technology adoption; The Netherlands",Elsevier Ltd,scopus-robot,43,Out of Scope,"['surgical device', 'da Vinci robot', 'health care', 'technology adoption', 'affordances', 'medical literature']","The abstract discusses the adoption of a surgical device within the healthcare sector, focusing on the perceived benefits and symbolic meanings of the technology. It does not relate to marketing applications of AI or customer understanding, analysis, or emotional engagement. Instead, it centers on healthcare technology adoption and its implications, which falls outside the specified marketing categories.",0%,0%,0%,100%,0%
"Dealing with climate change and other stressors: small-scale coffee farmers in the Fero-two Peasant Association in the Wensho district, southern Ethiopia",Abebe G.,2021,10.1007/s10708-020-10210-7,"Drawing on evidence from in-depth interviews and a household survey, the paper provides evidence on the farmers’ challenges in production, marketing and prices as well as how farmers perceive and deal with climate change impacts on coffee production in the Fero-two Peasant Association (PA) of the Wensho district of the Sidama region in southern Ethiopia. This includes prolonged dry season, erratic and insufficient rainfall, too early and too late rains and temperature rise. Unexpected heavy rains and snow events as well as weather change-driven pests and diseases negatively affect not only the volume of coffee production and quality but also the prices. The effects of climate change risks add pressure on the existing challenges such as land shortage and fragmentation, declining soil fertility and weeds. Lack of participation in decision-making and corruption are additional challenges for the coffee growers. Although the farmers rely on multiple production-related adaptation responses, most of the deployed strategies to the changing environment are less effective and short-term. The paper concluded that policy interventions should better comprehend the local vulnerability to build resilience and to undertake sustainable agricultural practices for improving the farmers’ adaptive capacity to deal with the effects of climate change. © 2020, Springer Nature B.V.",Adaptation strategies; Climate change impacts; Coffee production challenges; Fero-two PA; Southern Ethiopia; Sustainable agricultural practices; Wensho district,Springer Science and Business Media Deutschland GmbH,scopus-robot,5,Out of Scope,[],"The abstract focuses on the challenges faced by coffee farmers in Ethiopia related to climate change, production, and marketing issues. It does not directly relate to the application of AI in marketing, such as data collection, market analysis, customer understanding, or emotional engagement. Instead, it discusses agricultural practices and the impacts of environmental changes, which are outside the scope of marketing AI applications.",0%,0%,0%,100%,0%
Evaluation of the factors affecting water-saving attitudes of urban life on the verge of the next century: A case study of the mediterranean region of Turkey,Akpinar M.G.; Gul M.; Ceylan R.F.; Gulcan S.,2018,10.2166/washdev.2018.163,"The World Food and Agriculture Organization claims the percentage of the overall world population that will suffer from water scarcity and water stress by 2025 is estimated as 34% and 15%, respectively. Accordingly, it can be estimated that 40% of the 9.4 billion estimated world population will face water shortages by 2050. In this case, the ownership and efficient use of water stand out as common concerns for all communities in the world for today and for the future. In this research, the attitudes of consumers towards water saving were identified and factors that affect these attitudes were analysed within a sample from the Mediterranean region of Turkey. The survey was conducted through a face-to-face survey with 965 households in three Turkish provinces in 2009. SPSS statistical package was used for factor analysis to determine the affecting factors. Variables affecting water-saving decisions were reduced to seven factors via 0.792 KMO value. These seven factors explained 62.18% of the total variation in water-saving consciousness of the target group. Accordingly, it was understood that marketing policies should focus on water crisis awareness, environmental awareness, anxiety about water shortage, residential area characteristics, water pricing, the current awareness level and social willingness on reduction of water use to cope with possible problems. © IWA Publishing 2018.",Consumer attitudes; Factor analysis; Turkey; Water saving; Water usage,IWA Publishing,scopus-robot,4,Thinking AI,"['water scarcity', 'consumer attitudes', 'environmental awareness', 'market policies', 'water-saving decisions']","The abstract discusses consumer attitudes toward water saving and identifies factors influencing these attitudes, which aligns with market analysis and targeting aspects of Thinking AI. The focus on marketing policies to address water crisis awareness and environmental concerns indicates a strategic analysis of consumer behavior in the context of a pressing global issue. This aligns with the application examples of using marketing analytics to identify competitive advantages and recommending target strategies.",10%,0%,90%,0%,0%
Exploring the criteria for a green and smart hotel: insights from hotel managers' perspectives,Akel G.; Noyan E.,2024,10.1108/JHTI-08-2023-0555,"Purpose: This study aimed to explore the adaptations and perspectives of hotel managers regarding green and smart hotel technologies within the context of sustainability. Design/methodology/approach: A comprehensive literature review guided the formulation of this study, followed by face-to-face, semi-structured interviews with hotel managers. A total of 17 prepared questions were finalized after examination by two expert academicians. The responses were analyzed using qualitative research methodology and the results were weighted using the step-wise weight assessment ratio analysis (SWARA) method. Findings: Interviews with sustainability and operational managers yielded insights into environmentally friendly practices and strategies such as reducing energy and water consumption, waste and chemical reduction, supporting local entrepreneurs and adopting smart technologies. These factors are crucial in eco-friendly hotels. According to the SWARA analysis, 'reducing energy consumption' is the most effective criterion. Research limitations/implications: This study offers insights into green and smart hotel management by focusing on the perspectives of hotel managers with a small sample. In future studies, research with larger samples on customer perspectives and the effect of hotel selection is recommended. Practical implications: This study offers insights to hotel managers on energy conservation and customer satisfaction enhancement through green and technological applications. These technological applications can improve hotel service quality and provide personalized experiences, fostering customer loyalty. Originality/value: This pioneering study focuses on the intersection of green and smart practices in hospitality. By intertwining the often separately discussed concepts of “green” and “smart,” this study presents a novel approach to the sustainability practices in the hospitality industry, holding a key position, especially in Turkey. Implementing these concepts can yield environmental and economic benefits, offering invaluable insights to hotel managers and policymakers into integrating smart technologies with sustainability. © 2024, Emerald Publishing Limited.",Green hotel; Multi-criteria decision-making methods; Qualitative research; Smart hotel; Sustainable marketing,Emerald Publishing,scopus-smart technologies,13,Thinking AI,"['sustainability', 'green hotel technologies', 'energy conservation', 'customer satisfaction', 'smart technologies', 'eco-friendly practices', 'hotel management']","The abstract discusses the perspectives of hotel managers on green and smart hotel technologies, focusing on sustainability and operational strategies. It emphasizes energy conservation and customer satisfaction enhancement through technological applications, which aligns with market analysis and targeting strategies in marketing. The insights provided are aimed at improving service quality and fostering customer loyalty, indicative of personalized targeting and market analysis associated with Thinking AI.",10%,20%,70%,0%,0%
An empirical study examining the relationship between mobile apps’ permissions and ranking; [移动应用权限设计对其市场表现的影响],Lu C.; Xinhui L.; Lele K.,2024,10.13587/j.cnki.jieem.2024.03.003,"With the development of smart technology, mobile applications have become more universal and important in our daily life. Meanwhile, online privacy protection has attracted rich attention in both academia and practice. Mobile software functions require the authorization of user information. The misuse of private data poses a great threat to users’ privacy safety. It is a difficult task for developers to mitigate users′ concerns and sensitivity to various private data and improve their application performance based on access to the application permission. Based on the “ minimum authority principle,” this paper explores the impact of permission sensitivity and rationality on software performance. The sample data includes 33,772 records of 5,304 software applications in the Xiaomi app store from January 2018 to December 2019. Firstly, according to whether sensitive information of users is involved, permissions are divided into dangerous and normal groups. Based on the permission lists, “0-1” vectors of various permissions are generated. Secondly, four different permission factors are calculated by the spatial distance algorithm to quantify rationality and sensitivity. Finally, this paper empirically explores the impact of permission factors on application ranking based on the panel data fixed effect regression model, which takes application ranking as the decision result of privacy response behavior. Based on the privacy concern theory, this paper links permission invocation with application performance, proving the negative impact of improper permission mechanisms on application performance. The first section introduces the generation method for the four permission factors. The sensitivity indicator refers to whether the permission requires access to users’ private information or illegally shares or sends personal information to others. According to the classification system of the Android Developer Platform, we can quickly get the dummy variables for permission sensitivity. The reasonability indicator refers to whether the type and number of permissions requested by applications match their functional complexity and category average level. The average permission vector for every category is defined as an estimation of “ the least privilege” that best matches the application function. Then, we use the distance from the “ least privilege vector” to denote the irrationality degree. We can obtain four different permission factors by intersecting these two indicators. Mobile applications with too few normal permissions may have functional defects, while those with too many dangerous permissions may cause users′ privacy concerns. The rationality and sensitivity of permissions jointly affect users′ download decisions and application performance. The second part illustrates the influence mechanism of the four permission factors on application ranking. Dangerous and normal permissions have different impacts on mobile application rankings. Considering the particularity of ranking data, this study uses a rologit regression model combined with lag processing and fixed effect to eliminate the impact of other confounding variables. The results show that permission abuse will lower the ranking of applications in this category. The higher the abuse degree, the lower the ranking. With the same degree of rationality, highly sensitive permissions will increase users′ concerns about privacy and security risks. The impact of insufficient permission application cannot be generalized. Insufficient dangerous permission has a positive impact on ranking; however, insufficient normal permission has no significant impact on app ranking. In the third part, the additional model discusses the regulatory effect of apps’ functional descriptions on the influence mechanism. Software with rich functions usually needs to request more permissions. Users enjoy a high sense of self-anonymity in applications with simplified functions, which will reduce their privacy risk concerns. The consequences of security vulnerabilities will be more severe for complex software. Small changes in permissions may drastically affect the user′s privacy risk estimation and the app ranking. In this case, labelling dangerous permissions lower than the average level and normal permissions higher than the average level both have a significant impact on the application ranking. In general, application permission data is closely related to its market performance. While designing software, developers should fully consider the user′s privacy perception level and reduce the use of dangerous permission as much as possible. Without affecting the core functions of the application, a reasonable balance between normal permissions and dangerous permissions can effectively improve the application ranking and marketing performance. Analyzing the performance impact factors and permission evolution process is of great significance to improve app scores and word of mouth. © (2023), (Zhejiang University). All Rights Reserved.",Fixed effect; Information privacy; Mobile app; Optimize permission; Rologit model,Zhejiang University,scopus-smart technologies,0,Mechanical AI,"['mobile applications', 'permission sensitivity', 'user privacy', 'application performance', 'data collection', 'permission factors']","The abstract discusses the impact of application permissions on performance, focusing on how developers can optimize their applications based on user privacy concerns and permissions granted. It emphasizes the automation of the process of managing permissions and their rational use to improve app rankings and market performance, aligning closely with the characteristics of Mechanical AI which involves data collection and automation.",10%,60%,20%,0%,10%
"Enhancing Digital Promotion of Cultural Attractions: Assessing Websites, Online Marketing Tools and Smart Technologies",Floričić T.; Šker I.; Benassi H.M.,2023,10.2478/bsrj-2023-0004,"Background: Built heritage in developed tourism destinations presents a resource of attractiveness, and its presentation through digital technology impacts the perception of culture. Objectives: The paper aims to determine opportunities for further development of digital promotion of cultural attractions by identifying the potential of websites, online marketing tools and smart technologies implemented by tourism attraction decision-makers. Methods/Approach: Qualitative and qualitative research methods were used as longitudinal research and structured interviews with decision-makers of the tourist destination. Results: Positive developments in implementing the digital promotion of cultural heritage during and after the pandemic are evident, but not fast enough considering the accelerated development of new smart technologies. At the same time, decision-makers recognise the importance of the digital promotion of cultural heritage. However, they are still unfamiliar with the possibilities of smart technology to affirm the digital promotion of cultural heritage. Conclusions: The paper points to the conclusion of how the advantages and potentials of developing a smart culture in destinations, recognised as a strategic policy of development, are implemented in the digital marketing of heritage sites.  © 2023 Tamara Floričić et al., published by Sciendo.",Heritage buildings; Online promotion; Smart destination; Technologies,Sciendo,scopus-smart technologies,2,Thinking AI,"['digital promotion', 'cultural heritage', 'smart technologies', 'market analysis', 'decision-makers']","The abstract discusses the digital promotion of cultural heritage and the recognition by decision-makers of its importance, which aligns with market analysis and strategic policy development. The focus on identifying opportunities and potentials for digital marketing in heritage sites indicates a strategic approach to understanding the competitive landscape and enhancing promotional efforts. This aligns closely with the Thinking AI category, particularly in the areas of market analysis and targeting.",10%,15%,65%,0%,10%
Note on: Supply chain inventory model for deteriorating items with maximum lifetime and partial trade credit to credit risk customers,Pramanik P.; Das S.M.; Maiti M.K.,2019,10.3934/jimo.2018096,"In the recently published paper [Gour Chandra Mahata and Sujit Kumar De, Supply chain inventory model for deteriorating items with maximum lifetime and partial trade credit to credit-risk customers, International Journal of Management Science and Engineering Management, 2017, DOI:10.1080/17509653.2015.1109482], a supplier-retailer supply chain model of a deteriorating item with maximum lifetime and partial trade credit to credit risk customers is studied. In their study, unfortunately the amount of the payable bank interest due to the deteriorated units is omitted in the retailer's profit function for making the marketing decision. Some other unrealistic studies are also found in the numerical section of the paper. In this study those non-trivial aws are identified and technically corrected. After correction, the theoretical existence of the optimal solutions of different scenarios are established and the solutions are derived using a soft computing technique. © 2019 American Institute of Mathematical Sciences.",Deterioration; EOQ model; Maximum lifetime; Partial trade credit; Supply chain,American Institute of Mathematical Sciences,scopus-soft computing,5,Out of Scope,"['supply chain', 'deteriorating items', 'trade credit', 'optimal solutions', 'soft computing']","The abstract discusses a supply chain inventory model focused on deteriorating items and their associated financial implications, which does not relate to marketing strategies or applications. It primarily centers on mathematical modeling and optimization techniques rather than direct marketing or customer engagement processes.",0%,0%,0%,100%,0%
New statistical analysis in marketing research with fuzzy data,Lin H.-C.; Wang C.-S.; Chen J.C.; Wu B.,2016,10.1016/j.jbusres.2015.12.026,"This research proposes new statistical methods for marketing research and decision making. The study employs a soft computing technique and a new statistical tool to evaluate people's thinking. Because the classical measurement system has difficulties in dealing with the non-real valued information, the study aims to find an appropriate measurement system to overcome this problem. The main idea is to decompose the data into a two-dimensional type, centroid and its length (area). The two-dimensional questionnaires this study proposes help reaching market information. © 2015 Elsevier Inc.",Decision making; Fuzzy data; Fuzzy statistics; Marketing research,Elsevier Inc.,scopus-soft computing,6,Thinking AI,"['statistical methods', 'market research', 'decision making', 'soft computing technique', 'measurement system', 'market information']","The abstract discusses the development of new statistical methods and tools intended for marketing research and decision making. It emphasizes the analytical approach to understanding consumer thought processes and improving measurement systems to gain market insights, aligning with the focus on market analysis and targeting in the Thinking AI category.",0%,0%,100%,0%,0%
Hybrid systems of soft computing technologies in designing team decision for supply chain management systems of organizations,Fedotova M.A.; Khromova S.A.; Argunovsky D.I.; Polushin P.V.,2020,,"The main objective is development of hybrid systems for adaptive designing and supply chain management / strategizing of team decision ""packages"" for design work based on the use of soft computing technologies and system-creative thinking (SCT). An algorithm is proposed, and the results of case studies on predicting the effectiveness and optimal organization of team thinking, as well as designing team solutions using the technical package of social technologies are presented. They are exemplified by developing a system of products and marketing channels (points of contact) of an employer brand (EB) of an organization for individual stakeholder groups. An algorithm has been developed for using a system of hybrid ""soft computing"" technologies and system-creative thinking in supply chain process of project teamwork; practical calculations have been carried out using this algorithm. The algorithm and systems of models for using ""soft computing"" for supply chain developed allow us to obtain a synergistic effect from controlling a system of hybrid technologies at various stages of teamwork. The package includes a ""basic"" technology comprising ""training teams"", and also the formation of a KPI system that characterize team work (units 1 and 2), ""product"" technologies comprising analysis of team organization thinking, forecasting team performance, team productivity management, as well as supply chain management of project (units 4, 5, 6), and also ""closing"" technology being a strategizing (adaptive management) of team work (dynamic control of the algorithm as a whole). © ExcelingTech Pub, UK.",Decision packages; Employer brand (EB); Employer brand products (EB products); Hybrid soft computing technologies; Supply chain management; Touch points,ExcelingTech,scopus-soft computing,1,Not Identified,[],"The abstract discusses the development of hybrid systems for adaptive designing and supply chain management, emphasizing algorithms and soft computing technologies. However, it does not clearly fit into the categories of Mechanical AI, Thinking AI, or Feeling AI as it focuses more on technical aspects of team decision-making and project management rather than direct marketing applications. The content is more about operational strategies than marketing strategies.",0%,0%,0%,0%,100%
New statistical analysis on the marketing research and efficiency evaluation with fuzzy data,Wu B.; Nguyen H.T.,2014,10.1108/MD-11-2012-0784,"Purpose - The purpose of this paper is to use soft computing technique and fuzzy statistical tool to evaluate people’s performance on the marketing research and time management. Design/methodology/approach - Through standardized measurement system, the authors come up with real-value data to satisfy not the current needs but data itself. This is when fuzzy classification stands out and highlights the area of in-between and undefined. Findings - The proposed metric system helps the authors to assess the distance among trapezoidal fuzzy data. The index of efficiency between observed time and ideal time is also presented. Originality/value - With the ranking of fuzzy sample, the authors can examine the decision process by non-parametric testing hypothesis. © 2014, Emerald Group Publishing Limited.",Efficiency evaluation; Fuzzy sets; Index of efficiency; Time management,Emerald Group Holdings Ltd.,scopus-soft computing,5,Mechanical AI,"['fuzzy classification', 'standardized measurement', 'data', 'time management', 'efficiency', 'non-parametric testing']","The abstract discusses the use of fuzzy classification and a standardized measurement system to evaluate performance in marketing research and time management. These aspects align with Mechanical AI's focus on data collection, standardization, and automating processes to meet customer needs. The emphasis on assessing distances among fuzzy data and efficiency metrics suggests a systematic approach rather than emotional understanding or strategic market analysis.",0%,75%,15%,0%,10%
Measuring destination image of an Italian island: An analysis of online content generated by local operators and tourists,Marchi V.; Raschi A.,2022,10.24043/isj.168,"The understanding of destination image is a key point for tourism enterprises, local authorities, and policy makers. This study explores the case of Capraia, a small island located in Tuscany, to analyze how tourists (tourism demand) and local operators (tourism supply) create and communicate the island’s online image. This research quantitatively examines online communication on the two sides of the tourism market to monitor the online destination image of the island of Capraia. To build on previous research in this area, this study adopts a web content mining approach to assess the characteristics of content published online. The main dimensions of destination image (as developed in the literature) are used as a basis to create a dictionary for automated content analysis. A total of 24 tourism promotion websites and 9,180 tourist Instagram posts were analyzed. Findings reveal discrepancies between the image proposed by local operators and that perceived by tourists. Local operators mostly communicate general information to discover the destination, while tourists prioritize communication based on emotional appeal and personal experience on the island. This research aims to provide support for local operators and policy makers in decisions relating to communication and in defining the island image. © Island Studies Journal, 2021.",Capraia island; content analysis; destination image; destination marketing; text mining; tourist consumer behaviour,Island Studies Journal,scopus-text mining,2,Feeling AI,"['destination image', 'emotional appeal', 'personal experience', 'communication', 'understanding']","The abstract focuses on the differences between how local operators present the island of Capraia and how tourists perceive it, highlighting the emotional aspects of communication and the importance of personal experiences. This aligns with the goals of Feeling AI, which emphasizes customer understanding and emotional needs. The study aims to support local operators in tailoring their communication strategies to better resonate with tourists' emotional preferences.",60%,20%,15%,0%,5%
R2M Index 1.0: Assessing the Practical Relevance of Academic Marketing Articles,Jedidi K.; Schmitt B.H.; Ben Sliman M.; Li Y.,2021,10.1177/00222429211028145,"Using text-mining, the authors develop version 1.0 of the Relevance to Marketing (R2M) Index, a dynamic index that measures the topical and timely relevance of academic marketing articles to marketing practice. The index assesses topical relevance drawing on a dictionary of marketing terms derived from 50,000 marketing articles published in practitioner outlets from 1982 to 2019. Timely relevance is based on the prevalence of academic marketing topics in practitioner publications at a given time. The authors classify topics into four quadrants based on their low/high popularity in academia and practice —“Desert,” “Academic Island,” “Executive Fields,” and “Highlands”—and score academic articles and journals: Journal of Marketing has the highest R2M score, followed by Marketing Science, Journal of Marketing Research, and Journal of Consumer Research. The index correlates with practitioner judgments of practical relevance and other relevance measures. Because the index is a work in progress, the authors discuss how to overcome current limitations and suggest correlating the index with citation counts, altmetrics, and readability measures. Marketing practitioners, authors, and journal editors can use the index to assess article relevance, and academic administrators can use it for promotion and tenure decisions (see www.R2Mindex.com). The R2M Index is thus not only a measurement instrument but also a tool for change. © American Marketing Association 2021.",information retrieval; marketing; marketing practice‌; marketing theory; relevance; topic modeling,SAGE Publications Ltd,scopus-text mining,22,Thinking AI,"['Relevance to Marketing Index', 'topical relevance', 'timely relevance', 'academic marketing articles', 'market analysis', 'marketing practice', 'practitioner judgments']","The abstract describes the development of the Relevance to Marketing (R2M) Index, which focuses on measuring the relevance of academic marketing articles to marketing practice. This involves market analysis and understanding the correlation between academic topics and their prevalence in practitioner outlets, aligning with the 'Thinking AI' category that emphasizes market analysis and strategic insights.",0%,0%,100%,0%,0%
The relationship between unstructured information and marketing knowledge: An experiment in the US wine market,Scorrano P.; Fait M.; Maizza A.,2015,10.1504/IJMP.2015.072772,"The aim of this paper is to assess, with a view to marketing strategies, the potential of a marketing intelligence software application designed to extract information from non-structured web sources (typically websites and social media). The paper also proposes a conceptual model that SMEs can use to transform simple qualitative and quantitative data into knowledge that is useful for supporting the decision-making process in the context of international marketing. The presentation of the proposed interpretative model is followed by the application to the wine market in the USA. Comparison of the themes typical of online discourse in the worlds of supply and demand highlights a certain communicative misalignment that SMEs can resolve by adopting suitable communicative strategies. Copyright © 2015 Inderscience Enterprises Ltd.",Consumer behaviour; Information extraction; Marketing intelligence; Social network; Text mining; Website; Wine,Inderscience Publishers,scopus-text mining,5,Thinking AI,"['marketing intelligence', 'decision-making', 'international marketing', 'qualitative and quantitative data', 'communicative strategies']","The abstract discusses a marketing intelligence software application aimed at extracting information from non-structured web sources to support decision-making in international marketing. It emphasizes the transformation of data into useful knowledge, which aligns with market analysis and strategic decision-making. Moreover, the mention of communicative strategies indicates a focus on targeting and understanding market dynamics, which are key elements of thinking AI.",0%,20%,80%,0%,0%
Arabic language sentiment analysis via cross-language translation,Alsheref F.K.,2019,10.1504/IJWBC.2019.101047,"Social platforms on the web give us a huge amount of data like comments, messages, products' reviews and posts. Sentiment analysis on social users' data is a valuable analysis for automatically understanding people's opinions about products or some interesting topics, and this analysis provides valuable information for informed decision making in different domains. Arab web users number is about 200 million users; this huge number represents the strong impact on marketing which makes the sentiment analysis of Arabic language hot topic. This paper proposed an Arabic sentiment analysis model to increase the accuracy of Arabic sentiment analysis. It is based on a cross-language retrieval model. The proposed model was tested on a dataset extracted from twitter and manually sentimentally classified by experts, and it achieved 90.62% accuracy. Copyright © 2019 Inderscience Enterprises Ltd.",Cross-language; Facebook; Information retrieval correlation coefficient; Sentiment analysis; Social network service; Text mining; The social network; Twitter,Inderscience Publishers,scopus-text mining,0,Feeling AI,"['sentiment analysis', 'opinions', 'customer understanding', 'Arabic sentiment analysis']","The abstract discusses sentiment analysis, which is directly related to understanding customer opinions and emotions regarding products. This aligns with the focus of Feeling AI, which revolves around customer understanding and using emotional data to meet customer needs. The mention of analyzing social media comments and reviews further emphasizes the emotional aspect of consumer feedback.",80%,10%,10%,0%,0%
Text mining-based analysis of consumer reviews regarding medical protective clothing; [基于文本挖掘的医用防护服消费者评论分析],Ding Y.; Li H.,2023,10.3969/j.issn.1001-7003.2023.06.007,Since the global outbreak of COVID-19 the virus has continued to mutate and its immune escape transmission and other capabilities have increased on January 30 2023 the WHO committee unanimously concluded that COVID-19 remains a dangerous infectious disease with the ability to cause significant damage to human health and health systems. Therefore wearing medical protective clothing as an effective form of personal protection plays an extremely important role in personal protection. However the research and development of medical protective clothing in China started late and there is not only the problem of mismatch between application scenarios and product functions but also most research and development are conducted from the perspective of professional medical personnel. In addition consumers apply medical protective clothing in a richer and more diverse scenario and the post-purchase evaluation of consumers can not only reflect their demand for medical protective clothing and influence other consumers' purchase decisions on medical protective clothing but also serve as an important basis for relevant enterprises to consider developing and improving their marketing strategies. To deeply understand current consumer' s view and demand for medical protective clothing this paper based on the collected content of 11 513 consumer reviews of 14 Chinese medical protective clothing brands carried out keyword frequency analysis sentiment analysis network analysis and co-occurrence network analysis accurately revealing the consumers' shopping experience perception and demand. The study shows that product quality and express efficiency are the most important factors influencing consumers' post-purchase evaluation followed by merchant services and application scenarios while affordable price only plays an important role in positive evaluation product quality and packaging are of great concern to consumers in the positive evaluation consumers are quite content with product quality workmanship material size comfort breathability product packaging and gifts express efficiency delivery and logistics speed price cheap price and merchant service customer service staff service attitude and service response speed . The consumers also express the need to buy medical protective clothing for timely and safe protection in daily life during the epidemic and in scenarios such as air travel. In the negative evaluation consumers' dissatisfaction is mainly focused on product quality express efficiency and merchant service such as poor product quality the clothing is too large to be worn the product and related gifts are broken when received and the product material is thin poor express efficiency slow delivery and logistics after the product is ordered and poor merchant service poor customer service attitude no timely response to information omission of products slow invoicing and difficulty to refund . This exploratory study provides new research ideas for consumer experience and valuable reference for the marketing management practices of medical protective clothing enterprises. This study provides valuable reference information for medical protective clothing companies' product and service improvement logistics partner selection product design and development and price marketing strategies by digging deeper into the content of medical protective clothing consumer reviews and outlining more clearly the concerns of consumers in the process of purchasing medical protective clothing. © 2023 China Silk Association. All rights reserved.,co-occurrence network analysis; medical protective clothing; network analysis; review content; sentiment analysis; text mining,China Silk Association,scopus-text mining,1,Feeling AI,"['consumer reviews', 'post-purchase evaluation', 'product quality', 'merchant services', 'customer service', 'dissatisfaction', 'emotional needs', 'shopping experience']","The abstract focuses on understanding consumer perceptions and emotional responses towards medical protective clothing, particularly through analyzing reviews. It discusses how product quality and merchant service influence customer satisfaction, which aligns with the objectives of Feeling AI to understand and meet customer emotional needs and wants. Furthermore, the emphasis on consumers' positive and negative evaluations reflects an understanding of existing customer needs.",60%,20%,15%,0%,5%
The EconoMining project at NYU: Studying the economic value of user-generated content on the internet,Ghose A.; Ipeirotis P.,2009,10.1057/rpm.2008.56,"An important use of the internet today is in providing a platform for consumers to disseminate information about products and services they buy, and share experiences about the merchants with whom they transact. Increasingly, online markets develop into social shopping channels, and facilitate the creation of online communities and social networks. Till date, businesses, government organisations and customers have not fully incorporated such information in their decision making and policy formulation processes, either because the potential value of the intellectual capital or appropriate techniques for measuring that value have not been identified. Increasingly, although, this publicly available digital content has concrete economic value that is often hidden beneath the surface. For example, online product reviews affect the buying behaviour of customers, as well as the volume of sales, positively or negatively. Similarly, user feedback on sites such as eBay and Amazon affect the reputation of online merchants and, in turn, their ability to sell their products and services. Our research on the EconoMining project studies the economic value of user-generated content in such online settings. In our research program, we combine established techniques from economics and marketing with text mining algorithms from computer science to measure the economic value of each text snippet. In this paper, we describe the foundational blocks of our techniques, and demonstrate the value of user-generated content in a variety of areas, including reputation systems and online product reviews, and we present examples of how such areas are of immediate importance to the travel industry. © 2009 Palgrave Macmillan.",E-commerce; Econometrics; Product reviews; Sentiment analysis; User-generated content,,scopus-text mining,42,Thinking AI,"['user-generated content', 'economic value', 'online product reviews', 'customer buying behaviour', 'reputation systems', 'market analysis']","The abstract discusses the economic value of user-generated content and its impact on consumer behaviour, particularly in online markets. It emphasizes the role of market analysis techniques, including text mining algorithms and established economic principles, to quantify the impact of online reviews and user feedback on sales and merchant reputation, which aligns with the focus on market analysis and targeting in Thinking AI.",10%,10%,80%,0%,0%
How to identify product defects and segment consumer groups on an online auto forum,Sun B.; Mao H.; Yin C.,2022,10.1111/ijcs.12784,"China's automotive industry has entered a stage of great growth. Owing to the widespread and rapid information dissemination of online automotive forums, they have become an important source for manufacturers to collect product defect information and understand consumer preferences. The purpose of this study is to investigate car defect information and consumer preferences from online automotive forums and segment consumers based on consumer preferences, which holds great promise as a means for companies to improve product design and consumer relationship management. Based on text data of China's top-ranked Pacific Auto Network, we applied the LDA model, sentiment analysis, text classification, and cluster analysis methods to determine the influencing factors of automobile consumers’ purchasing behavior, identified automobile product defects, and subdivided consumer groups. The results show that the factors affecting consumers’ car buying behavior are low fuel consumption, affordable price, superior performance, fashionable appearance, and comfortable use. Car product defects are mainly reflected in the three aspects of the car's performance, comfort, and configuration; there are six kinds of consumer groups: price seekers, fuel consumption seekers, performance seekers, comfort seekers, cost performance seekers, and appearance seekers. Of these, cost performance seekers make up the largest proportion, and they constitute the largest group of intention purchasers. These findings can help enterprises develop targeted product improvement programs, but also provide a decision-making basis for enterprises to achieve precision marketing. © 2022 John Wiley & Sons Ltd.",auto forum; consumer groups; online review; product defects; text mining,John Wiley and Sons Inc,scopus-text mining,10,Mechanical AI,"['data collection', 'consumer preferences', 'segmentation', 'product defect information', 'cluster analysis']","The abstract focuses on collecting data from online automotive forums to analyze consumer preferences and product defects. This aligns closely with the Mechanical AI category, which emphasizes data collection and segmentation. The study's application of methods such as LDA model, sentiment analysis, text classification, and cluster analysis indicates a strong focus on identifying novel customer preference patterns, which falls under mechanical AI's scope of identifying and automating processes related to market data.",0%,80%,20%,0%,0%
Elevating B2B branding in a global context: Integrating existing literature and proposing a forward-thinking conceptual framework,Marvi R.; Zha D.; Foroudi P.,2024,10.1016/j.indmarman.2024.06.006,"This study aims to evaluate B2B branding in a global context by constructing a framework for future research, practitioners, and brand managers operating in international B2B markets. Employing co-citation and text-mining techniques to investigate 281 articles, we identified five knowledge fields that map the intellectual structure of this domain: brand equity, industrial branding, brand value, global brand leadership, and relationship marketing. We also gained a deeper understanding of the important topics in global B2B branding literature. This framework not only highlights gaps and challenges in conceptual and methodological approaches but also challenges and extends existing academic discourse. It offers a systematic approach to strategic decision-making and the overhaul of marketing practices, guiding practitioners to navigate the complexities of global B2B branding. Our critical analysis sets a new agenda for future research, calling for a more rigorous and holistic advancement in the field of global B2B branding. © 2024",Branding; Business to business; Future conceptual model; Global B2B branding; Literature review; Text mining,Elsevier Inc.,scopus-text mining,3,Thinking AI,"['B2B branding', 'global context', 'brand equity', 'market analysis', 'strategic decision-making', 'future research']","The abstract discusses the evaluation of B2B branding in a global context and highlights the importance of strategic decision-making and market analysis. The identified knowledge fields, including brand equity and relationship marketing, suggest a focus on understanding competitive advantages and guiding practitioners in their marketing practices. This aligns closely with the 'Thinking AI' category, which emphasizes market analysis and targeting.",10%,5%,80%,0%,5%
Emotion detection and its influence on popularity in a social network-based on the American TV series friends,Porter I.; Galam B.; Ramon-Gonen R.,2023,10.1007/s13278-023-01133-5,"4.59 billion people worldwide use social networks. Over a billion new posts are uploaded every day to Facebook’s applications (Facebook, Instagram, WhatsApp). Social networks play a central role in consumption and marketing, politics, and social aspects. They affect users' decision-making processes, emotions, and behavior. Content on social media can include, for example, movies, pictures, and texts. The emotion expressed in the post content has an influence on the exposed individuals. Emotions can cause the user exposed to the content to follow another user, view more content raised by a certain user, share a post, or express support (or lack of support), thus affecting the popularity of the user. In this work, we examined the relationship between emotions expressed by a character and popularity measures. As a case study, we analyzed the texts presented in the popular series “Friends” over ten seasons. We found that women in the series express more emotions in general and, in particular, more emotions of anticipation, joy, trust, and fear. The findings show the relationship between different emotions expressed in the content and various popularity measures. © 2023, The Author(s), under exclusive licence to Springer-Verlag GmbH Austria, part of Springer Nature.",Emotion detection; Popularity measures; Social network analysis; Text mining,Springer,scopus-text mining,1,Feeling AI,"['emotions', 'decision-making', 'content', 'user engagement', 'popularity', 'anticipation', 'joy', 'trust', 'fear']","The abstract discusses the impact of emotions expressed in social media content on user behavior and decision-making processes. It highlights the relationship between emotions and popularity measures, emphasizing how emotional data can be crucial in understanding customer engagement and preferences. This aligns closely with the 'Feeling AI' category, which focuses on customer understanding and the emotional aspects of marketing.",70%,10%,15%,0%,5%
"Past, present, and future research on self-service merchandising: a co-word and text mining approach",Muñoz-Leiva F.; Rodríguez López M.E.; Liebana-Cabanillas F.; Moro S.,2021,10.1108/EJM-02-2019-0179,"Purpose: This study aims to discern emerging trends and provide a longitudinal perspective on merchandising research by identifying relationships between merchandising-related subdomains/themes. Design/methodology/approach: This study sourced 657 merchandising-related articles published since 1960, from the Scopus database and 425 from Web of Science. After processing and normalizing the data, this study performed co-word and thematic network analyses. Taking a text mining approach, this study used topic modeling to identify a set of coherent topics characterized by the keywords of the articles. Findings: This study identified the following merchandising-related themes: branding, retail, consumer, behavior, modeling, textile and clothing industry and visual merchandising. Although visual merchandising was the first type of merchandising to be used in-store, only recently has it become an emerging topic in the academic literature. There has been a further trend over the past decade to understand the adoption of simulation technology, such as computer-aided design, particularly in supply chain management in the clothing industry. These and other findings contribute to the discussion of the merchandising concept, approached from an evolutionary perspective. Research limitations/implications: The conclusions of this study hold implications at the intersection of merchandising, sectors, new technologies, research methodologies and merchandising-practitioner education. Research trends suggest that, in the future, virtual reality and augmented reality using neuroscientific methods will be applied to the e-merchandising context. Practical implications: The different dimensions of merchandising can be used to leverage store managers’ decision-making process toward an integrated store-management strategy. In particular, by adopting loyalty merchandising tactics, the store can generate emotional attachment among consumers, who will perceive its value and services as unique, thanks to merchandising items designed specifically with that aim in mind. The stimulation of unplanned purchases, the strategic location of products and duration of each merchandising activity in the store, the digitalization of merchandising and the application of findings from neuroscience studies are some of the most relevant practical applications. Originality/value: This study provides the first-ever longitudinal review of the state of the art in merchandising research, taking a holistic perspective of this field of knowledge spanning a 60-year period. The work makes a valuable contribution to the development of the marketing discipline. © 2021, Emerald Publishing Limited.",Bibliometric analysis; Co-word analysis; Point-of-sale marketing; Scopus; Web of Science,Emerald Group Holdings Ltd.,scopus-text mining,18,Feeling AI,"['emotional attachment', 'consumer behavior', 'loyalty merchandising', 'unplanned purchases']","The abstract discusses the importance of emotional attachment among consumers and how merchandising tactics can generate this attachment. It emphasizes understanding customer needs and the strategic use of merchandising to create unique value perceptions, which aligns with the focus on customer understanding and relationalization in the Feeling AI category. Additionally, the mention of neuroscience studies suggests an interest in emotional data to inform marketing strategies.",60%,10%,20%,0%,10%
A Text Mining-Based Review of Cause-Related Marketing Literature,Guerreiro J.; Rita P.; Trigueiros D.,2016,10.1007/s10551-015-2622-4,"Cause-related marketing (C-RM) has risen to become a popular strategy to increase business value through profit-motivated giving. Despite the growing number of articles published in the last decade, no comprehensive analysis of the most discussed constructs of cause-related marketing is available. This paper uses an advanced Text Mining methodology (a Bayesian contextual analysis algorithm known as Correlated Topic Model, CTM) to conduct a comprehensive analysis of 246 articles published in 40 different journals between 1988 and 2013 on the subject of cause-related marketing. Text Mining also allows quantitative analyses to be performed on the literature. For instance, it is shown that the most prominent long-term topics discussed since 1988 on the subject are “brand-cause fit”, “law and Ethics”, and “corporate and social identification”, while the most actively discussed topic presently is “sectors raising social taboos and moral debates”. The paper has two goals: first, it introduces the technique of CTM to the Marketing area, illustrating how Text Mining may guide, simplify, and enhance review processes while providing objective building blocks (topics) to be used in a review; second, it applies CTM to the C-RM field, uncovering and summarizing the most discussed topics. Mining text, however, is not aimed at replacing all subjective decisions that must be taken as part of literature review methodologies. © 2015, Springer Science+Business Media Dordrecht.",Cause-related marketing; Text mining; Topic models,Springer Netherlands,scopus-text mining,121,Thinking AI,"['cause-related marketing', 'Text Mining', 'market analysis', 'brand-cause fit', 'corporate and social identification']","The abstract discusses a comprehensive analysis of literature on cause-related marketing using advanced Text Mining techniques, which aligns with market analysis. It identifies prominent topics that can guide strategic marketing decisions, indicating a focus on understanding market dynamics and competitive advantages.",0%,0%,100%,0%,0%
Lines of Scientific Research in the Study of Blood Donor Behavior from a Social Marketing Perspective,Romero-Domínguez L.; Martín-Santana J.D.; Sánchez-Medina A.J.; Beerli-Palacio A.,2021,10.1080/10495142.2019.1707741,"Although blood is essential in healthcare systems for medical and surgical use, it is still a scarce resource. Given that blood cannot be produced artificially, donors are the backbone of the system, which is why it is crucial for transfusion centers to understand the factors that determine their behavior. The goal of this study is to help decision-makers at transfusion understand what lines of research have been developed in the literature and which ones might be useful to define and assess actions related to the attributes of the donation system and donor behavior. To that end, this work aims to present an overview of the available literature on blood donor behavior from a social marketing perspective, which is of paramount importance in the context of blood donation. Based on the results of this review, which was performed by using the text mining methodology, this study presents current lines of investigation, and proposes additional future lines. © 2019 Taylor & Francis.",blood donation; blood donor behavior; content analysis; Social marketing; text mining,Routledge,scopus-text mining,4,Out of Scope,"['blood donation', 'donor behavior', 'transfusion centers', 'healthcare systems', 'social marketing']","The abstract focuses on understanding blood donor behavior within healthcare systems and the implications for transfusion centers. It emphasizes social marketing and research into donor behavior, which aligns more with healthcare and medical practices rather than marketing AI applications. Therefore, it does not fit any of the defined marketing AI categories.",0%,0%,0%,100%,0%
Text mining-based four-step framework for smart speaker product improvement and sales planning,Park J.; Yang D.; Kim H.Y.,2023,10.1016/j.jretconser.2022.103186,"The smart speaker market, which is considered an early-stage market, is expected to grow rapidly as smart speakers become a part of daily life. Consequently, manufacturers are trying to dominate the market. To achieve this, they must analyze users' reactions to their products and find insights for product improvement through comparison with competitors. We propose a four-step methodological framework for identifying meaningful opinions from a large number of online user reviews. First, network analysis is conducted to compare differences between brands. Next, through topic modeling, the attributes of speakers that users consider the most crucial are extracted for each brand. Third, sentiment analysis is conducted to examine how users' emotional polarities differ for each attribute. Through this, product improvement and product sales plans can be derived. Finally, in order to clarify the strengths and weaknesses of each brand, brand positioning is conducted and user opinions that have changed along with the evolution of the speaker's generation are analyzed. Our study identified the factors that positively or negatively affect the experience of smart speaker users. In addition, the proposed method is highly useful because it can be used to derive insights from a large amount of user opinion data regardless of the search term. © 2022 Elsevier Ltd",Brand positioning; Decision support; Online review; Sales planning; Smart speaker; Text analysis,Elsevier Ltd,scopus-text mining,17,Thinking AI,"['market analysis', 'user opinions', 'product improvement', 'sentiment analysis', 'brand positioning']","The abstract discusses a methodological framework that conducts network analysis, topic modeling, and sentiment analysis to derive insights from user reviews. This indicates a strong focus on market analysis and understanding competitive advantages, which aligns with the definitions and examples under the Thinking AI category.",10%,15%,75%,0%,0%
Consumer perceived value preferences for mobile marketing in China: A mixed method approach,Huang L.; Mou J.; See-To E.W.K.; Kim J.,2019,10.1016/j.jretconser.2019.02.007,"This study aimed to identify a new framework for consumer perceived value (CPV) and evaluate the dynamics of relative importance of different dimensions of CPV in the context of mobile marketing. Laddering interviews were conducted to capture the essence of CPVs, and then text-mining techniques were applied to extract key consumer values from the interviews. Six dimensions of CPV, namely, design, emotional, functional, monetary, guarantee, and social, were identified. The construct validity of these six dimensions was demonstrated through a rigorous sorting process. A best–worst scaling (BWS) survey was then implemented based on these six value dimensions to investigate consumers’ preference for each dimension in three critical decision-making phases of mobile marketing campaigns. Statistical analysis of the BWS data showed that significant dynamic differences exist among these six value dimensions in each phase. Gender difference and consumer heterogeneity were also presented. Theoretical and managerial implications were discussed. © 2019 Elsevier Ltd",Consumer perceived value; Mixed method; Mobile marketing; Value dimensions; WeChat official account,Elsevier Ltd,scopus-text mining,58,Feeling AI,"['consumer perceived value', 'emotional', 'social', 'personalization', 'customer understanding']","The abstract discusses identifying consumer perceived value (CPV) and its emotional and social dimensions, indicating a focus on understanding customer needs and wants. The use of laddering interviews and best-worst scaling surveys aligns with the goal of understanding consumer preferences and emotional responses, which is central to the Feeling AI category.",60%,20%,20%,0%,0%
Strategic orientation and firm risk,Bhattacharya A.; Misra S.; Sardashti H.,2019,10.1016/j.ijresmar.2019.01.004,"Entrepreneurial orientation (EO) and market orientation (MO) have received substantial conceptual and empirical attention in the marketing and management literature and both orientations have consistently been linked to stronger financial performance. Yet the way in which market-oriented firms seek to achieve superior rents is substantively different from that of entrepreneurially oriented firms which could lead to differential impacts of EO and MO on firm risk. In this study, the authors employ a text mining technique to assess firms' EO and MO and examine the impact of these two strategic orientations on shareholder risk outcomes. The results show that while EO increases idiosyncratic risk, MO decreases it. However, only EO decreases systematic risk. Overall, the results of this study demonstrate that a firm's decisions regarding strategic orientation should be examined in light of both likely risks and returns in order to make appropriate resource allocation decisions. © 2019 Elsevier B.V.",Entrepreneurial orientation; Firm risk; Market orientation; Shareholder return; Text analysis,Elsevier B.V.,scopus-text mining,32,Thinking AI,"['entrepreneurial orientation', 'market orientation', 'financial performance', 'risk', 'strategic orientations']","The abstract discusses the impact of entrepreneurial orientation (EO) and market orientation (MO) on firm risk and financial performance, which aligns with market analysis and strategic decision-making. The use of text mining techniques to assess EO and MO indicates a focus on analyzing data for competitive advantages and risk assessment. This aligns with the Thinking AI category, particularly in the focus on market analysis and targeting.",0%,0%,100%,0%,0%
The influence of Covid-19 on consumer behaviour: a bibliometric review analysis and text mining,Bashar A.; Nyagadza B.; Ligaraba N.; Maziriri E.T.,2024,10.1108/AGJSR-12-2022-0281,"Purpose: This paper is a bibliometric analysis of articles published on the influence of Covid-19 on consumer behaviour. Design/methodology/approach: Biblioshiny and VOSviewer applications are employed for the bibliometric analysis and visualisation, respectively. Findings: The most influential documents, authors, affiliations, countries and journals are presented. Citation, Co-citation and keyword co-occurrence analysis is conducted and presented in the form of a clustered network diagram. Practical implications: This paper found three main themes of the research in consumer behaviour amid Covid-19 a) Food purchasing decisions and food wastage, b) Adoption of technology and c) Intrinsic and extrinsic influence on consumer behaviour. Social implications: The Covid-19 pandemic has shaken the world’s economy and left behind its adverse effect on almost every walk of life. Consumer behaviour is no exception, studies have reported paradigm shifts in the way consumers are reacting to marketing stimuli, making purchase and consumption decisions. For the marketers to sustain profitability, they need to understand the changing behaviour and tailor their offerings accordingly. Originality/value: The article offers the emerging theme and sub-themes in the consumer behaviour research that leads to future expansion of this research domain. © 2023, Abu Bashar, Brighton Nyagadza, Neo Ligaraba and Eugine Tafadzwa Maziriri.",Bibliometric analysis; Biblioshiny; Consumer behaviours; Covid-19; VOSviewer,Emerald Publishing,scopus-text mining,5,Thinking AI,"['consumer behaviour', 'Covid-19', 'market analysis', 'adoption of technology', 'food purchasing decisions']","The abstract discusses a bibliometric analysis of consumer behaviour during Covid-19, highlighting themes such as food purchasing decisions and the adoption of technology. This aligns with the Thinking AI category, which focuses on market analysis and understanding competitive advantages. The analysis aims to provide insights into changing consumer behaviour, which marketers can use for strategic decision-making.",10%,0%,90%,0%,0%
Where does pride lead? Corporate managerial hubris and strategic emphasis,Kim M.; Xiong G.; Kim K.-H.,2017,10.1007/s11747-017-0547-4,"A firm’s strategic emphasis on value creation versus appropriation, which is typically reflected in its resource allocation between R&D and advertising, is a central corporate decision that significantly influences financial performance. However, the drivers of such decisions remain underexplored. This study identifies a significant predictor of strategic emphasis, namely, corporate managerial hubris, and reveals some of its boundary conditions. Leveraging a unique dataset based on text mining of press releases issued by over 400 firms across 13 years, the authors demonstrate that high corporate managerial hubris predicts low strategic emphasis on advertising relative to R&D. However, this effect is mitigated significantly by firm maturity, corporate governance, and industry-level strategic emphasis. The results provide novel insights into the effects of hubris on firm spending, the situations wherein marketing decisions tend to be subject to managers’ psychological bias, the means of preventing over- or under-investment in marketing strategy, and the recruitment and training of managers. © The Author(s) 2017.",Advertising; Corporate managerial hubris; R&d; Strategic emphasis,Springer New York LLC,scopus-text mining,39,Thinking AI,"['strategic emphasis', 'value creation', 'corporate managerial hubris', 'financial performance', 'resource allocation', 'advertising', 'R&D', 'marketing decisions', 'psychological bias']","The abstract discusses the strategic emphasis of firms on value creation versus appropriation, focusing on how managerial hubris influences decisions related to resource allocation between R&D and advertising. This aligns with market analysis and strategic decision-making, which falls under the Thinking AI category. The findings provide insights into corporate behaviors and predict market-related outcomes based on managerial characteristics, making it relevant to market analysis and targeting.",0%,0%,100%,0%,0%
Big-data AI analytics in value-chain innovation and international marketing strategy: insights from SMEs in cultural and creative industries,"Zong, ZP; Anwar, MA; Khan, S; Asmi, F; Hussain, N",2025,10.1108/IMR-02-2024-0049,"Purpose Despite great consensus on the positive impact of big-data-driven artificial intelligence (AI) analytics (BDAI) on a firm's performance, it still appears to be a black box mechanism through which small and medium-sized enterprises (SMEs) strengthen their dynamic competencies to innovate and expand their global footprint. To fill this theoretical and empirical gap we examine the relationship between BDAI affordances, digital marketing capabilities (DMCs), value-chain innovation and international market goals.Design/methodology/approach The study incorporates the dynamic capability view an extension of the resource-based view and the knowledge-based view to empirically examine the primary data collected from marketing managers and executives of SMEs in cultural and creative industries utilizing Structural Equation Modeling (SEM) analysis.Findings The study highlights the significant role of BDAI affordances such as intelligent process recommendations, customer intelligence and market intelligence on DMCs, where DMCs significantly affect value-chain innovation and international market strategy both directly and indirectly.Research limitations/implications The study minimizes the gap in identifying the BDAI affordances to drive innovation and international market strategy in the context of SMEs in cultural and creative industries. Marketing managers can incorporate these findings to enhance their digital capabilities for competitive advantages in international markets.Originality/value The study proposes a holistic framework of BDAI affordances for the strategic use of digital resources and knowledge to transform digital capabilities into new forms of value to expand in the international market. These insights are robust and grounded in findings provided by marketing practitioners.",Big-data-based AI analytics; Digital affordances; Digital marketing capabilities; Value-chain innovation; International market strategy; Cultural and creative industries,EMERALD GROUP PUBLISHING LTD,wos-ai,0,Thinking AI,"['big-data-driven artificial intelligence', 'digital marketing capabilities', 'value-chain innovation', 'international market strategy', 'customer intelligence', 'market intelligence']","The abstract discusses the impact of big-data-driven AI analytics on the dynamic capabilities of SMEs, particularly in enhancing their digital marketing capabilities and driving innovation in the value chain. This aligns with the 'Thinking AI' category, as it focuses on strategic analysis, market analysis, and the use of insights to achieve international market goals. The elements of customer intelligence and market intelligence also suggest a focus on understanding the market environment and competitive advantages.",0%,0%,100%,0%,0%
Anthropomorphism in artificial intelligence: a game-changer for brand marketing,"Gomes, S; Lopes, JM; Nogueira, E",2025,10.1186/s43093-025-00423-y,"The expansion of brands adopting artificial intelligence services with human characteristics, such as chatbots, has revolutionized digital marketing strategies, transforming how companies reach and engage customers. This technological innovation is reshaping digital interactions between companies and consumers, offering a more personalized and efficient experience. This study explores the influence of chatbot anthropomorphism on customer engagement and purchasing decision-making with brands that use this artificial intelligence service. Data from a questionnaire with 1319 participants was analyzed using partial least squares method. Chatbot anthropomorphism has a more positive influence on purchasing decision-making when this relationship is mediated by customer engagement. In turn, customer involvement also has a positive influence on decision-making. The results emphasize that for a greater influence of the chatbot's anthropomorphism on purchasing decision-making, the customer must first be engaged with the chatbot. This research illuminates a new path in the domain of AI-enabled brand interactions, showing the distinct influence of anthropomorphism in chatbots on customer satisfaction, trust and loyalty, thus revolutionizing traditional paradigms of consumer-brand engagement and decision-making processes. By exploring the intricate dynamics between customer engagement with anthropomorphized chatbots and purchasing decisions, this study breaks new ground, offering unprecedented insight into the transformative potential of human-like chatbot interactions in shaping consumer behavior and brand relationships.",Artificial intelligence; Anthropomorphism; Chatbot; Customer engagement; Customer decision-making,SPRINGER,wos-ai,0,Feeling AI,"['chatbot anthropomorphism', 'customer engagement', 'purchasing decision-making', 'customer satisfaction', 'trust', 'loyalty']","The abstract emphasizes the emotional aspects of customer engagement with anthropomorphized chatbots, highlighting how these interactions can influence customer satisfaction, trust, and loyalty. This aligns closely with the focus of 'Feeling AI' on understanding and meeting customer emotional needs and wants, as well as personalizing experiences for engagement.",70%,10%,20%,0%,0%
A dimensional exploration and scale development study of algorithm aversion,"Wang, L; Li, X; Zhu, HY; Zhao, Y",2024,10.1080/01605682.2024.2419544,"The increased use of AI in business has spurred an explosion in algorithm aversion research. The absence of scientific measurement instruments has caused the empirical research on the structural dimensions and measurement scales of algorithm aversion to stagnate, and the field is currently just in the exploratory stages of investigation. The results of experimental research and polls on algorithm aversion and appreciation may not be as broadly applicable as they may be because roughly two thirds of them used U.S. samples. Thus, extending from previous research, this work applies grounded theory to investigate the dimensionality of the structural dimensions of algorithm aversion using data from Chinese user interviews as well as the MicroBlog, Zhihu, and CSDN corpus. The scale was tested through the processes of questionnaire, exploratory factor analysis, and validation factor analysis to construct the scale of algorithmic aversion. The study finds five dimensions of algorithm aversion: Algorithm power gameplay, Algorithm user lock-in, Algorithm cognitive bias, Algorithm recommendation preference, and Recommendation algorithm adoption. The scale has a good level of validity and reliability and comprises 22 items. The findings of this study will support theoretical underpinnings for AI marketing and practical research on algorithm aversion in recommendation systems.",Algorithm aversion; grounded theory; scale development; artificial intelligence,TAYLOR & FRANCIS LTD,wos-ai,0,Thinking AI,"['algorithm aversion', 'recommendation systems', 'market analysis', 'user preferences', 'cognitive bias']","The abstract discusses the investigation of algorithm aversion, focusing on its structural dimensions and measurement scales. This involves analyzing user preferences and biases, which aligns with market analysis and targeting strategies in marketing. The findings may help refine recommendation systems, making it relevant to personalization and strategic analysis of customer behavior.",10%,15%,75%,0%,0%
Using PLS-SEM and XAI for casual-predictive services marketing research,"Goktas, P; Dirsehan, T",2025,10.1108/JSM-10-2023-0377,"PurposeThis study aims to redefine approaches to metrics in service marketing by examining the utility of partial least squares - structural equation modeling (PLS-SEM) and eXplainable Artificial Intelligence (XAI) for assessing service quality, with a focus on the airline industry.Design/methodology/approachUsing the Airline Passenger Satisfaction data set from Kaggle platform, this study applies PLS-SEM, facilitated by ADANCO software and XAI techniques, specifically using the SHapley Additive exPlanations TreeExplainer model. This study tests several hypotheses to validate the effectiveness of these methodological tools in identifying key determinants of service quality.FindingsPLS-SEM analysis categorizes key variables into Delay, Airport Service and In-flight Service, whereas XAI techniques rank these variables based on their impact on service quality. This dual-framework provides businesses a detailed analytical approach customized to specific research needs.Research limitations/implicationsThis study is constrained by the use of a single data set focused on the airline industry, which may limit generalizability. Future research should apply these methodologies across various sectors to enhance a broader applicability.Practical implicationsThe analytical framework offered here equips businesses with the robust tools for a more rigorous and nuanced evaluation of service quality metrics, supporting informed strategic decision-making.Social implicationsBy applying advanced analytics to refine service metrics, businesses can better meet and exceed customer expectations, ultimately elevating the societal standard of service delivery.Originality/valueThis study contributes to the ongoing discourse on artificial intelligence interpretability in business analytics, presenting an innovative methodological guide for applying PLS-SEM and/or XAI in service marketing research. This approach delivers actionable insights, not only in the airline sector but also across diverse business domains seeking to optimize service quality.",Service marketing; PLS-SEM; Service quality; Customer value; Partial least squares (PLS); Business analytics; Artificial intelligence (AI); eXplainable artificial intelligence (XAI),EMERALD GROUP PUBLISHING LTD,wos-ai,0,Thinking AI,"['service quality', 'market analysis', 'customer expectations', 'strategic decision-making', 'PLS-SEM', 'XAI']","The study focuses on assessing service quality through advanced analytics techniques, which aligns with the strategic analysis aspect of Thinking AI. The application of PLS-SEM and XAI for identifying key determinants of service quality indicates a deeper market analysis and decision-making process rather than emotional understanding or automation of processes. The findings aim to provide businesses with actionable insights for informed strategic decision-making, which is characteristic of the Thinking AI category.",10%,5%,85%,0%,0%
A Study on Information Search Behavior Using AI-Powered Engines: Evidence From Chatbots on Online Shopping Platforms,"Pham, V; Thi, TDP; Duong, NT",2024,10.1177/21582440241300007,"The development of Artificial Intelligence (AI) has significantly influenced how consumers search for information. However, there is a lack of comprehensive models based on theoretical foundations that specifically address AI-powered information search behavior. This study draws on psychological motivation, information processing, and information economics theories to develop a theoretical model of consumer AI-powered information search behavior. The study aims to identify the main factors affecting consumer search behavior, offering a more holistic understanding of consumer behavior in the context of AI. Analyzing 512 valid questionnaires, the study shows that search motivation not only had the most significant impact on search behavior but also served as a mediator between other variables and search intensity. Additionally, perceived search ability had a direct and the greatest indirect impact on search behavior, while other variables such as perceived search costs and benefits also had indirect effects on search behavior. Practically, the study offers valuable insights for businesses and AI developers. Understanding the factors that drive AI-powered search behavior can inform the design of more effective AI systems and marketing strategies.",artificial intelligence; chatbot; online shopping; search behavior; integrated model,SAGE PUBLICATIONS INC,wos-ai,1,Thinking AI,"['AI-powered information search behavior', 'search motivation', 'search ability', 'search costs', 'search benefits', 'consumer behavior', 'AI systems', 'marketing strategies']","The abstract focuses on understanding consumer behavior in the context of AI-powered information search. It identifies main factors affecting search behavior, such as search motivation and perceived search ability, which aligns with strategic analysis and market understanding. The insights derived from the study can inform marketing strategies and enhance AI system designs, indicating a strong connection to the Thinking AI category.",0%,0%,100%,0%,0%
AI-driven digital business ecosystems: a study of Haier's EMCs,"Steiber, A; Alvarez, D",2024,10.1108/EJIM-01-2024-0076,"PurposeThere is a knowledge gap regarding the determinants of open innovation processes and outcomes in a joint value creation context, as well as what role artificial intelligence (AI) and data management play in facilitating open innovation processes. One strategy to better understand joint value creation through open innovation, supported by AI and data management, is to conduct studies on the digital business ecosystem (DBE). The purpose of this paper is to improve our current knowledge of this urgent issue in contemporary management through the lens of an ecosystem-based theory by conducting an empirical study on two DBEs (called ecosystem micro-communities (EMCs)), developed by Haier, as well as multiple literature reviews on the key concepts Haier EMC and digital business ecosystem.Design/methodology/approachBy building on multiple literature reviews and empirical data from a multi-year and ongoing research program driven by Haier, this study examines Haier's EMC model for AI-driven DBEs. Secondary data were collected through iterative literature reviews on DBEs, the EMC concept and the two selected EMC cases. The empirical data were collected through a qualitative study of two Haier EMCs in China.FindingsHaier's ecosystem micro-community concept represents a radical shift towards a more flexible, responsive and innovative cross-industry organizational structure, offering valuable lessons for business leaders and scholars. Haier's ecosystem micro-community model, part of their RenDanHeYi philosophy and here viewed as a DBE, is a pioneering management concept that not only redefines the management of the firm and the traditional corporate structure, but also the traditional view on innovation management, business strategy, human resource management and marketing (customer centricity). The concept has therefore an important and big impact on traditional management. For scholars, the gap in understanding innovation processes in open business ecosystems is addressed by the concept. However, the concept also opens new areas for academic research, particularly in innovation management, business strategy, human resource management and marketing. The concepts further encourage more interdisciplinary research.Research limitations/implicationsThe DBE is a relatively new research area that will need more research. While the EMC model is promising as an effective version of a DBE, its effectiveness across different industries and organizational cultures needs to be explored further. Future research should investigate its applicability and impact in diverse business environments. To understand the EMC's long-term impact, longitudinal studies are needed. These should focus on the sustained competitive advantages, potential market disruptions and the evolution of customer value propositions over time. Finally, considering increasing concerns about data privacy and security, future research should also explore how DBEs solve the issue of data protection and IP while promoting open innovation and value sharing.Practical implicationsFor managers and practitioners, the EMC concept could inspire leaders to learn how to foster innovation by creating smaller, autonomous teams that can respond quickly to market changes in the form of a DBE. The concepts exemplify how value creation and capture could be enhanced for any company and even could be a new strategy in the company's digital transformation and repositioning into a more competitive, high-end player on the market. The concept also emphasizes employee empowerment and ownership, which can lead to higher job satisfaction and retention rates. The concept can further improve companies' adaptability and resilience by decentralizing decision-making. Finally, the micro-communities allow businesses to be more customer-centric, developing products and services that better meet specific customer needs.Social implicationsThe social implications could be positive, as complex social problems commonly need an ecosystem approach to develop and deliver impactful solutions. In addition, Haier's ecosystem micro-community model seems inherently scalable and culturally adaptable.Originality/valueHaier's EMC model is well-known in the research literature and is a novel approach to DBEs, which has been proven successful and replicable in different countries and industries. Providing insights from multiple literature reviews and two unique Haier EMC cases will contribute to a better understanding of highly effective data- and AI-driven business ecosystems, as well as of determinants of open innovation processes and outcomes in a joint value creation context, as well as what role AI and data management play in facilitating open innovation processes.",Innovation; Open innovation; Haier; AI; Digital business ecosystem; EMC,EMERALD GROUP PUBLISHING LTD,wos-ai,1,Thinking AI,"['open innovation', 'joint value creation', 'digital business ecosystem', 'customer needs', 'market changes', 'empirical study', 'innovation management', 'business strategy', 'data management']","The abstract discusses the concept of ecosystem micro-communities (EMCs) developed by Haier and their implications for open innovation and joint value creation. It emphasizes the importance of understanding market dynamics, customer needs, and the role of AI and data management in enhancing business strategies. The focus on how these concepts can improve adaptability, responsiveness, and competitive positioning aligns well with the characteristics of Thinking AI, particularly in market analysis and strategic targeting.",20%,10%,60%,0%,10%
Multiobjective Personalization of Marketing Interventions,"Rafieian, O; Kapoor, A; Sharma, A",2024,10.1287/mksc.2023.0122,"Marketing interventions usually affect multiple outcomes of interest. However, finding an intervention that improves all desired outcomes is often rare, creating a trade-off for managers and decision makers. In this paper, we develop a multiobjective personalization framework that identifies personalized policies to balance multiple objectives at the individual level. We apply our framework to a canonical example of multiobjective conflict between sponsored and organic content consumption outcomes. Partnering with vdo.ai, we conduct a field experiment and randomly assign users to the skippable/long and nonskippable/short versions of the same ad. We document substantial substitution between sponsored and organic content consumption; the version that increases sponsored consumption reduces organic consumption. We find that multiobjective personalized policies can significantly improve both sponsored and organic consumption outcomes over single-objective policies. We show that compared with a single-objective policy optimized for organic consumption, there exists a multiobjective policy that increases sponsored consumption by 61% at the expense of only a 4% decrease in organic consumption. Similarly, compared with the singleobjective policy optimized for sponsored consumption, there is a multiobjective policy that increases organic consumption by 53% while decreasing sponsored consumption by just 15%.",multiobjective personalization; causal inference; machine learning; field experiments; video advertising,INFORMS,wos-ai,0,Thinking AI,"['multiobjective personalization', 'personalized policies', 'balance multiple objectives', 'improve consumption outcomes', 'marketing interventions']",The abstract discusses a multiobjective personalization framework that aims to improve marketing outcomes by balancing different objectives at the individual level. This aligns with the Thinking AI category as it focuses on strategic analysis and personalization of marketing efforts based on user behavior. The use of personalized policies to enhance both sponsored and organic content consumption indicates an analytical approach to market performance.,0%,0%,100%,0%,0%
Unveiling the marketer's lens: exploring experiences and perspectives on AI integration in marketing strategies,"Elhajjar, S",2025,10.1108/APJML-04-2024-0485,"PurposeThis research paper examines the perspectives of marketing professionals on the impact of AI on marketing strategies.Design/methodology/approachThrough interviews with 34 marketers in Singapore, the study uncovers the benefits, challenges, and potential risks associated with AI implementation.FindingsThe findings reveal improved efficiency, enhanced customer insights, and personalized marketing experiences as benefits of AI. Challenges identified include skill gaps, ethical considerations, resource constraints, and resistance to change.Originality/valueThe research provides important implications for marketers and companies, guiding decision-making and promoting the responsible adoption of AI in marketing strategies.",Marketing strategy; Artificial intelligence; Technology; Marketers,EMERALD GROUP PUBLISHING LTD,wos-ai,0,Thinking AI,"['AI', 'marketing strategies', 'customer insights', 'personalized marketing', 'efficiency', 'challenges', 'ethical considerations']","The abstract discusses the impact of AI on marketing strategies, highlighting the benefits of improved efficiency and enhanced customer insights, which aligns with market analysis and personalization aspects of Thinking AI. The focus on personalized marketing experiences also indicates an application of AI in targeting and customization, further supporting its classification under Thinking AI.",10%,20%,70%,0%,0%
Exploring the role of AI in shaping future marketing strategies: evaluations and outlooks,"Bobro, N; Hyshchuk, R; Strunhar, A; Bukovskyi, O; Alekseiko, V",2024,10.34069/AI/2024.80.08.4,"In the contemporary era, the advent of artificial intelligence (AI) is precipitating profound shifts in numerous sectors, mainly marketing, where personalisation and decision-making are undergoing radical transformations due to novel technologies. This study aims to examine the opportunities and challenges associated with the integration of AI into marketing strategies. The research revealed AI's impact on personalising marketing content, enabling companies to foster more profound consumer interactions. The study then examined AI's role in decision-making, where using sophisticated analytical tools leads to more justified and effective strategies. The article's conclusions indicate that AI has the potential to enhance the effectiveness of marketing campaigns, mainly through the personalisation of consumer interactions and the optimisation of marketing operations. The research provides a framework for further scientific investigation in this field, focusing on developing effective regulations and standards that will enable the realisation of AI's potential in marketing while minimising the risk of adverse effects.",data analysis; decision-making; ethical aspects; personalization; privacy protection; technological innovations,Editorial Primmate,wos-ai,0,Thinking AI,"['personalisation', 'decision-making', 'consumer interactions', 'analytical tools', 'marketing strategies', 'effectiveness', 'optimisation']","The abstract discusses the integration of AI into marketing strategies, focusing on personalisation and decision-making. It highlights how AI enhances marketing campaigns through tailored content and effective strategies, which aligns closely with the definitions of Thinking AI, particularly in market analysis and personalization. The emphasis on effective decision-making and the use of analytical tools further supports this classification.",0%,0%,100%,0%,0%
Should live broadcasting platforms adopt artificial intelligence? A sales effort perspective,"Xu, XP; Wang, YT; Cheng, T; Choi, TM",2024,10.1016/j.ejor.2024.05.021,"We analytically investigate a supply chain (SC) that is composed of a manufacturer and a live broadcasting platform, and examine whether the latter should adopt artificial intelligence (AI) considering sales effort. We consider several important factors that affect the SC partners' decision-making including live broadcasting power, consumer expectations of the product, and unfit probability that the consumer is unsatisfied with the bought product. Specifically, the live broadcasting power refers to the power of influencers' personal influence and fans group to enhance product sales. The results are as follows: First, the optimal production quantity of the offline channel (platform) exhibits a positive (negative) correlation with the retail price of the offline channel in the agency mode with AI. Nevertheless, in the resale mode, the retail price of the offline channel has no influence on the two channels' optimal production quantities. Second, with low marginal cost of adopting AI, the live broadcasting platform should (not) adopt AI under high (low) live broadcasting power. With high marginal cost of adopting AI, the live broadcasting platform should (not) adopt AI under low or high (moderate) live broadcasting power. In addition, the manufacturer without AI should select the agency mode (resale mode) under high (low) live broadcasting power, while the manufacturer with AI should always collaborate with the live broadcasting platform implementing the agency mode. Finally, the agency and resale modes can achieve coordination between the two firms. We also consider the partial unfit probability, hybrid mode, and webrooming behavior to extend our study, and numerically demonstrate our analytical findings' robustness.",OR in marketing; Live broadcasting; Sales effort; Artificial intelligence (AI),ELSEVIER,wos-ai,9,Thinking AI,"['live broadcasting power', 'consumer expectations', 'sales effort', 'optimal production quantity', 'agency mode', 'resale mode']","The abstract discusses the impact of artificial intelligence on decision-making within a supply chain involving a manufacturer and a live broadcasting platform. It emphasizes market analysis through variables like live broadcasting power and consumer expectations, which aligns with the Thinking AI category focused on market analysis and targeting. The investigation into production quantities and pricing strategies also indicates strategic analysis, a hallmark of Thinking AI.",0%,0%,100%,0%,0%
Current Trends in Social Media Marketing and the Future of the Chat GPT Industry,"Oklander, M; Panchenko, M; Pavlishyna, N; Larina, K; Boiko, R",2024,,"Modern trends in social media marketing are evolving rapidly, and the future of this area is becoming more certain with the availability of artificial intelligence technologies, including GPT chat. Studying these trends is not only relevant but also important for understanding the dynamics of social media marketing and future prospects for its development. In this context, the purpose of the research is to study the impact of artificial intelligence, in particular GPT chat, on social media marketing strategies. The following methods were used in the study: monographic analysis of literature sources, systematic approach to the development of terminology, inductive and deductive methods, graphical and tabular methods. The study examines current trends in the use of GPT chat in marketing activities, noting that it can significantly improve the personalisation of communication and the effectiveness of advertising strategies. It is noted that the introduction of artificial intelligence into marketing campaigns can significantly increase their effectiveness and functionality, in particular, by contributing to an increase in the return on investment through better target audience coverage and the development of effective content. AI can also improve marketing results, increase productivity, conduct audience analysis, and give companies a competitive advantage through better decision- making and reduced risk. The article concludes that the use of GPT chat and other artificial intelligence tools in marketing has significant potential for success in the digital age. The findings have practical implications, as they can help companies improve customer experience and increase the effectiveness of social media marketing strategies.",Marketing Strategies; Digital Marketing; Artificial Intelligence; Marketing Trends; Content Personalisation; Data Analysis In Marketing,PACIFIC INST MANAGEMENT,wos-ai,0,Thinking AI,"['artificial intelligence', 'GPT chat', 'social media marketing', 'personalisation', 'advertising strategies', 'audience analysis', 'competitive advantage', 'marketing results']","The abstract discusses the impact of artificial intelligence, specifically GPT chat, on social media marketing strategies. It highlights the importance of personalized communication and effective advertising, which aligns with the focus on market analysis and targeting found in the Thinking AI category. The mention of improving marketing results and conducting audience analysis further supports this classification.",10%,10%,80%,0%,0%
Transforming customer engagement with artificial intelligence E-marketing: an E-retailer perspective in the era of retail 4.0,"Behera, RK; Bala, PK; Rana, NP; Algharabat, RS; Kumar, K",2024,10.1108/MIP-04-2023-0145,"PurposeWith the advancement of digital transformation, it is important for e-retailers to use artificial intelligence (AI) for customer engagement (CE), as CE enables e-retail brands to succeed. Essentially, AI e-marketing (AIeMktg) is the use of AI technological approaches in e-marketing by blending customer data, and Retail 4.0 is the digitisation of the physical shopping experience. Therefore, in the era of Retail 4.0, this study investigates the factors influencing the use of AIeMktg for transforming CE.Design/methodology/approachThe primary data were collected from 305 e-retailer customers, and the analysis was performed using a quantitative methodology.FindingsThe results reveal that AIeMktg has tremendous applications in Retail 4.0 for CE. First, it enables marketers to swiftly and responsibly use data to anticipate and predict customer demands and to provide relevant personalised messages and offers with location-based e-marketing. Second, through a continuous feedback loop, AIeMktg improves offerings by analysing and incorporating insights from a 360-degree view of CE.Originality/valueThe main contribution of this study is to provide theoretical underpinnings of CE, AIeMktg, factors influencing the use of AIeMktg, and customer commitment in the era of Retail 4.0. Subsequently, it builds and validates structural relationships among such theoretical underpinning variables in transforming CE with AIeMktg, which is important for customers to expect a different type of shopping experience across digital channels.",Artificial intelligence; Customer engagement; Customer commitment; Retail 4.0; E-Marketing,EMERALD GROUP PUBLISHING LTD,wos-ai,6,Feeling AI,"['customer engagement', 'personalised messages', 'customer demands', 'feedback loop', 'customer commitment', 'emotional preferences']","The abstract emphasizes the role of AI in enhancing customer engagement through personalized communication and understanding customer needs. It discusses the use of AIeMktg to predict customer demands and provide tailored offers, which aligns with the focus on understanding and meeting customer emotional needs. Additionally, the continuous feedback loop mentioned in the findings suggests a relational approach to customer engagement, characteristic of Feeling AI.",60%,20%,15%,0%,5%
Role of artificial intelligence in customer engagement: a systematic review and future research directions,"Gupta, Y; Khan, FM",2024,10.1108/JM2-01-2023-0016,"PurposeThe purpose of this study is to comprehend how AI aids marketers in engaging customers and generating value for the company by way of customer engagement (CE). CE is a popular area of research for scholars and practitioners. One area of research that could have far-reaching ramifications with regard to strengthening CE is artificial intelligence (AI). Consequently, it becomes extremely important to understand how AI is helping the marketer reach customers and create value for the firm via CE. Design/methodology/approachA detailed approach using both systematic review and bibliometric analysis was used. It involved identifying key research areas, the most influential authors, studies, journals, countries and organisations. Then, a comprehensive analysis of 50 papers was carried out in the four identified clusters through co-citation analysis. Furthermore, a content analysis of 42 articles for the past six years was also conducted. FindingsEmerging themes explored through cluster analysis are CE concepts and value creation, social media strategies, big data innovation and significance of AI in tertiary industry. Identified themes for content analysis are CE conceptualisation, CE behaviour in social media, CE role in value co-creation and CE via AI. Research limitations/implicationsCE has emerged as a topic of great interest for marketers in recent years. With the rapid growth of digital media and the spread of social media, firms are now embarking on new online strategies to promote CE (Javornik and Mandelli, 2012). In this review, the authors have thoroughly assessed multiple facets of prior research papers focused on the utilisation of AI in the context of CE. The existing research papers highlighted that AI-powered chatbots and virtual assistants offer real-time interaction capabilities, swiftly addressing inquiries, delivering assistance and navigating customers through their experiences (Cheng and Jiang, 2022; Naqvi et al., 2023). This rapid and responsive engagement serves to enrich the customer's overall interaction with the business. Consequently, this research can contribute to a comprehensive knowledge of how AI is assisting marketers to reach customers and create value for the firm via CE. This study also sheds light on both the attitudinal and behavioural aspects of CE on social media. While existing CE literature highlights the motivating factors driving engagement, the study underscores the significance of behavioural engagement in enhancing firm performance. It emphasises the need for researchers to understand the intricate dynamics of engagement in the context of hedonic products compared to utilitarian ones (Wongkitrungrueng and Assarut, 2020). CEs on social media assist firms in using their customers as advocates and value co-creators (Prahalad and Ramaswamy, 2004; Sawhney et al., 2005). A few of the CE themes are conceptual in nature; hence, there is an opportunity for scholarly research in CE to examine the ways in which AI-driven platforms can effectively gather customer insights. As per the prior relationship marketing studies, it is evident that building relationships reduces customer uncertainty (Barari et al., 2020). Therefore, by using data analysis, businesses can extract valuable insights into customer preferences and behaviour, equipping them to engage with customers more effectively. Practical implicationsThe rapid growth of social media has enabled individuals to articulate their thoughts, opinions and emotions related to a brand, which creates a large amount of data for VCC. Meanwhile, AI has emerged as a radical way of providing value content to users. It expands on a broader concept of how software and algorithms work like human beings. Data collected from customer interactions are a major prerequisite for efficiently using AI for enhancing CE. AI not only reduces error rates but, at the same time, helps human beings in decision-making during complex situations. Owing to built-in algorithms that analyse large amounts of data, companies can inspect areas that require improvement in real time. Time and resources can also be saved by automating tasks contingent on customer responses and insights. AI enables the analysis of customer data to create highly personalised experiences. It can also forecast customer behaviour and trends, helping businesses anticipate needs and preferences. This enables proactive CE strategies, such as targeted offers or timely outreach. Furthermore, AI tools can analyse customer feedback and sentiment across various channels. This feedback can be used to make necessary improvements and address concerns promptly, ultimately fostering stronger customer relationships. AI can facilitate seamless engagement across multiple digital channels, ensuring that customers can interact with a brand through their preferred means, be it social media, email, or chat. Consequently, this research proposes that practitioners and companies can use analysis performed by AI-enabled systems on CEB, which can assist companies in exploring the extent to which each product influences CE. Understanding the importance of these attributes would assist companies in developing more memorable CE features. Originality/valueThis study examines how prominent CE and AI are in academic research on social media by identifying research gaps and future developments. This research provides an overview of CE research and will assist academicians, regulators and policymakers in identifying the important topics that require investigation.",Artificial intelligence; Customer engagement; Social media; Value co-creation; Literature review,EMERALD GROUP PUBLISHING LTD,wos-ai,2,Feeling AI,"['customer engagement', 'personalized experiences', 'customer preferences', 'customer feedback', 'customer relationships', 'emotional needs']","The abstract discusses how AI improves customer engagement (CE) by providing personalized experiences and understanding customer preferences and emotional needs. It highlights the importance of analyzing customer feedback and sentiment, which aligns with the Feeling AI category focused on customer understanding and relationalization. The study emphasizes how AI tools can tailor communication based on these emotional preferences, fostering stronger relationships with customers.",60%,20%,20%,0%,0%
Leveraging Business Intelligence Systems for Enhanced Corporate Competitiveness: Strategy and Evolution,"Jiménez-Partearroyo, M; Medina-López, A",2024,10.3390/systems12030094,"This study contextualizes the transformative role of Business Intelligence (BI) over the past two decades, emphasizing its impact on business strategy and competitive advantage. Employing a dual-method approach, it integrates a bibliometric analysis using SciMAT with a qualitative examination of six key articles from the Web of Science (WoS), analyzed through the Gioia methodology, focusing on BI and competitiveness. The aim is to examine the metamorphosis of Business Intelligence (BI) and how it has evolved from a traditionally supporting role to a central strategic player in shaping corporate strategy and business competitive advantage over the past two decades. It discusses the overall transformation of BI and provides an in-depth examination of the specific ways in which Business Intelligence tools have redefined the landscape in contemporary business practices. Key findings reveal BI's pivotal role in enhancing knowledge management, innovation, and marketing capabilities. Challenges in BI implementation, such as the necessity for skilled personnel and adaptability to swift technological shifts, are also highlighted. Results advocate for a dynamic BI approach, adaptable to market trends and technological evolutions. The research demonstrates that BI tools, especially when integrated with technologies like AI, IoT, and machine learning, significantly enhances decision making and efficiency in socio-technical and management systems, leading to a paradigm shift in handling complex systems and adapting to changing environments.",business intelligence; competitiveness; Gioia; SciMAT; data-driven; decision support systems,MDPI,wos-ai,2,Thinking AI,"['Business Intelligence', 'competitive advantage', 'market trends', 'decision making', 'knowledge management', 'marketing capabilities']","The abstract discusses the strategic role of Business Intelligence (BI) in enhancing decision-making, competitive advantage, and overall market analysis. It emphasizes how BI tools can redefine business practices and adapt to market trends, aligning closely with the focus on market analysis and targeting found in the Thinking AI category. The integration of BI with technologies like AI and machine learning enhances marketing capabilities, which further supports this classification.",0%,0%,100%,0%,0%
The impact of artificial intelligence on re-purchase intentions: the mediation approach,"Alkaied, RN; Khattab, SA; Al Shaar, IM; Abu Zaid, MK; Al-Bazaiah, SAI",2024,10.17323/2587-814X.2024.3.87.107,"Purchases made on online platforms have heavily incorporated artificial intelligence (AI) to shape consumer purchasing behavior. To investigate re-purchase intentions, this study combines AI, social media engagement, conversion rate optimization, brand experience and brand preference. A survey was conducted with a questionnaire sent to 355 people who had at least once purchased or used services offered online from any site associated with aviation. The questionnaire was analyzed using structural equation modeling. Utilizing Amos V.22, the study hypotheses were assessed. The empirical results show that social media engagement, brand experience, brand preference and conversion rate optimization were all impacted by AI. Conversion rate optimization and social media interaction also have an impact on brand preference and experience. Re-purchase intention is influenced by brand preference and brand experience. Additionally, the association between AI and re-purchase intention was mediated by social media engagement, brand experience, conversion rate optimization and brand preference. The study will support airline companies in developing AI and creating more effective branding and marketing campaigns to increase customer intention to re-purchase. This study discovered that the use of AI in marketing significantly improved brand preference, which subsequently affected consumers' desire to make additional purchases. Furthermore, to improve long-term commercial performance and brand attractiveness, the airline should focus brand-building efforts on AI. Thus, the airline ought to make greater investments in AI and booking service technology, both to draw in new business and to strengthen existing ones.",artificial intelligence; conversion rate optimization; social media engagement; brand experience; brand preference; re-purchase intention,"NATL RESEARCH UNIV, HIGHER SCH ECONOMICS",wos-ai,0,Feeling AI,"['consumer purchasing behavior', 'brand experience', 'brand preference', 'social media engagement', 're-purchase intention', 'customer intention']","The abstract discusses how AI impacts consumer behavior, particularly focusing on emotional aspects such as brand experience and brand preference, which are closely tied to customer understanding and relationalization. The findings suggest that emotional connections through brand experience and social media engagement significantly influence re-purchase intentions, aligning with the 'Feeling AI' category's focus on understanding and meeting customer emotional needs.",60%,20%,20%,0%,0%
Reshaping the World with Computer Technologies and Their Impact on the Development of Processes in the Field of Real Estate Trading,"Rockel, G; Rusko, M; Predajnianska, A",2024,10.12776/qip.v28i2.2024,"Purpose: This study examines artificial intelligence (AI) impact on real estate, highlighting its role in improving processes, enhancing customer experiences, and ensuring competitiveness while prioritising data protection and security. Methodology/Approach: A comprehensive literature review compared AI technologies in real estate, including drones, the Internet of Things (IoT), cloud computing, big data, 3D scanning, wearables, virtual and augmented realities, and robotics. It examines their impact on operations, focusing on AI in Heating, Ventilation and Air Conditioning (HVAC) systems for energy efficiency and comfort. Findings: AI enhances real estate development by optimising operations, transforming customer relationships, and improving energy efficiency and comfort with AI-controlled HVAC systems. Benefits include automated data processing, better decision-making, and optimised marketing strategies. Research Limitation/Implication: AI has great potential, but its implementation is in the early stages, including in real estate. Challenges include data protection, security, costs, and new hardware for HVAC systems. Broader real-case testing is needed. Originality/Value of paper: This paper broadens the perspective on AI's impact on real estate, showing how to implement AI in various processes. It improves performance and transforms customer experiences, setting new standards for property management. Category: General review",data processing development; real estate trade; artificial intelligence,TECHNICAL UNIV KOSICE,wos-ai,0,Out of Scope,"['artificial intelligence', 'real estate', 'customer experiences', 'energy efficiency', 'HVAC systems', 'automated data processing', 'optimised marketing strategies']","The abstract primarily discusses the application of artificial intelligence in the real estate sector, focusing on operational improvements, customer relationship transformation, and energy efficiency through AI-controlled systems. While it mentions 'optimised marketing strategies', the overall context does not relate directly to marketing as defined in the categories. The emphasis is more on operational enhancements rather than marketing analytics, customer targeting, or emotional engagement. Therefore, it falls outside the marketing-focused categories.",0%,0%,0%,100%,0%
Decoding AI readiness: An in-depth analysis of key dimensions in multinational corporations,"Tehrani, AN; Ray, S; Roy, SK; Gruner, RL; Appio, FP",2024,10.1016/j.technovation.2023.102948,"Artificial Intelligence (AI) stands ready to impact all aspects of business, from optimizing operations to personalizing services and enhancing customer value. However, many organizations grapple with implementing AI solutions due to a lack of necessary infrastructure and mechanisms. In short, many companies are not adequately prepared to adopt AI. To make matters worse, the literature does not offer sufficient insights into this issue. To help address this issue, in this article, the authors explore what it means to become 'AI-ready.' Specifically, this study identifies the various dimensions of AI readiness through in-depth semi-structured interviews with top- and middle-level managers from 52 multinational corporations in Southeast Asia, primarily in India. This study employed a qualitative data analysis approach to construct a grounded theory model focusing on AI readiness. The methodology involved systematic examination and coding of data to identify key themes and patterns, enabling the development of a comprehensive theoretical framework. The findings suggest that AI readiness can be categorized into eight dimensions: informational, environmental, infrastructural, participants, process, customers, data, and technological readiness. This study makes a significant contribution to marketing, management, and information systems by conceptualizing the AI readiness construct and identifying its key dimensions.",Artificial intelligence; AI readiness; Multinational corporations; AI adoption strategies; Work system framework,ELSEVIER,wos-ai,7,Not Identified,"['AI readiness', 'infrastructure', 'dimensions', 'qualitative data analysis', 'theoretical framework']","The abstract discusses the concept of 'AI readiness' and its various dimensions within organizations, as well as the methodology used to explore this construct. While it touches on themes relevant to marketing, such as enhancing customer value and personalizing services, it does not provide clear examples or applications that fit into the categories of Mechanical AI, Thinking AI, or Feeling AI. Instead, it primarily focuses on organizational readiness for AI implementation, which is abstract and does not align with the specified categories.",0%,0%,0%,0%,100%
Augmenting machine learning with human insights: the model development for B2B personalization,"Yaghtin, S; Mero, J",2024,10.1108/JBIM-02-2023-0073,"PurposeMachine learning (ML) techniques are increasingly important in enabling business-to-business (B2B) companies to offer personalized services to business customers. On the other hand, humans play a critical role in dealing with uncertain situations and the relationship-building aspects of a B2B business. Most existing studies advocating human-ML augmentation simply posit the concept without providing a detailed view of augmentation. Therefore, the purpose of this paper is to investigate how human involvement can practically augment ML capabilities to develop a personalized information system (PIS) for business customers.Design/methodology/approachThe authors developed a research framework to create an integrated human-ML PIS for business customers. The PIS was then implemented in the energy sector. Next, the accuracy of the PIS was evaluated using customer feedback. To this end, precision, recall and F1 evaluation metrics were used.FindingsThe computed figures of precision, recall and F1 (respectively, 0.73, 0.72 and 0.72) were all above 0.5; thus, the accuracy of the model was confirmed. Finally, the study presents the research model that illustrates how human involvement can augment ML capabilities in different stages of creating the PIS including the business/market understanding, data understanding, data collection and preparation, model creation and deployment and model evaluation phases.Originality/valueThis paper offers novel insight into the less-known phenomenon of human-ML augmentation for marketing purposes. Furthermore, the study contributes to the B2B personalization literature by elaborating on how human experts can augment ML computing power to create a PIS for business customers.",Machine learning; B2B personalization; Human-machine learning augmentation; Personalized marketing; Business customers; Personalized information system,EMERALD GROUP PUBLISHING LTD,wos-ai,1,Feeling AI,"['human involvement', 'personalized services', 'relationship-building', 'customer feedback', 'augmented capabilities']","The abstract discusses the integration of human involvement with machine learning to enhance the personalization of services for business customers. It emphasizes how human experts can augment ML capabilities in understanding customer needs, which aligns closely with the 'Feeling AI' category that focuses on customer understanding and relationalization. The study aims to create a personalized information system (PIS) by leveraging human insights, which is indicative of addressing emotional preferences and fostering relationship-driven marketing strategies.",70%,20%,10%,0%,0%
AI credibility and consumer-AI experiences: a conceptual framework,"Khan, AW; Mishra, A",2024,10.1108/JSTP-03-2023-0108,"PurposeThis study aims to conceptualize the relationship of perceived artificial intelligence (AI) credibility with consumer-AI experiences. With the widespread deployment of AI in marketing and services, consumer-AI experiences are common and an emerging research area in marketing. Various factors affecting consumer-AI experiences have been studied, but one crucial factor - perceived AI credibility is relatively underexplored which the authors aim to envision and conceptualize.Design/methodology/approachThis study employs a conceptual development approach to propose relationships among constructs, supported by 34 semi-structured consumer interviews.FindingsThis study defines AI credibility using source credibility theory (SCT). The conceptual framework of this study shows how perceived AI credibility positively affects four consumer-AI experiences: (1) data capture, (2) classification, (3) delegation, and (4) social interaction. Perceived justice is proposed to mediate this effect. Improved consumer-AI experiences can elicit favorable consumer outcomes toward AI-enabled offerings, such as the intention to share data, follow recommendations, delegate tasks, and interact more. Individual and contextual moderators limit the positive effect of perceived AI credibility on consumer-AI experiences.Research limitations/implicationsThis study contributes to the emerging research on AI credibility and consumer-AI experiences that may improve consumer-AI experiences. This study offers a comprehensive model with consequences, mechanism, and moderators to guide future research.Practical implicationsThe authors guide marketers with ways to improve the four consumer-AI experiences by enhancing consumers' perceived AI credibility.Originality/valueThis study uses SCT to define AI credibility and takes a justice theory perspective to develop the conceptual framework.",AI credibility; Consumer-AI experience; Source credibility theory; Justice theory; Personalization; Customization,EMERALD GROUP PUBLISHING LTD,wos-ai,9,Feeling AI,"['perceived AI credibility', 'consumer-AI experiences', 'social interaction', 'perceived justice']","The abstract focuses on the relationship between perceived AI credibility and consumer experiences, emphasizing emotional elements such as social interaction and perceived justice, which align with understanding and meeting customer emotional needs. The study proposes that improved consumer-AI experiences lead to favorable outcomes, indicating a focus on relational aspects, making it fit within the Feeling AI category.",60%,20%,15%,0%,5%
Uncovering the dark side of AI-based decision-making: A case study in a B2B context,"Papagiannidis, E; Mikalef, P; Conboy, K; van de Wetering, R",2023,10.1016/j.indmarman.2023.10.003,"Over the last decade, many organizations worldwide have been assimilating Artificial Intelligence (AI) technologies to increase their productivity and attain a competitive advantage. As with any technology, intelligence systems come with potential downsides. Despite the efforts to mitigate any negative consequences of AI, businesses and employees continue to confront the dilemmas of adopting AI, so it is essential to explore in detail the rising concerns around such technologies. In this paper, we used a single case study to investigate the dark aspects of AI in a Norwegian energy trading firm. We gathered data through semi-structured interviews and secondary data. Specifically, we interviewed AI managers, traders and developers who have worked on deploying and using AI tools over the last three years. Our aim is to identify the dark side of AI use in trading, how AI trading bots affect the relationship between traders and AI developers and how the firm adjusts to this new reality. The findings indicate that negative or unintended consequences of AI can be grouped into three clusters related to (1) the nature of the work; (2) conflicts and effects; and (3) responsibility. The paper concludes with future research and practical implications that can help organiziations mitigate the negative aspects of AI use.",Artificial Intelligence; AI dark side; AI trading; B2B; AI challenges; AI decision making; Case study,ELSEVIER SCIENCE INC,wos-ai,9,Out of Scope,"['AI technologies', 'energy trading', 'negative consequences', 'traders', 'AI developers']","The abstract discusses the challenges and negative aspects of AI in an energy trading context, focusing on the implications of AI technologies in a non-marketing area. The content does not relate to marketing applications such as customer engagement, market analysis, or emotional understanding. It primarily addresses the operational and relational aspects of AI within a specific industry setting, which is outside the defined marketing applications.",0%,0%,0%,100%,0%
Examining the dark force consequences of AI as a new actor in B2B relationships,"Keegan, BJ; Iredale, S; Naudé, P",2023,10.1016/j.indmarman.2023.10.001,"Artificial intelligence (AI) in industrial marketing has seen significant research attention through various theoretical lenses with an emerging thread examining the dark side effects of AI. Thirty-four semi-structured interviews were conducted with buyers and suppliers of AI marketing solutions to investigate the consequences of AI 'dark forces' on B2B relationships. We posit AI as a new actor that has blurred the lines of the actors-resourcesactivities model. Findings show AI is now considered a new actor within B2B networks wielding dark force consequences such as algorithmic gatekeeping, which initiates dehumanization effects. In addition, AI is reliant on access to datasets which drives up resource costs. A lack of accountability of AI marketing solutions leads to opportunistic behaviours compromising actor relationships. Our conceptual model maps our understanding of the dark force consequences underpinning theoretical and managerial implications and recommendations for increased awareness and mitigation of dark forces.",Artificial intelligence; B2B relationships; Dark forces; Tensions; Dehumanization,ELSEVIER SCIENCE INC,wos-ai,1,Not Identified,"['AI', 'dark forces', 'B2B relationships', 'algorithmic gatekeeping', 'dehumanization', 'accountability', 'opportunistic behaviours']","The abstract discusses the implications of AI in the context of B2B relationships and identifies the dark side effects of AI, such as algorithmic gatekeeping and dehumanization. However, it does not fit neatly into the specified categories of Mechanical AI, Thinking AI, or Feeling AI, as it primarily focuses on the consequences and challenges posed by AI rather than practical applications in data collection, market analysis, or emotional understanding. Therefore, it is classified as 'Not Identified'.",0%,0%,0%,0%,100%
Machine learning in marketing: Recent progress and future research directions,"Herhausen, D; Bernritter, SF; Ngai, EWT; Kumar, A; Delen, D",2024,10.1016/j.jbusres.2023.114254,"Decision-making in marketing has changed dramatically in the past decade. Companies increasingly use algorithms to generate predictions for marketing decisions, such as which consumers to target with which offers. Such algorithmic decision-making promises to make marketing more intelligent, efficient, consumer-friendly, and, ultimately, more effective. Not surprisingly, machine learning is a trending topic for marketing researchers and practitioners. However, machine learning also introduces important challenges to the marketing landscape. We discuss this development by outlining recent progress and future research directions of machine learning in marketing. Specifically, we provide an overview of typical machine learning applications in marketing and present a guiding framework. We position the articles in the Journal of Business Research's Special Issue on Machine Learning in Marketing within this framework and conclude by putting forward a research agenda to further guide future research in this area.",Machine learning; Privacy; Algorithm; Marketing; Research agenda,ELSEVIER SCIENCE INC,wos-ai,10,Thinking AI,"['machine learning', 'marketing decisions', 'predictions', 'targeting', 'consumer preferences', 'market analysis', 'algorithmic decision-making']","The abstract discusses the use of machine learning algorithms to make predictions related to marketing decisions, such as targeting consumers with specific offers. This aligns closely with the 'Thinking AI' category, particularly the focus on market analysis and targeting. The emphasis on using machine learning to optimize marketing strategies and decisions also supports this classification.",0%,20%,80%,0%,0%
Unlocking Consumer Choices in the Digital Economy: Exploring Factors Influencing Online and Offline Purchases in the Emerging Pet Food Market,"Liu, ZX",2023,10.1007/s13132-023-01490-8,"The study focuses on understanding consumer behavior in the pet food market, specifically the factors influencing choices between online and offline purchases. With the rise of the pet economy and digital transformation, this research addresses a gap in understanding the intricacies of consumer decision-making in this niche market. A comprehensive survey was conducted targeting pet owners and potential consumers to explore the impact of factors like price, logistics, service, and quality on consumer behavior. Key findings highlight the significant influence of price sensitivity on consumers' choices. Competitive prices drove online purchases, with consumers often seeking cost-effective options. Convenience and efficiency also played pivotal roles; faster shipping and efficient logistics favored online shopping. Novel factors influencing online purchases included logistics packaging quality, charitable associations, trust in logistics companies, and genuine product guarantees. These findings underscore the need for businesses to focus on price competitiveness, convenience, trust-building, and customer-centric services to thrive in the digital pet food market. The research contributes theoretically by enhancing understanding of consumer behavior in the digital landscape and managerially by offering insights for businesses to optimize strategies. Future research directions include exploring technological impacts like AI and virtual reality, diving deeper into psychological mechanisms driving consumer responses, and broadening the sample to include diverse age groups. This study enriches the existing knowledge of consumer behavior, digital marketing, and e-commerce strategies, guiding businesses in the evolving pet economy.",Digital economy; Consumer behavior; Pet economy; Pet food market; E-commerce; Industry 4.0,SPRINGER,wos-ai,2,Feeling AI,"['consumer behavior', 'trust', 'emotional needs', 'price sensitivity', 'charitable associations']","The abstract focuses on understanding consumer behavior in the pet food market, which directly relates to emotional data and customer analytics to comprehend existing and potential customer needs. It discusses factors like trust in logistics, convenience, and the emotional responses related to price sensitivity and charitable associations, emphasizing how these aspects influence consumer decisions. This aligns with the objectives of Feeling AI, which seeks to understand and meet customer emotional needs and wants.",70%,15%,15%,0%,0%
"A consumer perspective of AI certification - the current certification landscape, consumer approval and directions for future research","Blösser, M; Weihrauch, A",2024,10.1108/EJM-01-2023-0009,"PurposeIn spite of the merits of artificial intelligence (AI) in marketing and social media, harm to consumers has prompted calls for AI auditing/certification. Understanding consumers' approval of AI certification entities is vital for its effectiveness and companies' choice of certification. This study aims to generate important insights into the consumer perspective of AI certifications and stimulate future research.Design/methodology/approachA literature and status-quo-driven search of the AI certification landscape identifies entities and related concepts. This study empirically explores consumer approval of the most discussed entities in four AI decision domains using an online experiment and outline a research agenda for AI certification in marketing/social media.FindingsTrust in AI certification is complex. The empirical findings show that consumers seem to approve more of non-profit entities than for-profit entities, with the government approving the most.Research limitations/implicationsThe introduction of AI certification to marketing/social media contributes to work on consumer trust and AI acceptance and structures AI certification research from outside marketing to facilitate future research on AI certification for marketing/social media scholars.Practical implicationsFor businesses, the authors provide a first insight into consumer preferences for AI-certifying entities, guiding the choice of which entity to use. For policymakers, this work guides their ongoing discussion on who should certify AI from a consumer perspective.Originality/valueTo the best of the authors' knowledge, this work is the first to introduce the topic of AI certification to the marketing/social media literature, provide a novel guideline to scholars and offer the first set of empirical studies examining consumer approval of AI certifications.",Artificial intelligence; AI certification; Consumer trust; AI regulation; Fair AI,EMERALD GROUP PUBLISHING LTD,wos-ai,5,Thinking AI,"['AI certification', 'consumer approval', 'trust', 'non-profit entities', 'for-profit entities']","The abstract discusses the consumer perspective on AI certification entities in marketing and social media, focusing on trust and approval of different types of certifying organizations. This aligns with the strategic analysis involved in understanding market dynamics and consumer preferences, which is a key aspect of Thinking AI. The research aims to analyze consumer behavior and preferences, fitting well within the scope of market analysis and targeting. There is no emphasis on emotional data or automated processes that would indicate Feeling or Mechanical AI.",0%,0%,100%,0%,0%
Disruptive AI: the response depends on the buyer's political ideology,"van Esch, P",2024,10.1108/JBIM-03-2023-0126,"PurposeThe recent pandemic disrupted the way in which businesses transact with each other. In response to maintaining cleanliness in business-to-business (B2B) settings, artificial intelligence (AI)-enabled robots have been adopted as substitutes for cleaning personnel, yet their implications remain largely underexamined. This study aims to examine B2B buyer responses to cleaning information notices (human vs AI-enabled agent) placed at either the entry to the premises or the sales counter, thereby adding to the nascent literature in this line of inquiry.Design/methodology/approachThree field experiments were conducted across diverse B2B businesses (wholesalers in Studies 1-2 and a commercial business in Study 3). To achieve greater empirical rigor and generalizability, this research used diverse stimuli across different B2B settings. In addition, the results ruled out alternate explanations and shed light upon political ideology as a boundary condition. Finally, a single-paper meta-analysis confirmed H1, consolidating the established effect.FindingsFeaturing over 1,000 B2B buyers, the results show that politically liberal B2B buyers express greater preference for human over AI-performed cleaning while labor-orientated buyers are indifferent. Importantly, this effect is driven by greater relaxation associated with humans, which in turn, increases their future patronage and referral intent.Originality/valueThe results enrich the collective knowledge of the adoption of AI-enabled robots, reinforcing for marketing practitioners and businesses that the reliance on human-based outcomes remains a preferred touchpoint in B2B settings, particularly for liberals.",Artificial intelligence (AI); Future patronage intent; Political ideology; Referral intent; Relaxation; State-based emotions,EMERALD GROUP PUBLISHING LTD,wos-ai,5,Feeling AI,"['B2B buyer responses', 'human vs AI-enabled agent', 'politically liberal buyers', 'preference for human', 'relaxation', 'future patronage', 'referral intent']","The abstract emphasizes the emotional responses of B2B buyers towards human versus AI cleaning agents, particularly highlighting how political ideology influences these preferences and the resultant feelings of relaxation associated with human agents. This aligns with the focus of Feeling AI on understanding and meeting customer emotional needs and wants, as well as the desire for an engaging experience.",70%,10%,10%,5%,5%
Exploring international students' adoption of AI-enabled voice assistants in enrolment decision making: a grounded theory approach,"Pawar, SK; Vispute, SA",2024,10.1080/08841241.2023.2239720,"The proliferation and increasing significance of AI-enabled voice assistants (AIVAs) for consumer purchase decisions imply the need for a better understanding of their acceptance in the higher education (HE) enrollment context. Using the Grounded Theory (GT) research method and a consumer value perspective, we examine the enrolment decision-making of international students in the presence of AIVAs to propose a conceptual model linking value to adoption. Findings highlight the influence of the key antecedents of hedonic and functional value in AIVA adoption. The findings also indicate that the student and the AIVA can co-create novel experiences during information search and evaluation of enrollment alternatives. Some participants proactively suggest a larger role for the AIVA to aid their enrollment decision-making. Points of attention for university marketing managers are suggested based on the proposed core concept and the resulting tentative hypotheses.",AI-enabled voice assistants; international marketing of higher education; university marketing strategy; consumer behaviour; international students; enrollment decision-making,"ROUTLEDGE JOURNALS, TAYLOR & FRANCIS LTD",wos-ai,9,Feeling AI,"['AIVA adoption', 'hedonic value', 'functional value', 'co-create experiences', 'enrollment decision-making']","The abstract discusses the acceptance of AI-enabled voice assistants (AIVAs) in the context of higher education enrollment, focusing on the emotional and experiential aspects of decision-making for international students. It emphasizes the influence of hedonic and functional value, which relates to customer emotional engagement and understanding their needs. Since the findings highlight the co-creation of experiences and suggest that AIVAs can aid in decision-making, this aligns closely with the definitions under Feeling AI, which focuses on customer understanding and personalized experiences.",60%,10%,20%,5%,5%
Exploring the Role of AI in B2B Customer Journey Management: Towards an IPO Model,"Khvatova, T; Appio, FP; Ray, S; Schiavone, F",2024,10.1109/TEM.2023.3284532,"Artificial intelligence (AI) is becoming a pervasive technology and companies are increasingly urged to adopt and implement it in order to thrive and innovate. While much has been researched on the role AI can play in business-to customer (B2C) settings, a research gap exists when it comes to business-to-business (B2B), which is characterized by higher complexity, increasing number of players, and larger volumes of data. In such a context, an emerging issue deals with the possibility of understanding how companies can leverage AI to aptly manage the customer journey. This aspect touches on many organizational activities, so managers must be aware of existing solutions, process implications, and potential outcomes. In this article, we present an empirical study of 61 Indian B2B companies and provide an input-process-output (IPO) framework to help managers understand and profit from AI solutions while effectively managing the customer journey. We add value to literature on using AI to improve the customer journey in B2B settings. The developed IPO model can be used as a roadmap for introducing AI in managing customer journeys as well as a strategic instrument for organizational change and design.",Artificial intelligence (AI); business-to-business (B2B); customer journey; input-process-output (IPO) model; multiple cases,IEEE-INST ELECTRICAL ELECTRONICS ENGINEERS INC,wos-ai,1,Thinking AI,"['artificial intelligence', 'customer journey', 'B2B', 'management', 'organizational activities', 'empirical study', 'input-process-output framework']","The abstract discusses the application of AI in managing the customer journey specifically in B2B contexts. It emphasizes the need for market analysis and understanding organizational processes related to customer interactions. The development of the IPO framework suggests a strategic analysis tool that aligns with the principles of Thinking AI, which focuses on market analysis and targeting. Although the abstract mentions organizational activities, it does not specifically address emotional data or customer emotional preferences, which would align it with Feeling AI. Therefore, the primary focus is on strategic implications and market analysis within a B2B context.",0%,20%,80%,0%,0%
Artificial intelligence (AI) competencies for organizational performance: A B2B marketing capabilities perspective,"Mikalef, P; Islam, N; Parida, V; Singh, H; Altwaijry, N",2023,10.1016/j.jbusres.2023.113998,"The deployment of Artificial Intelligence (AI) has been accelerating in several fields over the past few years, with much focus placed on its potential in Business-to-Business (B2B) marketing. Early reports highlight promising benefits of AI in B2B marketing such as offering important insights into customer behaviors, identifying critical market insight, and streamlining operational inefficiencies. Nevertheless, there is a lack of understanding con-cerning how organizations should structure their AI competencies for B2B marketing, and how these ultimately influence organizational performance. Drawing on AI competencies and B2B marketing literature, this study develops a conceptual research model that explores the effect that AI competencies have on B2B marketing capabilities, and in turn on organizational performance. The proposed research model is tested using 155 survey responses from European companies and analyzed using partial least squares structural equation modeling. The results highlight the mechanisms through which AI competencies influence B2B marketing capabilities, as well as how the later impact organizational performance.",Artificial intelligence; B2B marketing; AI competencies; Core competencies theory,ELSEVIER SCIENCE INC,wos-ai,25,Thinking AI,"['AI competencies', 'B2B marketing capabilities', 'organizational performance', 'market insight', 'customer behaviors']","The abstract discusses the impact of AI competencies on B2B marketing capabilities and organizational performance, which aligns with the analytical and strategic aspects of Thinking AI. It emphasizes market analysis and the identification of critical insights, which are core to this category. The focus is not on emotional aspects or automated processes but rather on leveraging AI for strategic market positioning and performance enhancement.",0%,0%,100%,0%,0%
Technology readiness of B2B firms and AI-based customer relationship management capability for enhancing social sustainability performance,"Rahman, MS; Bag, S; Gupta, S; Sivarajah, U",2023,10.1016/j.jbusres.2022.113525,"This study contributes to the extant literature by empirically investigating the influence of Business-to-Business (B2B) firms' technology readiness on information technology capability and artificial intelligence-based customer relationship management (AI-CRM) and finally, on relationship performance and social sustainabil-ity performance. We leverage primary data from 217 samples and examine the firm's social sustainability per-formance. Drawing on the paradigm of dynamic capability view, we found that a B2B firm's technology readiness has a positive relationship with information and communication technology and AI-CRM capability. Information and communication technology capability also has a positive and significant relationship with AI-CRM capa-bility. B2B firms' relationship performance has a significant and positive relationship with social sustainability performance. A key finding of this study is that a B2B firm's information and communication technology capability mediates between technology readiness and AI-CRM capability. Additionally, industry dynamism also moderates the link between information and communication technology capability and AI-CRM capability.",B2B; Artificial Intelligence; Firm Technology Readiness; Digitalization; CRM-Capability; Relationship Performance,ELSEVIER SCIENCE INC,wos-ai,49,Thinking AI,"['technology readiness', 'information technology capability', 'AI-CRM', 'relationship performance', 'social sustainability performance']","The abstract discusses the influence of technology readiness and IT capability on AI-CRM and their impact on relationship performance and social sustainability. This aligns with the focus on strategic analysis and market analysis in 'Thinking AI', particularly in understanding how capabilities can enhance competitive advantages and relationships within B2B settings.",0%,0%,100%,0%,0%
Applications of artificial intelligence in B2B marketing: Challenges and future directions,"Moradi, M; Dass, M",2022,10.1016/j.indmarman.2022.10.016,"With the growing popularity of artificial intelligence (AI) transforming business-to-business (B2B) marketing, there is a growing demand to comprehensively understand the adoption and application of AI to advance B2B marketing. This study examines AI methods and their applications in B2B marketing across the four customer life cycle stages of reach, acquisition, conversion, and retention. The paper also analyzes and synthesizes the findings of five B2B industry surveys conducted to do the following: 1) examine B2B marketers' knowledge and attitudes toward using AI in their businesses, 2) determine the various ways in which AI is used in B2B marketing, and 3) investigate the perceived merits and challenges of using AI in B2B marketing. The findings reconcile various machine learning (ML) techniques suitable for use by B2B marketers. Employing the technology acceptance model (TAM), the paper identifies how B2B marketers perceive the benefits of AI adoption. Furthermore, this study discusses the perceived barriers to AI adoption, including data privacy challenges and the replacement of human workforces. To further highlight the benefits of AI, the study showcases three examples of successful AI adoption in B2B marketing. The paper concludes by summarizing the theoretical and managerial implications of AI adoption in B2B marketing and directions for future studies.",Artificial intelligence; Machine learning; Propensity model; Deep learning; B2B marketing; Technology acceptance model,ELSEVIER SCIENCE INC,wos-ai,28,Thinking AI,"['artificial intelligence', 'B2B marketing', 'customer life cycle', 'market analysis', 'perceived merits', 'challenges', 'technology acceptance model', 'AI adoption']","The abstract discusses the adoption and application of AI in B2B marketing, focusing on various methods and their relevance across customer life cycle stages, which aligns with market analysis and targeting strategies. The examination of marketers' knowledge and attitudes towards AI, as well as the identification of benefits and challenges, aligns with strategic analysis and targeting. Additionally, the findings regarding machine learning techniques support the application of thinking AI for market analysis and targeting.",10%,15%,65%,0%,10%
"Marketing analytics capability, artificial intelligence adoption, and firms? competitive advantage: Evidence from the manufacturing industry","Hossain, MA; Agnihotri, R; Rushan, MRI; Rahman, MS; Sumi, SF",2022,10.1016/j.indmarman.2022.08.017,"Data-driven analytics and artificial intelligence (AI) have become the most crucial aspects of today's industrial marketing management. Although many firms have embraced analytics and AI strategies, corresponding academic advances have been slow. This research investigates how industrial goods manufacturers sustain their competitive advantage in export markets, convincing buyers in a competitive data-rich business environment. The evidence has been taken from the RMG (readymade garment) industry, one of the largest manufacturing industries significantly attached to the export markets. Utilizing multi-phase research design, the study reveals that firms marketing analytics capability play a vital role in sensing, seizing, and reconfiguring the market, consequently leading to a sustained competitive advantage. The performance of sensing, seizing, and reconfiguring becomes higher for a firm when they adopt AI on the strength of the marketing analytics platform. These findings exhibit the latest avenue of exploration within marketing analytics and AI's academic research paradigm. Further, in practice, managers will be aware of the facts that create resilience in this specific industry context.",Marketing analytics capability; AI adoption; Market sensing; Market seizing; Market reconfiguration; Manufacturing industry; B2B export market,ELSEVIER SCIENCE INC,wos-ai,42,Thinking AI,"['marketing analytics', 'competitive advantage', 'data-rich business environment', 'sensing', 'seizing', 'reconfiguring']","The abstract discusses the role of marketing analytics and AI in sustaining competitive advantage, particularly in the context of the RMG industry. It emphasizes the importance of analyzing market conditions and leveraging data to enhance performance, which aligns closely with the definition of Thinking AI focused on market analysis and identifying competitive advantages.",0%,0%,100%,0%,0%
Artificial intelligence focus and firm performance,"Mishra, S; Ewing, MT; Cooper, HB",2022,10.1007/s11747-022-00876-5,"Artificial Intelligence is poised to transform all facets of marketing. In this study, we examine the link between firms' focus on AI in their 10-K reports and their gross and net operating efficiency. 10-K reports are a salient source of insight into an array of issues in accounting and finance research, yet remain relatively overlooked in marketing. Drawing upon economic and marketing theory, we develop a guiding framework to show how firms' AI focus could be related to gross and net operating efficiency. We then use a system of simultaneous equations to empirically test the relationship between AI focus and operating efficiency. Our findings confirm that US-listed firms are in a state of impending transformation with regards to AI. We show how AI focus is associated with improvements in net profitability, net operating efficiency and return on marketing-related investment while reducing adspend and creating jobs.",Firm performance; Firm efficiency; Artificial intelligence; Marketing metrics,SPRINGER,wos-ai,43,Thinking AI,"['AI focus', 'operating efficiency', 'gross profitability', 'net operating efficiency', 'return on marketing-related investment', 'adspend']","The abstract discusses the relationship between firms' focus on AI and their operating efficiencies, including profitability and investment returns. This aligns with the 'Thinking AI' category, which emphasizes market analysis and strategic targeting. The study's framework and empirical testing suggest a strategic use of AI for competitive advantages and efficiency improvements in marketing.",0%,0%,100%,0%,0%
Artificial Intelligence and its Role in Transforming Marketing and Impact on Consumer Perception,"Rani, TS; Garg, U; Kalyani, P",2022,,"With every changing product and service landscape the customer needs and their expectations are also evolving. In terms of quick delivery and quick response to customer queries an organization is left with no choice but to adapt to the latest technologies like Artificial Intelligence (AI). Artificial Intelligence is the capacity of machines to recognize, learn and make decision from its surrounding environment. This paper is an attempt to identify the ways how artificial intelligence is transforming marketing. It also aims to study the impact of awareness of AI on perception of use of AI with reference to different uses of AI during the customer journey. The select sample belongs to the area of Hyderabad and Secunderabad. Correlation and regression results showed that impact of awareness of AI on perception of use of AI with reference to voice search was found to be having significant influence. However, it was found that there was no impact of awareness of AI on perception of other four uses in the study. AI is one among the emerging technologies which is still in the introduction stage and to some extent an inscrutable event though AI is already impacting the customers lives in a big way.",Artificial Intelligence; Consumer Buying; Transforming Marketing; Chatbots; Marketing Automation,PACIFIC INST MANAGEMENT,wos-ai,0,Thinking AI,"['Artificial Intelligence', 'customer needs', 'quick response', 'impact of awareness', 'perception of use', 'voice search']","The abstract discusses how AI is transforming marketing, particularly focusing on customer awareness and its impact on the perception of AI applications during the customer journey. The emphasis on understanding customer needs and the analysis of AI's influence on perceptions aligns more closely with market analysis and targeting strategies, which are key components of the Thinking AI category.",20%,10%,60%,0%,10%
"Sophia Sophia tell me more, which is the most risk-free plan of all? AI anthropomorphism and risk aversion in financial decision-making","Cui, YY",2022,10.1108/IJBM-09-2021-0451,"Purpose This research examines whether anthropomorphizing artificial intelligence (AI) chatbots alters consumers' risk preferences toward financial investment options involving differential risks. Design/methodology/approach An experimental approach has been adopted with three studies, all featuring a between-subjects design. Findings Through three studies, the findings document that, in a financial decision-making context, anthropomorphizing AI leads to significantly greater risk aversion in investment decision-making (Study 1). This occurs because AI-enabled chatbot anthropomorphization activates greater psychological risk attachment, which enacts consumers to manifest stronger risk aversion tendency (Studies 2 and 3). Originality/value Anthropomorphizing AI has undeniable relevance in the contemporary marketing landscape, such as humanoid robotics and emotion AI algorithms. Despite of anthropomorphism's significance and relevance, the downstream impact of anthropomorphism remains unfortunately underexplored.",Artificial intelligence (AI); Anthropomorphism; Political ideology; Risk aversion; Psychological risk attachment; Psychological closeness,EMERALD GROUP PUBLISHING LTD,wos-ai,18,Feeling AI,"['anthropomorphizing', 'risk preferences', 'psychological risk attachment', 'risk aversion', 'emotional AI']","The abstract discusses how anthropomorphizing AI chatbots affects consumers' risk preferences and leads to greater risk aversion in financial decision-making. This implies an understanding of customer emotions and psychological factors, which aligns with the focus of Feeling AI on customer understanding and relationalization. The emotional engagement with the AI chatbot directly influences consumer behavior, making it relevant to this category.",70%,10%,10%,5%,5%
AI-based innovation in B2B marketing: An interdisciplinary framework incorporating academic and practitioner perspectives,"Petrescu, M; Krishen, AS; Kachen, S; Gironda, JT",2022,10.1016/j.indmarman.2022.03.001,"Artificial intelligence (AI) rests at the frontier of technology, service, and industry. AI research is helping to reconfigure innovative businesses in the consumer marketplace. This paper addresses existing literature on AI and presents an emergent B2B marketing framework for AI innovation as a cycle of the critical elements identified in cross-functional studies that represent both academic and practitioner strategic orientations. We contextualize the prevalence of AI-based innovation themes by utilizing bibliometric and semantic content analysis methods across two studies and drawing data from two distinct sources, academics, and industry practitioners. Our findings reveal four key analytical components: (1) IT tools and resource environment, (2) innovative actors and agents, (3) marketing knowledge and innovation, and (4) communications and exchange relationships. The academic literature and industry material analyzed in our studies imply that as markets integrate AI technology into their offerings and services, a governing opportunity to better foster and encourage mutually beneficial co-creation in the AI innovation process emerges.",Artificial intelligence; B2B innovation; Knowledge creation; Marketing exchanges; Semantic content analysis; Bibliometric review,ELSEVIER SCIENCE INC,wos-ai,25,Thinking AI,"['AI innovation', 'B2B marketing framework', 'market analysis', 'co-creation', 'innovation themes', 'communications', 'relationships']","The abstract discusses the integration of AI into marketing strategies and emphasizes the importance of market analysis, innovative actors, and communication relationships. This aligns closely with the definitions of Thinking AI, particularly in the context of market analysis and targeting, as it showcases a strategic approach toward utilizing AI in the B2B marketing framework. The focus on fostering co-creation and understanding marketing knowledge indicates a strong analytical component.",10%,10%,80%,0%,0%
Power negotiation on the tango dancefloor: The adoption of AI in B2B marketing,"Keegan, BJ; Canhoto, AI; Yen, DAW",2022,10.1016/j.indmarman.2021.11.001,"Acknowledging the lack of empirical research on the adoption of AI in B2B marketing and the research gap in studying power from a network perspective, this paper explores how the drivers of AI adoption as marketing solutions affect network actors' power dynamics. Using data collected through 20 semi-structured interviews with business managers and engineers involved in AI adoption for B2B marketing activities, as well as academic experts in the field of AI, this paper discusses how AI adoption priorities and motives shape the power dynamics amongst the various network actors, including focal firms, AI suppliers and tech giant companies. The findings show that, in the context of AI adoption in B2B, both technology and expertise are key sources of power, and that data creates and perpetuates power negotiations and renegotiations in the network. We envisage this process as the movements on a busy dancefloor where groups of actors are engaged in what we refer to as the Power Tango. This paper contributes to the power dependence theory by showing that, through the adoption process, network actors' power is exchanged, exercised, counter-balanced and perpetuated, creating fluid network dynamics.",Artificial intelligence; Third-party suppliers; Power; Service network; Power dependence; Network dynamics,ELSEVIER SCIENCE INC,wos-ai,23,Not Identified,[],"The abstract discusses the power dynamics in the context of AI adoption for B2B marketing without clearly aligning with the specific focuses of Mechanical AI, Thinking AI, or Feeling AI. It emphasizes the relational aspects and dynamics between network actors but does not delve into emotional understanding, automated processes, or strategic market analysis in a way that fits neatly into the predefined categories.",0%,0%,0%,0%,100%
Journey of customers in this digital era: Understanding the role of artificial intelligence technologies in user engagement and conversion,"Bag, S; Srivastava, G; Al Bashir, MM; Kumari, S; Giannakis, M; Chowdhury, AH",2022,10.1108/BIJ-07-2021-0415,"Purpose The first research objective is to understand the role of digital [artificial intelligence (AI)] technologies on user engagement and conversion that has resulted in high online activities and increased online sales in current times in India. In addition, combined with changes such as social distancing and lockdown due to the COVID-19 pandemic, digital disruption has largely impacted the old ways of communication both at the individual and organizational levels, ultimately resulting in prominent social change. While interacting in the virtual world, this change is more noticeable. Therefore, the second research objective is to examine if a satisfying experience during online shopping leads to repurchase intention. Design/methodology/approach Using primary data collected from consumers in a developing economy (India), we tested the theoretical model to further extend the theoretical debate in consumer research. Findings This study empirically tests and further establishes that deploying AI technologies have a positive relationship with user engagement and conversion. Further, conversion leads to satisfying user experience. Finally, the relationship between satisfying user experience and repurchase intention is also found to be significant. Originality/value The uniqueness of this study is that it tests few key relationships related to user engagement during this uncertain period (COVID-19 pandemic) and examines the underlying mechanism which leads to increase in online sales.",Industry 4; 0; Artificial intelligence; Digital disruption; User engagement; Behavioural and social implications,EMERALD GROUP PUBLISHING LTD,wos-ai,54,Feeling AI,"['user engagement', 'satisfying experience', 'repurchase intention', 'customer needs', 'social change']","The abstract discusses the positive impact of AI technologies on user engagement and conversion, emphasizing the emotional aspect of a satisfying online shopping experience leading to repurchase intention. This aligns with the focus on customer understanding and relationalization found in the Feeling AI category, as it highlights the importance of satisfying emotional needs for repeat purchasing behavior.",60%,20%,20%,0%,0%
Artificial intelligence adoption in business-to-business marketing: toward a conceptual framework,"Chen, LJ; Jiang, MQ; Jia, F; Liu, GQ",2022,10.1108/JBIM-09-2020-0448,"Purpose The purpose of this study is to develop a synthesized conceptual framework for artificial intelligence (AI) adoption in the field of business-to-business (B2B) marketing. Design/methodology/approach A conceptual development approach has been adopted, based on a content analysis of 59 papers in peer-reviewed academic journals, to identify drivers, barriers, practices and consequences of AI adoption in B2B marketing. Based on these analyses and findings, a conceptual model is developed. Findings This paper identifies the following two key drivers of AI adoption: the shortcomings of current marketing activities and the external pressure imposed by informatization. Seven outcomes are identified, namely, efficiency improvements, accuracy improvements, better decision-making, customer relationship improvements, sales increases, cost reductions and risk reductions. Based on information processing theory and organizational learning theory (OLT), an integrated conceptual framework is developed to explain the relationship between each construct of AI adoption in B2B marketing. Originality/value This study is the first conceptual paper that synthesizes drivers, barriers and outcomes of AI adoption in B2B marketing. The conceptual model derived from the combination of information processing theory and OLT provides a comprehensive framework for future work and opens avenues of research on this topic. This paper contributes to both AI literature and B2B literature.",Artificial intelligence; Business-to-business marketing; Information processing theory; Organizational learning theory; Conceptual,EMERALD GROUP PUBLISHING LTD,wos-ai,54,Thinking AI,"['AI adoption', 'B2B marketing', 'drivers', 'barriers', 'efficiency improvements', 'decision-making', 'customer relationship improvements']","The abstract discusses the adoption of AI in B2B marketing, focusing on drivers, barriers, and outcomes related to efficiency, accuracy, and decision-making. These elements align closely with the 'Thinking AI' category, particularly in market analysis and decision-making processes. The identification of outcomes such as improved decision-making and customer relationship improvements indicates a strategic analysis approach.",0%,0%,100%,0%,0%
"Value co-creation in industrial AI: The interactive role of B2B supplier, customer and technology provider","Li, SY; Peng, GC; Xing, F; Zhang, J; Zhang, BQ",2021,10.1016/j.indmarman.2021.07.015,"This research explores the interactive role of supplier, customer and technology company in business-to-business (B2B) marketing when they develop and use industrial artificial intelligence (AI). From a value co-creation perspective and following a service-dominant logic, this study aims to identify essential value types that are created collaboratively by B2B professionals (namely suppliers, customers and AI providers), and critical capabilities that contribute to their value co-creation practices. Nineteen in-depth semi-structured interviews were conducted with three groups of B2B stakeholders in six companies that involved in an industrial AI development and usage project. The data was then analysed using a thematic analysis approach. The results of this research contain a categorisation of four value types and three sets of capabilities, together with the interrelationships between them. This study contributes to the literature of value co-creation, information system and B2B marketing by bridging these three disciplines within the context of industrial AI development and usage.",Industrial AI; B2B marketing; Value co-creation; Value type; Capability,ELSEVIER SCIENCE INC,wos-ai,59,Not Identified,[],"The abstract discusses value co-creation among suppliers, customers, and technology companies in the context of industrial AI, focusing on capabilities and value types rather than specific marketing applications or emotional understanding. The lack of clear applications related to emotions, automated processes, or strategic analysis in a marketing context leads to the classification of 'Not Identified'.",0%,0%,0%,0%,100%
Artificial intelligence as an enabler of B2B marketing: A dynamic capabilities micro-foundations approach,"Mikalef, P; Conboy, K; Krogstie, J",2021,10.1016/j.indmarman.2021.08.003,"Over the past few decades research has predominantly focused on the technical aspects and theoretical challenges of Artificial Intelligence (AI). With the deluge of data and the increase in processing power, businesses are now facing the challenge of how to deploy AI that generates business value. In this direction, there is still nascent research on how AI can be leveraged in for B2B operations, and particularly marketing. To address this gap, this study draws on the dynamic capabilities view of the firm and specifically on the micro-foundations approach and builds on three selected case studies of large organizations in Norway that use AI for B2B marketing purposes. The study identifies a number of AI-specific micro-foundations of dynamic capabilities, essentially highlighting how organizations can use AI to manage B2B marketing operations in dynamic and uncertain environments. This study also identified several key cross-cutting elements emerging from the data, demonstrating how some key concepts are inter-related and how they affect overall business value.",Artificial intelligence; Dynamic capabilities; Business value; B2B marketing; micro-foundations,ELSEVIER SCIENCE INC,wos-ai,66,Thinking AI,"['AI', 'B2B marketing', 'dynamic capabilities', 'business value', 'case studies', 'organizations', 'data', 'marketing operations']","The abstract discusses how AI can be leveraged in B2B marketing operations, focusing on dynamic capabilities and the micro-foundations approach. This aligns with the 'Thinking AI' category, which emphasizes market analysis, targeting, and strategic application of AI in marketing. The study identifies how organizations can utilize AI to manage their marketing efforts effectively, which relates to the application of marketing analytics and identifying competitive advantages. The focus is not on emotional aspects or purely mechanical processes but rather on strategic implementation and analysis.",0%,0%,100%,0%,0%
The effect of AI-based CRM on organization performance and competitive advantage: An empirical analysis in the B2B context,"Chatterjee, S; Rana, NP; Tamilmani, K; Sharma, A",2021,10.1016/j.indmarman.2021.07.013,"Organizations have cultural-cognitive and regulative as well as normative elements that impact their employees. Organizations, by definition, cannot achieve a pure, stable state and always go through various change processes, both incremental and radical changes. Moving from legacy business-to-business (B2B) relationship management to an artificial intelligence-based customer relationship management (AI-CRM) is a gradual but paradigm change. AI-CRM leverages intelligent systems to automate the B2B relationship activities where the decision can be taken automatically without any human intervention. Relationship management in the B2B segment is considered a strategic activity of an organization. Moving from legacy to AI-CRM to facilitate B2B relationship management activities is an important decision, and proper implementation of AI-CRM is a critical success parameter for an organization. This study combines institutional theory and the resource-based view (RBV) in B2B relationship management to understand how AI-CRM could impact the firm's performance with varied firm size, firm age, and industry type.",AI-CRM; B2B; RBV; Institutional theory; Organization performance; Competitive advantage,ELSEVIER SCIENCE INC,wos-ai,111,Mechanical AI,"['AI-CRM', 'B2B relationship management', 'automate', 'automatically', 'intelligent systems']","The abstract discusses the transition from legacy B2B relationship management to an AI-CRM system that automates relationship activities without human intervention. This aligns with the Mechanical AI category, which focuses on automation and the collection and processing of data related to customer relationship management. The emphasis on automation and the strategic importance of relationship management indicates a strong connection to Mechanical AI applications.",0%,80%,10%,0%,10%
Role of cognitive absorption in building user trust and experience,"Balakrishnan, J; Dwivedi, YK",2021,10.1002/mar.21462,"The growth of artificial intelligence (AI) and its applications in business has proliferated in recent years. Businesses have started adopting various technology practices relevant to automation and AI, and research investigating this phenomenon is becoming increasingly important. Taking this as a cue, the present research investigates the effect of human-to-machine interaction and human-to-human interaction towards cognitive absorption and its subsequent effect on trust, experience, and continuation intention in the context of services. The study built a 3 x 3 factorial design with automated chatbots (machine interaction) and service executives (human interaction) used as a stimulus in the experiment. Data collected from 410 respondents were analyzed using structural equation modeling to test the proposed hypotheses. The findings indicated that human-to-machine interaction influences cognitive absorption more positively compared to human-to-human interactions. The study results also provide evidence for the role of the trust, experience, and technology continuation intention in a technology background rooted in human-machine interactions. The present study adds a valuable contribution to the existing literature relevant to human-to-machine interaction, cognitive absorption, trust, experience, and continuation intention. The study also provides valuable inputs to technology and marketing managers.",artificial intelligence; chatbots; cognitive absorption; continuation intention; services marketing; technology; trust,WILEY,wos-ai,107,Feeling AI,"['human-to-machine interaction', 'cognitive absorption', 'trust', 'experience', 'continuation intention']","The abstract discusses the impact of human-to-machine and human-to-human interactions on cognitive absorption, trust, and experience in service contexts, which aligns with the focus on customer understanding and relationalization in 'Feeling AI'. The findings emphasize emotional and experiential factors, indicating a strong connection to understanding and meeting customer needs.",60%,20%,20%,0%,0%
Artificial Intelligence in Public Administration - Supporting Administrative Decisions,"Fejes, E; Futó, I",2021,10.35551/PFQ_2021_s_1_2,"Artificial intelligence (AI) is an increasingly popular concept, although it is often used only as a marketing tool to label activities that are very far from AI. The purpose of this article is to show what artificial intelligence (AI) tools - expert systems - can actually be used for administrative decision in public administration. The end of the administrative decision must be justified in detail according to the legal regulations. Expert systems do this. The other large group of AI tools, solutions based on machine learning, act as black boxes, mapping input data to output data, so the reason for the solution is unknown. Therefore, these tools are not suitable for direct, administrative decision, but can support office work with expert systems. In this article, we present the operation of expert systems through examples.",artificial intelligence; machine learning; expert system; public administration; administrative decision,STATE AUDIT OFFICE HUNGARY,wos-ai,2,Out of Scope,"['artificial intelligence', 'expert systems', 'administrative decision', 'public administration', 'machine learning', 'legal regulations']","The abstract discusses the application of artificial intelligence tools, specifically expert systems, for administrative decision-making in public administration. It does not relate to marketing applications or concepts such as customer understanding, market analysis, or emotional data. Therefore, it is classified as 'Out of Scope' as it focuses on administrative functions rather than marketing.",0%,0%,0%,100%,0%
"AI customer service: Task complexity, problem-solving ability, and usage intention","Xu, YZ; Shieh, CH; van Esch, P; Ling, IL",2020,10.1016/j.ausmj.2020.03.005,"Artificial intelligence (AI) in the context of customer service, we define as a technology-enabled system for evaluating real-time service scenarios using data collected from digital and/or physical sources in order to pro-vide personalised recommendations, alternatives, and solutions to customers' enquiries or problems, even very complex ones . We examined, in a banking services context, whether consumers preferred AI or Human online customer service applications using an experimental design across three field-based experiments. The results show that, in the case of low-complexity tasks, consumers considered the problem-solving ability of AI to be greater than that of human customer service and were more likely to use AI while, conversely, for high-complexity tasks, they viewed human customer service as superior and were more likely to use it than AI. Moreover, we found that perceived problem-solving ability mediated the effects of customers' service usage intentions (i.e., their preference for AI vs. Human) with task complexity serving as a boundary condition. Here we discuss our research and the results and conclude by offering practical suggestions for banks seeking to reach customers and engage with them more effectively by leveraging the distinctive features of AI customer service. (C) 2020 The Author(s). Published by Elsevier Ltd on behalf of Australian and New Zealand Marketing Academy.",AI customer service; AI definition; Task complexity; Problem-solving ability; Usage intention,SAGE PUBLICATIONS LTD,wos-ai,131,Out of Scope,[],"The abstract discusses the application of AI in customer service specifically within the banking sector. It evaluates preferences between AI and human customer service based on task complexity. However, this application does not directly align with marketing principles such as market analysis, targeting, or personalization. Instead, it focuses on service delivery in a financial context, which is classified as out of scope for marketing.",0%,0%,0%,100%,0%
Machine learning and AI in marketing - Connecting computing power to human insights,"Ma, LY; Sun, BH",2020,10.1016/j.ijresmar.2020.04.005,"Artificial intelligence (AI) agents driven by machine learning algorithms are rapidly transforming the business world, generating heightened interest from researchers. In this paper, we review and call for marketing research to leverage machine learning methods. We provide an overview of common machine learning tasks and methods, and compare them with statistical and econometric methods that marketing researchers traditionally use. We argue that machine learning methods can process large-scale and unstructured data, and have flexible model structures that yield strong predictive performance. Meanwhile, such methods may lack model transparency and interpretability. We discuss salient AI-driven industry trends and practices, and review the still nascent academic marketing literature which uses machine learning methods. More importantly, we present a unified conceptual framework and a multi-faceted research agenda. From five key aspects of empirical marketing research: method, data, usage, issue, and theory, we propose a number of research priorities, including extending machine learning methods and using them as core components in marketing research, using the methods to extract insights from large-scale unstructured, tracking, and network data, using them in transparent fashions for descriptive, causal, and prescriptive analyses, using them to map out customer purchase journeys and develop decision-support capabilities, and connecting the methods to human insights and marketing theories. Opportunities abound for machine learning methods in marketing, and we hope our multi-faceted research agenda will inspire more work in this exciting area. (c) 2020 Elsevier B.V. All rights reserved.",Artificial intelligence (AI); Machine learning; Digital marketing; Big data; Unstructured data; Tracking data; Network; Prediction; Interpretation; Marketing theory,ELSEVIER,wos-ai,226,Thinking AI,"['machine learning', 'marketing research', 'data analysis', 'customer purchase journeys', 'predictive performance']","The abstract discusses the application of machine learning methods in marketing research, focusing on processing large-scale and unstructured data, and enhancing predictive performance. This aligns closely with the 'Thinking AI' category, which emphasizes market analysis, targeting, and the use of analytics for competitive advantages. The call for leveraging machine learning for various empirical marketing research aspects indicates a strategic analysis approach rather than just data collection or emotional understanding.",10%,20%,60%,5%,5%
Digital Analytics: Modeling for Insights and New Methods,"Gupta, S; Leszkiewicz, A; Kumar, V; Bijmolt, T; Potapov, D",2020,10.1016/j.intmar.2020.04.003,"Firms are increasingly turning towards new-age technologies such as artificial intelligence (AI), the internet of things (IoT), blockchain, and drones, among others, to assist in interacting with their customers. Further, with the prominence of personalization and customer engagement as the go-to customer management strategies, it is essential for firms to understand how to integrate new-age technologies into their existing practices to aid seamlessly in the generation of actionable insights. Towards this end, this study proposes an organizing framework to understand how firms can use digital analytics, within the changing technology landscape, to generate consumer insights. The proposed framework begins by recognizing the forces that are external to the firm then lead to the generation of specific capabilities by the firm. Further, the firms capabilities can lead to the generation of insights for decision-making that can be data-driven and/or analytics-driven. Finally, the proposed framework identifies the creation of value-based outcomes for firms and customers resulting from the insights generated. Additionally, we identify moderators that influence: (a) the impact of external forces on the development of firm capabilities, and (b) the creation of insights and subsequent firm outcomes. This study also identifies questions for future research that combines the inclusion of new-age technologies, generation of strategic insights, and the achievement of established firm outcomes. (C) 2020 Direct Marketing Educational Foundation, Inc. dba Marketing EDGE. All rights reserved.",Digital analytics; Internet of things; Artificial intelligence; Drones; Blockchain; Finn capabilities,SAGE PUBLICATIONS INC,wos-ai,88,Thinking AI,"['artificial intelligence', 'customer engagement', 'data-driven insights', 'analytics-driven insights', 'consumer insights', 'strategic insights']",The abstract discusses the integration of artificial intelligence and digital analytics to generate actionable consumer insights for decision-making. This aligns with the 'Thinking AI' category as it focuses on market analysis and the generation of strategic insights to enhance customer engagement and personalization. The emphasis on understanding external forces and developing firm capabilities also supports strategic analysis.,10%,20%,60%,0%,10%
