Title,Authors,Year,DOI,Abstract,Keywords,Publisher,Source,Cited,classification,keywords,rationale,Feeling AI,Mechanical AI,Thinking AI,Out of Scope,Not Identified
Forming an intention to act on recommendations given via online social networks,Matook S.; Brown S.A.; Rolf J.,2015,10.1057/ejis.2013.28,"Online social networks (OSN) are technology-enabled relationship tools in which a user creates a profile, connects to other individuals, and shares user-generated content with them. One of the many features OSN offer is the ability to post messages in the form of product and service recommendations. Although word-of-mouth research has examined this type of personal communication to intentionally influence consumer decisions, limited understanding exists regarding when a user acts upon a recommendation received from one of their contacts. In this study, we draw on relationship theories and research on trust to analyze the impact relationship characteristics and behaviors of the OSN contacts have on trust in the recommendation that subsequently leads a user to act on this OSN contact's recommendation. The results of a survey of 116 OSN users showed that closeness, excessive posting behavior, and past recommendation experience have a positive impact on trust and intention to act on the recommendation. One characteristic of the relationships, that is, similarity, however, does not affect recommendation trust in the context of OSN. The findings enhance our understanding of relationships and their defining characteristics in OSN. The results also provide insights into how companies might leverage OSN in their marketing efforts. © 2015 Operational Research Society Ltd.",,Palgrave Macmillan Ltd.,scopus-recommendation,46,Feeling AI,"['trust', 'relationship characteristics', 'recommendation', 'closeness', 'emotional needs']","The abstract discusses the role of trust and relationship characteristics in online social networks (OSN) in the context of product and service recommendations. It emphasizes emotional aspects such as trust and closeness in relationships, which are central to customer understanding and relationalization strategies in marketing. Additionally, the study provides insights on how companies can leverage these emotional connections in their marketing efforts, aligning closely with the objectives of Feeling AI.",70%,0%,30%,0%,0%
Patient values and preferences when choosing anticoagulants,Palacio A.M.; Kirolos I.; Tamariz L.,2015,10.2147/PPA.S64295,"Background: New oral anticoagulants have similar efficacy and lower bleeding rates compared with warfarin. However, in case of bleeding there is no specific antidote to reverse their effects. We evaluated the preferences and values of anticoagulants of patients at risk of atrial fibrillation and those who have already made a decision regarding anticoagulation. Methods: We conducted a cross-sectional study of Veterans in the primary care clinics and the international normalized ratio (INR) laboratory. We developed an instrument with patient and physician input to measure patient values and preferences. The survey contained a hypothetical scenario of the risk of atrial fibrillation and the attributes of each anticoagulant. After the scenario, we asked participants to choose the option that best fits their preferences. The options were: 1) has better efficacy at reducing risk of stroke; 2) has been in the market for a long period of time; 3) has an antidote to reverse the rare case of bleeding; 4) has better quality of life profile with no required frequent laboratory tests; or 5) I want to follow physician recommendations. We stratified our results by those patients who are currently exposed to anticoagulants and those who are not exposed but are at risk of atrial fibrillation. Results: We approached 173 Veterans and completed 137 surveys (79% response rate). Ninety subjects were not exposed to anticoagulants, 46 reported being on warfarin, and one reported being on dabigatran at the time of the survey. Ninety-eight percent of subjects stated they would like to participate in the decision-making process of selecting an anticoagulant. Thirty-six percent of those exposed and 37% of those unexposed to anticoagulants reported that they would select a medication that has an antidote even if the risk of bleeding was very small. Twenty-three percent of the unexposed and 22% of the exposed groups reported that they would prefer the medication that gives the best quality of life. Conclusion: Our study found that patients who may be exposed to an anticoagulation decision prefer to actively participate in the decision-making process, and have individual values for making a decision that cannot be predicted or assumed by anyone in the health care system. © 2015 Palacio et al.",Atrial fibrillation; Bleeding risk; Medication selection; Oral anticoagulant; Patient decision making; Warfarin,Dove Medical Press Ltd.,scopus-recommendation,30,Out of Scope,"['anticoagulants', 'atrial fibrillation', 'decision-making', 'patient values', 'preferences']","The abstract discusses a study focused on patient preferences and values regarding anticoagulant medications in a healthcare context, specifically for patients at risk of atrial fibrillation. This study is primarily related to healthcare decision-making rather than marketing applications. Therefore, it does not fit into any of the marketing-related AI categories.",0%,0%,0%,100%,0%
Bridging the gap between climate science and farmers in Colombia,Loboguerrero A.M.; Boshell F.; León G.; Martinez-Baron D.; Giraldo D.; Recaman Mejía L.; Díaz E.; Cock J.,2018,10.1016/j.crm.2018.08.001,"Agriculture is highly sensitive to variations in both weather and climate. Farmers face uncertainty in the weather patterns over the short term, and climate over the longer term. The CGIAR Research Program on Climate Change, Agriculture and Food Security (CCAFS) has promoted a system of Local Technical Agro-Climatic Committees (LTACs)4 in two Colombian regions to explore means of creating dialogue between researchers and farmers that would provide farmers with options in the face of both short- and longer-term variations in climate. The article uses a case study approach to describe how the original LTACs were established, the benefits obtained from the LTAC system, and the expansion of the system to areas outside Colombia. The basic premise behind the LTAC approach is: If farmers and the local rural community at large can access and understand weather and climate forecasts and the responses of their crop production, processing, and marketing options under local conditions, they can make better decisions on how to manage their farms and businesses. There are six basic components that are required to implement the LTAC approach to bridging the gap between climate science and farmers: (i) Establishment of the LTAC with alignment of local parties interested in managing variation in the climate and definition of their roles; (ii) local climate and monthly climate forecast; (iii) crop modeling and understanding of climate variation on crop production, processing and marketing and the impact this will have on management; (iv) dialogue between scientists, experts, and farmers; (v) dissemination and socialization of the dialogue; and (vi) local capacity building, which cuts across all the other five components. The regular monthly meetings of the LTACs are the focal point of the overall process, bringing together information from various sources, organizing the ideas and thoughts, and then disseminating the information. A feature of the committees was their diversity. The committees required specific inputs, particularly on climate and the crop response before each meeting. Research organizations provided climate forecasts and crop response data. The forecasts proved closer to reality than long term means and the crops models that were used to predict crop response to changes in management and climate variation were relatively simple and unsophisticated. The committees gained confidence in these prognoses, which then formed the basis for dialogue on how best to manage climate variation. The production-side participants appreciated the opportunity to present their own points of view and the move from top-down recommendations, coming from the researchers and extension agents, towards a menu of options which they discussed. At the same time, it was evident in the early meetings that many of the participants came ill-prepared to grasp concepts related to managing climatic variation, thus highlighting the need for capacity building within the LTACs themselves. LTACs actively promulgated their findings through bulletins, social networks, extension services, farmers’ organizations radio, TV, and the press. In the dry El Niño year of 2015, many farmers used the information generated by the LTACs to better manage their crops, increasing yields, and reducing losses. More LTACs are now being established in Colombia, Honduras, Guatemala and Nicaragua. These countries have understood the value of creating mechanisms through which researches and farmers can exchange ideas, with the farmers choosing options to improve their management based on better weather and climate forecasts and an understanding of how the weather and climate affects their crops. © 2018 The Authors",Agro-climatic information; CCAFS; Climate risk; Colombia; Local communities; Participatory approach,Elsevier B.V.,scopus-recommendation,32,Out of Scope,"['climate variation', 'crop production', 'farm management', 'local capacity building']","The abstract focuses on agricultural practices, climate change adaptation, and farmer-researcher collaboration rather than any marketing-related AI applications. It discusses how farmers can better manage their crops using climate information, which does not align with the marketing context defined in the categories.",0%,0%,0%,100%,0%
The Influence of Innovativeness on On-Site Smartphone Use Among American Travelers: Implications for Context-Based Push Marketing,Tussyadiah I.P.,2016,10.1080/10548408.2015.1068263,"This study investigates the relationships between traveler innovativeness traits and the patterns of smartphone use during the experiential stage of travel. Using data collected from 1126 travelers residing in the United States (US), it was identified that tourism and technology innovativeness have significant positive effects on on-site use of smartphones for trip management, social networking, and searching deals, online reviews, and push recommendations. Technology innovativeness also influences smartphone use for navigation within destinations. The results suggest that highly innovative travelers are open to recommendations and influences when making on-site decisions, making them an effective target for context-based marketing. © 2015 Taylor & Francis.",Consumer innovativeness; context-based marketing; push recommendation; smartphones; travel applications,Routledge,scopus-recommendation,84,Thinking AI,"['traveler innovativeness', 'smartphone use', 'trip management', 'social networking', 'recommendations', 'context-based marketing']","The abstract discusses the relationship between innovativeness traits of travelers and their smartphone usage patterns during travel. It highlights how these traits influence on-site decision-making, making highly innovative travelers an effective target for context-based marketing strategies. This aligns with the 'Thinking AI' category, focusing on market analysis and targeting, as it involves analyzing customer behavior to identify effective marketing strategies.",0%,0%,100%,0%,0%
The role of brand orientation in the higher education sector: a student-perceived paradigm,Casidy R.,2013,10.1108/APJML-06-2013-0069,"Purpose – The purpose of this paper is to examine the relationship between perceived brand orientation (PBO), satisfaction, loyalty, and post-enrolment communication behaviour in the Australian higher education sector. Design/methodology/approach – Two hundred and fifty-eight questionnaires were completed by undergraduate students of a particular university in Australia. Structural equation modeling was employed in this study to examine the associations between the constructs. Findings – This study provides empirical evidence that PBO has a positive and significant relationship with all dependent variables. The research reveals that students' perception of a university's brand orientation is significantly related to satisfaction, loyalty, and post-enrolment communication behaviour. Research limitations/implications – The findings may guide the key decision makers in higher education institutions to understand the importance of brand orientation in their corporate strategy to enhance satisfaction, loyalty, and positive WOM, which can be used to differentiate themselves from other institutions in the highly competitive education market. Originality/value – Past researchers have not looked into the dynamic relationships between PBO, satisfaction, loyalty, and post-enrolment communication behaviour, and hence research is to be called for in this area. The paper is the first to examine brand orientation from the perspective of the students and provide higher education institutions with recommendations to improve service quality through brand orientation. © 2013, © Emerald Group Publishing Limited.",Brand orientation; Customer loyalty; Customer satisfaction; Higher education; Structural equation modelling; Word-of-mouth marketing,Emerald Group Publishing Ltd.,scopus-recommendation,33,Feeling AI,"['brand orientation', 'satisfaction', 'loyalty', 'communication behaviour', 'customer emotional needs']","The abstract emphasizes the relationship between perceived brand orientation and emotional factors such as satisfaction and loyalty, which are critical elements in understanding customer needs and wants. The study aims to enhance these emotional connections through brand orientation, aligning closely with the objectives of Feeling AI to understand and meet customer emotional needs.",70%,10%,20%,0%,0%
The role of sunk costs in online consumer decision-making,Liang A.R.-D.; Lee C.-L.; Tung W.,2014,10.1016/j.elerap.2013.10.001,"Sunk costs, which can cause inconsistencies between consumer behavior and economic theory, have been widely studied in different research areas and among various consumer groups. Nevertheless, the authors found that to date there has been no empirical research examining how sunk costs affect consumer behavior with regard to online shopping in different product types. Therefore, this study used the following 2 × 2 × 2 experimental design to study the effects of sunk costs on consumers' online shopping decisions. The results show that (1) sunk costs have significant effects on consumer online shopping behavior. However, due to the different product characteristics, the impacts were weaker effective when consumers bought search goods than when they purchased experience goods; (2) the sunk costs (Membership fee vs. Deposit) of an initial choice and a new choice had interaction effects on consumer intention to purchase a new product; and (3) the sunk costs and service quality of an initial choice and new choice would affect the level of regret felt with regard to the consumer's initial choice. In addition, some recommendations on market positioning and service quality design are made, which practitioners can refer to when formulating marketing strategies. © 2013 Elsevier B.V. All rights reserved.",Consumer choice; Online shopping; Product characteristics; Regret; Service quality; Sunk cost,,scopus-recommendation,22,Feeling AI,"['sunk costs', 'consumer behavior', 'regret', 'service quality', 'market positioning']","The abstract discusses how sunk costs affect consumer behavior in online shopping, particularly the emotional aspects such as regret related to initial choices and the impact of service quality. These elements align closely with the goals of Feeling AI, which focuses on understanding and meeting customer emotional needs and wants. The recommendations on market positioning also suggest a strategy that resonates with customers' emotional responses.",70%,10%,20%,0%,0%
"Mobile shopping behaviour: Insights into attitudes, shopping process involvement and location",Holmes A.; Byrne A.; Rowley J.,2014,10.1108/IJRDM-10-2012-0096,"Purpose: Although there is evidence that adoption of mobile shopping has been slow, the increased functionality offered by smart phones offers significant potential for the development of marketing and retailing through the mobile channel. The purpose of this paper is to add to knowledge on consumer shopping behaviour through mobile devices by exploring attitudes to the use of mobiles in shopping, the use of mobile phones at different stages in the consumer decision-making process, the impact of involvement on the mobile consumer decision-making process and mobile shopping location. Design/methodology/approach: An online panel survey was conducted with a UK panel of nationally representative consumers. The survey collected data in respect of the following products that were ranked on level of involvement on the basis of the importance and effort consumers' associated with their purchase: bread (lowest), washing powder, DVD, footwear, phone and TV (highest). Findings: Use of mobiles for shopping is significant, but remains lower than use of computers in shopping. In general, respondents were more positive regarding their use of computer shopping than they were in relation to their use of a mobile. In using their mobile phone in shopping, respondents value its convenience and accessibility. There is higher use of the mobile phone in the information search and consideration of alternatives phases, than in the purchase transaction. The extent of use of mobile devices in the decision-making process is higher with higher involvement products, in relation to all stages in the decision-making process. The most frequent location for the use of their mobile in shopping is at home, which is consistent with the finding that the highest level of use of mobiles occurs in the information search and consideration of alternatives phases. Recommendations are offered for retailers and for further research. Originality/value: This is the first research to explore the use of mobile phones in different stages in the consumer-decision-making process across a number of product categories. © Emerald Group Publishing Limited.",Consumer behaviour; Consumer decision making; Involvement; Mobile shopping; Smart phones,,scopus-recommendation,129,Feeling AI,"['consumer shopping behaviour', 'attitudes', 'decision-making process', 'involvement', 'convenience', 'accessibility']","The abstract explores consumer attitudes and behaviors in mobile shopping, focusing on how emotional aspects like convenience and accessibility influence their decision-making process. It emphasizes understanding customer needs during different stages of shopping, aligning well with the objectives of Feeling AI, which aims to understand and meet customer emotional needs and wants.",70%,10%,20%,0%,0%
Hyundai Motors India Limited: positioning towards market leadership,Kainth J.; Mathur T.,2016,10.1108/EEMCS-05-2014-0130,"Subject area:: Marketing Management, Product Management, Marketing Strategy. Study level/applicability: Bachelor of Business Studies, MBA, Executive MBA. Case overview: The case throws light on the intensely competitive Indian passenger car market and its unique challenges faced by Hyundai Motors India Limited (HMIL). It tries to capture the evolution of this dynamic industry, which is characterized by regular product launches and re-positioning efforts. The students are expected to assess the performance of HMIL and the success of its positioning efforts through multiple quantitative and qualitative data points given in the case. The students need to come up with recommendations whether, amidst intense competition, Government regulations and changing consumer expectations, HMIL should launch new products in its portfolio? If, yes, in which segments? And what should be the guiding philosophy behind such product launches? Expected learning outcomes: The case is expected to guide students: 1. in comprehending the various macro-environmental factors that has made India an attractive passenger car market to invest and operate in, to virtually all multinational players across all segments; 2. in analyzing how the passenger car market is segmented in India; 3. in assessing the product-driven segment-wise performance by HMIL specifically and organizations in general and what are its implications on decision-making; this is indicative of the brand portfolio management based on BCG Brand/Product Portfolio Growth Share Matrix; 4. in assessing the impact of re-positioning on the firms performance judged before and after the re-positioning efforts by the firm; 5. in analyzing the market potential of SUVs and MUVs in India and whether HMIL should launch new products/brands for these segments; and 6. in deliberating on the guiding philosophy in new product launches around the concept of “Consumer Perceived Value”. Supplementary materials: Teaching notes are available for educators only. Please contact your library to gain login details or email support@emeraldinsight.com to request teaching notes. Subject code: CSS 8: Marketing. © 2016, Emerald Group Publishing Limited.",BCG matrix; Competitive strategy; Marketing strategy; Product management; Segmentation; Targeting and positioning,Emerald Group Publishing Ltd.,scopus-recommendation,0,Thinking AI,"['market analysis', 'competitive advantages', 'product launches', 'consumer expectations', 'positioning efforts', 'market segmentation', 'product-driven performance', 'new product launches', 'consumer perceived value']","The abstract emphasizes the analysis of the competitive landscape in the Indian passenger car market, focusing on the performance assessment of Hyundai Motors India Limited (HMIL) and its strategic positioning. This aligns closely with the Thinking AI category, which involves market analysis and identifying competitive advantages. The need for recommendations on product launches further indicates a strategic approach to targeting and market segmentation.",10%,15%,70%,0%,5%
eWOM in the performing arts: exploratory insights for the marketing of theaters,Hausmann A.; Poellmann L.,2016,10.1108/AAM-08-2013-0013,"Purpose: – Word of mouth (WOM) plays an important role for the decision process of customers. This is especially interesting for service-dominant organizations like theaters where quality is more difficult to evaluate. In times of social media, third party recommendations can be given much more quickly, effectively and in greater detail. However, up to now not much has been researched on electronic word of mouth (eWOM) in a performing arts marketing context. The purpose of this paper is to provide some first exploratory insights into this research area. Design/methodology/approach: – To do so, a literature review is conducted to clarify the concept of eWOM and the relevance of recommendations in the performing arts. Then, parts of the results of an online survey on Facebook with 16 German theaters and their fans will be presented. Finally, the implications of the study results for theater marketing are considered and ideas for future research are discussed. Findings: – The study results confirm that recommendations have a high relevance for theatergoers and are very relevant in a social media context. They also show that the trustworthiness of eWOM on social media depends on the familiarity between the message sender and receiver. However, the results are limited with regard to the research design. Therefore, this paper concludes with ideas for further research. Originality/value: – All in all, though the study’s focus is narrow, this paper fills a research gap in the performing arts. In doing so, the understanding of the phenomenon and its importance for arts marketing will be enhanced. © 2016, Emerald Group Publishing Limited.",Arts marketing; eWOM; Performing arts; Recommendations; Social media; Theaters,Emerald Publishing,scopus-recommendation,20,Feeling AI,"['word of mouth', 'recommendations', 'trustworthiness', 'customer understanding', 'social media', 'theater marketing']","The abstract discusses the significance of electronic word of mouth (eWOM) in the context of performing arts marketing, emphasizing the role of recommendations in influencing customer decisions and the trustworthiness of these recommendations based on the relationship between sender and receiver. This aligns with the goals of Feeling AI, which focuses on understanding customer needs and emotional responses to marketing stimuli.",60%,10%,20%,0%,10%
Promoting obesity prevention together with environmental sustainability,Skouteris H.; Cox R.; Huang T.; Rutherford L.; Edwards S.; Cutter-Mackenzie A.,2014,10.1093/heapro/dat007,"There is mounting evidence that current food production, transport, land use and urban design negatively impact both climate change and obesity outcomes. Recommendations to prevent climate change provide an opportunity to improve environmental outcomes and alter our food and physical activity environments in favour of a 'healthier' energy balance. Hence, setting goals to achieve a more sustainable society offers a unique opportunity to reduce levels of obesity. In the case of children, this approach is supported with evidence that even from a young age they show emerging understandings of complex environmental issues and are capable of both internalizing positive environmental values and influencing their own environmental outcomes. Given young children's high levels of environmental awareness, it is easy to see how environmental sustainability messages may help educate and motivate children to make 'healthier' choices. The purpose of this paper is to highlight a new approach to tackling childhood obesity by tapping into existing social movements, such as environmental sustainability, in order to increase children's motivation for healthy eating and physical activity behaviours and thus foster more wholesome communities. We contend that a social marketing framework may be a particularly useful tool to foster behaviour change beneficial to both personal and environmental health by increasing perceived benefits and reducing perceived costs of behaviour change. Consequently, we propose a new framework which highlights suggested pathways for helping children initiate and sustain 'healthier' behaviours in order to inform future research and potentially childhood obesity intervention strategies. © The Author (2013).",Children; Environmental sustainability; Obesity prevention; Social marketing,Oxford University Press,scopus-recommendation,20,Feeling AI,"['environmental awareness', 'motivation', 'healthier choices', 'community', 'social movements']","The abstract discusses how enhancing children's environmental awareness can motivate them to make healthier choices regarding eating and physical activity. This aligns with the focus of Feeling AI on understanding customer emotions and needs, developing positioning that resonates with them, and tailoring communication based on emotional preferences. The emphasis on fostering motivation through social movements indicates a deep understanding of customer emotional needs.",60%,0%,40%,0%,0%
"How word-of-mouth transmission encouragement affects consumers’ transmission decisions, receiver selection, and diffusion speed",Stephen A.T.; Lehmann D.R.,2016,10.1016/j.ijresmar.2016.08.003,"This research considers how marketers can encourage or “nudge” consumers to transmit word of mouth (WOM), such as referrals or recommendations to friends, in a manner that helps reach, inform, or influence large numbers of consumers quickly, which is an outcome referred to as faster diffusion. Building on studies showing diffusion is faster when higher-connectivity people are involved; the authors propose a mechanism based on network externalities that encourages regular customers to select receivers who have higher levels of social connectivity. Three experiments and a simulation demonstrate the mechanism's efficacy by showing (i) how regular consumers can be encouraged to select higher-connectivity friends as WOM receivers, (ii) why this mechanism works, and (iii) how encouraging this receiver selection behavior can lead to faster diffusion at the macro level. The findings extend the WOM marketing literature by introducing an approach for encouraging transmissions to specific types of consumers that is a viable alternative to directly targeting higher-connectivity consumers in seeded WOM campaigns, which is often practically infeasible. © 2016 Elsevier B.V.",Diffusion; Field experiments; Incentives; Referrals; Social networks; Word of mouth,Elsevier B.V.,scopus-recommendation,51,Thinking AI,"['word of mouth', 'consumer behavior', 'network externalities', 'faster diffusion', 'higher-connectivity']","The abstract discusses strategies for marketers to encourage consumers to engage in word of mouth (WOM) effectively. It emphasizes the analysis of consumer behavior and the selection of highly connected individuals for WOM transmission, which aligns with market analysis and targeting strategies. The focus is on understanding how to influence consumer interactions to achieve faster diffusion, highlighting an analytical approach rather than automated processes or emotional engagement.",10%,0%,90%,0%,0%
"University choice: What do we know, what don’t we know and what do we still need to find out?",Hemsley-Brown J.; Oplatka I.,2015,10.1108/IJEM-10-2013-0150,"Purpose-The purpose of this paper is to systematically document, scrutinise and critically analyse the current research literature on higher education choice to: Establish the scope of the studies; map the factors associated with choice; identify the key strengths and weaknesses in the research literature; critically analyse the extant research and make recommendations for further research in this field. Design/methodology/approach-The authors conducted extensive searches of relevant and education and management databases. The search is limited to publications between 1992 and 2013 and is intended to cover national and international research. The review is based on 75 papers which focus on institutional choice, assembled on an Excel database (45 surveys, 13 secondary data studies, one experimental study, two longitudinal studies, 11 qualitative studies and three studies that use both qualitative and quantitative techniques). Findings-Results are presented under thematic headings which emerged from the analysis: First, demographics and academic factors; second, factors which relate to the institution: Quality, outcomes and benefits, facilities, and characteristics of institutions. Finally factors which affect both the institution and the students: Price and price sensitivity, information and information sources, and travel and geographical factors are considered. Originality/value-Comprehensive analysis of prior research in the field of institutional choice is long overdue. Theoretical models for future research are presented as a result of the findings. © Emerald Group Publishing Limited.",Decision making; Higher education choice; Institution choice; Marketing; Student choice; University choice,Emerald Group Holdings Ltd.,scopus-recommendation,110,Not Identified,"['higher education choice', 'institutional choice', 'demographics', 'academic factors', 'quality', 'price sensitivity', 'information sources']","The abstract focuses on a systematic review of higher education choice literature, analyzing factors influencing institutional choice without direct relation to marketing applications of AI. It discusses demographics, quality, and information sources but does not align with the defined categories of Mechanical AI, Thinking AI, or Feeling AI. The content is more academic and research-focused rather than practical marketing applications.",0%,0%,0%,100%,0%
Are tourists animal spirits? Evidence from a field experiment exploring the use of non-market based interventions advocating sustainable tourism,Araña J.E.; León C.J.,2016,10.1080/09669582.2015.1101128,"Tourists' travel decisions can be influenced by appropriate policies that seek to encourage them to choose travel plans leading to more sustainable tourism practices. Based on using conventional cognitive decision-making models, most current policy recommendations employ market-based economic incentives (e.g. taxes). This paper employs a dual emotional-cognitive decision-making model to represent tourists' choices. This framework allows comparing the efficacy of taxing emission levels against non-market sustainability policies including: (1) environmental information labelling; (2) emotional communication messages, and (3) limiting time pressure marketing practices. A field experiment (N = 509) was used to test the effectiveness of both market- and non-market-based sustainability policies in reducing overall CO2 emission levels by affecting destination choice. It found that the sensitivity of the choice decision to price is overestimated if and when emotions are not considered in the choice context. Tourists' decisions can not only be guided by rational financial calculations but also by the interplay of their emotions or the “animal spirits” cited by John Maynard Keynes. Therefore, effective policies to change behaviour towards more sustainable practices in tourism can be induced by working through non-market interventions like shaping positive emotional messages (but avoiding negative ones) and limiting time pressure marketing techniques. © 2016 Taylor & Francis.",behavioural change; CO<sup>2</sup> emissions; emotive marketing; Field experiments; sustainable tourism; tourist choice,Routledge,scopus-recommendation,35,Feeling AI,"['emotions', 'sustainable tourism', 'emotional communication', 'positive emotional messages']","The abstract discusses how tourists' travel decisions can be influenced by emotional factors alongside rational financial considerations. It emphasizes the importance of emotional communication and positive messaging in promoting sustainable tourism practices, which aligns closely with the focus on customer understanding and relationalization found in the Feeling AI category.",70%,10%,15%,0%,5%
Differences in decision-making criteria towards the return on marketing investment: A project business perspective,Smyth H.; Lecoeuvre L.,2015,10.1016/j.ijproman.2014.03.005,"Assessing the value of marketing to a business remains a thorny issue in theory and practice. Decision-making at the finance-marketing interface is under-researched, particularly for project businesses. Confronted by demands of accountability concerning the allocation of resources to meet competitive pressures, the paper examines the quality and extent of dialogue in investment decision-making. The return on investment (ROI) and marketing-specific investment (ROMI) are important factors at the marketing-finance interface. ROMI/ROI is examined from quantitative and qualitative viewpoints. The empirical evidence shows that short-term financial criteria dominate and are misaligned to long-term performance of project businesses and business units. Marketing investment in relation to project markets poses a particularly challenging environment. Client lifetime value and programme data sets for ROMI coupled with qualitative decision-making offer ways forward with constructive dialogue at the finance-marketing interface. The paper concludes with detailed recommendations for research and practice. © 2014 Elsevier Ltd.",Decision-making; Dialogue; Finance; Marketing; Performance; ROMI,Elsevier Ltd,scopus-recommendation,18,Thinking AI,"['investment decision-making', 'ROI', 'ROMI', 'financial criteria', 'long-term performance', 'marketing investment', 'client lifetime value', 'qualitative decision-making']","The abstract discusses the relationship between marketing and finance, specifically focusing on ROI and ROMI, which are critical for market analysis and investment decision-making. It emphasizes the need for dialogue in investment decisions and presents empirical evidence regarding the alignment of short-term financial criteria with long-term performance. This aligns closely with the Thinking AI category, which focuses on market analysis and strategic decision-making.",0%,0%,100%,0%,0%
Consumer reactions to professionals who use decision aids,Palmeira M.; Spassova G.,2015,10.1108/EJM-07-2013-0390,"Purpose – The purpose of this study is to investigate consumer reactions to professionals who use decision aids to make recommendations. The authors propose that people react negatively to decision aids only when they are usedin place ofhuman expert judgment. When used in combination with expert judgment, decision aids are not perceived negatively and may even enhance service evaluations. Design/methodology/approach – Three online experiments are presented. Participants indicated their perceptions regarding the recommendation strategy of professionals and their impressions of these professionals using one of three strategies: one based on expertise only, one based on decision aids only and a combination of the two (hybrid approach). Both within and between-subjects designs were used. Findings – Contrary to previous research that has found a negative reaction to professionals who use decision aids, the authors fnd that consumers actually appreciate these professionals, as long as the use of decision aids does not replace expert judgment. The authors also fnd that when people are given the opportunity to compare a pure expert judgment approach with a hybrid approach (decision aid in combination with expert judgment), they prefer the latter. Research limitations/implications – Although fndings should extend to various contexts, this research is limited to the three contexts examined and to the type of use of decision aid described. Practical implications – It has signifcant practical implication,as decision aids have been shown to improve decision accuracy, but previous research had indicated that consumers view these professionals in a negative way. The current research more clearly delineates the situations under which negative reactions are likely to occur and makes recommendations regarding circumstances in which reactions are actually quite positive. Originality/value – Reactions to professionals using decision aids have been investigated outside the marketing literature. However, this is the frst work to show that consumers actually have positive reactions to professionals using decision aids, as long as they do not replace expert judgment. © Emerald Group Publishing Limited.",Decision aids; Experimental design; Professional recommendations; Service encounter,Emerald Group Holdings Ltd.,scopus-recommendation,25,Feeling AI,"['consumer reactions', 'expert judgment', 'decision aids', 'service evaluations', 'positive reactions']","The abstract discusses consumer reactions to professionals using decision aids, emphasizing the emotional responses and perceptions towards these professionals based on their reliance on expert judgment versus decision aids. It highlights how consumers appreciate a hybrid approach that combines expert judgment with decision aids, indicating a focus on understanding and meeting customer emotional needs and preferences, which aligns with the Feeling AI category.",70%,0%,30%,0%,0%
Consumer attitudes in Germany towards different dairy housing systems and their implications for the marketing of pasture raised milk,Weinrich R.; Kühl S.; Zühlsdorf A.; Spiller A.,2014,,"There is currently much debate surrounding the housing systems for dairy cattle. Large farms, which represent a growing share of the dairy farms, prefer indoor housing systems whereas smaller farms concentrate on low-input systems by giving extended pasture access to milk cows. A consumer survey from 2013 with 1,009 German consumers dealt with consumers' attitudes towards outdoor and indoor systems as well as quality aspects of food. A factor and a cluster analysis are used to reduce the complexity and identify different consumer clusters. The results give recommendations for farmers, constructors of animal sheds, agricultural technology and the processing dairy industry concerning strategic decisions. © 2014 International Food and Agribusiness Management Association (IFAMA).",Cluster analysis; Consumer research; Dairy cattle; Housing systems; Pasturing,International Food and Agribusiness Management Association,scopus-recommendation,69,Thinking AI,"['consumer survey', 'attitudes', 'quality aspects', 'factor analysis', 'cluster analysis', 'consumer clusters', 'strategic decisions']","The abstract discusses a consumer survey analyzing attitudes towards housing systems for dairy cattle, leveraging statistical methods like factor and cluster analysis to reduce complexity and identify different consumer segments. This aligns with the focus on market analysis and targeting within the Thinking AI category, as it involves understanding consumer preferences and making strategic recommendations based on the findings.",0%,0%,100%,0%,0%
Attitude toward smoking: The effect of negative smoking-related pictures,Grigaliunaite V.; Pileliene L.,2017,10.24136/oc.v8i2.20,"Research background: Endeavouring to develop healthy societies is a primary goal in many countries. As smoking is a major problem of public health, lowering the extent of smoking is one of the conditions for developing a healthy society. Based on the research revealing that the pairing of the product with negative stimuli enhances the possibility of negative reaction to the product as negative stimulus transfers it's meaning to the product, tobacco packaging was labelled with negative smoking-related pictures illustrating the danger of smoking. Nevertheless, the extent of smoking is still large in many countries. Hence, the effect of negative smoking-related pictures has been the subject of intense debate within the scientific community. Purpose of the article: The aim of this research is to determine the effect of negative smoking-related pictures on the both implicit and explicit attitude toward smoking. Methods: For the purpose of determining the effect of negative smoking-related pictures on the both implicit and explicit attitude toward smoking, Implicit Association Test and questionnaire survey were provided. The questionnaire was elaborated based on the analysis and synthesis of scientific literature. Findings & Value added: The theoretical analysis substantiated the influence of attitude toward the product on consumer purchase decisions. Nevertheless, people do not always want to reveal their opinion, hence traditional marketing research methods for measuring explicit attitude are not sufficient as they are often not objective. Therefore, neuromarketing research methods complement traditional marketing research methods by providing more objectivity. Consequently, the Implicit Association Test and traditional questionnaire research are applied for the empirical research, revealing the effect of negative smokingrelated pictures on the both implicit and explicit attitude toward smoking. The recommendations for the usage of negative smoking-related pictures on purpose to influence attitude toward smoking and consumer purchase behaviour are substantiated. © 2017 Nicolaus Copernicus University. All rights reserved.",Consumer behaviour; Explicit attitude; Mplicit attitude; Negative pictures; Smoking,Nicolaus Copernicus University,scopus-recommendation,7,Feeling AI,"['negative stimuli', 'attitude', 'consumer purchase decisions', 'implicit and explicit attitude', 'emotional data']","The abstract discusses the impact of negative smoking-related pictures on attitudes toward smoking, which relates directly to understanding customer emotions and attitudes. The research aims to measure implicit and explicit attitudes, indicating a focus on emotional responses and customer understanding. Thus, it aligns with the objectives related to customer understanding and emotional needs, fitting well within the Feeling AI category.",70%,0%,30%,0%,0%
The role of mere closeness: How Geographic proximity affects social influence,Meyners J.; Barrot C.; Becker J.U.; Goldenberg J.,2017,10.1509/jm.16.0057,"Geographic proximity has become increasingly relevant due to the growing number of marketing services that use consumers' geographic locations, thus increasing the importance of gaining insights from this information. In five studies (both field and experimental), the authors analyze the effect of geographic proximity on social influence and demonstrate that not only social proximity but also perceived homophily can trigger social influence. They find that this effect holds under alternative representations of geographic distance and is confirmed for a range of different services and even for physical goods. Furthermore, the authors show that geographic proximity has a relative effect because the social influence of a closer sender is stronger than that of a more distant sender, regardless of the absolute distances. They present managerially relevant conditions under which the influence of geographic proximity not only is comparable to other types of information such as age or gender but also provides sufficient informational value for customers to offset differences among alternatives (e.g., due to higher prices) in trade-off decisions. © 2017, American Marketing Association.",Geographic proximity; Homophily; Online reviews; Recommendations; Social influence,American Marketing Association,scopus-recommendation,51,Thinking AI,"['geographic proximity', 'social influence', 'market analysis', 'consumer insights', 'trade-off decisions']","The abstract discusses how geographic proximity affects social influence and provides insights into consumer behavior, which aligns with market analysis and strategic targeting. The research highlights the importance of geographic data in understanding customer preferences and decision-making, fitting well within the definitions of Thinking AI, specifically in market analysis and targeting.",10%,10%,80%,0%,0%
Exploring the Length and Complexity of Couples Travel Decision Making,Smith W.W.; Pitts R.E.; Litvin S.W.; Agrawal D.,2017,10.1177/1938965517704374,"A quasi-experiment is used to examine the dynamics of the shared decision-making process by observing couples in real time as they make decisions about an overnight stay at a luxury resort. Observations and video recordings of the decision processes of 24 couples were coded and analyzed. The time to final decision, number, and type of tactics used were found to vary with couples’ length of experience with one another. Observation indicated that couples with greater travel experience together relied on “predealing” based on their experience together to avoid conflict, while less-experienced couples’ decisions were more likely to yield winners and losers. These findings and those related to the use of persuasive tactics by members of the couple dyads provide the basis for specific recommendations for marketing travel products. © 2017, © The Author(s) 2017.",couple’s negotiation; quasi-experiment; shared decision making; travel plan,SAGE Publications Inc.,scopus-recommendation,15,Feeling AI,"['shared decision-making', 'couples', 'tactics', 'experience', 'persuasive tactics', 'conflict']","The abstract discusses the dynamics of shared decision-making processes among couples, focusing on their emotional interactions and the persuasive tactics they employ. This aligns closely with the Feeling AI category, which emphasizes understanding customer emotional needs and wants, as well as tailoring communication based on emotional preferences. The findings provide insights into how couples negotiate and make decisions, which is crucial for developing marketing strategies that resonate emotionally with customers.",70%,10%,10%,0%,10%
"The empirical model of trust, loyalty, and business performance of the dairy milk supply chain: A comparative study",Susanty A.; Bakhtiar A.; Jie F.; Muthi M.,2017,10.1108/BFJ-10-2016-0462,"Purpose: The purpose of this paper is to measure and evaluate the relationship between collaborative communication, power dependence, price satisfaction, trust, supplier loyalty, and business performance. Design/methodology/approach: Data used in this study were primary data which were collected through personal interviews and closed questionnaires using a five-point Likert scale ranging from 1 to 5. The sample consisted of 170 individual dairy farmer and several dairy cooperatives, which were located in Central Java Province (Boyolali and Semarang Districts) and West Java Province (West Bandung District). The study used partial least squares with the aid of the SmartPLS software program to analyze the hypothesis. Findings: The results of hypothesis testing indicate that collaborative communication and price satisfaction had a significant positive effect on trust for Central Java and West Java Province. Meanwhile, power dependence had a significant negative effect on trust only for West Java Province. Trust had a significant positive effect on supplier loyalty for both of the two provinces. Significant positive effect of supplier loyalty on business performance was supported in Central Java Province, whereas in West Java Province, supplier loyalty had a positive but not significant effect on business performance. Research limitations/implications: The limitation of this study is related to the number of samples, the type of scale used to measure a business performance, and the focus that is only on the relationship between the fargmers and cooperative to improve the performance of cooperative without considering the role of management. So, the future research may replicate this study in another region or in the other contexts of agribusiness sector that usually depends on farmer as a producer of the raw material. It may also enhance the measurement of business performance of dairy cooperative by using a direct measure of financial performance and non-financial performance and broaden the scope of research into the role of management of dairy cooperative. Practical implications: It is recommended that managers of dairy cooperatives always involve the farmers when making marketing decisions especially concerning prices, products, market, and promotion. As organizational stakeholders, their involvement is vital in determining the ability of the dairy to achieve its goals. The other recommendation is the managers of cooperatives must have a clear policy on the price of milk, and this policy should indicate the transparency and accountability. Then, regarding the long-term benefit of dairy cooperative, it is recommended for dairy cooperatives to add the value of the milk so they can access wider markets, which, in turn, will maximize returns to the members. Based on this recommendation, it is better if the dairy cooperative in Indonesia not only serves as a marketing cooperative, but also serves as a farm supply cooperative which may process or formulate the milk into a more valuable product. Social implications: The research confirms that individual dairy farmer’s loyalty can benefit the business of dairy cooperative. It may encourage more dairy cooperative to tap the good relationship with the individual dairy farmer at the initial stage of the economic growth of their business. Intensifying competition between dairy cooperatives would potentially bring even better quality and quantity of milk from the loyal dairy farmer. Originality/value: Although this research used the conceptual model from the previous study, this research will make some improvement. First, it used more indicators to measure each dimension of the construct, and the investigation was slightly more complex and broader since the object of the research was represented by two regions, namely, Central Java Province and West Java Province. © 2017, © Emerald Publishing Limited.",Dairy industry; Milk; Suppliers; Supply chain management; Trust,Emerald Group Publishing Ltd.,scopus-recommendation,34,Thinking AI,"['collaborative communication', 'trust', 'supplier loyalty', 'business performance', 'price satisfaction']","The abstract focuses on analyzing relationships between various factors related to business performance in the context of dairy cooperatives and farmers. It evaluates trust, supplier loyalty, and the effects of price satisfaction, indicating a strategic analysis of market dynamics and performance metrics. The use of data collected through surveys and the application of statistical analysis tools (like SmartPLS) aligns with the definition of market analysis under Thinking AI. Therefore, it is classified under Thinking AI due to its emphasis on market performance evaluation and strategic insights.",20%,10%,70%,0%,0%
Jewish Community Studies as Seen Through a Business Lens,Levine S.J.; Dranoff S.,2016,10.1007/s12397-016-9185-2,"As market researchers, we have spent the past 30-plus years addressing the questions that impact the success of organizations in the service and non-profit sectors. It should come as no surprise, then, that when we bring our business lens and thought processes to the field of Jewish community studies, we also bring methods, approaches, and outcomes that differ markedly from traditional studies. Even more important than our methods, however, is the marketing framework in which we position our Jewish community studies. As a result of our marketing mindset, we look at the issues Jewish communities wish to address, analyze the data, and then draw conclusions and recommendations based on our deep experience understanding buyer behavior, purchase decision-making, and the customer experience. With this article, we hope to shed light on a different way of thinking about Jewish community studies, stimulate healthy discussion about the relative merits of all approaches to the subject, and contribute to the strengthening of Jewish communities everywhere. © 2016, Springer Science+Business Media Dordrecht.",Business; Consumer behavior; Jewish community study; Market research; Marketing; Strategy; Survey,Springer Netherlands,scopus-recommendation,2,Feeling AI,"['buyer behavior', 'purchase decision-making', 'customer experience', 'community needs', 'emotional understanding']","The abstract emphasizes understanding buyer behavior, purchase decision-making, and customer experience, which aligns closely with the goals of Feeling AI. It focuses on the emotional aspects of customer needs and the positioning of Jewish community studies, aiming to resonate with the communities being studied. This indicates a strong emphasis on customer understanding and relationalization, which are core aspects of Feeling AI.",60%,10%,30%,0%,0%
A guideline for designing experimental studies in marketing research and a critical discussion of selected problem areas,Koschate-Fischer N.; Schandelmeier S.,2014,10.1007/s11573-014-0708-6,"Experiments are a well-suited method for empirically studying cause-and-effect relationships. This article provides a guideline for designing experiments. We develop an integrative framework that illustrates the key decisions in designing experimental studies. With this framework, we discuss important problem areas in the design of experiments (e.g., determining the experimental setting, choosing participants). Finally, for the different decisions and identified problem areas, we derive concrete recommendations for designing experimental studies in marketing research. © 2014, Springer-Verlag Berlin Heidelberg.",Cause-and-effect relationships; Experimental research,Springer Berlin Heidelberg,scopus-recommendation,54,Thinking AI,"['experiments', 'cause-and-effect relationships', 'designing experimental studies', 'marketing research']","The abstract focuses on the empirical study of cause-and-effect relationships through the design of experiments in marketing research. It emphasizes the decision-making process involved in experimental design, which aligns with the market analysis and strategic targeting aspects of Thinking AI. The guidelines and recommendations provided for experimental studies are indicative of analytical approaches to understanding and optimizing marketing strategies.",0%,0%,100%,0%,0%
German experience in tourism development,Volkov S.K.,2016,10.15211/soveurope52016109117,"Tourism plays an important role not only in the economic life of the developing countries, but also in the structure of economies of the industrially developed states. Tourism carries out not only economic, but the social functions. The purpose of this research is to study the German experience, development and promotion of the tourism sector at the national and international tourist markets. The method of the system analysis, the content analysis of the scientific literature, the economical and the statistical methods, the com-parative method, the method of the expert evaluations, the analytical methods of a research were used. Some benefits were identified, as a result of the conducted research, which can be received due to the tourism de-velopment by private business and territories. The author gives his practical recommendations for tourist stakeholders in the Russian regions. The novelty of the research consists in the creative rethinking of the ste-reotypical approaches to the development of the regional tourism in the Russian Federation. Conclusions and recommendations can be used in practical activities of the state for management decisions in tourism industry of Russia.",Destination marketing; Marketing in tourism; Regional development; Tourism; Tourism organizations; Tourism policy,Institute of Europe Russian Academy of Sciences,scopus-recommendation,0,Thinking AI,"['tourism', 'market analysis', 'development', 'promotion', 'recommendations', 'competitors', 'regional tourism']","The abstract discusses the analysis of the tourism sector in Germany and its implications for the Russian regions, focusing on the development and promotion strategies within national and international markets. This aligns with the 'Thinking AI' category as it emphasizes market analysis and provides recommendations that can be used for strategic decision-making in tourism, indicating a focus on identifying competitors and competitive advantages. The use of various analytical methods further supports this classification.",0%,0%,100%,0%,0%
This blog brought to you by … exploring blogger perceptions of a product endorsement policy and reviews,Walden J.; Bortree D.; DiStaso M.,2015,10.1108/JCOM-08-2013-0065,"Purpose – The purpose of this paper is to explore how a change to a US policy about product testimonials affected bloggers and to understand bloggers’ perceptions of the organization-blogger relationship (OBR). Design/methodology/approach – This study utilizes a survey (n=173) with closed and open-ended questions, and both quantitative and qualitative data are analyzed. Findings – Bloggers’ decisions to accept compensation for a review may influence how much control they feel they have over the OBR. Qualitative data indicate that even as bloggers seek access to products to review, they prefer to maintain editorial control over the review process. Research limitations/implications – The study extends the transparency literature in public relations and relationship management theory by exploring the relationship between bloggers and public relations professionals through the lens of a disclosure policy. Practical implications – Recommendations are offered for public relations professionals in how to maintain transparent relationships with bloggers. Social implications – Qualitative data reveal concern among bloggers about efforts to persuade them and what they should disclose; this may impact the trust that consumers have in reviews at blogs. Originality/value – The study demonstrates the effects of review behaviors on the OBR and offers an organic explanation of how this relationship evolves. This is important as consumers are increasingly consulting blogs for product information. This issue also has relevance to public relations professionals, who are encouraged to broach the issue of transparency with bloggers. © 2015, Emerald Group Publishing Limited.",Communications; Electronic media; Ethics; Information media; Public relations; Relationship marketing,Emerald Group Holdings Ltd.,scopus-recommendation,10,Feeling AI,"['bloggers', 'editorial control', 'trust', 'transparency', 'relationship', 'consumer perceptions']","The abstract discusses how bloggers perceive their relationship with organizations, particularly in terms of maintaining editorial control and the implications of transparency on trust. It emphasizes emotional aspects such as trust and concerns about persuasion, aligning closely with the Feeling AI category, which focuses on understanding customer emotions and relational dynamics.",60%,0%,40%,0%,0%
Whereabouts devolution and collective forest management?,Hyde W.F.,2016,10.1016/j.forpol.2016.06.018,"Devolution in forestry generally refers to the transfer of some degree of central government authority to local responsibility. It commonly takes the form of recommendations by external advisors in developing country situations who encourage formally organized decision making by a local political community. This paper reviews the literature on local tenure, the summaries of case studies in forestry, and the broader history of experience with collectives and cooperatives with the objective of identifying the characteristic cases where some form of collective or community forest management might be successful. The paper identifies four cases. It concludes that, at some level, smaller groups of managers may cooperate in labor and capital intensive activities like fire control or harvesting, or in specialized activities beyond their personal expertise, activities like processing and marketing their products. Successful and sustainable community-wide collective enterprises seldom include agricultural or forest land—with the possible, and likely impermanent, exception of low-valued open access land beyond the perimeter of agricultural crops and managed forests. © 2016 Elsevier B.V.",Collective action; Community forestry; Devolution,Elsevier B.V.,scopus-recommendation,15,Out of Scope,"['devolution', 'forestry', 'local responsibility', 'community forest management', 'case studies', 'collectives', 'cooperatives', 'sustainable', 'management']","The abstract discusses the transfer of central government authority in forestry to local communities, focusing on collective and cooperative management of forest resources. It does not relate to marketing practices or AI applications in marketing, but rather deals with environmental management and community decision-making models.",0%,0%,0%,100%,0%
Evaluation and decision making in social media marketing,Keegan B.J.; Rowley J.,2017,10.1108/MD-10-2015-0450,"Purpose: As organisations are increasing their investment in social media marketing (SMM), evaluation of such techniques is becoming increasingly important. The purpose of this paper is to contribute to knowledge regarding SMM strategy by developing a stage model of SMM evaluation and uncovering the challenges in this process. Design/methodology/approach: Interviews were conducted with 18 key informants working for specialist SMM agencies. Such informants are a particularly rich source, since they manage social media campaigns for a wide range of clients. An exploratory research was conducted and thematic analysis surfaced the key components of the SMM evaluation process and associated challenges. Findings: The SMM evaluation framework is developed. This framework has the following six stages: setting evaluation objectives, identifying key performance indicators (KPIs), identifying metrics, data collection and analysis, report generation and management decision making. Challenges associated with each stage of the framework are identified, and discussed with a view to better understanding decision making associated with social media strategies. Two key challenges are the agency-client relationship and the available social analytics tools. Originality/value: Despite an increasing body of research on social media objectives, KPIs and metrics, no previous study has explored how these components are embedded in a marketing campaign planning process. The paper also offers insights in the factors that make SMM evaluation complex and challenging. Recommendations for further research and practice are offered. © 2017, © Emerald Publishing Limited.",Agency-client relationship; Digital marketing; Social media analytics; Social media marketing; Social media marketing evaluation,Emerald Group Publishing Ltd.,scopus-recommendation,105,Thinking AI,"['social media marketing', 'evaluation', 'key performance indicators', 'metrics', 'data collection', 'analysis', 'decision making', 'challenges']","The abstract focuses on the evaluation of social media marketing strategies, emphasizing the analysis of key performance indicators and metrics, which aligns closely with market analysis and targeting aspects of Thinking AI. The development of an evaluation framework and the identification of challenges suggest a strategic approach to marketing analytics, further supporting the classification under Thinking AI.",0%,0%,100%,0%,0%
"Undergraduate perceptions of the knowledge, skills and competencies required of today's practicing marketer",Carter S.; Yeo A.C.-M.,2017,10.1108/HESWBL-12-2016-0084,"Purpose: The purpose of this paper is to investigate how students in a Malaysian context, as a result of their experience of a Higher Education Institution (HEI) undergraduate teaching and learning experience in the subject of Marketing, perceive the knowledge, skills and competencies required of a practicing marketer and, conversely, what curriculum developers need to do if there is a ""shortfall"". Design/methodology/approach: Based on a total sample of a UG student population from an Accountancy, Finance and Business Faculty, the primarily descriptive, positivist, cross-sectional study used inferential statistics to measure the relationship between the four components of marketing knowledge, skills and competencies (the marketing mix, performance, social and emotional competencies, and responsible decision making). Findings: Quantitative results revealed that all student perceptions of the requirements to be a ""fit for purpose"" marketer were highly correlated with requirements from the literature, subject benchmarks and practice with few exemptions. Research limitations/implications: The findings are based on one institution. Moreover, knowledge, skills and competency requirements by students' level of study and practitioner experience may vary by type of HEI, organisation and geographic location. Practical implications: Recommendations are made for curriculum development to address both employability and career development, particularly in terms of interdisciplinary co-operation and the teaching and learning of concepts. Originality/value: Using the student perceptions of the requirements for being a practicing marketer, HEIs can adjust/add to their curriculum by comparing these to documented sources from academia and practice and by making any necessary adjustments by course of study. © Emerald Publishing Limited.",Employability; Malaysia; Marketing knowledge; Skills and competencies; Student perceptions,Emerald Group Publishing Ltd.,scopus-recommendation,7,Not Identified,"['curriculum development', 'knowledge', 'skills', 'competencies', 'higher education', 'marketing education']","The abstract discusses the perceptions of students regarding the knowledge, skills, and competencies required for marketers and how curriculum developers can address any gaps. However, it does not focus specifically on emotional data, automated processes, or strategic analysis related to marketing as defined in the categories. The primary focus is on educational curriculum rather than direct applications of AI in marketing.",0%,0%,0%,0%,100%
Conflicts of interest in medicine. A systematic review of published and scientifically evaluated curricula; [Interessenkonflikte in der Medizin. Eine systematische Übersichtsarbeit zu publizierten und wissenschaftlich evaluierten Lehrangeboten],Weißkircher J.; Koch C.; Dreimüller N.; Lieb K.,2017,10.3205/zma001114,"Objective: Conflicts of interests resulting from interactions with pharmaceutical companies are pervasive in medicine and can result in an undue influence on physicians’ decision-making. The objective of this systematic review is to analyze published and scientifically evaluated curricula for medical students and residents regarding such conflicts of interest. We begin by describing the covered topics and teaching methods; afterwards we analyze the quality of the curricula using the published data on their evaluations and comparing the content with content recommended for such curricula. Methods: We searched Pubmed, Psyclnfo, EMBASE, OECD, WISO, SOWI and googlescholar up to and including the 5th of September 2016. Publications describing curricula for residents or medical students on the topic of conflicts of interest in medicine and evaluating them for their effects on the participants’ learning were included. We analyzed the covered topics and the teaching methods used and compared them with recommendations by the American Medical Students’ Association (AMSA) and Health Action International (HAI). Results: The literature search resulted in 20 publications that fulfilled our search criteria. In five trials, a control group was used, in no trial the participants were randomized to intervention or control group. 16/20 published curricula primarily covered marketing strategies by pharmaceutical companies, especially the interaction with pharmaceutical sales representatives (PSRs). Most curricula only covered a limited number of topics recommended by AMSA/HAI. The most frequent teaching method was a group discussion, which was used in 18/20 curricula; all curricula used at least one interactive teaching method. The evaluation of the curricula was heterogeneous in results as well as design. Some publications described a change of attitudes toward a stronger skepticism regarding interactions with pharmaceutical companies. Four publications described improved knowledge, one publication described a change in behavior toward a reduction of the acceptance of gifts. Conclusion: The trials conducted to this date regarding curricula on conflicts of interests are methodologically flawed and the described curricula lack important topics beyond marketing strategies of pharmaceutical companies. In addition, there are no data so far on the sustainability of the courses’ effects on participants* behavior. It is therefore necessary to develop a model curriculum that covers a broader variety of topics and to evaluate it using a well thought-out methodology to create a foundation for the further improvement of teaching conflicts of interest in medicine. © 2017 Weißkircher et al.",Advertising as topic; Conflict of interest; Curriculum; Drug industry; Medical education; Medical/psychology students,Gesellschaft fur Medizinische Ausbildung,scopus-recommendation,12,Out of Scope,"['conflicts of interest', 'medical education', 'pharmaceutical companies', 'curricula', 'teaching methods']","The abstract discusses the evaluation of medical curricula related to conflicts of interest in medicine, particularly focusing on the influence of pharmaceutical companies on physicians' decision-making. This topic is primarily related to healthcare education rather than marketing. The content does not align with any of the marketing-focused categories, as it does not involve automated processes, emotional data analysis, or strategic market analysis.",0%,0%,0%,100%,0%
Competitive analysis of social media data in the banking industry,Afolabi I.T.; Ezenwoke A.A.; Ayo C.K.,2017,10.1504/IJIMA.2017.085644,"Recently, most companies interact more with their customers through the social media, particularly Facebook and Twitter. This has made large amount of textual data freely available on the internet for competitive intelligence analysis, which is helping reposition more and more companies for better profit. In order to carry out competitive intelligence, financial institutions need to take note of and analyse their competitor's social media sites. This paper, therefore, aims to help the banking industry in Nigeria understand how to perform a social media competitive analysis and transform social media data into knowledge, which will form the foundation for decision-making and internet marketing of such institutions. The study describes an in-depth case study which applies text mining to analyse unstructured text content on Facebook and Twitter sites of the five largest and leading financial institutions (banks) in Nigeria: Zenith Bank, First Bank, United Bank for Africa, Access Bank and GTBank. Analysing the social media content of these institutions will increase their competitive advantage and also lead to more profit for the banking institutions in question. The results obtained from this research showed that text mining is able to reveal uncommon and non-Trivial trend for competitive advantage from social media data, and also provide specific recommendations to help banks maximise their competitive edge. © 2017 Inderscience Enterprises Ltd.",Banking; Clustering; Competitive intelligence; Facebook; Sentiment analysis; Social media; Text mining; Twitter,Inderscience Publishers,scopus-recommendation,19,Thinking AI,"['social media', 'competitive analysis', 'text mining', 'banking industry', 'competitive advantage', 'data analysis']","The abstract discusses the use of social media data and text mining for competitive analysis within the banking industry. It focuses on understanding competitor behavior and leveraging insights for strategic decision-making and marketing. This aligns closely with the 'Market analysis' and 'Targeting' aspects of Thinking AI, as it emphasizes identifying competitive advantages and improving market positioning based on analytical insights.",0%,0%,100%,0%,0%
Model for measuring post-harvest technological capability of paddy farmers in dealing with climate change,Anujuprana A.H.; Machfud; Sutrisno; Suryani A.,2014,10.1504/IJTPM.2014.060158,"Indonesia has witnessed extreme weather conditions in various regions in recent times. In the early 2013, these conditions have caused flood in Karawang district. This extremity in climate conditions indicates that climate change has occurred. Climate change, in the form of high/low rainfall, erratic rainfall or changes in the rainy/dry season, has become problem to paddy farmers of Karawang district, who have faced increase in post-harvest losses of paddy. Technological capability of farmers is one of the main factors that play important role in tackling such conditions. Measurement of post-harvest technological capabilities of paddy farmers in dealing with climate change is carried out using six criteria, such as the production capability, investment capability, capability to make small changes, capability to make major changes, marketing capability, and capability to create network. The methods used to measure the technological capabilities are the Analytical Hierarchy Process (AHP) and Non-Numeric Multi Expert Multi Criteria Decision Making (MEMCDM). This paper studies the level of post-harvest technological capabilities of farmers in dealing with climate change and provides technology policy recommendation. © 2014 Inderscience Enterprises Ltd.",Climate change; Level of technological capabilities; Policy recommendation; Technological capability,Inderscience Publishers,scopus-recommendation,0,Out of Scope,"['climate change', 'paddy farmers', 'post-harvest losses', 'technological capabilities', 'Analytical Hierarchy Process', 'Non-Numeric Multi Expert Multi Criteria Decision Making']","The abstract discusses the impact of climate change on paddy farmers in Indonesia and the technological capabilities required to handle post-harvest losses. It focuses on agricultural technology and does not relate to marketing applications of AI. The context is primarily environmental and agricultural, which falls outside the marketing domain.",0%,0%,0%,100%,0%
"Divergence and convergence of commercial and scientific priorities in drug development: The case of Zelmid, the first SSRI antidepressant",Mulinari S.,2015,10.1016/j.socscimed.2015.06.020,"Based on a realist conceptualization of interests, this paper explores how commercial and scientific priorities appear to have converged and diverged during the development of the antidepressant Zelmid. The drug represents the first of the selective serotonin reuptake inhibitors (SSRIs) to reach the market. Zelmid was synthesized in 1971 and launched by the Swedish firm Astra in 1982, but subsequently withdrawn the next year because of adverse neurological effects. This paper draws on in-depth interviews with scientists representing both industry and academia who had high-level involvement in various phases of the project (experimental, pre-clinical and clinical), as well as on textual sources such as scientific articles and memoirs. Zelmid was a product of mechanism-based or ""rational"" drug discovery from the early 1960s and the associated intermingling of science and commerce. It is argued that both scientists and the pharmaceutical company shared an interest in embracing mechanism-based drug discovery because it simultaneously promised medico-scientific advances and profits. However, the intermingling of science and commerce also strained the relationship between scientific and commercial priorities further along the trajectory of the drug; for example, concerning issues such as dosage strategy and drug use in primary care, where corporate management allegedly took decisions contrary to the recommendations of both academic and company scientists. On such occasions the asymmetry in power became apparent in scientists' narratives: commercial considerations trumped those of science since, ultimately, decisions rest with management, not with scientists. In addition, temporality appears to be associated with the divergence of commercial and scientific priorities. While rare during experimental and pre-clinical phases, divergence was concentrated downstream to the clinical testing and post-marketing phases. It is hypothesized that a similar pattern of convergence and divergence of commercial and scientific priorities may exist in the trajectory of other drugs. © 2015 The Author.",Antidepressant; Drug development; History; Interests; Pharmaceutical industry; Psychiatry; SSRI; Sweden,Elsevier Ltd,scopus-recommendation,5,Out of Scope,"['antidepressant', 'scientific priorities', 'commercial priorities', 'drug discovery', 'clinical testing']","The abstract discusses the development of the antidepressant drug Zelmid, focusing on the convergence and divergence of scientific and commercial priorities in the pharmaceutical industry. This topic primarily relates to healthcare and pharmaceuticals rather than marketing applications. The concepts mentioned do not align with the definitions of Mechanical AI, Thinking AI, or Feeling AI, which are focused on marketing strategies, customer understanding, or automated processes in marketing contexts.",0%,0%,0%,100%,0%
When generation Y buys European wine: A consumer decision-making model,Geringer S.D.; Patterson D.M.; Forsythe L.M.,2014,,"Tne purpose of this paper is to examine the nine-buying decision-making process of U.S. Generation Y purchasers, when they select European wines. This is one of few empirical studies of U.S. Generation Ywine consumers and their nine purchasing decisions. Using the Howard Model of Consumer Decision Making, the researchers analyzed the significant factors Generation Y purchasers use as they make decisions about wine purchases. Generation Y respondents across the United States who were of legal drinking age were surveyed. In total 713 usable surveys were obtained. Tne researchers found that when Generation Y purchasers consider European Mines, the variables of consumer experience and brand familiarity are significant to the decision process. In addition, the consumer search process helps to build brand familiarity. In turn, brand familiarity improves the consumer attitude which contributes to the intent to purchase wine. Tne results provide valuable information about Generation Y Mine purchasers and it is to these individuals the global wine industry is looking for market growth. European wineries and their associations can use this information to improve their promotional activities and better educate Generation Ypurchasers about their products as they develop marketing programs and positioning strategies Mithin the U.S. Wineries can also target other upon whom Generation Y purchasers rely for recommendations. This information will enable wineries to use their marketing funds more efficiently.",,Allied Academies,scopus-recommendation,3,Feeling AI,"['consumer experience', 'brand familiarity', 'consumer attitude', 'intent to purchase', 'promotional activities', 'educate']","The abstract focuses on understanding the decision-making process of Generation Y wine purchasers, emphasizing emotional factors like consumer experience and brand familiarity. It discusses how these elements shape consumer attitudes and purchasing intent, which aligns closely with the principles of Feeling AI that prioritize customer understanding and emotional engagement. The intent to improve promotional activities also suggests a focus on resonating with customer emotions and preferences.",60%,10%,30%,0%,0%
Open book practices in buyer-supplier relationships in India,Kumra R.; Agndal H.; Nilsson U.,2012,10.1108/08858621211207225,"Purpose: This paper seeks to explore how Indian buying firms practise an open book (OB) policy in supplier relationships in three industries, i.e. the vehicle industry, the construction industry and the information technology industry. It also aims to study determinants of open book practices. Design/methodology/approach: Application of the OB policy is operationalised as the nature of open book practices, the extent and stage of data disclosed, the form of data disclosed, the direction of data disclosed, the attitude towards cost data disclosed, and the purpose and conditions of data disclosed. Determinants of the open book policy comprise characteristics of the exchange, the product, the buyer, the supplier and the supply market. Qualitative data were collected in the form of 22 interviews with representatives of three buying organisations and several of their suppliers in order to build three case studies. Findings: The results suggest that the OB policy is used by buyers for diverse purposes ranging from strategic to operational, for example value engineering at the product development stage, to ensure supplier margins, for self improvements and cost reductions, and country entry decisions. Similarly, the data shared ranged from narrow to wide in scope and scale. Suppliers' attitudes ranged from fairly neutral to very negative towards open books. Power asymmetries, the number of alternative suppliers, product performance characteristics and value, incentives offered, and buyer efforts were found to influence OB practices. Practical implications: Experiences gained from employing an OB policy in vehicle manufacturing suggests that firms in other industries can better leverage the use of open books for joint problem solving, equitable profit sharing and supplier selection. Originality/value: The paper highlights that an OB policy can have broader applicability than recognised by many past studies and indicates that it can serve purposes of strategic decision-making. It can also be an integrated part of a buyer's risk reduction strategy. Further, the study provides specific recommendations for Indian companies with regard to the application of an open book policy. © Emerald Group Publishing Limited.",Buyer-seller relationships; Buyer-supplier relationships; Buyers; India; Open book policy; Relationship marketing,,scopus-recommendation,15,Thinking AI,"['open book policy', 'supplier relationships', 'strategic decision-making', 'cost reductions', 'data disclosure', 'buyer-supplier exchange']","The abstract discusses how Indian buying firms implement an open book policy in supplier relationships across different industries, focusing on strategic purposes such as cost reductions, supplier margin assurance, and value engineering. The analysis of determinants influencing open book practices indicates a market analysis perspective, aligning with the Thinking AI category, which focuses on market analysis and strategic decision-making. The findings highlight the strategic implications of the OB policy, which resonates with the objectives of thinking AI applications.",0%,0%,100%,0%,0%
"Dynamic marketing budgeting for platform firms: Theory, evidence, and application",Sridhar S.; Mantrala M.K.; Naik P.A.; Thorson E.,2011,10.1509/jmr.10.0035,"Few studies address the marketing budgeting problems of platform firms operating in two-sided markets with cross-market network effects, such that demand from one customer group in the platform influences the demand from the other customer group. Yet such firms (e.g., newspapers whose customers are both subscribers and advertisers) are prevalent in the marketplace and invest significantly in marketing. To enable such firms to make effective marketing decisions, the authors delineate the desired features of a platform firm's marketing response model, specify a new response model, and validate it using market data from a local newspaper. The results show that the firm faces reinforcing cross-market effects, its demand from both groups depends on marketing investments, and the model exhibits good forecasting capability. The authors use the estimated response model to determine optimal marketing investments over a finite planning horizon and find that the firm should significantly increase its newsroom and sales force investments. With this modelbased recommendation, the firm's management increased its newsroom budget by 18%. Further normative analysis sheds light on how crossmarket and carryover effects alter classical one-sided marketing budgeting rules. © 2011, American Marketing Association.",Kalman filter; Marketing budgeting; Marketing dynamics; Twosided markets,American Marketing Association,scopus-recommendation,56,Thinking AI,"['marketing budgeting', 'cross-market effects', 'demand', 'forecasting capability', 'optimal marketing investments']","The abstract discusses a marketing response model specifically designed for platform firms operating in two-sided markets. It focuses on analyzing how marketing investments impact demand from different customer groups, which aligns with market analysis and strategic decision-making characteristic of Thinking AI. The findings lead to recommendations for optimal marketing investments, indicating a strategic analysis in marketing budgeting rather than mechanical data collection or emotional understanding.",0%,0%,100%,0%,0%
Empire and romance: Movie-induced tourism and the case of the sissi movies,Peters M.; Schuckert M.; Chon K.; Schatzmann C.,2011,10.1080/02508281.2011.11081317,"Recent literature discusses movies and television as determinants of destinations’ image formation influencing tourists’ travel decisions. However, there still exists a lack of knowledge regarding the details of such screen-related influences on travel behaviour. This study attempts to shed light on these screen-related aspects and their role in influencing travel decisions and travel behaviour at the destination. In particular, it examines the role of the AustroGerman Sissi movies in attracting visitors to Vienna (Austria). The movies were shot during the 1950s and Vienna served as a major set for the movie. Based on a review of the major literature in the field of movie-induced tourism and the empirical survey the authors are able to derive implications for destination marketing and further research recommendations. Questionnaires were distributed amongst visitors of Sissi-related heritage sites. The findings support the importance of movie-induced tourism by illustrating that the Sissi movies contributed to travellers’ choice to visit Vienna and the film location. © 2011 Tourism Recreation Research.",Destination images; Movie-induced tourism; Sissi; Travel decisions,Taylor and Francis Ltd.,scopus-recommendation,21,Feeling AI,"['tourism', 'movie-induced', 'travel decisions', 'destination marketing', 'customer understanding']","The abstract discusses the influence of movies on tourists' travel decisions and behavior, emphasizing the emotional connection and significance of cultural representations in shaping destination perceptions. This aligns closely with the 'Feeling AI' category, which focuses on understanding customer emotions and preferences in relation to marketing strategies. The findings about the Sissi movies demonstrate how they resonate with travelers' emotional needs and can attract visitors to Vienna.",70%,10%,20%,0%,0%
The role of demographics in patients' perceptions towards the quality of health care services provided at public hospitals in Damascus,Al-Khalil A.; Mahmoud A.B.,2012,,"The assessment of health care service quality is considered one of the important indicators utilized by decision makers in the process of enhancing and developing the quality of the health care services provided through hospitals. This study aims at assessing patients' perception towards the quality of health care services provided at the public hospitals affiliated to the Syrian ministry of health in Damascus. The results of (677) valid questionnaires revealed that patients had perceived positively the three dimensions of health care service quality which are: ""Health Care"", ""Health Personnel"", and ""Health Facilities"". It was also found that female lower educated patient would hold less positive perceived quality for the health care services than other categories of patients do. Recommendations are discussed later. © EuroJournals, Inc. 2012.",Health care service Perceived Quality; Health Marketing; Quality,,scopus-recommendation,3,Out of Scope,"['health care service quality', ""patients' perception"", 'public hospitals', 'health care dimensions', 'health personnel', 'health facilities']","The abstract discusses the assessment of health care service quality and patients' perceptions in public hospitals. It focuses on healthcare services, which is not related to marketing applications of AI. Therefore, it falls under the Out of Scope category.",0%,0%,0%,100%,0%
Acquisition and strategic use of competitive intelligence,Yap C.S.; Abdul Rashid M.Z.,2011,,"This study investigates the current status of competitive intelligence (CI) practices in Malaysia, and how managers acquire and use CI from various sources. Data are collected through mail questionnaire survey from 123 companies listed on Bursa Malaysia. More than half of the surveyed companies have a formal CI unit in their organisation. These units are mostly located within the marketing or market research or corporate planning department and has been established from 5 to 9 years. On average, 2 to 5 full-time personnel are assigned to take charge of CI activities. The top three sources managers acquire CI are newspapers and periodicals, the Internet and extranets, and customers. Whereas, the top three sources where CI is used in strategic decision making are customers, competitors, and newspapers and periodicals. In terms of source category, while the frequency of acquiring CI is higher from external impersonal sources, the frequency of using external and personal sources in strategic decision making is significantly higher than internal and impersonal sources. The article includes implications and recommendations for future studies. © 2003, Faculty of Computer Science & Information Technology, University of Malaya.",Competitive intelligence practices; Intelligence acquisition; Intelligence sources; Intelligence use; Malaysia; Strategic decision making,,scopus-recommendation,7,Thinking AI,"['competitive intelligence', 'strategic decision making', 'market analysis', 'customers', 'competitors']","The abstract discusses the practices of competitive intelligence (CI) in marketing, focusing on how managers acquire and use CI for strategic decision making. This aligns with the 'Thinking AI' category, which emphasizes market analysis and the use of marketing analytics to identify competitors and competitive advantages. The sources of CI mentioned (newspapers, internet, customers) indicate an analytical approach to understanding the market and making informed decisions based on acquired data.",0%,0%,100%,0%,0%
The effects of blogger recommendations on customers' online shopping intentions,Hsu C.-L.; Lin J.C.-C.; Chiang H.-S.,2013,10.1108/10662241311295782,"Purpose: Blogging has become part of a consumer's decision making process when shopping online; however, the understanding of blog recommendation's effect on consumer purchase decision is still vague. The purpose of this study is to examine whether the blog reader's trusting belief in the blogger is significant in relation to the perceived usefulness of the blogger's recommendations; and how the blog reader's perceptions influence his/her attitude and purchasing behavior online. The moderating effect of blogger's reputation on readers' purchasing intentions is also tested. Design/methodology/approach: Based on various theories, a model was proposed in this study. A survey involving 327 blog readers as participants was analyzed in the empirical study to investigate whether the usefulness of bloggers' recommendations and trusting beliefs toward blogger had influence on consumers' attitudes and behavioral intentions toward online shopping. Findings: The results indicated that perceived usefulness of bloggers' recommendations and trust had significant influential effect on blog users' attitude towards and intention to shop online. Moreover, the findings showed that different determinants affected the users of perceived-high-reputation and perceived-low-reputation blogs. Originality/value: The findings suggest bloggers' electronic word-of-mouth (eWOM) to be a promising marketing strategy for increasing sales. The marketers should provide free trial products and services to the perceived-high-reputation bloggers who, as valued opinion leaders, will influence and prompt others to shop online through a trusting effect. As for perceived-low-reputation bloggers, the marketing strategists should strive to emphasize the usefulness of products and services being marketed, so these perceived-low-reputation bloggers can focus more on describing the advantages and benefits of products or services discussed in their blogs. © Emerald Group Publishing Limited.",Blogging; Blogs; Consumer behaviour; Electronic commerce; Online shopping; Recommendations; Reputation; Trust,,scopus-recommendation,268,Feeling AI,"['trust', 'attitude', 'purchasing behavior', 'perceived usefulness', ""blogger's reputation""]","The abstract focuses on the emotional and relational aspects of consumer behavior influenced by bloggers' recommendations. It highlights the importance of trust and perceived usefulness in shaping consumers' attitudes and purchasing decisions, which aligns with the objectives of Feeling AI to understand customer emotional needs and tailor experiences. The findings suggest a significant emotional engagement with the content provided by bloggers, particularly regarding their reputation, which further emphasizes the emotional connection in consumer decision-making.",60%,10%,30%,0%,0%
When does retargeting work? Information specificity in online advertising,Lambrecht A.; Tucker C.,2013,10.1509/jmr.11.0503,"Firms can now offer personalized recommendations to consumers who return to their website, using consumers' previous browsing history on that website. In addition, online advertising has greatly improved in its use of external browsing data to target Internet ads. Dynamic retargeting integrates these two advances by using information from the browsing history on the firm's website to improve advertising content on external websites. When surfing the Internet, consumers who previously viewed products on the firm's website are shown ads with images of those same products. To examine whether this is more effective than simply showing generic brand ads, the authors use data from a field experiment conducted by an online travel firm. Surprisingly, the data suggest that dynamic retargeted ads are, on average, less effective than their generic equivalents. However, when consumers exhibit browsing behavior that suggests their product preferences have evolved (e.g., visiting review websites), dynamic retargeted ads no longer underperform. One explanation for this finding is that when consumers begin a product search, their preferences are initially construed at a high level. As a result, they respond best to higher-level product information. Only when they have narrowly construed preferences do they respond positively to ads that display detailed product information. This finding suggests that in evaluating how best to reach consumers through ads, managers should be aware of the multistage nature of consumers' decision processes and vary advertising content along these stages. © 2013, American Marketing Association.",Construal level theory; Field experiments; Online advertising; Online decision process; Retargeting,American Marketing Association,scopus-recommendation,345,Thinking AI,"['personalized recommendations', 'browsing history', 'dynamic retargeting', 'consumer preferences', 'advertising content', 'field experiment', 'market analysis']","The abstract discusses the use of dynamic retargeting and personalized advertisements based on consumer browsing history, indicating a focus on targeting and personalization in marketing strategies. The findings suggest that understanding consumer behavior and preferences is crucial for effective advertising, which aligns with market analysis and targeting aspects of Thinking AI.",10%,15%,75%,0%,0%
Improved scale development in marketing: An empirical illustration,Terblanche N.S.; Boshoff C.,2008,10.1177/147078530805000108,"Far too often marketing instruments are used in research without sufficient evidence of their reliability and validity. As a result conclusions are drawn, recommendations offered and managerial decisions made, based on empirical results that are often contradicted by follow-up studies, or are simply false. Correct measurement using valid and reliable scales is not just a 'nice to have' in marketing research - it is crucial. This study highlights the limitations of more conventional methods of scale development, and empirically illustrates how marketing researchers can improve the construct validity of their measuring scales by using contemporary techniques such as structural equation modelling. © 2008 The Market Research Society.",,Market Research Society,scopus-recommendation,29,Thinking AI,"['reliability', 'validity', 'construct validity', 'measurement', 'marketing research', 'empirical results', 'structural equation modelling']","The abstract discusses the importance of reliable and valid measurement scales in marketing research, emphasizing the need for improved construct validity through modern techniques like structural equation modelling. This aligns with the 'Thinking AI' category, which focuses on market analysis and the strategic application of data to improve marketing outcomes.",0%,0%,100%,0%,0%
Marketing with integrity: Ethics and the service-dominant logic for marketing,Abela A.V.; Murphy P.E.,2008,10.1007/s11747-007-0062-0,"This paper examines a tendency within existing marketing scholarship to compartmentalize ethical issues. It also shows how this tendency can cause ethical tensions and conflicts in marketing practice. The emerging service-dominant (S-D) logic for marketing, as proposed by Vargo and Lusch, is explored as an example of an approach to marketing that overcomes this tendency. The S-D logic is found to be a positive development for marketing ethics because it facilitates the seamless integration of ethical accountability into marketing decision-making. Specific recommendations are made for improving the ethical climate in marketing using marketing performance measurement theory and practice. © Academy of Marketing Science 2007.",Ethical violations; Ethics; Integrity; Marketing ethics; Marketing performance measurement; Service-dominant logic,,scopus-recommendation,151,Feeling AI,"['ethical issues', 'ethical tensions', 'ethical accountability', 'ethical climate', 'customer needs']","The abstract discusses ethical issues in marketing and how they can create tensions and conflicts, which suggests a focus on customer understanding and emotional needs. The exploration of service-dominant logic emphasizes integrating ethical accountability into marketing, which aligns with understanding and meeting customer emotional needs and wants. This aligns with the 'Feeling AI' category, as it involves understanding customer emotions and ethical considerations.",60%,10%,20%,0%,10%
Marketing-mix recommendations to manage value growth at P&G Asia-Pacific,Kumar V.; Fan J.; Gulati R.; Venkat P.,2009,10.1287/mksc.1080.0477,"Procter & Gamble (P&G) Asia-Pacific is interested in managing value growth. Only after fully understanding the true effects of the marketing-mix variables can P&G managers make strategic decisions answering questions such as the following: (1) Are the P&G brands in the detergent market inelastic or elastic with respect to price? How has the price elasticity changed over time? Can P&G increase the price of its brands to gain value growth? (2) What are the price, distribution, and sizing combinations needed to achieve the desirable value growth? (3) How can P&G gain market share from its competitors without cannibalizing its own brands? P&G Asia-Pacific approached us to develop a value growth framework to answer these questions. To generate the answers for the above questions, we develop a three-step weighted random coefficient estimator that captures the heterogeneity across cross sections (different stock-keeping units and states) and the endogeneity of distribution. Based on the parameter estimates, we provide strategic recommendations to P&G for a field test to validate our suggestions. We developed a simulator for P&G managers so that they can generate appropriate marketing-mix strategies for achieving the desired value growth. As a result, P&G gained over $39 million in value growth over a one-year period by implementing the recommendations from our modeling approach. © 2009 INFORMS.",Distribution; Marketing mix; Price elasticity; Random coefficient model; Revenue; Sales value; Sales volume; System of equations,,scopus-recommendation,12,Thinking AI,"['value growth', 'price elasticity', 'market share', 'marketing-mix', 'strategic recommendations', 'market analysis']","The abstract discusses the development of a framework for Procter & Gamble to understand and manage value growth through analysis of marketing-mix variables such as price elasticity and market share strategies. This aligns closely with the Thinking AI category, which focuses on market analysis and the use of marketing analytics to derive strategic recommendations. The mention of a simulator for generating marketing strategies further supports this classification.",0%,0%,100%,0%,0%
Fuzzy quality attributes for evaluating Internet marketing system performance,Shih Y.-Y.; Hu J.-S.,2008,10.1080/14783360802351546,"Electronic commerce (EC) is an important issue both for research and in the real business world. In addition, the Internet is a new and rapidly growing marketing channel for companies developing B2B (Business to Business) or B2C (Business to Customers) electronic commerce. To obtain rewards from EC, dot-com companies should develop their marketing performance effectively to attract customers' attention toward purchasing goods and to provide satisfying service for customers on the Internet. But not all the dot-com companies are successful, many factors will affect the enterprise operation. Thus, the purpose of this paper is to establish a multiple attribute decision-making (MADM) framework for assessing and evaluating the marketing performance of Internet bookstore companies in Taiwan. Based on the hierarchical structure, a mixed MADM method with non-additive and additive fuzzy measurement is used to show the relative importance of quality attributes. Seven real cases are then used as illustrative the alternatives to demonstrate the synthesis decisions under the application of a mixed mode of both MADM methods. The study shows that the safety of the payment mechanism is the most important quality attribute to develop marketing performance. Furthermore, several practical implications and recommendations are also discussed.",Analytical hierarchy process (AHP); Electronic commerce (EC); Fuzzy integral; Fuzzy measure; Internet bookstore; Multiple attribute decision making (MADM); Quality attributes,,scopus-recommendation,8,Thinking AI,"['marketing performance', 'multiple attribute decision-making', 'customer attention', 'payment mechanism']","The abstract discusses the establishment of a framework for assessing and evaluating marketing performance specifically for Internet bookstore companies. This involves a strategic analysis of quality attributes using a mixed decision-making method, which aligns with the 'Market analysis' focus of Thinking AI. The emphasis on evaluating marketing performance and understanding customer needs through specific attributes indicates a strategic approach rather than just automated processes or emotional understanding.",5%,10%,80%,0%,5%
The effect of lifestyle-based depletion on teen consumer behavior,Montoya D.Y.; Scott M.L.,2013,10.1509/jppm.10.086,"Consumer overspending and lack of adequate savings have a significant economic impact and thus are high-profile issues for policy makers. The authors examine the overspending phenomenon from the perspective of resource depletion and role stress theories. They explore factors that influence consumer and financial decision-making quality among the teenaged consumer segment, conducting two studies-a survey and a series of depth interviews-with middle school and high school teenagers. The results suggest that lifestyle-based depletion (1) can affect consumption patterns among teens and (2) is prevalent among ethnic teenagers, girls, and teens with weak parental relationships. The authors provide recommendations to help guide further policy research and aid policy decision makers. © 2013, American Marketing Association.",Ethnicity; Financial decisions; Overconsumption; Resource depletion; Self-regulation; Teens,American Marketing Association,scopus-recommendation,14,Feeling AI,"['consumer overspending', 'financial decision-making', 'lifestyle-based depletion', 'ethnic teenagers', 'weak parental relationships']","The abstract discusses the emotional and psychological factors influencing financial decision-making among teenagers, particularly in relation to lifestyle-based depletion and its effect on consumption patterns. This aligns with the 'Feeling AI' category, which emphasizes understanding customer emotional needs and wants. The focus on teenaged consumers and their relationships suggests a deeper emotional context that drives their spending behavior.",70%,10%,20%,0%,0%
Target marketing and ethics: Brand advertising and marketing campaigns,Fogel G.K.; Lewis L.F.,2010,10.4018/jsesd.2010100102,"Marketing to a targeted minority can provide a competitive advantage for an organization. However, there are ethical and legal concerns that must be carefully evaluated. Youth, children, and protected minorities, including women and the elderly, are a high target of advertising because of the increasing importance of these segments in making purchasing decisions. Recent population and demographic factors continue to impact marketing to address minority marketing issues with careful attention to ethics and social responsibility. This paper examines ethical concerns of advertising, the use of animated spokes-characters, marketplace discrimination, misleading practices, ethical concerns in minority marketing, and related advertising regulations. The authors conclude with recommendations for future research and implications for advertising and marketing practice. Policy implications are made for socially responsible advertising and marketing. Copyright © 2010, IGI Global.",Advertising; Marketing; Minorities; Organizations; Purchasing Decisions; Regulations,,scopus-recommendation,0,Thinking AI,"['ethical concerns', 'minority marketing', 'purchasing decisions', 'advertising regulations', 'marketplace discrimination']","The abstract discusses the ethical and legal dimensions of marketing to targeted minorities, emphasizing market analysis, advertising practices, and the implications of demographic factors on marketing strategies. This aligns closely with 'Thinking AI' which focuses on market analysis and targeting, as it involves understanding competitive advantages and the implications for advertising and marketing practice.",10%,15%,75%,0%,0%
Is unimpeded marketing for breast milk substitutes responsible for the decline in breastfeeding in the Philippines? An exploratory survey and focus group analysis,Sobel H.L.; Iellamo A.; Raya R.R.; Padilla A.A.; Olivé J.-M.; Nyunt-U S.,2011,10.1016/j.socscimed.2011.08.029,"Infant mortality and morbidity risk is linked to formula usage. The proportion of Filipino infant formula users rose 6% between 2003 and 2008. It is hypothesized this rise resulted from aggressive formula industry marketing.We conducted a household survey between April and December 2006 and focus groups in April-May 2007 in The Philippines to examine the association between mothers' exposure to advertising and other information sources and formula feeding decisions. Sixteen barangays (communities) were randomly selected from three purposively selected disadvantaged rural, urban and mixed municipalities. A total of 345 households had children under 24-months age: 114, 142 and 89 households from the rural, urban and mixed municipalities, respectively. In addition 38 respondents participated in 3 focus groups of 10-15 participants each, from three selected barangays.After adjusting for education and economic indicators logistic regression analysis showed that, children were more likely to be given formula if their mother recalled advertising messages, or a doctor, or mother or relative recommended it. Those using formula were 6.4 (1.8-23.1) times more likely to stop breastfeeding before 12 months. The focus groups described how television advertisements, doctors and medical representatives enticed them to use formula. We conclude that two factors were strongly associated with the decision to formula feed: self-reported advertising exposure, and physicians' recommendations. © 2011 Elsevier Ltd.",Breast milk substitutes; Breastfeeding; Formula feeding; International code; Marketing; The Philippines,,scopus-recommendation,70,Feeling AI,"['advertising exposure', 'recommendations', 'emotional needs', 'breastfeeding', 'formula feeding']","The abstract discusses how advertising and recommendations from doctors influence mothers' decisions to use infant formula, which relates to understanding customer emotions and needs. The focus is on how these emotional factors affect the decision-making process regarding infant nutrition, indicating a need for customer understanding and relationalization.",70%,10%,15%,0%,5%
Searching in choice mode: Consumer decision processes in product search with recommendations,Dellaert B.G.C.; Häubl G.,2012,10.1509/jmr.09.0481,"This article examines how a common form of decision assistance- recommendations that present products in order of their predicted attractiveness to a consumer-transforms decision processes during product search. Such recommendations induce a shift in consumers' decision orientation in search from being directed at whether additional alternatives should be inspected to identifying the best alternative among those already encountered, which is common when choosing from predetermined sets of alternatives. That is, recommendations cause consumers to search in ""choice mode."" Evidence from three studies provides support for such a transformation of search decisions, which manifests itself in two respects. First, compared with unassisted search, recommendations lead consumers to assess a product they encounter in their search by comparing it less with the best one discovered up to that point and more with other previously inspected alternatives. Second, recommendations transform how variability in product attractiveness affects stopping decisions such that greater variability causes consumers to search less, which is contrary to what is commonly observed in search without recommendations. © 2012, American Marketing Association.",Behavioral search models; Consumer decision making; Product recommendations; Product search,American Marketing Association,scopus-recommendation,74,Thinking AI,"['recommendations', 'decision processes', 'product search', 'assess', 'search decisions', 'variability', 'product attractiveness']","The abstract discusses how recommendations influence consumer decision-making processes during product searches. It emphasizes a shift in focus from inspecting additional alternatives to finding the best option among those already seen, indicating a strategic analysis of options. The studies provide evidence that supports market analysis and targeting through recommendations, which aligns closely with the Thinking AI category. The emphasis on how variability in product attractiveness affects decision-making further aligns with market analysis.",0%,0%,100%,0%,0%
Provenance associations as core values of place umbrella brands: A framework of characteristics,Iversen N.M.; Hem L.E.,2008,10.1108/03090560810862534,"Purpose - The paper seeks to discuss and analyse the nature of place umbrella brands and the role such brands play in promotion of a country, a region, or a city. The purpose is also to identify some salient success criteria of provenance associations as core values of place umbrella brands. Design/methodology/approach - The study delineates a conceptual framework, which illustrates important components in place umbrella branding. It also highlights a set of criteria to aid prioritisations among prospective provenance associations that have a potential to be used as brand values of place umbrella brands. Practical implications - The paper identifies some characteristics of provenance associations, which make them more transferable across a bundle of umbrella brand partners. The generation of better marketing theory in the field of place branding will make it easier for practitioners to reach the right decisions in choice of provenance associations. Findings - It is claimed that transcendence is related to the transferability of provenance associations across a bundle of brands. Because transferability strongly depends on perceptions of similarity, the starting point is to identify matches between the partner brands based on their shared provenance. Originality/value - The article ends with a recommendation that researchers in place branding should carefully analyze provenance associations according to the suggested criteria. © Emerald Group Publishing Limited.",Brand image; Brand management; Brands,,scopus-recommendation,125,Thinking AI,"['place umbrella brands', 'provenance associations', 'marketing theory', 'success criteria', 'transferability']","The abstract discusses the analysis of place umbrella brands and their role in promoting locations, focusing on the strategic analysis of provenance associations as core values. It emphasizes the importance of identifying matches between partner brands and shared provenance, which aligns with market analysis and targeting strategies. This fits within the Thinking AI category, as the study aims to improve understanding of branding strategies rather than automating processes or focusing on emotional aspects.",0%,0%,100%,0%,0%
Evaluating promotional activities in an online two-sided market of user-generated content,Albuquerque P.; Pavlidis P.; Chatow U.; Chen K.-Y.; Jamal Z.,2012,10.1287/mksc.1110.0685,"We measure the value of promotional activities and referrals by content creators to an online platform of user-generated content. To do so, we develop a modeling approach that explains individual-level choices of visiting the platform, creating, and purchasing content as a function of consumer characteristics and marketing activities, allowing for the possibility of interdependence of decisions within and across users. Empirically, we apply our model to Hewlett-Packard's (HP) print-on-demand service of user-created magazines, named MagCloud. We use two distinct data sets to show the applicability of our approach: an aggregate-level data set from Google Analytics, which is a widely available source of data to managers, and an individual-level data set from HP. Our results compare content creator activities, which include referrals and word-of-mouth efforts, with firm-based actions, such as price promotions and public relations. We show that price promotions have strong effects but are limited to the purchase decisions, whereas content creator referrals and public relations efforts have broader effects that impact all consumer decisions at the platform. We provide recommendations as to the level of a firm's investments when ""free"" promotional activities by content creators exist. These free marketing campaigns are likely to have a substantial presence in most online services of user-generated content. © 2012 INFORMS.",Demand modeling; Online marketing; Two-sided markets; User-generated content,,scopus-recommendation,96,Thinking AI,"['promotional activities', 'referrals', 'consumer characteristics', 'marketing activities', 'price promotions', 'public relations', 'content creator activities']","The abstract discusses measuring the value of promotional activities and referrals by content creators, focusing on individual-level choices and marketing activities that influence consumer decisions. This aligns closely with the 'Market analysis' and 'Targeting' aspects of Thinking AI, as the research analyzes marketing effectiveness and provides recommendations based on empirical data. The emphasis on analyzing consumer behavior and the impact of various marketing strategies further solidifies its classification under Thinking AI.",0%,0%,90%,0%,10%
Consumer use of the price-quality cue in financial services,Estelami H.,2008,10.1108/10610420810875115,"Purpose - The purpose of this paper is to examine the extent of use of the price-quality cue in financial services, and to uncover some of its drivers. The drives studied are: advertising exposure, product complexity, and consumer price knowledge. The use of price as an indicator of quality has been a well-documented phenomenon in consumer goods markets. However, the existence of this relationship has not been tested in services, and in particular in financial services markets. Design/methodology/approach - A consumer survey of over 200 individuals contacted through intercept interviews was conducted. The use of the price-quality cue and its drivers were measured using multi-item scales, for six financial services categories: checking accounts, financial advisory services, automobile insurance, home insurance, life insurance, and tax accounting. Findings - Significant variations in the use of price as an indicator of quality across financial services categories are identified. Furthermore, it is found that both consumer price knowledge and advertising exposure increase the use of the price-quality cue, while product complexity was found to have no significant impact on price-quality cue utilization for financial services. Research limitations/implications - Future research could expand the array of variables which drive consumers' use of the price-quality cue. In addition, a wider range of financial services categories could be studied. Practical implications - Knowing the extent by which consumers depend on the price-quality cue in their decisions is critical to optimal positioning of a financial brand. This paper provides specific managerial recommendations on how to approach the pricing and marketing of each of the six financial services categories studied. In addition public policymakers may find the findings of interest due to quality perception biases that may result from financial services providers' pricing tactics Originality/value - While previous research studies in price-quality cue utilization have primarily focused on manufactured goods, this paper is the only study that has examined the dynamics of price-quality cue utilization by consumers in financial services. This is an important inquiry due to the large volume of consumer expenditures in financial services categories, and the significant impact that these categories have on the financial stability and well-being of the public.",Customer relations; Customer service management; Financial services; Pricing; Quality,,scopus-recommendation,13,Out of Scope,"['price-quality cue', 'financial services', 'consumer price knowledge', 'advertising exposure']","The abstract primarily focuses on the use of price as an indicator of quality within financial services, which is not directly related to marketing applications of AI, but rather an analysis of consumer behavior in financial markets. The study does not delve into marketing strategies or customer engagement that could be classified under the other categories. Instead, it addresses consumer decision-making in a financial context, making it more aligned with financial services rather than marketing.",0%,0%,0%,100%,0%
"Classroom community, pedagogical effectiveness, and learning outcomes associated with Twitter use in undergraduate marketing courses",Clarke T.B.; Leigh Nelson C.,2012,,"Purpose of the Study. This study explores various outcomes associated with the incorporation of Twitter in the marketing classroom. To determine if Twitter use is a beneficial pursuit for marketing educators, we investigated classroom community, pedagogical effectiveness, and learning outcomes based on Twitter use and non-use within a required marketing course. Method/Design and Sample. For comparative purposes, a quasi-experimental design was employed across two semesters of the same undergraduate integrated marketing communications course. One semester (48 students) employed heavy Twitter use by both students and the instructor; the other semester had no Twitter use (36 students). Results. Independent sample t-tests (p <.05) were conducted to test the hypotheses. The course using Twitter had a significantly higher sense of classroom community and perception of pedagogical effectiveness. While there was no difference in perceived learning across the two groups, the group using Twitter outperformed the non-Twitter group on actual learning. Value to Marketing Educators. This study extends the small, but growing, body of knowledge on the use of Twitter in the higher education marketing classroom. Findings and recommendations add value to marketing educators by helping them make more informed decisions regarding whether or not to use Twitter in their courses.",Classroom community; Learning outcomes; Microblogging; Pedagogical effectiveness; Twitter,,scopus-recommendation,16,Feeling AI,"['classroom community', 'pedagogical effectiveness', 'learning outcomes', 'Twitter use', 'student engagement']","The abstract focuses on the emotional and relational aspects of using Twitter in the marketing classroom, emphasizing the sense of community and pedagogical effectiveness experienced by students. The findings relate to understanding and meeting the emotional needs of students and enhancing their engagement through social media, which aligns with the principles of Feeling AI.",60%,10%,30%,0%,0%
Sustainable branding and marketing: Millennials to matures,,2009,,"The research findings of Millennials to Matures were applied to four generational groups. As the feedback shows, the groups' purchasing-decision drivers differ. Price is the primary driver for Millennials, who regard themselves as poor. And because this group often has an inherent mistrust of corporations and is always 'plugged-in.' Millennials are highly reliant on friends' recommendations and digital media. GenXers also more likely to go to a company website or a product category URL to learn more. Boomers are also price-focused. They're also more open to traditional product advertising. Boomers and Matures are the most committed to environmentalism. Successful sustainable branding and marketing features generational targeting and the examples represented by the 'green giants.' The brands that research participants classify as eco-friendly have all applied advertising principles to their containers, packaging or labels.",,,scopus-recommendation,2,Feeling AI,"['customer understanding', 'purchasing-decision drivers', 'environmentalism', 'trust', 'recommendations', 'sustainable branding']","The abstract discusses how different generational groups have unique purchasing-decision drivers, particularly highlighting the emotional factors like trust and environmental commitment. It emphasizes the importance of understanding customer needs and preferences, which aligns closely with the 'Feeling AI' category focused on customer understanding and relationalization.",70%,10%,20%,0%,0%
Managing word of mouth: the referral incentive programme that backfired,Chew P.; Wirtz J.,2011,10.1108/20450621111110519,"Subject area: Market development; market analysis; customer incentive programmes and segmentation. Study level/applicability: Undergraduate Business and Management, MBA/MA Management. Case overview: The Singapore subsidiary of AHL Insurance Corporation (AHL) was trying to expand its customer base through a “recommend-a-friend” programme. Ideally, the incentives would encourage the top tier customers to refer more friends to help AHL further penetrate the market and expand its customer base. Instead, the programme worked the reverse on these customers and referrals from “Apostles” fell. Ray Stevenson had to find out why this was so and think of a way to rectify the problem. Expected learning outcomes: This case will enable students to analyse a business decision which ultimately proved unsuccessful to the point of adverse market reaction. Students will examine the reasons for this poor market perception; conduct analysis of field test data and provide managerial conclusions and recommendations identifying the correct course of action. Supplementary materials: Teaching notes. © 2011, Emerald Group Publishing Limited.",Incentive schemes; Insurance companies; Market segmentation; Marketing strategy; Singapore,Emerald Group Publishing Ltd.,scopus-recommendation,0,Thinking AI,"['market analysis', 'customer base', 'referrals', 'incentives', 'poor market perception', 'analysis', 'managerial conclusions', 'recommendations']","The abstract discusses a case where AHL Insurance Corporation's strategy to expand its customer base through a referral program was unsuccessful. This necessitated a market analysis to understand the adverse reactions and to derive managerial recommendations. The focus on analyzing field test data and understanding customer behavior aligns with the applications of Thinking AI, particularly in market analysis and targeting. There is an emphasis on strategic decision-making based on data insights, which is indicative of Thinking AI.",10%,15%,70%,0%,5%
Designing solutions around customer network identity goals,Epp A.M.; Price L.L.,2011,10.1509/jmkg.75.2.36,"When companies fail to account for collective and relational goals in customer solutions, a mismatch can occur between firms' solutions and those that customers envision. Understanding the integration processes of customer networks is essential to improving solution design. This investigation draws on depth interviews with 21 families, the focal customer network, to generate collective and relational vacation narratives that contextualize their accounts. The authors identify four customer network integration processes: offerings assembled around prioritized goals, alternate participation, concurrent participation, and offerings assembled around separate coalitions. The findings reveal that the resulting mix of integrated products and services, or the solution, is shaped by customer network identity goals, goal management approaches, and constraints. The authors conclude with recommendations for how firms can use this information to improve solution design, identify new network partners, and revise value propositions. © 2011, American Marketing Association.",Customer networks; Family decision making; Identity goals; Solutions; Value cocreation,American Marketing Association,scopus-recommendation,154,Feeling AI,"['customer solutions', 'relational goals', 'customer network', 'integration processes', 'customer identity goals', 'emotional needs']","The abstract emphasizes understanding customer networks and their relational and collective goals, which align with the 'Feeling AI' category that focuses on customer understanding and meeting emotional needs. The investigation draws on narratives that reveal how customer identity and emotional considerations shape solutions, indicating a strong emphasis on relationalization and customer engagement.",60%,10%,20%,0%,10%
"Utilizing and adapting leisure constraints models to enhance 'short-break' vacations: Case study of Melbourne, Australia",McDonald S.M.; Murphy P.,2008,10.1177/1356766708094753,"Short-break tourism is likely to continue as a popular vacation for time-, income- and special interest conscious tourists. With the competition for visitors, destinations need to consider the constraints and facilitators associated with tourist decision-making for short-break vacations. This study presents the application of a leisure model toward better explaining such vacation choices. This study found key constraints, such as time and awareness, inhibited visitors from visiting attractions. The importance and influence of word-of-mouth recommendations plays a key role in gaining the attention of future visitors. © SAGE Publications.",constraints - facilitators model; demand and intermediary elements; marketing lessons; short-break vacations; VFR,SAGE Publications Ltd,scopus-recommendation,11,Feeling AI,"['short-break tourism', 'decision-making', 'constraints', 'word-of-mouth recommendations', 'customer needs']","The abstract emphasizes understanding tourist decision-making and the influence of word-of-mouth recommendations, which are closely related to customer understanding and emotional preferences. This aligns with the Feeling AI category, which focuses on understanding customer needs and developing positioning that resonates with them.",60%,10%,30%,0%,0%
"Category optimizer: A dynamic-assortment, new-product-introduction, mix-optimization, and demand-planning system",Sinha A.; Sahgal A.; Mathur S.K.,2013,10.1287/mksc.1120.0746,"The purpose of this paper is to describe the implementation of a category management tool known as Category Optimizer™ at Foster's Wine Estates Americas for one of its brands, the Beringer California Collection. Foster's was facing a common management problem: harnessing its portfolio of Beringer California Collection wines to increase profitability, improve its competitive position, and defend against a disruptive new entrant in the U.S. wine market called Yellow Tail. Category Optimizer combines the parsimony of an internal market structure with the advances that have been made in assortment planning in operations research, assortment and stock-keeping-unit-level modeling, mixed logits, and the marketing literature on the perceptions of variety of assortment to develop and estimate a model on readily available store scanner data. The model subsequently uses these results to inform strategic and tactical decision making. This approach led to recommendations that initially seemed counterintuitive; the normal response would be for Foster's to consider lowering prices to maintain share and volume, a strategy not inconsistent with many of the recommendations of past models. However, considering the additional degrees of freedom that a product range offered for defense, we demonstrated that a combination of price increases together with the introduction of a volume-flanker product in a new channel would improve profits, increase revenue, and protect and enhance market share. These were successfully implemented in early 2008, earning rich dividends for the company; increasing profitability by 70%, revenue by 3%, and earnings before interest and taxes by 8.5%; and having a positive impact on its brand ranking. In fact, in 2008, it debuted as sixth among the international wine brands. It also managed to play an important role in deposing Yellow Tail, the market share leader, from its dominant position. We conclude the paper by providing examples of other companies where this approach has also been successfully implemented and by discussing some avenues for future research. ©2013 INFORMS.",Assortment; Brand portfolio; Category management; Disruptive innovations; Internal market structure; Perception of variety,INFORMS Inst.for Operations Res.and the Management Sciences,scopus-recommendation,22,Thinking AI,"['market position', 'competitive advantage', 'profitability', 'strategic decision making', 'assortment planning']","The abstract discusses the implementation of a category management tool that utilizes market analysis and strategic decision-making to improve profitability and competitive positioning. The approach integrates advanced analytics to inform decisions about pricing and product assortment, which aligns well with the focus on market analysis and targeting found in the Thinking AI category.",10%,20%,70%,0%,0%
Optimizable and implementable aggregate response modeling for marketing decision support,Albers S.,2012,10.1016/j.ijresmar.2012.03.001,"The methodological discussion on the calibration of aggregate marketing response models has shifted away from how to obtain usable input for optimization toward how to avoid biases in statistical estimation. The purpose of this article is to remind researchers that such calibration is performed either to support managers in their marketing-mix decisions or to create general knowledge that leads to a better understanding of marketing relationships and thus indirectly supports decisions. Both goals require response models that are optimizable. The models must also be implementable if actual decision support is the objective. Herein, I identify several aspects for which these requirements are not always fulfilled: First, the appropriateness of the chosen functional form of the marketing response models is rarely discussed, although different forms imply quite different optimal solutions. Second, endogeneity is taken into account by structural equations, even though we lack sufficient information on how managers reach their decisions. Third, estimation methods for response models are often evaluated based on goodness-of-fit, while an assessment of their usefulness for subsequent optimization is neglected. Therefore, I provide recommendations for improving the current practice by better specifying the response function and undertaking more simulation-based evaluations of the best estimation method for use in subsequent optimization. With respect to implementation, usability can be facilitated using spreadsheets and heuristics. Moreover, gaining generalizable and replicable knowledge requires better documentation of results, which can be achieved through providing elasticities and as many details as are necessary to replicate a study, thereby enabling faster learning. © 2012 Elsevier B.V.",,,scopus-recommendation,46,Thinking AI,"['calibration', 'marketing response models', 'optimization', 'decision support', 'endogeneity', 'estimation methods', 'simulation-based evaluations']","The abstract focuses on improving the calibration of marketing response models to support marketing-mix decisions and optimize strategies. It discusses the importance of having models that are optimizable and implementable, indicating a strategic analysis of marketing effectiveness. Additionally, it highlights the need to evaluate estimation methods based on their usefulness for optimization rather than just goodness-of-fit, aligning it closely with market analysis and targeting applications.",0%,0%,100%,0%,0%
Recommendation Systems with Purchase Data,Bodapati A.V.,2008,10.1509/jmkr.45.1.77,"Many firms use decision tools called “automatic recommendation systems” that attempt to analyze a customer's purchase history and identify products the customer may buy if the firm were to bring these products to the customer's attention. Much of the research in the literature today attempts to recommend products that have a high probability of purchase (conditional on the customer's history). However, the author posits that the recommendation decision should be based not on purchase probabilities but rather on the sensitivity of purchase probabilities to the recommendation action. This article attempts to model carefully the role of firms' recommendation actions in modifying customers' buying behaviors relative to what the customers would do without such a recommendation intervention. The author proposes a simple consumer behavior model that accommodates a transparent role for a firm's recommendation actions. The model is expressed in econometric terms so that it can be estimated with available data. The author studies these ideas using purchase data from a real e-commerce firm and compares the performance of the proposed main model with the performance of benchmark models. The author shows that the main model is better than benchmark models on key measures. © 2008 American Marketing Association.",automatic recommendation systems; cross-selling; customer relationship management; direct marketing; dual latent class models; hierarchical Bayes models; Internet marketing; one-to-one marketing; stochastic choice models; up-selling,SAGE Publications Ltd,scopus-recommendation,186,Thinking AI,"['recommendation systems', 'customer purchase history', 'buying behaviors', 'econometric model', 'performance comparison']","The abstract discusses the development of a consumer behavior model that analyzes how recommendation actions influence customer purchasing decisions, focusing on market analysis and the effectiveness of different models in predicting customer behavior. This aligns with the 'Thinking AI' category, which emphasizes market analysis and targeting strategies based on customer data.",0%,0%,100%,0%,0%
The role of mobile marketing communications in media strategy,Holland J.,2010,,"This analysis reviews the factors that make mobile marketing communications a unique media choice with tremendous potential for marketers. Given that media planning must be driven by sound business strategy rather than the novel potential of the technology, this is an important topic of inquiry. When and with what kinds of marketing messages should mobile marketing communications be used to reach consumers? To begin answering these questions first the definitional issues relating to the terms mobile marketing communications are addressed. The relevant literature on the unique characteristics of mobile marketing communications and media planning is then reviewed. Five characteristics of mobile marketing communications are identified as key considerations for decision-making: Ubiquity, Immediacy, Location sensitivity, Personalization, and Consumer controlled interactivity. Finally, recommendations for marketing managers, as well as directions for future research will be presented. © Jonna Holland, 2010.",Advertising strategy; Integrated marketing communication; Media planning; Mobile advertising; Mobile marketing; Promotions mix,LLC CPC Business Perspectives,scopus-recommendation,3,Thinking AI,"['mobile marketing communications', 'business strategy', 'marketing messages', 'decision-making', 'personalization', 'location sensitivity']","The abstract discusses the strategic analysis of mobile marketing communications and identifies key characteristics that marketers should consider, such as ubiquity, immediacy, and personalization. These elements align with the focus on market analysis and targeting in Thinking AI, as they emphasize understanding how to effectively reach consumers with tailored marketing messages. The exploration of when and how to use mobile marketing also suggests a strategic approach to market positioning and targeting.",10%,10%,70%,0%,10%
The marketing of a NHL hockey team,Tedd K.C.; Delpy-Neirotti L.; Johnson S.R.; Séguin B.,2009,10.1504/IJSMM.2009.021761,"The purpose of this paper is to report on an in-house, in-seat marketing survey of a professional National Hockey League (NHL) hockey team. A total of 1,783 surveys were collected over a five game period. The data collection instrument was designed by the marketing and ownership group of a professional NHL franchise. Specific research questions examined issues ranging from ticket usage, demographics, motivation to attend, barriers to future attendance, customer satisfaction, intent to purchase and media preferences of ice hockey spectators. Results indicate a very distinctive pattern in regards to motivation to attend and barriers to attendance. Ticket pricing and concessions were identified as major variables in customer satisfaction and decision to purchase. Recommendations for further research are provided. © 2009, Inderscience Publishers.",Marketing; National Hockey League; NHL; Professional ice hockey,Inderscience Publishers,scopus-recommendation,10,Feeling AI,"['customer satisfaction', 'motivation to attend', 'barriers to attendance', 'demographics', 'intent to purchase']","The abstract discusses customer motivations, barriers to attendance, and customer satisfaction, which relate to understanding customer emotions and needs. It emphasizes the emotional aspects of customer engagement and satisfaction, aligning with the Feeling AI category. The focus on customer preferences and motivations also supports this classification, as it seeks to understand and meet the emotional needs of hockey spectators.",60%,20%,20%,0%,0%
Customer satisfaction's key factors in Spanish grocery stores: Evidence from hypermarkets and supermarkets,Martínez-Ruiz M.P.; Jiménez-Zarco A.I.; Izquierdo-Yusta A.,2010,10.1016/j.jretconser.2010.02.005,"The marketing literature has shown how certain attributes of the store are key for grocery retailers to differentiate themselves in the final markets. From this preliminary consideration the present work proposes a step forward by ascertaining the main factors that underlie the attributes of the store which have already been identified in the literature. All of this is taken into account with the object to examine which of these factors presents a greater influence on customer satisfaction. To test the proposed analysis, a sample of 358 Spanish customers that had carried out their purchase in different types of grocery stores (in particular, hypermarkets and supermarkets) has been analyzed considering a key variable of retail patronage behavior: the store format in which the purchase had been carried out. This study has enabled us to obtain interesting conclusions about the variables that have the most influence on customer satisfaction, providing useful managerial recommendations for decision-making in grocery retailing. © 2010 Elsevier Ltd.",Customer satisfaction; Grocery stores; Retail patronage behavior; Store attribute perceptions,,scopus-recommendation,37,Thinking AI,"['customer satisfaction', 'store attributes', 'grocery retailers', 'market analysis', 'retail patronage behavior']","The abstract discusses the analysis of store attributes and their influence on customer satisfaction within grocery retailing, indicating a focus on market analysis and understanding competitive advantages. The study aims to provide managerial recommendations based on the analysis of customer data, which aligns with the definitions of Thinking AI.",0%,0%,100%,0%,0%
Promoting Hong Kong's higher education to Asian markets: Market segmentations and strategies,Cheung A.C.K.; Yuen T.W.W.; Yuen C.Y.M.; Cheng Y.C.,2010,10.1108/09513541011055992,"Purpose: The main purpose of this study is threefold: to analyze the current conditions of higher education services offered in the three target markets; to conduct market segmentation analysis of these markets; and to recommend the most appropriate market entry strategies for Hong Kong's education service providers. Design/methodology/approach: The data for this project were obtained primarily by questionnaire survey and interviews. The research team collected 1,370 questionnaires and conducted a total of 121 individual and focus group interviews in the four studied cities - Mumbai, New Delhi, Jakarta, and Kuala Lumpur. Findings: The study found that there was a high unmet demand for higher education overseas and that the visibility of Hong Kong's higher education was relatively weak in these Asian markets. In order to capture the continued rise of students in Asia, higher education institutions and the Hong Kong government need to work together to analyze the potential markets critically and employ marketing strategies sensibly. Several key recommendations have been provided based on the findings. Research limitations/implications: The study was undertaken in a few key cities in these three target markets. However, findings from the study may generate insights into other cities with similar characteristics in these countries and the Asian regions. Practical implications: The paper suggests that decision makers at the institutional level and government level seeking to enter these markets must pay attention to the importance of market segmentation and the 4P variables in formulating their marketing strategies. Originality/value: Few studies have examined the current condition of higher education services in these three emerging Asian markets. The study provides some useful marketing information to education decision makers in Hong Kong and elsewhere who may be interested in formulating marketing strategies in these markets. © Emerald Group Publishing Limited.","Hong Kong, Higher education; International marketing; Market segmentation",,scopus-recommendation,21,Thinking AI,"['market segmentation', 'market entry strategies', 'higher education services', 'unmet demand', 'marketing strategies']","The abstract focuses on analyzing the current conditions of higher education services and conducting a market segmentation analysis. It emphasizes the need for strategic recommendations and market analysis to improve visibility and capture student demand in specific Asian markets. This aligns with the 'Thinking AI' category's focus on market analysis, targeting, and strategic recommendations.",0%,0%,100%,0%,0%
Visa restrictions and their adverse economic and marketing implications - Evidence from China,Song H.; Gartner W.C.; Tasci A.D.A.,2012,10.1016/j.tourman.2011.05.001,"Governments spend considerable public resources, including tax dollars, on marketing their cities or countries in order to become a strong brand attractive for exports, foreign direct investment and tourism. Ironically at the same time, self-imposed and strict visa regulations that can potentially hamper the productivity of marketing and branding are fairly common. There are valid reasons for imposing strict visa regulations, two of the most important being national and economic security. Although strict visa regulations are a common phenomenon around the world, the tourism academia have yet to argue against strict visa regulations by providing empirical evidence on their potential impact on tourism demand, and hence the economy. The current study is a pioneer attempt to generate awareness about the potential detrimental impacts of visa restrictions on a country's economy, by using the case of People's Republic of China, one of the countries known to have a history of strict visa regulations. The research reported in this paper was based on the standard tourism demand function, which models the causal relationship between tourism demand and a number of macroeconomic variables. The autoregressive distributed lag model (ADLM) was used since it has a dynamic specification that takes the time path of the tourist decision-making process into consideration by using both current and lagged values of variables. Results show the negative effect of visa regulations on both country-level and prefecture-level economies. Implications are discussed and recommendations provided. © 2011 Elsevier Ltd.",Autoregressive distributed lag model (ADLM); China; Economic impact of tourism; Marketing productivity; Visa regulations,Elsevier Ltd,scopus-recommendation,67,Thinking AI,"['visa regulations', 'tourism demand', 'macroeconomic variables', 'economic impact', 'market analysis']","The abstract discusses the impact of strict visa regulations on tourism demand and the economy, which involves analyzing market dynamics and economic variables. This aligns with the 'Market analysis' focus of Thinking AI, as it seeks to understand how external regulations affect tourism, a vital economic sector. The use of empirical evidence to argue against visa restrictions also indicates a strategic approach to understanding market implications.",0%,0%,100%,0%,0%
Is sustainable lumber a myth? The case of Latvian timber industry,French J.J.; Martin M.,2012,,"Case Description: The primary subject matter for this case involves strategic management, sustainability, international law, and business ethics. Firm positioning as an environmental leader represents agrowing strategic trend. Incorporating sustainable business policies is a practice that manystakeholders are demanding. With these concepts in mind, this case is most appropriate fordiscussion and analysis in undergraduate management, business law, or ethics courses wherethe topics of leadership, management, ethics, and sustainability are covered. This case is alsoappropriate for discussion in any courses where the instructor is ready to discuss ethics ininternational business and society. This case is designed to be taught in approximately one ortwo class sessions. Case Synopsis: This case describes the hypothetical management decisions Matt Lelander, a fictional marketing and purchasing manager of a British home improvement store, must make. The principle dilemma revolves around the choice of whether to continue purchasing lumber from the Latvian state owned lumber company. It has come to the attention of the purchasing manager, Matt Lelander that the rate of consumption of Latvian forests appears to be unsustainable. However, Matt realizes that the Latvian state lumber company is certified as a sustainable provider of lumber by the internationally recognized Forest Stewardship Council (FSC). Mr. Lelander is acutely aware that his customers value purchasing lumber from sustainably harvested sources and that they rely on FSC certification when making their purchases. Further, Mr Lelander is presented some legally challenging issues with regards to contract performance and bribery. The case provides detailed background information on the Latvian state owned lumber company, FSC, the current situation of Latvian forests, applicable laws, ethical frameworks, and competitive market considerations. At the end of the narrative the reader is asked to formulate ethically and strategically sound recommendations. © 2012 by the DreamCatchers Group, LLC.",,,scopus-recommendation,0,Thinking AI,"['sustainability', 'business ethics', 'environmental leader', 'market considerations', 'ethical frameworks', 'competitive market']","The abstract discusses strategic management and decision-making in a business context, focusing on sustainability, ethical considerations, and market dynamics. It emphasizes the importance of understanding competitive advantages and ethical implications in international business, aligning closely with the definition of Thinking AI, which focuses on market analysis and strategic targeting.",10%,0%,90%,0%,0%
Key motivations for bank patronage in Ghana,Hinson R.; Owusu-Frimpong N.; Dasah J.,2009,10.1108/02652320910979898,"Purpose: Banking in Ghana is now an intensely competitive proposition. In a competitive environment, it becomes imperative not just to attract customers, but also to design strategies aimed at maintaining these customers. Drawing on data from over 2,000 retail bank customers in Ghana, this study aims at understanding the key motivations for maintaining accounts with banks in respect of Ghanaian bank customers. Design/methodology/approach: Data were collected from customers of 22 retail banks in Ghana. A two-stage sampling technique was adopted in obtaining the sample. First, for each of the banks, two branches were randomly selected from the list of all functionally operating branches. In the second stage, customers of the selected branches were randomly intercepted in the banking halls and the survey instrument administered to them. A total of 2,000 respondents were attracted. Logistic regression modelling was employed in analysing the data. Findings: Overall bank customers view proximity/accessibility as the most important factor in the opening and maintenance of accounts with banks in Ghana. Recommendations by friends appear to be the least important factor in Ghanaian bank consumers' decision to open and maintain a bank account in Ghana. The findings were strange to the extent that word-of-mouth marketing has been lauded as one of the most potent marketing communications tools in services marketing but the empirical findings from the study did not support this. Practical implications: To the extent that proximity is a key factor in the opening and maintenance of bank relationships in Ghana, distribution management must be given a more strategic imperative in bank management in Ghana. Bank branches must be sited in catchment areas with the highest propensity to attract and maintain an existing profitable bank clientele. Originality/value: The study is one of the few on bank marketing in Ghana that draws on a large bank consumer data set and utilizes robust statistical analysis to reach its conclusions. © Emerald Group Publishing Limited.",Banking; Consumer behaviour; Consumers; Ghana,Emerald Group Publishing Ltd.,scopus-recommendation,29,Thinking AI,"['customer motivations', 'banking strategies', 'market analysis', 'proximity', 'recommendations']","The abstract discusses a study that analyzes the motivations of bank customers in Ghana, focusing on factors influencing account maintenance and customer retention. The use of logistic regression for data analysis indicates an emphasis on market analysis and understanding competitive advantages, aligning with the Thinking AI category. The findings suggest strategic implications for bank management, further supporting the classification. There are no significant mentions of automated processes (Mechanical AI) or emotional understanding (Feeling AI), which solidifies the classification as Thinking AI.",0%,0%,100%,0%,0%
Recommendations from a virtual community as a catalytic agent of travel decisions,Ku E.C.S.,2011,10.1108/10662241111139318,"Purpose: The research goal of this study was to determine how flow experience and perceived behavioral control (PBC) affect participation behavior in the backpackers' forum. Design/methodology/approach: Subjects were self-selected by placing messages on over five recommendations members in the backpackers' forum. In total, 2,000 invitation messages were mailed to members of the Taiwanese backpackers' forum, of which 435 were returned completed (a return rate of 21.75 percent). Findings: As our analysis, flow experience in a virtual community is positively associated with the behavioral intentions to use the virtual community. Perceived enjoyment in a virtual community is positively associated with the behavioral intentions to use the virtual community, and behavioral intentions to visit a virtual community are positively associated with the member's actual participation in a virtual community. Research limitations/implications: While this study has produced meaningful data for the development of multidimensional measures of factors that influence participation behavior in the Taiwanese backpackers' forum, the validity of an instrument cannot be firmly established on the basis of a single study. All of the data used for tests were collected only from a single backpackers' forum. Practical implications: Our study shows that travel agencies must become technologically astute to keep up with its customers, should be viewing the internet as a vital distribution channel for marketing, and should be linked to other well-known reservation web sites. Social implications: The backpacker community served as a reference group that could significantly influence travelers' beliefs, attitudes, and choices. Originality/value: In the present study we found that a basic understanding of the essence of the backpacker community is a prerequisite for any organization operating a travel-oriented community if they are to be clear about their mission, purpose, and the right direction to take to achieve their goal. That goal will increase the commitment of the members to a virtual community by increasing their helping behavior and active participation. © Emerald Group Publishing Limited.",Recommendations; Travel; Virtual worlds,,scopus-recommendation,39,Feeling AI,"['flow experience', 'perceived behavioral control', 'participation behavior', 'perceived enjoyment', 'community influence']","The abstract discusses how flow experience and perceived enjoyment in a virtual community influence members' behavioral intentions and actual participation. This aligns with the focus of Feeling AI, which emphasizes understanding customer emotions, needs, and engagement. The findings suggest that emotional factors significantly impact member participation in a travel-oriented community, indicating a need to cater to emotional preferences and enhance customer engagement.",60%,10%,20%,0%,10%
The ethical challenges of direct-to-consumer genetic testing,Berg C.; Fryer-Edwards K.,2008,10.1007/s10551-006-9298-8,"Genetic testing is currently subject to little oversight, despite the significant ethical issues involved. Repeated recommendations for increased regulation of the genetic testing market have led to little progress in the policy arena. A 2005 Internet search identified 13 websites offering health-related genetic testing for direct purchase by the consumer. Further examination of these sites showed that overall, biotech companies are not providing enough information for consumers to make well-informed decisions; they are not consistently offering genetic counseling services; and some sites even offer tests with little evidence of clinical value. This article aims to raise company and consumer awareness about the ethical concerns surrounding the direct-to-consumer marketing of health-related genetic tests. It also suggests ways that biotech companies can bring their services to the public in an ethically responsible manner, without increased regulatory oversight. © 2007 Springer Science+Business Media B.V.",Direct-to-consumer marketing; Direct-to-consumer sales; DNA test; Genetic test; Internet; Marketing ethics,,scopus-recommendation,48,Out of Scope,"['genetic testing', 'ethical concerns', 'consumer awareness', 'biotech companies', 'health-related tests']","The abstract discusses the ethical implications and regulatory concerns surrounding genetic testing and does not focus on marketing strategies, customer engagement, or data collection related to marketing. Instead, it emphasizes consumer awareness and ethical practices in the biotech industry, which are not directly related to marketing applications of AI.",0%,0%,0%,100%,0%
"Unbranding: Threat to brands, opportunity for generics and store brands",Mayer P.; Vambery R.G.,2013,10.1108/07363761311304951,"Purpose: Marketers devote great efforts to maintaining brand value. However, brand value can come under attack in the absence of sufficient product performance and image differentiation in a process called unbranding. This paper aims to provide insights and guidelines that will give marketing managers tools to deal with variables that impact consumer decisions on whether to buy a national brand or a store brand product. Design/methodology/approach: A consumer research study was based on a random, mall intercept with 188 respondents consisting of seven questions scored on a ten-point scale. The results are presented on a set of graphs accompanied with some analysis of means (ANOM) applications. Findings: Results indicated that a significant portion of consumers (from over 40 percent to a high of 85 percent) feel that the quality differences between branded and generic products have diminished and the price premiums charged by branded products are often no longer justifiable. Research limitations/implications: The findings of this study imply that in branded product premium image must be maintained and enhanced, otherwise it will be lost. In addition, the trend of brand value loss referred to as unbranding will vary significantly by and within a product category. Practical implications: Branded products must maintain their superior consumer perception and product performance. Store or generic brand marketers should exploit the favorable price-value relationship gained because of the loss of brand value through a process of store branding. Originality/value: The new concept of unbranding is introduced together with research-based recommendations for brand value protection strategies. © Emerald Group Publishing Limited.",Brand identity; Brand values; Differentiation; Generics; Price-to-value; Store brands; Unbranding,,scopus-recommendation,3,Thinking AI,"['brand value', 'consumer decisions', 'product performance', 'image differentiation', 'market analysis', 'price-value relationship']","The abstract discusses the impact of brand value on consumer decisions and emphasizes the need for market analysis to understand consumer perceptions and competitive advantages. It highlights the diminishing quality differences between branded and generic products, suggesting a strategic analysis of market trends and consumer preferences, which aligns with the Thinking AI category.",10%,5%,85%,0%,0%
Car security and the decision to recommend purchase,Shaw D.; Pease K.,2010,10.1057/cpcs.2010.3,"Drawing on data derived from Motoring Which assessments, the study investigates the role of vehicle security in the decision of people to recommend the purchase of a particular car model to a friend. This is important because, were security to be shown to be salient in purchaser decision making, it would be a factor in incentivising manufacturers and retailers to incorporate and stress car security in marketing. Crucially for purchasing decisions, security was observed to contribute to the willingness of people to recommend the purchase of a particular car model in 2007. This was not significantly so in 2008, although the association was in the same direction. The results are interpreted as modestly encouraging for the importance of security in purchaser decision making. Research on the role of vehicle crime in diminishing brand loyalty is advocated. Supplementary data analysis indicates that vehicles became more secure on average between 2007 and 2008, and that there was a triangular distribution between car price and car security, with expensive cars being uniformly secure, and cheaper cars exhibiting a range of security levels. © 2010 Macmillan.",Car security; Crime drop; Crime reduction incentives; Designing out crime; Purchase recommendation,,scopus-recommendation,1,Thinking AI,"['vehicle security', 'purchaser decision making', 'recommend', 'brand loyalty', 'market analysis', 'data analysis']","The abstract discusses the impact of vehicle security on the decision-making process of consumers, specifically regarding their willingness to recommend a car model. This involves analyzing market behaviors and consumer preferences, which aligns with the market analysis focus of Thinking AI. The mention of the relationship between car price and security also suggests strategic analysis of competitive advantages in the automotive market.",10%,10%,70%,0%,10%
The social embeddedness of decision making: Opportunities and challenges,Takac C.; Hinz O.; Spann M.,2011,10.1007/s12525-011-0066-y,"Sociologists have long recognized that economic decisions are socially embedded. Management sciences and business practices have gradually begun to incorporate this idea. With the rise of the Internet, large-scale data are available on friendships, recommendations, transactions and social interactions, which have led to a strong momentum for research in this area. The aim of this article is to inspire multidisciplinary research on the mechanisms and consequences of social embeddedness on decision making and to highlight opportunities and challenges by synthesizing findings from various fields, such as IS research, sociology, economics, marketing and other management disciplines. Key suggestions of this paper are to identify the causality between social embeddedness and decision making with small-scale experiments, and to learn more about network formation by analyzing the evolution of social networks. © 2011 Institute of Information Management, University of St. Gallen.",Consumers; Decision making; Diffusion; Experiments; Organizations; Social network analysis,,scopus-recommendation,25,Thinking AI,"['social embeddedness', 'decision making', 'multidisciplinary research', 'network formation', 'causality']",The abstract discusses the integration of social factors into economic decision-making and emphasizes the need for research on the mechanisms and consequences of social embeddedness. This aligns with the focus of Thinking AI on market analysis and understanding competitive advantages through the analysis of social interactions and networks. The mention of identifying causality and analyzing network formation further supports its classification under market analysis.,0%,0%,100%,0%,0%
Student engagement and marketing classes,Taylor S.A.; Hunter G.L.; Melton H.; Goodwin S.A.,2011,10.1177/0273475310392542,"A study is reported that investigates the goals underlying undergraduate students' engagement in their major classes, nonmajor classes, and in extracurricular activities. The qualitative study employs both focus groups and goal-mapping exercises. The results suggest that students tend to focus on utilitarian, attribute-level considerations mainly related to credentialing for purposes of employment. The results are considered from the perspectives of judgment and decision making, learning models, and the emerging service marketing perspective. These model considerations underscore an argument for moving toward models of education delivery focusing on value co-creation instead of the current emphasis on providing value to students. A series of recommendations are offered to help facilitate faculty efforts to increase course engagement, particularly in large-section course offerings. However, the authors ultimately conclude that student engagement with their course-related experiences will best be served in models of value co-creation by a focus on more than intellectual maturity in education. Specifically, an argument is presented for also targeting moral and motivational maturity. The practical and research implications of the study are presented and discussed. © The Author(s) 2011.",class size; goal mapping; marketing; maturity; student engagement,,scopus-recommendation,65,Not Identified,[],"The abstract discusses student engagement in educational contexts and the need for models of value co-creation in education. It does not directly relate to marketing strategies, applications of AI in customer understanding, market analysis, or automated processes. The focus is on educational delivery and student motivations rather than marketing principles.",0%,0%,0%,100%,0%
The effects of marketing communication on the tourist's hotel reservation process,Almeida N.M.; Silva J.A.; Mendes J.; do Valle P.O.,2012,10.1080/13032917.2012.687690,"The paper analyses the tourist's first stay booking decision and the factors (such as advertising, word-of-mouth, and travel agency recommendation) that most significantly influence it. Three research hypotheses have been considered and a logistic regression model has been specified. The factors ""advertising"" and ""word-of-mouth"" have significant power to explain direct-contact booking. Hence, there is not only a strong association between first stay booking and the Web, but also a very strong association between the booking and the recommendation of someone close to the tourist who has previously stayed at the hotel. This means that these are two important sources of information for inducing the tourist's decision in this respect. The research contributes to both the understanding of the first stay booking decision-making process and the management of the hotel marketing communication media plan. © 2012 Taylor & Francis.",Advertising; Booking; Marketing communication media; Word-of-mouth,,scopus-recommendation,10,Feeling AI,"['advertising', 'word-of-mouth', 'recommendation', 'decision-making', ""tourist's first stay booking""]","The abstract focuses on understanding the factors influencing a tourist's decision to book their first stay, particularly highlighting the emotional aspects of recommendations from peers and advertising. This aligns closely with the Feeling AI category, which emphasizes understanding customer emotional needs and wants. The significant impact of word-of-mouth indicates the importance of relational aspects in influencing customer decisions.",60%,10%,30%,0%,0%
US consumers’ perceptions of garments inspired by Indonesian culture,Gupta S.; Miller N.J.,2010,10.1080/20932685.2010.10593060,"It is evident that there has been increase in integration of global economies as trade barriers were lifted in 2005 resulting in free trade. After agriculture, marketing of hand-produced, cultural products constitutes the second most important source of income in less developed countries of the world. The objectives of this study were to examine US consumers’ perceptions of garments that were culturally inspired by a specific sending culture to better understand the following: (1) perceptions of garment familiarity and garment complexity; (2) the relationship between perceived familiarity and garment adoption/acceptance; (3) the relationship between perceived familiarity and garment adoption/acceptance; (4) acceptance for garments culturally inspired by consumers’ cultural setting or geographic location; (5) acceptance for garments culturally inspired among the different age groups ; and (6) delineation of US consumers’ cultural creativity. To accomplish this endeavor an instrument, developed for measuring consumers’ responses to design characteristics, was tested on US female consumers from five areas of the country and in two age categories. The instrument developed integrated visual stimuli of garments with Likert-type scales and provided consumer data for conducting basic research. Garment attributes included three styles, two color ways, and two fabric print (3 x 2 x 2) =12 garments. The analyses were exploratory in that concepts and relationships were evaluated in a non-causal approach to provide a basis for further research. Generalizatibility was addressed through analysis of multiple consumer groups; however the fashion aspects of the stimuli prevent broad-spectrum application. This study focuses on garments that are culturally inspired by Indonesia as the sending culture. Indonesia is a country with strong textile dyeing and printing traditions. Indonesia is open to westernized silhouettes and it is also an important global source for textiles and clothing production. The Indonesian textile and clothing industry is vertically integrated, encompassing almost every stage of production and contributes significantly to the country’s economy. Rogers’ Diffusion of Innovation theory provides a foundation for examining issues that inhibit or encourage the adoption of ideas, products, or technologies as they are introduced to individuals or groups of people. Within Roger’s model is a five stage innovation-decision process. This research is concerned with the persuasion stage where the individual forms a favorable or unfavorable attitude toward the innovation. The persuasion stage provided a foundation for examining relationships between familiarity, complexity, and acceptance of Indonesian inspired garments. The two persuasion characteristics of interest were compatibility and complexity of Indonesian inspired products for US consumers. Compatibility reflects how well an innovation is perceived to match existing social norms, needs, and expectations. Complexity concerns how difficult the innovation is perceived as to understand. Diffusion of Innovation is a generic adoption model for innovative ideas and products and was therefore somewhat restrictive for applications to fashion product adoption. Sproles’ Fashion Adoption Theory was thus also employed to understand the concepts of familiarity, complexity and acceptance in the context of women’s apparel attitudes of garment color, fabric print, and style. Also examined in this research were the differences in US consumer responses based on geographic location, age, and cultural creativity. Social influences, socioeconomic characteristics and behavioral norms fluctuate across the North American continent. Subnations are said to exist that define eight differing regions of the US and hold distinguishable characteristics. This research examined the following five subnations and their general US region: Breadbasket (middle), Dixie (southeast), Foundry (northeast), Ecotopia (northwest), and MexAmerica (southwest). In addition to geographic location, two age groups of US female consumers were examined: 19 to 25 years of age and 35 to 55 years of age. Additionally, consumers’ level of cultural creativity was measured. In the US the categories of Moderns and Traditionals are more readily recognized consumer groups than the Cultural Creative group. Cultural Creative, are distinguished by values such as engaged action, altruism, self-actualization, spirituality and ecological sustainability. Variation in Cultural Creative qualities and levels were expected to contribute a greater understanding of product acceptance. Pearson correlation coefficients, univariate analysis of variance with least significance difference post hoc analysis, and forward multiple regressions were run to address the research objectives. Based on the findings, the following recommendations are offered to the manufacturers of Indonesian inspired garments. To successfully cross market their products to countries like US, manufacturers can retain the color ways culturally inspired by Indonesia as the participants found them to be familiar and highly acceptable.Recommendations for fabric print and styles would suggest lower levels of cultural inspiration for US consumer acceptance. Retailers and manufacturers would also be wise to market their products with strategies and priorities based on the climatic and demographic characteristics of the nine sub-nations, and to consider age categories particularly women between the ages of 35-55 years. It is clear the textile and apparel industry in Indonesia has a number of strengths that have enabled the country to expand its share of international markets. The US importation numbers largely reflect production of US designed apparel with an absence of Indonesian cultural traditions. The potential for designing and marketing Indonesian inspired garments will be enhanced through dissemination of research-based information regarding US female consumer preferences. © 2010 KAMS. All rights reserved.",Cultural creatives; Diffusion; Indonesian products; International product development; US consumers,Routledge,scopus-recommendation,4,Thinking AI,"['perceptions', 'acceptance', 'familiarity', 'complexity', 'cultural creativity', 'market analysis']","The abstract discusses consumer perceptions and acceptance of culturally inspired garments, analyzing various factors such as familiarity, complexity, and consumer demographics. This aligns well with the Thinking AI category, particularly in the focus on market analysis and targeting through understanding consumer preferences and behaviors. The use of statistical methods to explore relationships between variables indicates a strategic analysis approach, which is characteristic of Thinking AI applications in marketing.",10%,5%,85%,0%,0%
Consuming direct-to-consumer genetic tests: The role of genetic literacy and knowledge calibration,Pearson Y.E.; Liu-Thompkins Y.,2012,10.1509/jppm.10.066,"As direct-to-consumer marketing of medical genetic tests grows in popularity, there is an increasing need to better understand the ethical and public policy implications of such products. The complexity of genetic tests raises serious concerns about whether consumers possess the knowledge to make sound decisions about their use. This research examines the effects of educational intervention and feedback on consumers' genetic literacy and calibration-the gap between consumers' actual knowledge and how much they think they know. The authors find that consumers' genetic knowledge was generally low and that people tended to underestimate their knowledge level. Furthermore, consumers' perceived rather than actual knowledge levels drove attitude and purchase intention. Regarding the effect of educational intervention, exposure to an online educational module improved both genetic knowledge and calibration. Offering instant feedback resulted in greater knowledge gain than delayed feedback. The worst learning outcome occurred when feedback was both delayed and brief. On the basis of these findings, the authors offer recommendations for formulating ethically sound public policies in this area. © 2012 American Marketing Association.",Direct-to-consumer marketing; Genetic literacy; Genetics education; Knowledge calibration; Marketing ethics,American Marketing Association,scopus-recommendation,30,Out of Scope,"['genetic tests', 'ethical implications', 'public policy', 'consumer knowledge', 'educational intervention', 'genetic literacy']","The abstract discusses the implications of direct-to-consumer marketing of medical genetic tests, focusing on consumer understanding and education rather than traditional marketing strategies. The content is primarily related to healthcare and ethical concerns rather than marketing applications, making it out of scope for the categories defined.",0%,0%,0%,100%,0%
Online shopper reviews: Ramifications for promotion and website utility,Ong B.S.,2011,10.1080/10496491.2011.597304,"Today's consumers are empowered with online shopper reviews which are mostly written and posted by buyers, customers, users, or visitors at a website. Shopper reviews will become more popular and ubiquitous in e-tailing in the near future. However, the marketing literature is still limited when it comes to knowledge of how shoppers perceive and use online reviews in their purchase decisions. Hence, this study explored shoppers' predispositions toward positive or negative reviews and examined the impact of consumers' attitudes and usage patterns on their perceived helpfulness and credibility of online shopper/peer reviews. One interesting finding from our study of 342 online shoppers was that consumers who would pay greater attention to positive reviews gave reviews more credible and usefulness ratings than their counterparts who would focus on the negative reviews. © Taylor & Francis Group, LLC.",Consumer recommendations; Online shopper reviews; Online word-of-mouth; Perceived credibility; Product reviews; Website promotion,,scopus-recommendation,9,Feeling AI,"['online shopper reviews', 'consumer attitudes', 'perceived helpfulness', 'credibility', 'positive reviews', 'negative reviews']","The abstract discusses how consumers perceive and utilize online reviews, focusing on their attitudes towards positive and negative feedback. This aligns with the 'Customer understanding' aspect of Feeling AI, as it seeks to understand customer preferences and emotional responses to reviews. The findings emphasize emotional engagement with reviews and the impact of these emotions on perceived credibility and usefulness, which are key components of relationalization.",60%,10%,20%,5%,5%
Cape shoe company,Fishman E.; Sterrett J.L.; Kellerman B.J.; Gordon P.J.,2009,,"The Cape Shoe Company case focuses on an entrepreneurial start-up in the highly competitive shoe industry. Upon the closing of a Florsheim shoe factory in a region of the Midwest that was once home to a large number of shoe and apparel manufacturers, with the majority of these having closed over the previous 30 years due to lower cost of overseas production, and concerned about the continuing loss of shoe manufacturing in the U.S., an entrepreneur from Chicago with minimal experience in the shoe industry, visited a Florsheim factory prior to its closing by Florsheim. After deciding that the facility represented too valuable a resource to be abandoned, the entrepreneur subsequently purchased the shoe plant and named his new venture the Cape Shoe Company. Based on his concern about losing American manufacturing jobs, and the belief that he could produce a competitively priced product, his plan was to produce 100 percent Made in America shoes. The interesting focus of this particular case and ensuing discussions is that the entrepreneur has made the decision to go forward with Cape Shoe Company and his 100 percent Made in America theme, although having yet to determine target market(s), competition, product differentiation, marketing channels, marketing strategies, etc. Regarding the rather unique nature of the Cape Shoe Company start-up, and current industry scenario, students virtually have a clean slate in which to begin discussions concerning recommendations on strategic management and marketing questions.",,,scopus-recommendation,0,Thinking AI,"['entrepreneur', 'market analysis', 'target market', 'competition', 'product differentiation', 'marketing strategies']","The abstract discusses the entrepreneurial start-up of the Cape Shoe Company, highlighting the need for market analysis, identification of target markets, competition assessment, product differentiation, and strategic marketing considerations. These elements align closely with the focuses of Thinking AI, particularly in market analysis and targeting, as the entrepreneur needs to determine the best approach to enter the competitive shoe market.",10%,10%,70%,0%,10%
Determinants of retail bank choice in Nigeria: A focus on gender-based choice decisions,Omar O.E.,2008,10.1007/s11628-008-0039-1,"As the Nigerian retail banks customers become more sophisticated, it is now very important that retail banks determine the factors that are important and relevant to the customers' retail bank choice decisions. By using a survey of retail bank customers, this study evaluates the relative importance attached to retail banks' choice criteria used by male and female customers in Nigeria. The results show that there are some differences in choice factors used by male and female customers in selecting a retail bank for patronage. The recommendation is that bank managers should take both female and male market segments into consideration when making retail bank strategic planning in order to become competitive. The findings can assist retail bank managers in refining their marketing strategies as a means of overcoming the intense competition that exists in the Nigerian banking system. © Springer-Verlag 2008.",Choice of retail banks; Male and female customers; Nigerian bank customers; Retail banking,,scopus-recommendation,10,Thinking AI,"['customer choice decisions', 'strategic planning', 'marketing strategies', 'competitive advantages']","The abstract discusses the evaluation of factors influencing retail bank choice decisions among male and female customers in Nigeria. This indicates an analysis of market preferences and competitive positioning, which aligns with the focus on market analysis and targeting in the Thinking AI category. The recommendation for bank managers to consider different market segments for strategic planning further supports this classification.",0%,0%,100%,0%,0%
How well do e-commerce web sites support compensatory and non-compensatory decision strategies? An exploratory study,Gudigantala N.; Song J.; Jones D.R.,2008,10.4018/jebr.2008100104,"The burgeoning growth of online retailing is forcing businesses to provide better support for consumer decision making on e-commerce Web sites. Consequently, researchers in information systems and marketing have been focusing on investigating the effectiveness of Web-based decision support systems (WebDSS) in providing accurate and satisfying choices for customers. We consider WebDSS implementation based on compensatory, non-compensatory decision strategies and synthesize the existing literature. The results of synthesis show that compensatory WebDSS perform better than non-compensatory WebDSS in terms of decision quality, satisfaction, effort, and confidence. We then investigate the level of Web site support provided for consumers'execution of compensatory and non-compensatory strategies. We examined 375 U.S.-based company Web sites and found that though moderate levels of support exists for consumers to implement non-compensatory choice strategies, virtually no support exists for executing multi-attribute-based compensatory choice strategies. Copyright © 2008, IGI Global.",Decision strategies; Decision technology; Electronic product recommendation agents; Recommendation systems; Web-based decision support systems,IGI Publishing,scopus-recommendation,4,Thinking AI,"['consumer decision making', 'Web-based decision support systems', 'decision quality', 'satisfaction', 'compensatory strategies', 'non-compensatory strategies']","The abstract discusses the effectiveness of Web-based decision support systems (WebDSS) in aiding consumer decision-making on e-commerce sites. The focus is on analyzing decision strategies (compensatory and non-compensatory) and their impact on decision quality and customer satisfaction, which aligns with market analysis and targeting in the Thinking AI category.",0%,0%,100%,0%,0%
Self-gift giving: Understanding consumers and exploring brand messages,Heath M.T.; Tynan C.; Ennew C.T.,2011,10.1080/13527260903236898,"This article addresses self-gift giving both from a consumer perspective and from the point of view of brands' promotional messages. Self-gifts may be regarded as personal acquisitions which are distinguished from other purchases by a particular motivation and context - quite literally, gifts to oneself. Our knowledge of this phenomenon from the consumer side remains limited, despite evidence of its importance in understanding consumer decisions. Furthermore, there is no empirical research addressing the extent to which organisations make use of the concept of self-gifts in their marketing activities. This paper addresses these gaps using a two-stage methodology. First, it enhances the understanding of self-gift consumer behaviour (SGCB) by 14 in-depth interviews with consumers. Then, drawing on the self-gift themes which emerged from the interviews, it presents the results of a content analysis of marketing communications for two selected product categories. The combined methodology offers new and rich insights into the theoretical understanding of self-gift consumer behaviour and provides recommendations for practitioners differentiating their marketing communications. © 2011 Taylor & Francis.",Content analysis; Promotional messages; Self-gift consumer behaviour,,scopus-recommendation,38,Feeling AI,"['self-gift', 'consumer behaviour', 'emotional data', 'marketing communications']","The abstract discusses self-gift giving, which is closely tied to consumer emotions and motivations. It emphasizes understanding consumer decisions and emotional needs related to self-gifting, aligning it with the 'Feeling AI' category focused on customer understanding and relationalization. The methodology includes in-depth interviews to capture emotional insights, indicating a strong connection to understanding customer emotions.",70%,10%,20%,0%,0%
Milk preferences of consumers and effect of the marketing mix on consumers' purchase decision of dairy products,Fawi N.M.T.; Abdalla M.O.M.,2013,10.17010/ijom/2013/v43/i2/34052,"Milk and dairy products experience high consumption rates in Sudan; consumers show wide variations in their preferences for different milk types and dairy products available in the local market. Consumers' purchase decisions are influenced by various factors. Study of such factors assists processors and producers of dairy products in implementing marketing strategies that are consumer oriented and can ultimately lead to higher selling rates. This study aimed at studying the preferences of consumption pattern of milk and factors affecting consumers' purchase decision of dairy products in Khartoum, state capital of Sudan. Quality was found to be the main factor affecting the purchase decision, followed by price of the products. Fresh milk was the highly preferred milk type among the citizens. The study concluded with a number of recommendations, some of which are: Processors and producers of dairy products should implement modern marketing concepts that focus on the consumers' needs and wants. Also, producers and processors should use marketing mix in ways that increases their sales and creates satisfied customers.",Consumer; Dairy products; Khartoum; Marketing mix; Milk; Purchase decision,Associated Management Consultants Pvt. Ltd.,scopus-recommendation,3,Feeling AI,"['consumer preferences', 'purchase decision', 'quality', 'satisfied customers']","The abstract emphasizes understanding consumer preferences and the factors influencing their purchase decisions, particularly highlighting quality and price as significant determinants. This aligns with the Feeling AI category, which focuses on customer understanding and emotional needs. The recommendations provided also suggest personalizing marketing strategies to meet consumer needs, indicating a relational approach to customer engagement.",60%,20%,20%,0%,0%
Communication about organ donation intentions: Formative research for a social marketing program targeting families,Jones S.C.; Reis S.L.; Andrews K.L.,2009,10.1080/15245000902894040,"With the introduction of the Australian Organ Donation Register, responsibility regarding organ donation decisions primarily rests with the individual. However, family members can be instrumental in facilitating or hindering the rate of organ donation by objecting to or confirming the individual's wishes. Attitudes and beliefs of family members have been shown to be a strong influence on people's intentions to donate. Numerous studies have also demonstrated that family communication about organ donation can improve the rate of organ donation. We surveyed 23 matched pairs of undergraduate university students and their parents and found that attitudes to organ donation were positive and that there was a tendency for these dyads to give concordant responses regarding attitudes, level of family communication, and intent to donate. These findings have implications for improving Australia's organ donation rate, and recommendations for messages promoting organ donation are discussed.",,,scopus-recommendation,8,Out of Scope,"['organ donation', 'family communication', 'attitudes', 'intent to donate']","The abstract discusses the influence of family members on organ donation decisions and highlights the importance of family communication and attitudes towards organ donation. This topic is primarily related to healthcare and social behavior rather than marketing, making it out of scope for the specified categories of AI applications in marketing.",0%,0%,0%,100%,0%
A review and comparative analysis of laddering research methods : Recommendations for quality metrics,Reynolds T.J.; Phillips J.M.,2009,10.1108/S1548-6435(2008)0000005010,"Laddering has been used extensively within marketing to uncover the drivers of consumer decision making. Obstacles confronting laddering researchers include the time and costs of this qualitative technique as well as the lack of standard statistical measures to assess data and solution quality. In this chapter we assess the laddering research practices of both professional and academic researchers, propose a set of quality metrics, and demonstrate the use of these measures to empirically compare the traditional face-to-face interviewing method to an online one-on-one interviewing approach.",,Emerald Group Publishing Ltd.,scopus-recommendation,32,Feeling AI,"['consumer decision making', 'drivers', 'quality metrics', 'interviewing method']","The abstract discusses laddering as a qualitative technique aimed at uncovering the drivers of consumer decision-making, which aligns with the understanding of customer needs and wants. It emphasizes the importance of assessing data quality in the context of consumer insights, which is a core aspect of customer understanding. The focus on interview methods also hints at relational dynamics in understanding consumer behavior.",60%,20%,20%,0%,0%
GranuLab (C): internationalizing GranuMaS,Adham K.A.; Said M.F.; Muhamad N.S.; Sarkam S.F.; Senik Z.C.; Isa R.M.,2012,10.1108/20450621211320524,"Subject area: The area of focus is on internationalization strategies, specifically on developing suitable strategies to support an internationalization initiative of a new medical device company. Study level/applicability: This case is designed for final year undergraduate and MBA students. It is suitable for courses of organizational management, organization theory and design, strategic management, and international business as well as international marketing. Case overview: GranuLab, a medical device company that produced the synthetic bone graft substitute GranuMaS, aspired to be a high-growth company. To achieve this aspiration the company had made plans for internationalization, which include penetrating the ASEAN, Middle East, Latin American, and African markets within the next five years. By December 2010, GranuLab had completed the construction of its new manufacturing facility in Shah Alam, about 30km from Malaysia's capital city of Kuala Lumpur. This manufacturing facility had the capability to produce high volumes to support the company's high growth plan. However, the company's internationalization processes had taken longer than expected and this has led to a low business volume. By mid-2012, the company was forced to make a quick decision as it had suffered a year and a half of operations losses. GranuLab had to formulate a strategy as to how to position GranuMaS and penetrate the targeted markets. Failure to internationalize would incur even greater losses and might hinder the achievement of its high growth aspiration by 2015. Expected learning outcomes: This case is designed to stimulate case analysts' thinking into providing recommendations for the appropriate internationalization strategies to be adopted by the management team to ensure that the company could succeed in achieving its goals. The case will expose students to the concepts and theories of strategic management, international business, international entrepreneurship; and facilitate the development of students' abilities to apply those concepts in managerial situations. Supplementary materials: Teaching notes are available for educators only. Please contact your library to gain login details or email support@emeraldinsight.com to request teaching notes. © 2012, Emerald Group Publishing Limited.",Born-global; Business planning; Corporate strategy; entrepreneurship; graft substitute; International; Malaysia; Medical device; Medical equipment; Synthetic bone; Synthetic fibres,Emerald Group Publishing Ltd.,scopus-recommendation,1,Thinking AI,"['internationalization strategies', 'market penetration', 'strategic management', 'positioning', 'business volume']","The abstract focuses on developing internationalization strategies for a medical device company, GranuLab, and emphasizes the need for strategic analysis in positioning the product (GranuMaS) in new markets. It also discusses strategic management concepts, which align with the market analysis and targeting aspects of Thinking AI. The case aims to stimulate thinking about appropriate strategies, making it relevant to the Thinking AI category.",0%,0%,100%,0%,0%
The nature of gratuitous referrals in tourism: Local residents' perspective,Walls A.; Shani A.; Rompf P.D.,2008,10.1108/09596110810892218,"Purpose - The purpose of this paper is to investigate the referral patterns of local residents who are frequently requested by visitors to the community to provide information and/or direct venue referrals for travel-related services. Also investigated, were the factors influencing the selection of a specific venue being referred. It is posited that visitors delay many travel decisions until they arrive at a destination and extensively utilize local ""experts"" in their decision strategy. Design/methodology/approach - The current study expands upon previous research on visitor decision strategies for travel-related services once that are at a destination by examining the referral activity of 180 residents in the metro-Orlando area, a destination that attracts more than 47 millions visitors each year. A standardized questionnaire was utilized to collect data in two distinct areas of the destination, a central tourism corridor and a bedroom community. Findings - In general, at-destination recommendations from locals were found to be highly sought by visitors, regardless of the occupation of the perceived local expert. In addition, although the weekly frequency of requests to a local expert was typically lower in the bedroom community in contrast to the tourism corridor, they still existed in significant enough numbers such that they should capture the attention of enterprises providing such services. At the least, a partial alignment of an enterprise's promotional strategies and tactics to reach targeted visitor segments through ""locals"" becomes obvious. Overall, notable recommendation patterns were not uniform across type of service enterprise, and were highly evident for food and beverage and entertainment facilities, while recommendations for lodging facilities were found to be limited in this study. It was also determined that local residents were most influenced by organic factors compared to induced factors. Research limitations/implications - The results suggest that hospitality businesses should focus a portion of their marketing strategies and tactics towards the community in order to attain/drive positive word-of-mouth referrals. This implication is particularly relevant for restaurants and shopping venues. Finally, it is suggested that the most effective way for businesses to reach local residents is through direct contact and communication, rather than traditional advertising channels. Originality/value - The paper has both theoretical and practical value, and provides further confirmation that tourists delay/make many decisions post-arrival and that locals play an important role in travel-decision process. © Emerald Group Publishing Limited.",Communities; Decision making; Information exchange; Tourism; Travel; United States of America,,scopus-recommendation,12,Feeling AI,"['referral patterns', 'local residents', 'visitor decisions', 'word-of-mouth referrals', 'community', 'customer needs']","The abstract discusses the role of local residents as 'experts' in influencing visitor decisions, which indicates a focus on understanding customer needs and preferences. It emphasizes the importance of personal connections and organic recommendations over traditional marketing tactics, aligning closely with the Feeling AI category that focuses on customer understanding and relationalization.",70%,10%,20%,0%,0%
Determining consumers' discount rates with field studies,Yao S.; Mela C.F.; Chiang J.; Chen Y.,2012,10.1509/jmr.11.0009,"Because utility/profits, state transitions, and discount rates are confounded in dynamic models, discount rates are typically fixed for the purpose of identification. The authors propose a strategy of identifying discount rates. The identification rests on imputing the utility/profits using decisions made in a context in which the future is inconsequential, the objective function is concave, and the decision space is continuous. They then use these utilities/profits to identify discount rates in contexts in which dynamics become material. The authors exemplify this strategy using a field study in which cell phone users transitioned from a linear to a three-part-tariff pricing plan. They find that the estimated discount rate corresponds to a weekly discount factor (.90), lower than the value typically assumed in empirical research (.995). When using a standard .995 discount factor, they find that the price coefficient is underestimated by 16%. Moreover, the predicted intertemporal substitution pattern and demand elasticities are biased, leading to a 29% deterioration in model fit and suboptimal pricing recommendations that would lower potential revenue gains by 76%. © 2012, American Marketing Association.",Discount rate; Dynamic structural model; Forward-looking consumers; Identification; Pricing; Three-part tariff,American Marketing Association,scopus-recommendation,47,Thinking AI,"['discount rates', 'utility', 'profits', 'dynamic models', 'pricing plan', 'market fit', 'demand elasticities', 'model fit', 'pricing recommendations']","The abstract discusses the identification of discount rates in economic models, particularly in the context of pricing strategies for cell phone users. It emphasizes the importance of market analysis through the lens of utility and profits, indicating a deep dive into understanding pricing dynamics and consumer behavior. This aligns with the Thinking AI category, which focuses on market analysis and targeting through marketing analytics. The identification of discount rates and its impact on pricing strategies demonstrates strategic analysis of market conditions.",0%,0%,100%,0%,0%
Homo economicus and social marketing: Questioning traditional models of behavior,Carvalho H.C.; Mazzon J.A.,2013,10.1108/JSOCM-11-2011-0080,"Purpose: The purpose of this paper is to bring forth the limitations of some important models of cognition and behavior adopted by social marketers and present important findings from recent lines of research that contribute to a fine-grained understanding of human behavior. Design/methodology/approach: This is a conceptual paper that presents a review of several theoretical approaches to human cognition and behavior and their implications regarding social marketing campaigns. Findings: It is concluded that the assumptions underlying traditional models of behavior need to be revised, especially the assumption that human beings are rational decision makers - the prototypical homo economicus. Behavioral science has revealed that people are far from being rational and are prone to be influenced by myriad factors, some deemed irrelevant under rational models. Social marketing interventions have greater probability of success when they rely on more realistic assumptions of human behavior. Research limitations/implications: Social marketing needs to embrace the contributions of the several disciplines and lines of research centered on the study of all facets of human behavior, such as behavioral economics and dual-system framework. Practical implications: The main implications are: the recommendation to assume people are running on their System 1 when they are in contact with social marketing campaigns, the need to consider the interplay of systems and selves over time, the recommended emphasis on place strategies, and the need to avoid cash incentives and silver bullets. Originality/value: The value of this paper is in contrasting the assumptions of traditional models of cognition and behavior widely used in social marketing with the evidence from several lines of research portraying influences in human behavior not accounted by those models. © Emerald Group Publishing Limited.",Cognition; Consumer attitudes; Consumer behaviour; Social marketing; Social marketing theory; Theory of planned behaviour,,scopus-recommendation,25,Feeling AI,"['human behavior', 'rational decision makers', 'influence', 'System 1', 'customer understanding']","The abstract discusses the limitations of traditional models of cognition and behavior in social marketing, emphasizing the importance of understanding human behavior beyond rational decision-making. This aligns with the Feeling AI category, as it focuses on customer understanding and emotional influences on decisions. The recommendation to consider emotional and psychological factors in social marketing campaigns further supports this classification.",60%,10%,30%,0%,0%
The shoppes at riverside,Carter F.L.; Heriot K.,2010,,"Case Description: This case asks the students to recommend a decision to a group of individuals on whether or not to pursue purchasing The Shoppes at Riverside, even when the purchase price is minimal ($1). It is based on the actual experiences of one of the authors. The Shoppes at Riverside is a unique business located in a historic building in a downtown area. The store occupies approximately 5,500 square feet of space (leased from a local foundation) and subleases space to dealers selling upscale merchandise including art, antiques, home accessories, and gift items. The store charges a monthly rent to each dealer (based on their booth square footage) along with a 10% commission on sales. The students are given basic information provided by the present owner and are asked to evaluate the information given to project monthly cash flows and then to make a recommendation to the potential purchasers. They are also asked to evaluate and suggest other lines of business that might be added to the present business to increase the profitability of the store. This case is appropriate to use in an Intro to Small Business Class as the size of the business is ideal for any course that emphasizes entrepreneurs or small businesses. This assignment can be completely individually or as a group assignment. Case Synopsis: The primary focus of the case is a purchase decision. The information given to the students to utilize in formulating their decision includes store sales by month for each of the last three years as well as operating expenses. From the information given, the students are asked to construct pro- forma cash flows for the year 2007 by month based on their assumptions regarding sales and occupancy levels. They are also asked to research other product lines the potential buyers could add to the store to complement the present merchandise presently being sold by dealers. Although the store does collect rental income, there is a cap on percentage rents at 10% of sales which in turn limits the total revenues of the store. The students are given some ideas on lines of business to research within the questions of the case. They may have others they would also like to research. A second phase of the case analysis would be to break the case into group assignments and have each group research and prepare presentation on such topics as (1) the various type of advertising options and the related costs applicable to small retail businesses in order to develop and implement a marketing plan; (2) the type of business formation available to small businesses (i.e. Corporation, Sub-S Corporation, Partnership, LLP; (3) additional product lines to add to increase revenues of the business; and (4) the advantages and disadvantages of developing a website and selling ""on-line"" with this type of business. As a result of the individual and group projects, classroom discussions could be held based on the findings of the groups as well as other current issues faced by small businesses. The advantage of this case is that it presents students with a real-life purchase decision and presents relevant topics for in-class discussions.",,,scopus-recommendation,0,Thinking AI,"['market analysis', 'cash flows', 'recommendation', 'advertising options', 'product lines']","The abstract focuses on evaluating a business purchase decision, projecting cash flows, and analyzing potential product lines to increase profitability. These activities align with market analysis and targeting, which are key components of Thinking AI. The emphasis on evaluating sales, operating expenses, and potential advertising strategies further supports this classification.",10%,15%,75%,0%,0%
"Tourism as a mixed industry: Differences between private, public and not-for-profit festivals",Andersson T.D.; Getz D.,2009,10.1016/j.tourman.2008.12.008,"This paper discusses important policy and management implications of tourism as a mixed industry in which public, not-for-profit, and private organisations such as festivals both compete and collaborate in creating the tourist product. To illustrate, four samples of festivals from the UK, Australia, Norway and Sweden are systematically compared in terms of their ownership, governance, structure, and content. Although the festivals offered a similar product and had similar mandates, they differed considerably in terms of revenue sources, cost structure, use of volunteers, corporate sponsorship, and decision-making. These differences are potentially important to destinations that view festivals as attractions and use them in place marketing. Implications are drawn for festival management and tourism policy, and recommendations are made for extending this line of inquiry to the tourism industry as a whole. © 2008.",Business models; Festivals; Mixed industry; Ownership,Elsevier Ltd,scopus-recommendation,106,Thinking AI,"['policy', 'management implications', 'tourism', 'competitors', 'collaborate', 'revenue sources', 'cost structure', 'decision-making']","The abstract discusses the strategic analysis of tourism and festivals, focusing on the governance, structure, and financial aspects that impact the tourism product. It highlights the differences in revenue sources and decision-making processes among the festivals, which aligns with market analysis and identifying competitive advantages. This fits well into the Thinking AI category, as it emphasizes understanding the competitive landscape and implications for festival management and tourism policy.",0%,0%,100%,0%,0%
Bloggers' reported tourist experiences: Their utility as a tourism data source and their effect on prospective tourists,Volo S.,2010,10.1177/1356766710380884,"The present study evaluates the value of tourists' blogs as a research data source by using them to evaluate the tourist experience and to assess their influence on the decision-making process of prospective tourists. The blogs of 103 tourists visiting South Tyrol, 32 written in English and 71 written in Italian, were analyzed using textual and image content analysis. The text of 246 comments posted to these blogs was analyzed to evaluate the possible influence of bloggers' narrative on prospective tourists. The results show cultural differences in the way tourists use blogs. Italian blogs appear to have more potential to influence the decision-making process of prospective visitors since their comments often contain recommendations and authors' declaration of their own future intentions to travel to South Tyrol. They also demonstrate significant potential for revealing market-relevant aspects of tourists' experience although they do not always convey the 'experience essence'. © The Author(s) 2010.",blogs; destination marketing; Italy; South Tyrol; unobtrusive research methods; user generated content,,scopus-recommendation,209,Feeling AI,"['tourist experience', 'influence', 'recommendations', 'cultural differences', 'emotional needs']","The abstract focuses on evaluating tourists' blogs to understand the tourist experience and how these narratives influence prospective tourists' decision-making. It highlights cultural differences in how blogs are used and emphasizes the emotional aspect of recommendations and personal intentions, which aligns with the objectives of Feeling AI to understand and meet customer emotional needs.",70%,0%,30%,0%,0%
The organizational impacts of managing social marketing interventions,Polit S.,2012,10.1177/1524500412450491,"Since social marketing's formal introduction in 1971, the field has advanced through employing innovations in marketing thought. Despite debates over whether or not marketing principles should be used to promote socially beneficial behaviors, the field has become successful at utilizing such practices to achieve its goals. However, even with these advancements, social marketing research has yet to fully consider how the use of traditional marketing practices in socially oriented settings can alter the way stakeholders perceive and interact with the organizations employing these tactics. This article examines how parallels between nonprofit management and social marketing research illustrate how socially oriented organizations can damage their legitimacy as change agents and community partners by not evaluating the true costs of employing marketing techniques. Both warnings and recommendations are provided to help the managers of social marketing efforts more effectively evaluate both the costs and benefits of their decisions. © The Author(s) 2012.",Best practices; Monitoring and evaluation; Partnerships,SAGE Publications Inc.,scopus-recommendation,4,Feeling AI,"['social marketing', 'legitimacy', 'stakeholders', 'costs and benefits', 'community partners']","The abstract discusses the impact of traditional marketing practices on the perception and legitimacy of socially oriented organizations. This relates closely to understanding customer needs and the emotional implications of marketing strategies, aligning with the focus on customer understanding and relationalization found in the Feeling AI category.",60%,10%,30%,0%,0%
The nexus of knowledge and behavior for school-aged children: Implementation of health education programs and a nutritional symbol system,Miller J.; Graham L.; Pennington J.,2013,10.1080/18377122.2013.836771,"Health-related knowledge has been assumed to inform lifestyle choices for school-aged students. A ‘health-promoting school’ provides the conceptual framework for this intervention. A large boarding school developed, implemented and refined a Nutritional Symbol System for their dining hall. The effectiveness of this social marketing strategy and school-based Health Education Program was evaluated by interviewing students (n = 16) for nutritional knowledge and application of the Nutritional Symbol System (NSS) to food choices in a range of contexts within (for example, in the dining hall and canteen) and beyond the school. In-depth interview data were collected, recorded and analyzed manually and via the Leximancer text mining software. Results indicated that there was a lack of consistent and accurate student knowledge derived from the Health Education Programs. Recommendations include a greater alignment between the Nutritional Symbol System, the plate and all Health Education Program materials to enhance students' health literacy around informed nutrition-related decisions. © 2013 Australian Council for Health, Physical Education and Recreation.",Children; Education effectiveness; Nutritional; Social marketing,,scopus-recommendation,0,Out of Scope,"['health-related knowledge', 'lifestyle choices', 'Nutritional Symbol System', 'Health Education Program', 'nutritional knowledge']","The abstract discusses health-related education and interventions in a school setting, focusing on nutritional knowledge and not on any marketing strategies or AI applications related to marketing. Thus, it does not fit into the categories of Mechanical AI, Thinking AI, or Feeling AI, which are specifically related to marketing applications.",0%,0%,0%,100%,0%
How packaging affects the product preferences of children and the buyer behaviour of their parents in the food industry,Ogba I.E.; Johnson R.,2010,10.1108/17473611011026037,"Purpose – Health is becoming an increasingly important issue in the UK as well as the rest of Europe. Emphasis on the importance of healthy eating is ongoing for many reasons, including the growing concern about childhood obesity resulting in the ban of advertising of unhealthy foods to children in the UK in April 2007. However, although legislation has been placed upon the advertising of unhealthy food products, no such restrictions have been placed on the packaging of children's foods despite the influence of packaging on consumer buyer decisions. This paper aims to investigate the effect of packaging on children's product preferences and its ability to influence parents' buyer decision in-store. Design/methodology/approach – The study was approached from the parents' rather than the children's perspective. A quantitative approach was adopted in data collection, using a 28 item Likert scaled questionnaire administered to 150 parents, with over 95 percent response rate. Findings – The study shows that packaging does affect the product preferences of children. Also, children are particularly interested in influencing the purchase of unhealthy foods. However, parents within the study claimed that they did not succumb to their children's requests for the purchase of unhealthy food, which contradicts evidence from previous findings. Research limitations/implications – The claim by parents that they did not succumb to their children's requests for unhealthy food contradicts findings from previous research. This therefore leads to a recommendation for further studies as social desirability bias may have influenced the outcomes of the findings. Practical implications – Findings from this study can be applied within the retail and service marketing sector to provide the practitioner with information relevant to decision making on children's influence on parents buyer behavior in-store. Outcomes of the study are also important when considering the future of children's food marketing and tackling the issue of childhood obesity. Originality/value – The paper demonstrates that there is a relationship between packaging and children product preferences and children's influence on parents' buyer decision in-store. © 2010, Emerald Group Publishing Limited",Children (age groups); Consumer behaviour; Decision making; Food packaging; Parents; United Kingdom,,scopus-recommendation,62,Feeling AI,"['packaging', ""children's preferences"", ""parents' buyer decision"", 'influence', 'unhealthy foods']","The abstract discusses the influence of packaging on children's product preferences and how this affects parents' buying decisions. This ties to the understanding of customer emotions and the relational aspect of marketing, particularly the emotional influence that children have on their parents' purchasing behavior. The focus on emotional data and understanding customer needs aligns well with the Feeling AI category.",70%,10%,20%,0%,0%
Moderators of the self-congruity effect on consumer decision-making: A meta-analysis,Aguirre-Rodriguez A.; Bosnjak M.; Sirgy M.J.,2012,10.1016/j.jbusres.2011.07.031,"Value-expressive brands' success stem largely from self-congruity between their brand personalities and targeted consumers' self-concepts (Aaker, 1997). Over 100 conceptual and empirical articles highlight self-congruity's effect on consumer decision-making. The following meta-analysis identifies key theoretical and managerial issues of the self-congruity effect. Study results reinforce the self-congruity effect's robustness (r. =. .31). Moderation analysis sheds theoretical insights about self-congruity's motivational and cognitive underpinnings. The findings suggest self-congruity effects are a function of underlying self-motive ""socialness,"" degree of self-enhancement sought, the brand personality facet, the judgment object's abstraction level, cognitive elaboration, and the underlying impression formation process. These findings generate methodological and theoretical recommendations for future self-congruity research, as well as recommendations for marketing practitioners. © 2011 Elsevier Inc..",Brand personality; Image congruence; Meta-analaysis; Self-congruity; Self-image congruence,,scopus-recommendation,217,Feeling AI,"['self-congruity', 'brand personalities', 'self-concepts', 'consumer decision-making', 'emotional needs', 'impression formation']","The abstract discusses the self-congruity effect, which relates to how consumers' self-concepts align with brand personalities. This alignment influences consumer decision-making and emotional understanding, highlighting the need to recognize and meet customer emotional needs and wants. The findings emphasize the importance of understanding consumer motivations and cognitive processes, which aligns closely with the objectives of Feeling AI.",70%,0%,30%,0%,0%
The effect of pharmacists on drug purchasing behavior of price-sensitive consumers,Ricks J.; Mardanov I.,2012,10.1177/1745790412445799,"The present study empirically investigates how much pharmacists' recommendations and consumer decisions influence the marketing of drugs to price-sensitive consumers. The results indicate that consumers rely on physicians and their own decisions than pharmacists' recommendations in choosing prescription drugs. Consumers rely more on pharmacists' recommendations in purchasing over-the-counter drugs. To reveal the relationships among physicians, pharmacists, and consumers, pharmacists and consumers were surveyed using existing questionnaires. The findings indicate recommendations from pharmacists' that patients consult with physicians about the choice of lower priced, though acceptable, prescription and over-the-counter drugs have a significant effect on consumer decisions. Pharmacists indicated that they were willing to recommend low-cost alternative drugs. Consumers were willing to follow pharmacists' recommendations. The behavior of both pharmacists and consumers had significant impact on cost reduction. © The Author(s) 2012 Reprints and permissions: sagepub.co.uk/journalsPermissions.nav.",generics; marketing communication; Pharmaceuticals; pricing; strategy,,scopus-recommendation,9,Feeling AI,"['recommendations', 'consumer decisions', 'pharmacists', 'emotional data', 'understanding', 'engagement']","The abstract discusses how pharmacists' recommendations influence consumer decisions, highlighting the emotional aspect of trust and reliance on those recommendations. It emphasizes understanding consumer needs and how both pharmacists and consumers engage in discussions about cost-effective drug choices, reflecting the emotional dynamics in their interactions. This aligns with the objectives of Feeling AI, which focuses on customer understanding and relationalization.",70%,10%,20%,0%,0%
Purac Enviro-Filter Company,Sjolander R.; Eppright D.,2009,,"Case Description: The primary subject matter of this case is the pricing of consumer goods in International Markets. Secondary issues include price discrimination by small firms in foreign markets; product differentiation in international markets; branding and price discrimination. This case has a difficulty level of 3-4 and is targeted at business students in a first course in international business or international marketing. The case can be used either as a functional case on pricing in the international environment, or as a study in exporting. One hour of class time should be sufficient to handle the case discussion and students should budget 2-3 hours of time for case preparation. Case Synopsis: The PURAC Enviro-Filter Company is a small manufacturer of air filters located in southern Florida, USA. Diana Page, the firm's marketing manager is in the process of determining her target price for the upcoming year for their most profitable product, the F-18 filter. Just as she was finalizing her recommendation, one of her salespeople approached her with the possibility of entering into a contract for a distributor branded sale to Russia. This would be a new market for her company. The price offered by the Russian mass merchandiser is much lower than that charged for branded PURAC filters in the domestic market. This new market opportunity complicates Diana's decision process. She must decide at what price to offer her goods for sale at home, and consider the relative advantages of the new offer presented by the foreign market proposal. She must decide the probably effect of these additional sales on the firm's profitability and what conditions to negotiate with the Russian company if PURAC decides to accept their offer. © 2009 by the DreamCatchers Group.",,,scopus-recommendation,0,Thinking AI,"['pricing', 'market analysis', 'product differentiation', 'price discrimination', 'target price', 'foreign market', 'profitability', 'competitive advantages']","The abstract discusses pricing strategies in international markets, focusing on market analysis and the decision-making process regarding pricing in response to new market opportunities. The mention of analyzing the effects of additional sales on profitability and the need to decide on target pricing aligns with the Thinking AI category, which emphasizes market analysis and targeting. The complexities involved in entering a new market and considering competitors further reinforce this classification.",0%,0%,100%,0%,0%
Shavteli Winery: where to go from here?,Gilinsky A.; Trela B.,2011,10.1108/20450621111186200,"Title: Shavteli Winery: where to go from here? Subject area: International marketing, national competitiveness, strategic decision‐making, wine. Study level/applicability: Undergraduate and MBA. Case overview: The nationally important Georgian wine industry by 2008 was in a deep recession due largely to the continuing 2006 Russian wine embargo, prior to which Russia had been the largest export market for Georgian wines. Second World War‐era Georgian wineries such as Shavteli (disguised), in the historic Racha‐Lechkumi wine‐producing region, were disadvantaged due to aging facilities, lack of tourist infrastructure, and inadequate capital to make needed changes to compete in the global markets for emerging economy wines. All nearby wineries faced continuing operating deficits, high inventory levels, and could lose much of their aging wine inventory to oxidation if they could not quickly sell more wine or convert the wine to brandy. To avert becoming another defunct producer, Shavteli needed a strategy. Industry observers were divided about whether Shavteli and its sister Georgian wineries should continue operating independently, seek government support, or form a marketing association to create new export demand. Students need to prepare a strategic plan for Shavteli and the Georgian wine industry. Expected learning outcomes: Students should develop well‐supported recommendations for competitive strategies in an emerging economy. Students should use strengths, weaknesses, opportunities, and threats and country competitiveness analyses to ascertain vision and mission, segmentation, targeting, positioning, and alliance strategies for international markets. Supplementary materials: Teaching notes. © 2011, Emerald Group Publishing Limited.",Country competitiveness; Situation analysis; Strategy implementation; Wine industry; Winemaking,Emerald Group Publishing Ltd.,scopus-recommendation,1,Thinking AI,"['strategic decision‐making', 'competitive strategies', 'market analysis', 'SWOT analysis', 'international markets', 'positioning']","The abstract discusses the challenges faced by Shavteli Winery and the Georgian wine industry, emphasizing the need for strategic planning and competitive strategies within an emerging economy context. It involves market analysis to ascertain the vision, mission, segmentation, targeting, and positioning for international markets, aligning closely with the Thinking AI category focused on market analysis and targeting.",0%,0%,100%,0%,0%
Is sustainable lumber a myth? The case of latvian timber industry,French J.J.; Martin M.,2012,,"CASE DESCRIPTION: The primary subject matter for this case involves strategic management, sustainability, international law, and business ethics. Firm positioning as an environmental leader represents a growing strategic trend. Incorporating sustainable business policies is a practice that many stakeholders are demanding. With these concepts in mind, this case is most appropriate for discussion and analysis in undergraduate management, business law, or ethics courses where the topics of leadership, management, ethics, and sustainability are covered. This case is also appropriate for discussion in any courses where the instructor is ready to discuss ethics in international business and society. This case is designed to be taught in approximately one or two class sessions. CASE SYNOPSIS: This case describes the hypothetical management decisions Matt Lelander, a fictional marketing and purchasing manager of a British home improvement store, must make. The principle dilemma revolves around the choice of whether to continue purchasing lumber from the Latvian state owned lumber company. It has come to the attention of the purchasing manager, Matt Lelander that the rate of consumption of Latvian forests appears to be unsustainable. However, Matt realizes that the Latvian state lumber company is certified as a sustainable provider of lumber by the internationally recognized Forest Stewardship Council (FSC). Mr. Lelander is acutely aware that his customers value purchasing lumber from sustainably harvested sources and that they rely on FSC certification when making their purchases. Further, Mr Lelander is presented some legally challenging issues with regards to contract performance and bribery. The case provides detailed background information on the Latvian state owned lumber company, FSC, the current situation of Latvian forests, applicable laws, ethical frameworks, and competitive market considerations. At the end of the narrative the reader is asked to formulate ethically and strategically sound recommendations.",,,scopus-recommendation,0,Thinking AI,"['sustainability', 'ethical frameworks', 'market considerations', 'customer value', 'management decisions']","The abstract discusses strategic management and sustainability in the context of a marketing manager's decisions regarding sourcing lumber. The focus is on analyzing market conditions, ethical implications, and competitive advantages related to sustainability certifications. This aligns with the 'Thinking AI' category, which emphasizes market analysis and strategic targeting based on customer values and preferences.",15%,10%,65%,5%,5%
Does advertising spending influence media coverage of the advertiser?,Rinallo D.; Basuroy S.,2009,10.1509/jmkg.73.6.33,"Recent studies have shown that consumers' product choices are significantly influenced by media coverage and recommendations in various media outlets. Unlike advertising, consumers perceive these sources as neutral and more credible because they usually presume that editorial content and product coverage in newspapers and magazines are independent and free from advertisers' influence. In this article, the authors show how advertising activities of firms may influence media coverage to the firms' advantage. They analyze a recent (2002-2003) large data set comprising 291 fashion companies based in Italy and their advertising and product coverage data published in newspapers and magazines of 123 publishers from Italy, France, Germany, the United Kingdom, and the United States. Controlling for firm heterogeneity, endogeneity, and the simultaneity of advertising and coverage, the authors find that, overall, (1) there is evidence of a strong positive influence of advertising on coverage, (2) publishers that depend more on a specific industry for their advertising revenues are prone to a higher degree of influence from their corporate advertisers than others, (3) peer pressures from competing publishers affect coverage decisions, (4) larger and more innovative companies are at an advantage for obtaining coverage for their products, and (5) the effects of corporate advertising influence exist in both Europe and the United States. These findings raise concerns about the independence of editorial content and coverage of magazines. © 2009, American Marketing Association.",Advertising; Fashion; Magazines; Media coverage; Publicity,,scopus-recommendation,85,Thinking AI,"['media coverage', 'advertising activities', 'product choices', 'influence', 'competitors', 'corporate advertisers', 'market analysis']","The abstract discusses how advertising activities influence media coverage and consumer product choices, highlighting the analytical aspects of marketing strategies and competitive advantages. This aligns closely with the focus on market analysis and targeting found in the Thinking AI category. The analysis of a large dataset to draw insights about advertising influence also fits within the realm of strategic analysis.",0%,0%,100%,0%,0%
The impact of textile products customer retention on the buying decision process,Orzan G.; Geangu I.P.; Gârdan A.D.; Bumbaş F.,2010,,"The study defines the main elements related to consumer behavior, motivations and decision process in the particular case of clothing items. The main characteristics and variables of retention, correlated with the buying decision process, as well as the perception differences between product brands and distributor brands, determining the preference for a certain brand of textile products, brand repurchase, thai willingness to accept a higher price for the favorite brand, product recommendation, propensity for changing the brand were considered Thus, the conclusions of the research were aimed not only at identifying proposals regarding retention techniques characteristic for the post purchase stage - consume satisfaction, but also at identifying important information regarding the population post-consume behavior, in terms of textile products.",Buying decision process; Consumer satisfaction; Marketing; Retention; Retention strategies,Inst. Nat. Cercetare-Dezvoltare Text. Pielarie,scopus-recommendation,0,Feeling AI,"['consumer behavior', 'motivations', 'decision process', 'brand preference', 'repurchase', 'consume satisfaction', 'post-consume behavior']","The abstract focuses on understanding consumer behavior and motivations in the context of clothing items. It emphasizes the emotional aspects of brand preference, willingness to pay, and satisfaction post-purchase, which aligns with the objectives of Feeling AI in understanding and meeting customer emotional needs and wants.",60%,10%,30%,0%,0%
End-user license agreements: A new era of intellectual property control,Langenderfer J.,2009,10.1509/jppm.28.2.202,"This article analyzes the growing use of end-user license agreements in connection with the sale and licensing of patented and copyrighted products. It explores the limits and enforceability of such agreements through the analysis of relevant case law, including the decision in Lexmark v. Static Control Components. The article assesses the public policy implications of broadened enforceability of product licenses and makes recommendations for change. © 2009, American Marketing Association.",Antitrust; End-user license agreements; Lexmark; Patent; Prebate; Product license; Shrink-wrap,American Marketing Association,scopus-recommendation,6,Out of Scope,[],"The abstract discusses the legal aspects of end-user license agreements related to patent and copyright law, which do not directly pertain to marketing applications of AI. The content is focused on legal analysis rather than marketing strategies, customer emotions, or automated processes related to marketing.",0%,0%,0%,100%,0%
