Title,Authors,Year,DOI,Abstract,Keywords,Publisher,Source,Cited,classification,keywords,rationale,Feeling AI,Mechanical AI,Thinking AI,Out of Scope,Not Identified
Anticipating a regrettable purchase: Implications of erroneous affective forecasting for marketing planning,Sevdalis N.; Kokkinaki F.; Harvey N.,2008,10.1108/02634500810879287,"Purpose - The purpose of this paper is to present the concept of consumers' erroneous affective self-forecasts, and discuss the implications of such forecasts for consumer purchasing behaviour and marketing planning. Design/methodology/approach - First, the literature on inaction inertia - the lowering of the likelihood that a bargain will be taken once a better bargain has been missed - is reviewed. Second, the literature on affective self-forecasting is reviewed. Finally, the implications that the authors synthesis of the behavioural evidence carries for marketing are discussed. Findings - The in action inertia literature implicates the regret that consumers associate with purchasing a discounted item once they have missed a much larger discount on it as a major contributing factor to consumers' unwillingness to purchase the item on the second occasion. The literature on affective self-prediction suggests that regret (and other emotions) is systematically mispredicted. Research limitations/implications - The likely effect of erroneously anticipated regret in inaction inertia situations is depressed purchasing behaviour. The paper argues that because affective anticipations are typically erroneous, their impact on consumer decision-making processes cannot be deemed rational. It is proposed that marketing should intervene to either increase the accuracy of such anticipations, or to lead consumers to discount them. Practical implications - Price promotions can have negative side effects, such as those observed in inaction inertia circumstances. To some extent, these are driven by consumers anticipated regret (and possibly other relevant emotions). Marketing techniques can counteract the disproportionate impact of such emotions. Originality/value - The paper offers a synthesis of behavioural evidence on inaction inertia and affective self-forecasting - two quite separate literatures that have yet to be brought together in the present context. In addition, the paper outlines implications for marketing and suggests possible strategies to moderate the discussed effects.",Advertising; Consumer behaviour; Decision making; Pricing; Sales forecasting,,scopus-prediction,1,Feeling AI,"['affective self-forecasts', 'regret', 'emotions', 'consumer decision-making', 'anticipated regret']","The abstract discusses how consumers' emotional responses, particularly feelings of regret and affective self-forecasting, impact their purchasing behavior. The findings indicate that these emotional anticipations can lead to inaction inertia, where consumers are less likely to purchase after missing a better deal. This aligns with the Feeling AI category, which focuses on understanding customer emotions and tailoring marketing strategies to address these emotional needs.",70%,0%,30%,0%,0%
"Instant customer base analysis: Managerial heuristics often ""get it right""",Wübben M.; Wangenheim F.V.,2008,10.1509/jmkg.72.3.82,"Recently, academics have shown interest and enthusiasm in the development and implementation of stochastic customer base analysis models, such as the Pareto/NBD model and the BG/NBD model. Using the information these models provide, customer managers should be able to (1) distinguish active customers from inactive customers, (2) generate transaction forecasts for individual customers and determine future best customers, and (3) predict the purchase volume of the entire customer base. However, there is also a growing frustration among academics insofar as these models have not found their way into wide managerial application. To present arguments in favor of or against the use of these models in practice, the authors compare the quality of these models when applied to managerial decision making with the simple heuristics that firms typically use. The authors find that the simple heuristics perform at least as well as the stochastic models with regard to all managerially relevant areas, except for predictions regarding future purchases at the overall customer base level. The authors conclude that in their current state, stochastic customer base analysis models should be implemented in managerial practice with much care. Furthermore, they identify areas for improvement to make these models managerially more useful. © 2008, American Marketing Association.",Customer base analysis; Customer management; Direct marketing; Heuristics; Relationship marketing,,scopus-prediction,182,Thinking AI,"['stochastic customer base analysis', 'transaction forecasts', 'active customers', 'inactive customers', 'predict purchase volume', 'managerial decision making']","The abstract discusses the implementation and analysis of stochastic customer base models, emphasizing their application in forecasting transactions and predicting customer behavior, which aligns with market analysis and targeting strategies. The focus is on using these models for managerial decision making and understanding customer dynamics rather than emotional aspects or automated processes, classifying it under Thinking AI.",0%,0%,100%,0%,0%
Direct mailing decisions based on the worst and best practice cross-efficiency evaluations,Mahdiloo M.; Noorizadeh A.; Saen R.F.,2013,10.1504/IJBIS.2013.056138,"The problem argued in the literature of direct mailing decisions generally contains three parts: 1) forecasting customers' future purchase/non-purchase responses; 2) evaluating the effectiveness of various strategies for increasing customers purchase responses; 3) prioritising the customers in terms of their values. A significant body of the literature has been dedicated to the first two components, and in particular, to purchase/non-purchase prediction modelling. However, in the current paper, we do not address these two components, but rather we focus on the third component. To this end, data envelopment analysis (DEA) technique and particularly cross-efficiency formulation of the best practice frontier Charnes, Cooper and Rhodes (CCR) (Charnes et al., 1978) (BPF-CCR) is used to determine those customers who should be put on the first priorities of marketing mailing list. In addition, the cross-efficiency formulation of worst practice frontier CCR (WPF-CCR) is developed to exclude the worst customers from mailing list and save the mailing expenses for the best practice ones. Using a numerical example, the application of the proposed model is demonstrated. Copyright © 2013 Inderscience Enterprises Ltd.","Best practice frontier, BPF; Cross-efficiency; Data envelopment analysis; Direct mailing; Worst practice frontier; WPF",Inderscience Publishers,scopus-prediction,2,Thinking AI,"['prioritising customers', 'effectiveness of strategies', 'purchase responses', 'data envelopment analysis', 'cross-efficiency', 'best practice', 'worst practice']","The abstract discusses the evaluation and prioritization of customers based on their value for marketing mailing lists using data envelopment analysis. This aligns with the 'Thinking AI' category, particularly in market analysis and targeting as it aims to maximize the effectiveness of direct mailing strategies based on customer value. The focus is on analytical modeling rather than emotional understanding or automation processes, which are more aligned with the other categories.",0%,0%,100%,0%,0%
Competitive pricing of information: A longitudinal experiment,Christen M.; Sarvary M.,2007,10.1509/jmkr.44.1.42,"Theoretical work on the pricing of information reveals that competition between independent information sellers can result in prices that are negatively related to the quality or reliability of the information. The theory argues that when information products are unreliable (low quality), independent products become complements, and competition can increase prices. The goal of this study is to test empirically the theory's counterintuitive predictions with the help of an experimental market based on a business simulation. Information products are market forecasts that are available from different competing information sellers; information buyers use these products to make repeated marketing decisions. Sellers set prices to maximize their profit, and buyers decide from which sellers to buy to maximize their own profit (through their marketing decisions). Buyers and sellers are assigned to one of two quality conditions: high-quality, reliable information and low-quality, unreliable information. The reliability of information products (forecasts) is exogenously set and must be inferred by both buyers and sellers from historical forecasts about another market. The results from this experimental market fully support the theory. After some experimentation, prices converge to levels that are strikingly different between the two quality conditions: Prices are significantly higher when the information sold is unreliable (low quality). Moreover, with few competing sellers of low-quality information, prices are higher than with a single seller or with a large number of competing sellers. © 2007, American Marketing Association.",,American Marketing Association,scopus-prediction,4,Thinking AI,"['pricing', 'information quality', 'market forecasts', 'competition', 'marketing decisions']","The abstract discusses the pricing dynamics of information products in a competitive market, particularly emphasizing how the quality of information influences pricing strategies. This aligns with the 'Market analysis' focus of Thinking AI, which involves using analytics to understand competitors and price settings. The experimental nature of the study, where buyers and sellers interact in a market simulation to make marketing decisions based on the quality of information, further supports this classification.",0%,0%,100%,0%,0%
Antecedents of Export Venture Performance: A Theoretical Model and Empirical Assessment,Morgan N.A.; Kaleka A.; Katsikeas C.S.,2004,10.1509/jmkg.68.1.90.24028,"Both the size and the rapid growth of global exporting have focused the attention of marketing researchers on the factors associated with firms' export performance. However, knowledge of this increasingly important domain of marketing activity remains limited. To address this knowledge gap, the authors draw on the strategy and marketing literature to develop an integrative theory of the antecedents of export venture performance. The interplay among available resources and capabilities, competitive strategy decisions, and competitive intensity determines export venture positional advantages and performance outcomes in the theoretical model. The authors empirically assess predicted relationships using survey data from 287 export ventures. Results broadly support the theoretical model, indicating that resources and capabilities affect export venture competitive strategy choices and the positional advantages achieved in the export market, which in turn affect export venture performance outcomes. In contrast to structure-conduct-performance theory predictions, the data indicate that the competitive intensity of the export marketplace does not have a direct effect on export venture positional advantages or performance. However, competitive intensity moderates the relationship between export venture competitive strategy choices and the positional advantages realized.",,American Marketing Association,scopus-prediction,668,Thinking AI,"['export performance', 'competitive strategy', 'positional advantages', 'marketplace', 'resources and capabilities']","The abstract discusses factors impacting firms' export performance, emphasizing the integration of resources, capabilities, and competitive strategies. It aligns with the Thinking AI category focused on market analysis and competitive advantages, as the authors develop a theoretical model that assesses the interplay of these factors and their influence on export performance outcomes. The mention of competitive strategy choices and their effects on positional advantages further supports this classification.",0%,0%,100%,0%,0%
The fallout from French nuclear testing in the South Pacific: A longitudinal study of consumer boycotts,Ettenson R.; Klein J.G.,2005,10.1108/02651330510593278,"Purpose - The frequency and sophistication of consumer boycotts continue to increase from already high levels. Surprisingly, only limited research in marketing has investigated this topic. The purpose of this paper is to provide a strategic analysis of an actual consumer protest with implications for better managerial decisions. Design/methodology/approach - The animosity model of consumer purchase behavior was employed in two longitudinal studies to investigate an ongoing marketplace protest - Australian consumers' boycott of French products. Study 1 was carried out while France was engaged in nuclear testing in the South Pacific. Study 2 was carried out 1 year after the resolution of the conflict. Findings - Results from Study 1 show that Australian consumers' animosity toward France was negatively related to their willingness to purchase French products. Consistent with a key prediction from the animosity model, this effect was independent of evaluations of French product quality. The findings from Study 2 show that, a year after the cessation of nuclear testing, Australian consumers continue to have strong negative affect toward France, which in turn, had negative marketplace consequences for French products. Originality/value - While the results from Study 1 show that consumer anger over nuclear testing did not necessarily lead to the denigration of the quality of French goods, the second study indicates that, beyond the duration of the official protest, there may be repercussions for products associated with the offending party. Accordingly, managers should consider implementing communications programs which, over time, effectively reinforce the quality of their products in the minds of protesting consumers. © Emerald Group Publishing Limited.",Brands; Consumer behaviour; International business,,scopus-prediction,239,Feeling AI,"['animosity', 'consumer protest', 'negative affect', 'emotional data', 'managerial decisions']","The abstract discusses consumer boycotts driven by emotional responses such as animosity and negative affect towards a country due to its actions. The findings emphasize the importance of understanding customer emotions and their impact on purchasing behavior, which aligns closely with the focus on customer understanding and emotional needs in the Feeling AI category.",70%,10%,20%,0%,0%
"What influences prescriptions by physicians? A study of subjective norm, perceived behavioural control and volition",Van Der Geer L.; Kangis P.,2000,10.1057/palgrave.jmm.5040008,"Understanding how medical practitioners reach a decision on what to prescribe has been one of the more interesting areas of research for some time. Yet the accessible literature in this area is rather limited. Of particular interest is the assessment of the extent to which behaviour is entirely volitional and thus completely under the physician's control. This would determine the extent to which external stimuli, such as communications from the pharmaceutical industry and the media, have any influence or not. On the basis of a small-scale study with 38 physicians in Greece, the importance of isolating normative beliefs and the motivation to comply has been identified as a key factor to understanding the decision process for prescriptions. The evidence shows that prediction of intended prescription behaviour increases significantly when behavioural control is added to the measurements of attitude and subjective norm. In circumstances of high behavioural control, the theory of planned behaviour seems to collapse in favour of the theory of reasoned action. © 2000, SAGE Publications. All rights reserved.",expectancy-value models; marketing of pharmaceuticals; medical decision making; prescription of medicines,,scopus-prediction,3,Out of Scope,"['medical practitioners', 'prescription', 'pharmaceutical industry', 'decision process']","The abstract discusses the decision-making process of medical practitioners regarding prescriptions and the influence of external stimuli like the pharmaceutical industry and media. This falls under healthcare and medical research, which is not related to marketing applications of AI.",0%,0%,0%,100%,0%
An easily implemented framework for forecasting ticket sales to performing arts events,Putler D.S.; Lele S.,2003,10.1023/B:MARK.0000012474.56171.e9,"This paper presents an easily used framework for modeling ticket sales to performing arts and entertainment events. Unlike existing efforts in this area, our framework allows us to: (1) model demand for events that consist of more than a single performance; (2) account for the influence of promotional effort on ticket sales; and (3) account for ""sellouts"" of some performances. The framework is applied to ticket sales for a university theater company, where it predicts ticket sales well in both an estimation and holdout sample. We discuss how the framework has influenced the company's marketing decisions.",Arts and entertainment marketing; Demand modeling; Prediction,,scopus-prediction,12,Thinking AI,"['modeling demand', 'promotional effort', 'ticket sales', 'marketing decisions']","The abstract discusses a framework for modeling ticket sales, which involves analyzing demand and the influence of promotions. This aligns with the focus on market analysis and targeting within the Thinking AI category, as it aims to understand and predict ticket sales effectively. The framework's application to marketing decisions further supports its classification in this category.",0%,0%,100%,0%,0%
Supermarket pricing strategies,Ellickson P.B.; Misra S.,2008,10.1287/mksc.1080.0398,"Most supermarket firms choose to position themselves by offering either everyday low prices (EDLP) across several items or offering temporary price reductions (promotions) on a limited range of items. While this choice has been addressed from a theoretical perspective in both the marketing and economic literature, relatively little is known about how these decisions are made in practice, especially within a competitive environment. This paper exploits a unique store level data set consisting of every supermarket operating in the United States in 1998. For each of these stores, we observe the pricing strategy the firm has chosen to follow, as reported by the firm itself. Using a system of simultaneous discrete choice models, we estimate each store's choice of pricing strategy as a static discrete game of incomplete information. In contrast to the predictions of the theoretical literature, we find strong evidence that firms cluster by strategy by choosing actions that agree with those of its rivals. We also find a significant impact of various demographic and store/chain characteristics, providing some qualified support for several specific predictions from marketing theory. © 2008 INFORMS.",Discrete games; EDLP; Positioning strategies; Promotional pricing; Supermarkets,INFORMS Inst.for Operations Res.and the Management Sciences,scopus-prediction,130,Thinking AI,"['pricing strategy', 'competitive environment', 'market analysis', 'demographic characteristics', 'store characteristics']","The abstract discusses how supermarket firms choose their pricing strategies in a competitive environment, utilizing a unique dataset and estimating store choices as a static discrete game. This aligns with the focus on market analysis and identifying competitive advantages found in the Thinking AI category. The mention of demographic and store characteristics further supports the strategic analysis aspect.",0%,0%,100%,0%,0%
Consumer cultural influence model: A proposal based on social axioms; [Modelo de influência cultural no consumo: Uma proposta baseada em axiomas sociais],Alfinito S.; Torres C.V.,2012,10.1590/S1678-69712012000500002,"Few are the efforts in Brazil directed towards the investigation of the relationship between consumers’ behaviors, values, and social beliefs (i.e, axioms), although there is evidence that in the country, consumer values also explain part of the consumption decision process, enhancing the cultural validity of the Two Route Model (TRM). This study’s objective was to evaluate the influence of cultural aspects in the buying decision, going beyond the TRM, and proposing the Consumer Cultural Influence Model (CCIM), which analyses the consumer choice based not only on values, but also on the social axioms construct, as proposed by Leung et al. (2002). To test the CCIM, the Brazilian higher education market was chose as study object. Participated in the study 2,483 students from the entire country, with an average age of 22.6 years old (SD = 6.9) and 59.2% of them female. They completed an importance of tangible attributes measure, the Schwartz Values Scale (SCHWARTZ, 1994), the Social Axioms Scale, the Services Meaning and Judgment Scale, and demographics questions. After checking whether the assumptions were met, and Factor Analyses procedures, binary logistic regressions, among direct and sequential, were accomplished using only values, only axioms, and finally, values and axioms as criteria variables. In general, results show the stability of the CCIM, its superiority towards the TRM, with an increase in prediction of up to 89.5%. Whilst values are transituational and prescriptive, axioms are descriptive, accomplishing instrumental functions of attitudes related to objects description. Cognitively, the description of a social object is more available to the person than its prediction, due to the proximity of the attributes to the object, allowing a better explanation of the consumer behavior. Results have implications to a more effective marketing positioning, as the survival in the market also depends on subjective aspects, such as those included in the CCIM. © 2012 Mackenzie Presbyterian University. All rights reserved.",Attributes; Consumer choice; Consumer cultural influence model; Human values; Social axioms,Mackenzie Presbyterian University,scopus-prediction,5,Feeling AI,"['consumer behavior', 'values', 'social beliefs', 'cultural aspects', 'marketing positioning', 'subjective aspects']","The abstract discusses the influence of cultural aspects, consumer values, and social beliefs on consumer behavior and decision-making processes. The development of the Consumer Cultural Influence Model (CCIM) aims to enhance understanding of consumer needs and wants, which aligns with the focus on customer understanding and positioning, making it a clear fit for the Feeling AI category. The implications for effective marketing positioning also highlight the relational aspect of marketing.",70%,10%,20%,0%,0%
"The perceived effectiveness of persuasive messages: Questions of structure, referent, and bias",Dillard J.P.; Ye S.,2008,10.1080/10810730701854060,"To gain a sense of the persuasive efficacy of a message prior to implementation of a campaign, researchers often gather judgments of perceived effectiveness (PE). At present, they do so without much knowledge of the conceptual meaning or empirical properties of PE. In the spirit of construct explication, we report a study intended to address a series of questions about PE. Using student (N = 155) and community samples (N = 100), we found the following: (a) PE is a two-dimensional judgment involving global evaluations of message impact and specific judgments of message attributes, but it may be reducible to a single second-order factor, (b) most individuals reported using more than one referent (i.e., person or group) when making PE judgments, but the choice of referents varies by message and judge, and (c) judgments of PE are biased upward as a function of the number of referents chosen. Suggestions are offered for enhancing the validity of PE judgments in formative campaign research. Copyright © Taylor & Francis Group, LLC.",,,scopus-prediction,54,Thinking AI,"['persuasive efficacy', 'perceived effectiveness', 'message impact', 'judgments', 'evaluations']","The abstract discusses the study of perceived effectiveness (PE) in marketing messages, which involves analyzing how individuals evaluate the impact and attributes of these messages. This aligns with the focus on market analysis and targeting in the Thinking AI category, as it addresses how judgments can be influenced by different referents and the overall effectiveness of a marketing message. The emphasis on understanding the dimensions of PE and its implications for campaign research further supports this classification.",10%,0%,90%,0%,0%
The truth is out there! How external validity can lead to better marketing decisions,Rogers G.; Soopramanien D.,2009,10.2501/S1470785309200402,"Marketing managers typically have to use and integrate many pieces of data and marketing intelligence when taking decisions such as whether to launch a product and, if so, at what price. Conjoint experiments and analysis remain popular marketing research tools with business practitioners to test and measure how the market will react to different actions. There is a growing body of work that focuses on, first, how to construct the experiments so that they better represent real market conditions and, second, the use of sophisticated model specifications that provide information on consumers' responses. The market researcher typically uses internal validation for model validity - a comparison of model prediction and within-sample holdout data. We contend in this paper that customers and users of market research information need to adopt a different and wider meaning of validity, referred to as external validity, to facilitate improved decision making. In this research, a case study is used as an example to demonstrate how marketing managers can use the information from a choice-based conjoint derived choice model differently depending on the manner in which the model validation is carried out. © 2009 The Market Research Society.",,Market Research Society,scopus-prediction,3,Thinking AI,"['conjoint experiments', 'model validation', 'market conditions', 'consumer responses', 'decision making']","The abstract discusses the use of conjoint experiments and models to analyze market responses and improve decision-making processes in marketing. This aligns with the Thinking AI category, which focuses on market analysis and strategic decision-making based on data. The emphasis on model validation and understanding consumer responses supports this classification.",0%,0%,100%,0%,0%
Measuring the influence of individual preference structures in group decision making,Arora N.; Allenby G.M.,1999,10.2307/3152001,"Group purchase decisions are affected by the preference structures of individual members and the influence they have in the group. In this article, the authors develop a hierarchical Bayes model of group decision making that yields individual estimates of influence at the product attribute level. The authors show that the distribution of these estimates provides useful information for effectively managing marketing activities. In addition, the proposed model relates the measures of influence to covariates useful for identifying high-influence individuals. Predictive tests demonstrate that the proposed model, using an ""inferred"" measure of influence, leads to more accurate predictions than alternative measures.",,American Marketing Association,scopus-prediction,83,Thinking AI,"['group purchase decisions', 'influence', 'individual estimates', 'product attribute level', 'marketing activities', 'high-influence individuals', 'predictive tests']","The abstract discusses a hierarchical Bayes model that analyzes group decision-making, focusing on individual influence in marketing contexts. This aligns with the Thinking AI category, which emphasizes market analysis, targeting, and the use of predictive models to enhance marketing effectiveness. The mention of identifying high-influence individuals and improving predictive accuracy directly relates to strategic analysis and targeting within marketing.",5%,10%,85%,0%,0%
Performance-measurement system design and functional strategic decision influence: The role of performance-measure properties,Artz M.; Homburg C.; Rajab T.,2012,10.1016/j.aos.2012.07.001,"Although conceptual research in the accounting literature suggests that the use of performance-measurement systems affects the influence of organizational actors, empirical evidence for this suggestion is largely limited to anecdotal evidence and a few qualitative case studies. Drawing on institutional theory, we develop predictions that link the use of performance measures to the influence of functional subunits in strategic decision making. Our research model tests the effects of two types of performance-measure use on functional strategic decision influence: (1) decision-facilitating use and (2) use for accountability. Moreover, we propose that the effects of using performance measures for these two purposes depend on the reliability and functional specificity of the measures the functional subunits use. We empirically test our hypotheses and a research question with survey data from 192 marketing directors of German firms. We find that the effect of performance-measure use on functional strategic decision influence depends on the two properties of the performance measures. We find no significant effects when these properties are not considered. However, decision-facilitating use of performance measures has a positive effect on functional strategic decision influence when the measures are specific to the functional subunit. With respect to the use of performance measures for accountability we find countervailing effects, as the effect on functional strategic decision influence is positive when the measures are more reliable but negative when they are more specific to the functional subunit. We discuss these findings in light of existing evidence and theory. © 2012 Elsevier Ltd.",,,scopus-prediction,54,Thinking AI,"['performance-measurement systems', 'strategic decision making', 'decision-facilitating use', 'accountability', 'functional strategic decision influence', 'market analysis']","The abstract discusses the impact of performance measurement systems on strategic decision-making within organizations, specifically focusing on how these measures influence functional subunits. This aligns closely with the 'Thinking AI' category, which emphasizes market analysis and decision-making processes. The research conducted aims to understand competitive advantages and the effects of different types of performance measure use, indicating a strategic analysis of marketing decisions.",0%,0%,100%,0%,0%
Not complacent but scared: another look at the causes of strategic inertia among successful firms from a regulatory focus perspective,Rusetski A.; Lim L.K.S.,2011,10.1080/0965254X.2011.557743,"While complacency is the most commonly offered explanation for the lack of strategic change among successful firms, research in management psychology suggests otherwise. Based on regulatory focus theory, we propose that competitive success prompts an increased sense of responsibility in managers, causing them to assume a defensive attitude and to concentrate on preserving the status quo instead of becoming complacent. Data collected from the Markstrat simulation support our predictions. The findings imply that efforts to encourage strategic change by pressurizing managers will backfire, because they will aggravate managers' defensive attitude. Instead, firms should loosen the pressure on managers and allow them to experiment with innovative strategies. © 2011 Copyright Taylor and Francis Group, LLC.",decision making; marketing strategy; Markstrat; regulatory focus; strategic inertia,,scopus-prediction,6,Thinking AI,"['strategic change', 'competitive success', 'defensive attitude', 'status quo', 'managerial responsibility', 'innovation']","The abstract discusses the impact of competitive success on managerial attitudes and the implications for strategic change within firms. This aligns with the focus of Thinking AI on market analysis and targeting, as it emphasizes understanding competitive dynamics and the need for strategic adjustments. The findings suggest that pressure on managers could inhibit necessary strategic changes, which relates to analytical thinking in marketing strategies.",0%,0%,100%,0%,0%
Compatibility effects in evaluations of satisfaction and loyalty,Auh S.; Johnson M.D.,2005,10.1016/j.joep.2003.10.002,"The goal of this research is to help understand the difference between satisfaction and loyalty based on the nature of the judgment tasks involved. By drawing on the notion of the prediction- decision inconsistency, we posit satisfaction as a consumption/experience utility and loyalty as a decision utility to explain the missing link between satisfaction and loyalty. An important assumption that may be driving the prediction-decision inconsistency, but has not been addressed, is the different criteria that consumers use in arriving at the two different types of utilities. The authors argue that this difference affects the compatibility, and resulting influence, of quality versus price information on satisfaction and loyalty evaluations. An empirical study of 183 firms using data from the American Customer Satisfaction Index is reported which supports the proposed compatibility effects. Implications for marketing theory and practice are discussed. © 2003 Elsevier B.V. All rights reserved.",Compatibility effects; Customer satisfaction; Loyalty,,scopus-prediction,79,Feeling AI,"['satisfaction', 'loyalty', 'consumer judgment', 'quality', 'price', 'emotional preferences']","The abstract discusses the distinction between consumer satisfaction and loyalty, emphasizing emotional and experiential aspects of consumer judgment. It highlights how these judgments are influenced by different criteria, particularly the impact of quality versus price on satisfaction and loyalty evaluations. This aligns closely with the 'Feeling AI' category, which focuses on understanding customer emotions and tailoring strategies accordingly.",70%,10%,20%,0%,0%
"Investment, capital structure, and complementarities between debt and new equity",Stenbacka R.; Tombak M.,2002,10.1287/mnsc.48.2.257.260,"We study simultaneous investment and financing decisions made by incumbent owners in the presence of capital market imperfections. We present a theory for how the optimal combination of debt and equity financing depends on the firm's internal funds. We identify complementarities between the two financial instruments. We test these predictions empirically with panel data on 3,119 corporations in the COMPUSTAT database. Our estimates using instrumental variable techniques support our theoretical predictions regarding the link between internal funds and capital investments, as well as the interaction effects between debt and new equity. We explore implications for managers, financiers, and policy makers.",Capital Structure; Complementarities; Financial Constraints; Investments,INFORMS Inst.for Operations Res.and the Management Sciences,scopus-prediction,15,Out of Scope,"['investment', 'financing decisions', 'capital market imperfections', 'debt', 'equity financing', 'internal funds', 'panel data', 'corporations']","The abstract discusses investment and financing decisions made by corporations, focusing on capital market imperfections and the relationship between debt and equity financing. This topic relates primarily to financial decision-making rather than marketing applications. Therefore, it does not fit within the defined marketing-related categories.",0%,0%,0%,100%,0%
Managerial risk perceptions of international entry-mode strategies: The interaction effect of control and capability,Forlani D.; Parthasarathy M.; Keaveney S.M.,2008,10.1108/02651330810877225,"Purpose - The primary purpose of this paper is to investigate how opportunity for control and firm capability interact to moderate the amount of risk that managers associate with various international entry-mode strategies. A secondary goal is to investigate how managers perceive the need to retain control over three core functional areas (marketing, production, and R&D) when making entry-mode decisions. Design/methodology/approach - A field experiment design was implemented in a sample of US business owner/executives. Using an online data collection method, the study asked a sample of small-business owners and managers to assess the amount of risk they associated with three modes of entering the Japanese market: non-ownership (export), equal partnership (50/50 joint-venture), and sole-ownership. They were also asked how much control they needed to retain over R&D, production, and marketing for the venture to be successful. Findings - Ownership-provided control interacts with capability to influence managerial risk perceptions. Managers in lower-capability firms see the least risk in the non-ownership entry mode while those in higher-capability firms see the least risk in the equal-partnership entry mode. Managers believe that for a new venture in a foreign market to be successful, control should be retained over the R&D function, regardless of entry mode. Research limitations/implications - The findings appear to reconcile some of the conflicting predictions of the transaction cost and resource-based theoretical perspectives, because it appears that international managers consider both control (internationalization theory) and capability (resource-based theory) when judging the perceived risk of an entry strategy. Practical implications - For firms that are incapable of managing in an international context, a low-control no-ownership entry mode is perceived as the least risky approach; for firms that have some capability for international management, then a partial-ownership mode such as a 50/50 joint-venture is perceived as having lower risk than no-ownership. In non-ownership and joint-venture type entry modes, managers are more apt to outsource the marketing function to an agent/partner, but not R&D. In contrast, managers believe that marketing needs to be maintained in-house when utilizing a sole-ownership entry mode. Originality/value - By illustrating the role of perceived risk in foreign-market entry-mode decisions and demonstrating how capabilities interact with ownership-provided control to moderate these perceptions, the paper's findings suggest that managers' risk perceptions may mediate the effects of firm-specific factors, and thus contributes significantly to both theory and practice. © Emerald Group Publishing Limited.",Japan; Market entry; Marketing decision making; Overseas trade; Risk management; Small enterprises,,scopus-prediction,43,Thinking AI,"['risk perceptions', 'international entry-mode strategies', 'managerial risk', 'control', 'firm capability']","The abstract discusses how managers perceive risk in relation to different international entry-mode strategies and how their capabilities influence these perceptions. The focus on managerial decision-making and strategy aligns with market analysis and targeting, which are key aspects of Thinking AI. The findings reconcile theoretical perspectives related to internationalization and resources, highlighting strategic decision-making processes.",0%,0%,100%,0%,0%
Giving the Expectancy-Value Model a Heart,Henning V.; Hennig-Thurau T.; Feiereisen S.,2012,10.1002/mar.20562,"Over the past decade, research in consumer behavior has debated the role of emotion in consumer decision making intensively but has offered few attempts to integrate emotion-related findings with established theoretical frameworks. This manuscript augments the classical expectancy-value model of attitude with a dimensional model of emotion. An experiment involving 308 college students who face actual purchase decisions shows that predictions of attitudes, behavioral intentions, and actual behavior can be improved through the use of the augmented model for both hedonic and utilitarian products. The augmented model has theoretical implications for marketing scholars as well as practical uses for marketers. © 2012 Wiley Periodicals, Inc.",,,scopus-prediction,23,Feeling AI,"['emotion', 'consumer behavior', 'purchase decisions', 'attitudes', 'behavioral intentions']","The abstract discusses the integration of emotional aspects with consumer decision-making, particularly focusing on how emotions influence attitudes and intentions in purchasing. This aligns closely with the Feeling AI category, which emphasizes understanding customer emotional needs and tailoring marketing strategies accordingly. The research also implies a need for marketers to consider emotional dimensions when developing positioning strategies.",70%,0%,30%,0%,0%
The role of public policies in reducing smoking and deaths caused by smoking in Vietnam: Results from the Vietnam tobacco policy simulation model,Levy D.T.; Bales S.; Lam N.T.; Nikolayev L.,2006,10.1016/j.socscimed.2005.08.043,"A simulation model is developed for Vietnam to project smoking prevalence and associated premature mortality. The model examines independently and as a package the effects of five types of tobacco control policies: tax increases, clean air laws, mass media campaigns, advertising bans, and youth access policies. Predictions suggest that the largest reductions in smoking rates will result from implementing a comprehensive tobacco control policy package. Significant inroads may be achieved through tax increases. A media campaign along with programs to publicize and enforce clean air laws, advertising bans and youth access laws would further reduce smoking rates. Tobacco control policies have the potential to make large dents in smoking rates, which in turn could lead to many lives saved. In the absence of these measures, deaths from smoking will increase. The model also helps to identify information gaps pertinent both to modeling and policymaking. © 2005 Elsevier Ltd. All rights reserved.",Cigarette smoking; Simulation model; Tobacco control policy; Vietnam,,scopus-prediction,46,Out of Scope,"['tobacco control policies', 'smoking prevalence', 'premature mortality', 'public health', 'tax increases', 'clean air laws', 'mass media campaigns']","The abstract focuses on a simulation model for tobacco control policies in Vietnam, addressing smoking prevalence and public health rather than any marketing-specific applications. The content is primarily related to health policy and does not involve marketing strategies or customer engagement, placing it outside the scope of the provided categories.",0%,0%,0%,100%,0%
Networked individuals predict a community wide outcome from their local information,Chesney T.,2014,10.1016/j.dss.2013.07.006,"The term 'viral' is used to describe a phenomenon that tends to be shared by those who encounter it. This paper considers the act of responding positively to a phenomenon by sharing it with others, something exemplified by the online social media acts of choosing to 'like' on Facebook, 'retweet' on Twitter, or by a similar mechanism on websites such as LinkedIn, Flickr or Pinterest. Using a threshold model of influence, simulations are run on four network structures where a critical mass chooses to share a phenomenon that eventually either goes viral or does not. The data collected are examined to determine whether an individual node can make an accurate prediction about the state of the entire network just from information on the behavior of their neighbors. The intention is to study what it is in terms of network structure that makes an individual good at sensing the zeitgeist, or 'spirit of the age'. Findings show that those best placed to predict are 'important' as measured by network centrality, and members of numerous communities. The characteristics of the critical mass are important in determining the spread of a phenomenon and it is possible for an individual node to predict an outcome as well as an observer who has access to the state of every node in the network. Potential applications might be found in monitoring the success of marketing campaigns, or in organizations wishing to keep abreast of current trends in a situation where data on network structure is available but data on the activity of network members is limited. © 2013 Elsevier B.V.",Consensus decision; Simulation; Social network; Viral marketing,,scopus-prediction,12,Thinking AI,"['viral', 'network structure', 'critical mass', 'predict', 'simulation', 'market analysis', 'trends', 'marketing campaigns']","The abstract discusses the behavior of individuals in a network and how they can predict the spread of a phenomenon, indicating a focus on analyzing market dynamics and trends. The reference to simulations and network structures aligns well with market analysis and understanding competitive advantages in marketing contexts.",10%,10%,80%,0%,0%
A regime-switching model of cyclical category buying,Park S.; Gupta S.,2011,10.1287/mksc.1110.0643,"In many categories consumers display cyclical buying: they repeatedly purchase in the category for several periods, followed by several periods of not buying. We believe that the cyclicality is a manifestation of crosscategory substitution by the consumer, caused by ""variety-seeking"" tendencies as well as by the firm's marketing activities in all relevant categories. We propose a Markov regime-switching random coefficient logit model to represent these behaviors as stochastic switching between high and low category purchase tendencies. The main feature of the proposed model is that it divides the stream of purchase decisions of a consumer into distinct regimes with different parameter values that characterize high versus low purchase tendencies. In an empirical application of the model to purchases of yogurt-buying households, we find that as many as 38.3% households display cyclicality between high and low yogurt-purchasing tendencies. Predictions from our proposed model track observed yogurt purchases of households over time closely, and the model also fits better than two benchmark models. Alternating between high and low purchase tendencies may correspond with changing levels of consumer inventory in a substitute category. If one ignores this phenomenon, a correlation between yogurt inventory and the error term in utility arises, leading to biased estimates. Also, we show that cyclicality in buying has a key implication for a firm's price promotion strategies: a price reduction that is offered to a household during its high purchasing tendency period will result in greater increases in sales than one that is offered during its low purchasing period. This opens up a new dimension for enhancing the effectiveness of promotions-customized timing of price reductions. © 2011 INFORMS.",Brand choice; Endogeneity; Heterogeneity; Logit model; Random coefficients; Scanner data; Simulated maximum likelihood,,scopus-prediction,17,Thinking AI,"['cyclical buying', 'variety-seeking', 'cross-category substitution', 'price promotion strategies', 'purchase tendencies', 'market analysis']","The abstract discusses consumer buying behavior, particularly cyclicality in purchases and how it relates to marketing strategies such as price promotions. This aligns closely with the Thinking AI category, which focuses on market analysis and targeting, particularly in understanding consumer behavior to optimize marketing efforts. The mention of using a Markov regime-switching model to analyze purchase tendencies indicates a strategic analytical approach to market dynamics.",0%,15%,85%,0%,0%
An empirical examination of the decision to invest in fulfillment capabilities: A study of internet retailers,Randall T.; Netessine S.; Rudi N.,2006,10.1287/mnsc.1050.0493,"Internet technology has allowed for a higher degree of decoupling between the information-intensive sales process and the physical process of inventory management than its brick-and-mortar counterpart. As a result, some Internet retailers choose to outsource inventory and back-end operations to focus on the sales/marketing aspects of e-commerce. Nonetheless, many retailers keep fulfillment capabilities in-house. In this paper, we identify and empirically test factors that persuade firms to integrate inventory and fulfillment capabilities with virtual storefronts. Based on the extant literature and previous research in e-commerce, we formulate nine theoretical predictions. We then use data from a sample of over 50 public Internet retailers to test whether empirical data are consistent with these hypotheses. Finally, given the strategic importance and financial magnitude of the inventory investment decision, we analyze the effect of this decision on the economic success of Internet retailers during the period of study. We find that there are many circumstances in which it is prudent to own fulfillment capabilities and inventory. Empirical data are consistent with hypotheses that this tendency is higher for older firms selling small, high-margin products, offering lower levels of product variety, and facing lower demand uncertainty. We also discover that firms making inventory ownership decisions that are consistent with an empirical benchmark derived from environmental and strategic factors are less likely to go bankrupt than those making inconsistent inventory choices. © 2006 INFORMS.",Bankruptcy; Econometrics; Electronic commerce; Fulfillment; Hazard model; Internet; Retailing; Supply chain management,,scopus-prediction,92,Thinking AI,"['inventory management', 'fulfillment capabilities', 'economic success', 'strategic importance', 'competitive advantages']","The abstract discusses how Internet retailers make decisions regarding inventory and fulfillment capabilities, which is a strategic analysis of market behavior and operational efficiency. It emphasizes the empirical testing of hypotheses related to inventory ownership and its impact on financial success, aligning with the market analysis focus in the Thinking AI category. The findings also relate to competitive advantages based on firm characteristics, further supporting the classification.",0%,0%,100%,0%,0%
A nonparametric approach to modeling choice with limited data,Farias V.F.; Jagabathula S.; Shah D.,2013,10.1287/mnsc.1120.1610,"Choice models today are ubiquitous across a range of applications in operations and marketing. Real-world implementations of many of these models face the formidable stumbling block of simply identifying the ""right"" model of choice to use. Because models of choice are inherently high-dimensional objects, the typical approach to dealing with this problem is positing, a priori, a parametric model that one believes adequately captures choice behavior. This approach can be substantially suboptimal in scenarios where one cares about using the choice model learned to make fine-grained predictions; one must contend with the risks of mis-specification and overfitting/underfitting. Thus motivated, we visit the following problem: For a ""generic"" model of consumer choice (namely, distributions over preference lists) and a limited amount of data on how consumers actually make decisions (such as marginal information about these distributions), how may one predict revenues from offering a particular assortment of choices? An outcome of our investigation is a nonparametric approach in which the data automatically select the right choice model for revenue predictions. The approach is practical. Using a data set consisting of automobile sales transaction data from a major U.S. automaker, our method demonstrates a 20% improvement in prediction accuracy over state-of-the-art benchmark models; this improvement can translate into a 10% increase in revenues from optimizing the offer set. We also address a number of theoretical issues, among them a qualitative examination of the choice models implicitly learned by the approach. We believe that this paper takes a step toward ""automating"" the crucial task of choice model selection. © 2013 INFORMS.",Choice models; Marketing mix; Nonparametric choice; Preference list; Revenue prediction; Utility preference,,scopus-prediction,168,Mechanical AI,"['choice models', 'predictions', 'data', 'revenue', 'automating', 'model selection']","The abstract discusses a nonparametric approach to selecting choice models that can predict revenues based on consumer choices and data. This aligns with the Mechanical AI category, which focuses on automating processes and data collection to optimize marketing strategies. The emphasis on automating the choice model selection indicates a strong connection to the mechanical aspect of AI applications in marketing.",0%,80%,20%,0%,0%
Brain Whisperers: Cutting through the Clutter with Neuromarketing,Andrejevic M.,2012,10.3366/soma.2012.0057,"The development of the field of neuromarketing piggybacks on growing interest in the neurosciences associated with the development of new brain imaging technology and recent theorizations of the role played by emotion in consumer decision making. Neuromarketers assert that people's bodies are, for marketing purposes, more truthful than the words they utter, promising direct access to formerly concealed aspects of consumer desire. This article situates the promise to bypass the vagaries of discourse with techniques for reading the body within the broader context of a changing information environment and the forms of reflexive awareness of the partial and constructed character of narrative forms of representation. It explores the uptake by neuromarketers of recent theories that posit emotional responses as integral to the process of rational decision making. This uptake repositions marketers as adjuncts to rational deliberation rather than threats to it and the forms of autonomy and citizenship with which it is associated. However, the article argues that neuromarketers’ claims to bypass mediation and the impasses of representation break down upon further examination. In the end, an examination of the recent literature on the topic indicates that neuromarketers – like data miners – are more interested in potentially useful correlations than in underlying explanations. Their portrayal of neuromarketing as a technique for accessing what consumers’ ‘really’ feel amounts to a misreading of their own project, which might be more properly understood as the development of techniques for making probabilistic predictions about the behaviour of populations. © 2012, Edinburgh University Press. All rights reserved.",Body language; Decision making; Digital media; Emotions; Neuromarketing,Edinburgh University Press,scopus-prediction,17,Feeling AI,"['emotion', 'consumer decision making', 'consumer desire', 'emotional responses', 'understanding', 'customer needs']","The abstract discusses the role of emotion in consumer decision-making and how neuromarketing seeks to understand consumers' true feelings and desires through body readings. This aligns closely with the 'Feeling AI' category, which focuses on customer understanding and emotional data to meet customer needs. The exploration of emotional responses indicates that the article is primarily concerned with understanding and addressing consumer emotions.",80%,10%,10%,0%,0%
Predicting purchasing behavior on business‐to‐business markets,Söderlund M.; Vilgon M.; Gunnarsson J.,2001,10.1108/03090560110363409,"Measures of customers’ repurchase intentions have become common in marketing research, particularly since long‐term relations with customers are stressed as an important goal. This study, however, illustrates that repurchase intentions may be a poor predictor of future behavior on industrial markets, and that past behavior may be a far better predictor. The results imply that caution is warranted when intention measures are used in predictions of purchasing behavior in situations in which decision‐making is constrained by organizational and inter‐organizational factors. © 2001, MCB UP Limited.",Business‐to‐business marketing; Channel relationships; Consumer behaviour; Purchasing techniques,Emerald Publishing,scopus-prediction,18,Thinking AI,"['repurchase intentions', 'future behavior', 'past behavior', 'predictor', 'purchasing behavior', 'decision-making', 'organizational factors']","The abstract discusses the predictive power of repurchase intentions versus past behavior in industrial markets. This relates closely to market analysis and the evaluation of purchasing behavior, which is a key aspect of Thinking AI. The focus on how decision-making is influenced by organizational factors further emphasizes the analytical nature of the content rather than emotional or mechanical aspects.",0%,0%,100%,0%,0%
"The interplay among category characteristics, customer characteristics, and customer activities on in-store decision making",Inman J.J.; Winer R.S.; Ferraro R.,2009,10.1509/jmkg.73.5.19,"The authors explore product category and customer characteristics that affect consumers' likelihood of engaging In unplanned purchases. In addition, they examine consumer activities that can exacerbate or limit these effects. The authors employ a hierarchical modeling approach to test their hypotheses using a data set of in-store intercept interviews conducted with 2300 consumers across 28 stores. The results show that category characteristics, such as purchase frequency and displays, and customer characteristics, such as household size and gender, affect in-store decision making. Moreover, although the analysis reveals that the baseline probability of an unplanned purchase is 46%, the contextual factors can drive this probability as high as 93%. The results support the predictions that list use, more frequent trips, limiting the aisles visited, limiting time spent in the store, and paying by cash are effective strategies for decreasing the likelihood of making unplanned purchases. © 2009, American Marketing Association.",First moment of truth; In-store decision making; Shopper insights; Shopper marketing; Unplanned purchases,,scopus-prediction,358,Thinking AI,"['customer characteristics', 'unplanned purchases', 'decision making', 'market analysis', 'contextual factors', 'strategies']","The abstract discusses how various product and customer characteristics influence consumer behavior, particularly regarding unplanned purchases. This involves analyzing market data and consumer behavior, which aligns with the focus on market analysis and targeting in Thinking AI. The study utilizes statistical modeling to understand and predict consumer actions, which is indicative of analytical approaches used in marketing.",0%,0%,100%,0%,0%
"Developing, exploring, and validating a typology of private philanthropic decision making",Supphellen M.; Nelson M.R.,2001,10.1016/S0167-4870(01)00056-3,"Previous research on charitable giving has devoted little attention to the fundamental question of how consumers actually respond to charitable donation requests via direct mail. Specifically, researchers have relied on the untested assumption that consumers engage in fairly extensive evaluations of requests. The present research challenges this assumption. By means of a simple scenario-technique, cognitive and behavioural responses to donation requests were first elicited from a sample of 90 consumers. A qualitative constant comparative analysis of responses resulted in the discovery of three different donor categories with different styles of decision-making: analysts (ANA), relationists (REL) and internalists (INT). ANA were characterised by high involvement and thorough evaluations of both the organisation behind a request and the specific cause promoted. REL were loyal to specific organisations and seldom attended to other information than the organisation behind the request. Interestingly, consumers in the final category, INT, neither evaluated the organisation nor the cause promoted. For these consumers, recognition of the requesting organisation was usually enough to trigger a positive response. In a follow-up survey including responses from more than 400 consumers, the typology of response styles was further explored and validated. In line with predictions from study 1, significant differences were observed in the ways ANA, REL and INT perceive, evaluate and give money to charitable organisations. The findings offer important implications for consumer psychology, public policy and charity marketing. © 2001 Elsevier Science B.V.",3920; 3940; Charity marketing; Decision making; Fund raising; L3; M3; Non-profit organisations,,scopus-prediction,41,Feeling AI,"['charitable giving', 'consumer psychology', 'decision-making', 'emotional data']","The abstract discusses consumer responses to charitable donation requests and identifies different donor categories based on their emotional engagement and decision-making styles. This aligns closely with the 'Feeling AI' category, which focuses on understanding customer emotions and tailoring communications based on emotional preferences. The study's exploration of how different types of donors evaluate and respond to requests indicates a strong emphasis on customer understanding and relational engagement.",70%,10%,20%,0%,0%
Entrepreneurial and ethical adoption behaviour of cloud computing,Ratten V.,2012,10.1016/j.hitech.2012.06.006,"In light of continuing use and media attention placed on cloud computing, the study of ethical behaviour in technology innovations remains an important area of research, which helps to understand the antecedents of a person's intention to adopt cloud computing based on their ethical orientation. The present study examines how ethics influences a person's decision to adopt cloud computing, and how in turn ethical behaviours affect technology innovations. Based on social cognitive theory, this paper proposes that a higher ethical and entrepreneurial orientation will lead to a person adopting cloud computing. Moreover, the marketing, learning and outcome expectancy a person has about cloud computing will positively affect their intention to adopt this technology. The predictions are tested through a survey, which indicates that ethics and marketing are important determinants of a person's behavioural intention towards technology innovations. © 2012 Elsevier Inc. All rights reserved.",Cloud computing; Entrepreneurship; Ethics; Learning; Social cognitive theory; Technology marketing,,scopus-prediction,28,Thinking AI,"['ethical behaviour', 'adoption intention', 'cloud computing', 'marketing', 'social cognitive theory']","The abstract discusses the influence of ethics and marketing on a person's intention to adopt cloud computing, which aligns with the strategic analysis focus of Thinking AI. The study analyzes how ethical and entrepreneurial orientations affect technology adoption, relevant to market analysis and targeting. The emphasis on intention and decision-making points towards the need for understanding competitors and competitive advantages in adopting technology.",20%,0%,80%,0%,0%
What if I Find It Cheaper Someplace Else?: Role of Prefactual Thinking and Anticipated Regret in Consumer Behavior,McConnell A.R.; Niedermeier K.E.; Leibold J.M.; El-Alayli A.G.; Chin P.P.; Kuiper N.M.,2000,10.1002/(SICI)1520-6793(200004)17:4<281::AID-MAR2>3.0.CO;2-5,"Previous research has focused primarily on affect generated from counterfactual thinking after decisions have been made. The current study, in contrast, examined how predecision mental simulations (prefactuals) and feelings of anticipated regret are affected by different marketing strategies. A preliminary investigation found that consumers frequently produce upward prefactuals (e.g., if I buy it today and find it for less next week, I'll regret my purchase) when considering a major purchase. It was hypothesized that providing price guarantees would reduce upward prefactual generation and reduce anticipated regret. The primary investigation supported these predictions. When price guarantees were available, prefactuals were more downward in direction and negative affect was reduced. Also, price guarantees increased long-term satisfaction and happiness even when they were not exercised. Implications for mental simulation, marketing, and judgment and decision making are discussed. © 2000 John Wiley & Sons, Inc.",,Wiley-Liss Inc.,scopus-prediction,89,Feeling AI,"['anticipated regret', 'negative affect', 'customer satisfaction', 'emotional needs']","The abstract discusses how different marketing strategies, specifically price guarantees, impact consumer emotions such as anticipated regret and overall satisfaction. It emphasizes understanding customer feelings and how emotional responses can be managed through marketing tactics, aligning closely with the objectives of Feeling AI.",70%,10%,20%,0%,0%
Real-Time Evaluation of E-mail Campaign Performance,Bonfrer A.; Drèze X.,2009,10.1287/mksc.1080.0393,"We develop a testing methodology that can be used to predict the performance of e-mail marketing campaigns in real time. We propose a split-hazard model that makes use of a time transformation (a concept we call virtual time) to allow for the estimation of straightforward parametric hazard functions and generate early predictions of an individual campaign's performance (as measured by open and click propensities). We apply this pretesting methodology to 25 e-mail campaigns and find that the method is able to produce in an hour and fifteen minutes estimates that are more accurate and more reliable than those that the traditional method (doubling time) produces after 14 hours. Other benefits of our method are that we make testing independent of the time of day and we produce meaningful confidence intervals. Thus, our methodology can be used not only for testing purposes, but also for live monitoring. The testing procedure is coupled with a formal decision theoretic framework to generate a sequential testing procedure useful for the real time evaluation of campaigns.© 2009 informs.",Advertising campaigns; Database marketing; E-mail; Pretesting,,scopus-prediction,65,Mechanical AI,"['testing methodology', 'predict performance', 'e-mail marketing', 'split-hazard model', 'real-time predictions', 'campaign performance', 'confidence intervals', 'monitoring']","The abstract discusses a methodology for predicting the performance of e-mail marketing campaigns in real-time, which aligns with the Mechanical AI category's focus on data collection and standardization. The approach automates the testing process, providing quicker and more reliable results than traditional methods, which is a key aspect of automating continuous market analysis and improving customer communication. The focus is primarily on the methodology's ability to collect and process data efficiently rather than on emotional or strategic aspects.",0%,90%,10%,0%,0%
More or less: A model and empirical evidence on preferences for under- and overpayment in trade-in transactions,Kim J.; Rao R.S.; Kim K.; Rao A.R.,2011,10.1509/jmkr.48.1.157,"Trade-in transactions typically involve an exchange of an old, used version for a new or newer version of the product. When consumers trade in their used model for a new model, the firm faces the choice of paying the consumer a relatively low price for the used model and charging a commensurately low price for the new model or paying a relatively high price for the used model and charging a commensurately high price for the new model. The extant literature suggests that consumers always prefer to be overpaid in trade-in transactions because they disproportionately value the gain associated with the revenues from the sale of the used version of the product. The authors draw from the prospect theory value function to develop a simple analytical model that identifies a condition under which this preference for overpayment is reversed. Their model predicts that even when faced with economically equivalent price formats, consumers prefer to be overpaid when the ratio of the price of their used product to the price of the new product is low, but when that ratio is high, the preference for overpayment is reversed. They observe support for the predictions that emerge from the model in laboratory experiments. © 2011, American Marketing Association.",Analytical models; Behavioral decision theory; Consumer behavior; Pricing; Trade-ins,American Marketing Association,scopus-prediction,37,Thinking AI,"['trade-in transactions', 'consumer preferences', 'economically equivalent price formats', 'prospect theory', 'laboratory experiments']","The abstract discusses consumer behavior in trade-in transactions and how their preferences change based on the price ratios of used and new products. This falls under market analysis as it examines consumer preferences and pricing strategies, making predictions about behavior based on economic models. It aligns with the Thinking AI category, as it focuses on understanding competitive advantages through analytical modeling.",10%,5%,80%,0%,5%
The Role of Statistics in Management Magic,Stivers R.,2004,10.1177/0270467604263485,"Technology and magic both represent the human will to power - to dominate nature and ultimately humans. In a technological civilization, magic imitates technology. Modern management often entails psychological techniques (the human relations approach) and organizational techniques (the scientific approach). The heart of the latter is statistical measurement and prediction of the future. This article examines the magical use of statistical measurement and prediction of the future. Magic here operates according to the principle of the self-fulfilling prophecy. Because statistical information is perceived to be related to the success of an organization and is invariably collected in abundance, it is given credit for actual success.",Equality; Magic; Management; Normal; Self-fulfilling prophecy; Statistics; Technology,SAGE Publications Ltd,scopus-prediction,4,Thinking AI,"['statistical measurement', 'prediction', 'self-fulfilling prophecy', 'success', 'psychological techniques', 'organizational techniques']","The abstract discusses the use of statistical measurement and prediction in a technological context, linking these to the success of organizations. This aligns with the Thinking AI category, which focuses on market analysis and the use of analytics to understand and predict outcomes in a business context. The emphasis on psychological techniques and how statistical data can influence perceptions and behaviors further supports this classification.",10%,15%,70%,0%,5%
Semiautomated identification and classification of customer complaints,Choe P.; Lehto M.R.; Shin G.-C.; Choi K.-Y.,2013,10.1002/hfm.20325,"This paper examines the feasibility of extracting useful information from customer comments using a Naïve Bayes classifier. This was done for a database, obtained from a large Korean mobile telephone service provider, of 533 customer calls to call centers in 2009. After eliminating calls not containing customer complaints or comments, the remaining 383 comments were classified by an expert panel into four domains and 27 complaint categories. The four domains were Transaction-related (189 comments, 49%), Product-related (120 comments, 31%), Customer Service or Support-related (38 comments, 10%) and Customer Outreach and Marketing-related (36 comments, 9%). The comments were then randomly assigned to either a training set (257 cases, 67%) or test set (126 cases, 33%). The training set was used to develop a Naïve Bayes classifier that correctly predicted the domain 75% of the time and the specific subcategory 51% of the time for the test set. Prediction accuracy was strongly related to prediction strength for both sets of predictions, suggesting that simple filtering strategies where difficult to understand comments are flagged for expert review and easy comments are automatically classified are both technically feasible and likely to be practically valuable. Several strong predictors were also identified that corresponded to categories more detailed than those originally assigned. © 2012 Wiley Periodicals, Inc., A Wiley Company.",Bayesian inference; Call center agent; Customer complaints; Decision support; TextMiner,,scopus-prediction,6,Mechanical AI,"['Naïve Bayes classifier', 'customer comments', 'data extraction', 'customer complaints', 'comment classification', 'training set', 'test set', 'prediction accuracy']","The abstract discusses the use of a Naïve Bayes classifier to process and classify customer comments, which involves automating the data collection and classification process. This aligns with the Mechanical AI category's focus on data collection and standardization, as it aims to automate customer comment analysis and improve the efficiency of identifying customer needs through segmentation into various domains and complaint categories.",0%,70%,20%,0%,10%
The effect of credit on spending decisions: The role of the credit limit and credibility,Soman D.; Cheema A.,2002,10.1287/mksc.21.1.32.155,"The objective of the present research is to study consumer decisions to utilize a line of credit. The life-cycle hypothesis from economics argues that consumers should intertemporally reallocate their incomes over their life stream to maximize lifetime utility. One form of intertemporal allocation is to use past income (in the form of savings) in the future. A second form is the use of future income in the present. This can only be done if consumers have access to a temporary pool of money that they can draw from and replenish in the future - a function performed by consumer credit. However, our research reinforces prior findings that consumers are unable to correctly value their future incomes, and that they lack the cognitive capability to solve the intertemporal optimization problem required by the life-cycle hypothesis. Instead, we argue that consumers use information such as the credit limit as a signal of their future earnings potential. Specifically, if consumers have access to large amounts of credit, they are likely to infer that their lifetime income will be high and hence their willingness to use credit (and their spending) will also be high. Conversely, consumers who are granted lower amounts of credit are likely to infer that their lifetime income will be low and hence their spending will be lower. However, based on research in the area of consumer skepticism and inference making, we also argue for a moderating role of the credibility associated with the credit limit. Specifically, we argue that the above effect of credit availability would be particularly strong for consumers who believe that the credit limit credibly signals their future earnings potential (i.e., a naïve consumer who has limited experience with consumer credit). However, as consumers gain experience with credit, they start discounting credit availability as a predictor of their future and start questioning the validity of the process used to set the credit limit. Hence, with experience the effect of credit limit on the willingness to use credit should be attenuated. We test these predictions in five separate studies. In the first experimental study, we manipulate credit limit and credibility and pose subjects with a hypothetical purchase opportunity. Consistent with our prediction, credit limit impacted the propensity to spend, but only when the credibility was high. In the second experimental study, we replicate these findings even when subjects were given information about their expected future salaries, and also show that the credit limit influences their expectation of future earnings potential. In the third study, we show that the mere availability (and increase) of current liquidity cannot explain our findings. In the fourth study, we conduct a survey of consumers in which we measure a number of demographic characteristics and also ask them for their propensity to spend in a given purchase situation. In the fifth study we use the Survey of Consumer Finances (SCF) dataset, a triennial survey of U.S. families that is designed to provide detailed information on the use of financial services, spending behaviors, and selected demographic characteristics. Results from both studies 4 and 5 provide further support for our proposed framework-credit limits influence spending to a greater extent for consumers with lower credibility: younger consumers and less-educated consumers. Across all studies we achieved triangulation by using a variety of approaches (surveys and experiments), subjects types (young students and older consumers), nature of predictor variables (manipulated and measured), dependent measures (purchase likelihood, credit card balance, new charges), and methods of analysis (ANOVA and regression), and consistently found that increasing credit limits on a credit card increases spending, especially when the credibility of the limit is high. This paper joins a growing body of literature in marketing and behavioral decision theory that goes beyond the traditional domains of inquiry (e.g., product choice, effects of marketing mix variables) and focuses on consumer decisions relating to the appropriate use of income to finance consumption. Our framework differs from prior research on the effect of payment mechanisms on spending in two significant ways. First, we are interested in the effects of the availability of credit on spending, and not necessarily in the effect of the transaction format that is associated with each payment mechanism. Second, while prior research has studied the point-of-purchase and historic (i.e., prepurchase) effects of credit, the present research is concerned with the availability of credit in the future. Specifically, our framework is invariant to the current and prior usage of credit by the consumer.",,Institute for Operations Research and Management Sciences,scopus-prediction,166,Thinking AI,"['consumer decisions', 'credit limit', 'future income', 'spending behavior', 'consumer skepticism', 'market analysis']","The abstract discusses how consumer decisions regarding the use of credit are influenced by perceptions of credit limits and future income potential. This involves analysis of consumer behavior and the implications of credit availability on spending, aligning with market analysis and targeting aspects of Thinking AI. The research also incorporates behavioral decision theory, which is relevant for strategic analysis in marketing.",10%,5%,80%,0%,5%
Market share constraints and the loss function in choice-based conjoint analysis,Gilbride T.J.; Lenk P.J.; Brazell J.D.,2008,10.1287/mksc.1080.0369,"Choice-based conjoint analysis is a popular marketing research technique to learn about consumers' preferences and to make market share forecasts under various scenarios for product offerings. Managers expect these forecasts to be ""realistic"" in terms of being able to replicate market shares at some prespecified or ""base-case"" scenario. Frequently, there is a discrepancy between the recovered and base-case market share. This paper presents a Bayesian decision theoretic approach to incorporating base-case market shares into conjoint analysis via the loss function. Because defining the base-case scenario typically involves a variety of management decisions, we treat the market shares as constraints on what are acceptable answers, as opposed to informative prior information. Our approach seeks to minimize the adjustment of parameters by using additive factors from a normal distribution centered at 0, with a variance as small as possible, but such that the market share constraints are satisfied. We specify an appropriate loss function, and all estimates are formally derived via minimizing the posterior expected loss. We detail algorithms that provide posterior distributions of constrained and unconstrained parameters and quantities of interest. The methods are demonstrated using discrete choice models with simulated data and data from a commercial market research study. These studies indicate that the method recovers base-case market shares without systematically distorting the preference structure from the conjoint experiment. © 2008 INFORMS.",Bayesian decision theory; Conjoint analysis; Constrained optimization; Cross-validation; Hierarchical bayes; Loss function; Market share prediction; Penalized maximum likelihood; Posterior risk,,scopus-prediction,29,Thinking AI,"['conjoint analysis', 'market share', 'preferences', 'Bayesian', 'decision theory', 'market research', 'modeling']","The abstract focuses on a Bayesian approach to conjoint analysis, which is a method for analyzing consumer preferences to predict market shares. This aligns with the market analysis and targeting aspects of Thinking AI, as it involves strategic decision-making and forecasting based on consumer data. The emphasis on minimizing parameter adjustments while satisfying market share constraints further highlights its analytical nature.",0%,0%,100%,0%,0%
Optimal decision making for online referral marketing,Guo Z.,2012,10.1016/j.dss.2011.09.004,"Widely available web 2.0 technologies not only bring rich and interactive user experiences, but also easily help users advertise products or services on their own blogs and social network webpages. Online referral marketing, for example, is a business practice that rewards customers who successfully refer other customers to a website or upon completion of a sale usually via their own social contacts. The referral rewards come in different forms such as shopping vouchers, redeemable points, discounts, prizes, cash payments, etc. We develop an analytical model to evaluate the business potential of incorporating an online referral marketing program into the firm's product selling strategies. Under different demand dynamics, we investigate the optimal decision making including the pricing and referral strategies to maximize the seller's profitability. We find that, under simple decision making environment such as fixed product price and myopic strategy, different demand dynamics yield the same prediction of the referral payment, which turns out to be a static policy. However, under complex market situations, both the optimal product pricing and referral offering critically depend on the demand side dynamics. Under the nonlinear demand dynamics, the referral payment is an all-or-nothing decision throughout the product selling horizon. In contrast, under the linear demand assumption, the referral payment can be partially offered in initial phase of the product introduction. We further offer some managerial insights to guide practical implementation of the online referral marketing strategy. © 2011 Elsevier B.V. All rights reserved.",Dynamic pricing; Optimal control; Referral marketing; Word of mouth,,scopus-prediction,27,Thinking AI,"['online referral marketing', 'pricing strategies', 'demand dynamics', 'profitability', 'managerial insights']","The abstract discusses the development of an analytical model to evaluate the business potential of online referral marketing, focusing on decision-making regarding pricing and referral strategies to maximize profitability. This aligns with the market analysis and strategic decision-making aspects of Thinking AI, which is about using analytics to identify competitive advantages and optimize targeting and pricing strategies based on different demand dynamics.",0%,0%,100%,0%,0%
MOVIEMOD: An implementable decision-support system for prerelease market evaluation of motion pictures,Eliashberg J.; Jonker J.-J.; Sawhney M.S.; Wierenga B.,2000,10.1287/mksc.19.3.226.11796,"In spite of the high financial stakes involved in marketing new motion pictures, marketing science models have not been applied to the prerelease market evaluation of motion pictures. The motion picture industry poses some unique challenges. For example, the consumer adoption process for movies is very sensitive to word-of-mouth interactions, which are difficult to measure and predict before the movie has been released. In this article, we undertake the challenge to develop and implement MOVIEMOD - a prerelease market evaluation model for the motion picture industry. MOVIEMOD is designed to generate box-office forecasts and to support marketing decisions for a new movie after the movie has been produced (or when it is available in a rough cut) but before it has been released. Unlike other forecasting models for motion pictures, the calibration of MOVIEMOD does not require any actual sales data. Also, the data collection time for a product with a limited lifetime such as a movie should not take too long. For MOVIEMOD it takes only three hours in a ""consumer clinic"" to collect the data needed for the prediction of box-office sales and the evaluation of alternative marketing plans. The model is based on a behavioral representation of the consumer adoption process for movies as a macroflow process. The heart of MOVIEMOD is an interactive Markov chain model describing the macro-flow process. According to this model, at any point in time with respect to the movie under study, a consumer can be found in one of the following behavioral states: undecided, considerer, rejecter, positive spreader, negative spreader, and inactive. The progression of consumers through the behavioral states depends on a set of movie-specific factors that are related to the marketing mix, as well as on a set of more general behavioral factors that characterize the movie-going behavior in the population of interest. This interactive Markov chain model allows us to account for word-of-mouth interactions among potential adopters and several types of word-of-mouth spreaders in the population. Marketing variables that influence the transitions among the states are movie theme acceptability, promotion strategy, distribution strategy, and the movie experience. The model is calibrated in a consumer clinic experiment. Respondents fill out a questionnaire with general items related to their movie-going and movie communication behavior, they are exposed to different sets of information stimuli, they are actually shown the movie, and finally, they fill out postmovie evaluations, including word-of-mouth intentions. These measures are used to estimate the word-of-mouth parameters and other behavioral factors, as well as the movie-specific parameters of the model. MOVIEMOD produces forecasts of the awareness, adoption intention, and cumulative penetration for a new movie within the population of interest for a given base marketing plan. It also provides diagnostic information on the likely impact of alternative marketing plans on the commercial performance of a new movie. We describe two applications of MOVIEMOD: One is a pilot study conducted without studio cooperation in the United States, and the other is a full-fledged implementation conducted with cooperation of the movie's distributor and exhibitor in the Netherlands. The implementations suggest that MOVIEMOD produces reasonably accurate forecasts of box-office performance. More importantly, the model offers the opportunity to simulate the effects of alternative marketing plans. In the Dutch application, the effects of extra advertising, extra magazine articles, extra TV commercials, and higher trailer intensity (compared to the base marketing plan of the distributor) were analyzed. We demonstrate the value of these decision-support capabilities of MOVIEMOD in assisting managers to identify a final plan that resulted in an almost 50% increase in the test movie's revenue performance, compared to the marketing plan initially contemplated. Management implemented this recommended plan, which resulted in box-office sales that were within 5% of the MOVIEMOD prediction. MOVIEMOD was also tested against several benchmark models, and its prediction was better in all cases. An evaluation of MOVIEMOD jointly by the Dutch exhibitor and the distributor showed that both parties were positive about and appreciated its performance as a decision-support tool. In particular, the distributor, who has more stakes in the domestic performance of its movies, showed a great interest in using MOVIEMOD for subsequent evaluations of new movies prior to their release. Based on such evaluations and the initial validation results, MOVIEMOD can fruitfully (and inexpensively) be used to provide researchers and managers with a deeper understanding of the factors that drive audience response to new motion pictures, and it can be instrumental in developing other decision-support systems that can improve the odds of commercial success of new experiential products.",Decision support; Forecasting; Markov chains; Motion pictures; New products; Pretest market evaluation,Institute for Operations Research and Management Sciences,scopus-prediction,140,Thinking AI,"['market evaluation', 'box-office forecasts', 'marketing decisions', 'consumer adoption process', 'word-of-mouth', 'simulation', 'marketing plans', 'behavioral states', 'forecasting']","The abstract discusses the development of MOVIEMOD, a model designed for prerelease market evaluation in the motion picture industry. It focuses on generating box-office forecasts and supporting marketing decisions through analysis of consumer behavior and interactions. The model simulates effects of various marketing strategies, aligning with the market analysis and targeting aspects of Thinking AI. The emphasis on forecasting and evaluating marketing plans further supports this classification.",10%,15%,75%,0%,0%
Good and guilt-free: The role of self-accountability in influencing preferences for products with ethical attributes,Peloza J.; White K.; Shang J.,2013,10.1509/jm.11.0454,"The market share of brands positioned using ethical attributes typically lags behind brands that promote attributes related to product performance. Across four studies, the authors show that situational factors that heighten consumers' self-accountability (i.e., activation of their desire to live up to their self-standards) lead to increased preferences for products promoted through their ethical attributes. They investigate their predictions regarding selfaccountability in multiple ways, including examining the moderating roles of awareness of the discrepancy between a person's internal standards and actual behavior, self-accountability priming, and the presence of others in the decision context. Furthermore, they demonstrate that the subtle activation of self-accountability leads to more positive reactions to ethical appeals than explicit guilt appeals. Finally, they show that preference for a product promoted through ethical appeals is driven by the desire to avoid anticipated guilt, beyond the effects of impression management. Taken together, the results suggest that marketers positioning products through ethical attributes should subtly activate consumer self-accountability rather than using more explicit guilt appeals. © 2013, American Marketing Association.",Environment; Ethical products; Green marketing; Self-accountability; Sustainability,American Marketing Association,scopus-prediction,332,Feeling AI,"['self-accountability', 'ethical attributes', 'emotional appeals', 'guilt', 'consumer preferences']","The abstract discusses how consumer preferences for products with ethical attributes are influenced by self-accountability and emotional responses rather than just product performance. This aligns closely with the Feeling AI category, which focuses on understanding customer emotions and developing positioning that resonates with them. The emphasis on avoiding anticipated guilt and the effectiveness of subtle emotional appeals indicate a strong focus on emotional engagement.",70%,0%,30%,0%,0%
"Experience, socialization and customer retention: Lessons from the dance floor",Giudicati G.; Riccaboni M.; Romiti A.,2013,10.1007/s11002-013-9233-6,"Experience and socialization are key factors in customer commitment and defection decisions. To study the effect of experience and social relationships on customer retention, we analyze a reality-mined co-presence network of health club members over a period of 4 years. Since central customers in the network have more social ties they will lose if they defect, we use centrality as a proxy for customer relationship switching costs. We find that long-standing customers do have a lower chance of renewing their contracts. However, in line with theoretical predictions (Burnham et al., Journal of the Academy of Marketing Science 31(2):109-126, 2003), the consumer's centrality in the network (reflecting a social cost of defection) reduces customer churn rate. This study's results indicate that the inclusion of social effects increases the predictive power of the customer churn model (Nitzan and Libai, Journal of Marketing 75(6):24-38, 2011), thus contributing to our understanding of the role social networks play in customer decisions. © 2013 Springer Science+Business Media New York.",Co-experience network; Co-presence data; Customer retention; Relational switching cost; Social networks,,scopus-prediction,13,Feeling AI,"['customer commitment', 'social relationships', 'customer retention', 'social ties', 'centrality', 'customer churn', 'social networks']","The abstract discusses the impact of social relationships and experience on customer retention and churn, which aligns with the focus on understanding customer emotional needs and wants. The emphasis on social costs of defection and the role of social networks suggests an emotional and relational aspect in customer decisions, fitting well within the Feeling AI category. The findings enhance the understanding of customer behavior in a social context, which connects to customer emotional preferences and engagement.",70%,10%,20%,0%,0%
Unlimited shelf space in Internet supply chains: Treasure trove or wasteland?,Rabinovich E.; Sinha R.; Laseter T.,2011,10.1016/j.jom.2010.07.002,"Internet retailing offers merchants limitless shelf space. This has led experts to highlight the existence of a ""long tail"" of offerings on the web and assert that the future of online business is ""selling less of more."" However, it is difficult for Internet retailers of physical goods to sell a large scope of products without having to handle potentially large amounts of product returns from customers. This is due to the fact that customers can and do get overwhelmed by excessive product variety and often make erroneous purchasing decisions. We shed light on this issue through an assessment of theoretical predictions based on data from sales and returns of almost 7000 products in a particular product category. While retailers can benefit from expanding the scope of their inventories to generate Internet sales, the success of this strategy will depend on the control of unjustified product returns by consumers and the management of recurrent execution errors and product fit failures in transactions with customers. Furthermore, from our results, the gains that this strategy will bring to retailers will be bound by the amount of time products have been available on the Internet retailer's site, as well as by other attributes such as product price and size. © 2010 Elsevier B.V. All rights reserved.",E-commerce; Empirical study; Marketing-operations interface,,scopus-prediction,23,Thinking AI,"['product returns', 'customer decisions', 'market analysis', 'sales', 'inventory', 'execution errors']","The abstract discusses the challenges faced by Internet retailers in managing product variety and the implications of product returns on sales strategies. It emphasizes the need for market analysis to understand the relationship between product availability, customer purchasing behavior, and product attributes. This aligns with the category of Thinking AI, which focuses on market analysis and strategic decision-making based on customer behavior and product management.",0%,0%,100%,0%,0%
The time-harried shopper: Exploring the differences between maximizers and satisficers,Chowdhury T.G.; Ratneshwar S.; Mohanty P.,2009,10.1007/s11002-008-9063-0,"Schwartz and his colleagues have proposed individual differences in consumer decision goals. Maximizers are those who always strive to make the best possible decision, whereas satisficers are those who are usually willing to settle for a ""good enough"" option. In this study, we explore the influence of the maximizing trait in situations where consumers have to make quick purchase decisions. The context for our empirical study is online gift purchases made under a time constraint. The results support our predictions that maximizers (vs. satisficers) engage in more prepurchase browsing behavior and also perceive more decision time pressure. Furthermore, these effects are moderated by the size of the available choice assortment. The results also show that maximizers are more likely to change their initial time-constrained choices if given the opportunity to do so. We discuss the implications of the research for the study of individual differences in consumer behavior and also for customizing retail sales and Internet marketing tactics based on buyer segmentation. © 2008 Springer Science+Business Media, LLC.",Assortment size; Browsing behavior; Consumer decision making; Maximizing trait; Time pressure,,scopus-prediction,121,Thinking AI,"['consumer decision goals', 'maximizers', 'satisficers', 'purchase decisions', 'browsing behavior', 'decision time pressure', 'buyer segmentation']","The abstract discusses consumer decision-making processes, particularly how individual differences (maximizers vs. satisficers) affect purchasing behavior under time constraints. This aligns with market analysis and targeting, as it examines consumer behavior in a retail context and implications for marketing tactics based on buyer segmentation, which are key aspects of Thinking AI.",0%,0%,100%,0%,0%
Determinants of Revenue-Reporting Practices for Internet Firms,Bowen R.M.; Davis A.K.; Rajgopal S.,2002,10.1506/9728-4YG8-GC3L-FPFA,"The financial press and accounting regulators (e.g., the Securities and Exchange Commission and Financial Accounting Standards Board) have expressed concern about pressures on Internet firms to report high levels of revenue. This study verifies the association between market capitalization and revenue, and examines economic factors that potentially influence Internet company managers' decisions to adopt allegedly aggressive revenue-recognition policies. Specifically, we examine factors hypothesized to influence the reporting of advertising barter revenue and grossed-up sales levels. We begin by providing descriptive evidence on the use of barter and grossed-up revenue across Internet sectors. Although common in some sectors, we find that the use of these accounting policies is not pervasive overall. We limit our empirical analyses to Internet companies that have the opportunity to report grossed-up or advertising barter revenue. Our cross-sectional predictions are based on both external and internal incentives to maximize revenues as well as constraints that may limit management's discretion. We predict that the following factors increase the likelihood that a firm will report grossed-up and/or barter revenue: shorter time before needing additional external financing, more active individual investor interest in the firm's stock, more active pursuit of growth via acquisitions, and greater use of stock options in employee compensation. We also posit that barter transactions might be an inexpensive way for firms to evaluate the viability of future marketing or content alliances with potential partners. Finally, we predict that constraints on management discretion are related to the reputation/quality of the firm's auditor and underwriter and the extent of management ownership. We find that firms with greater cash burn rates and higher levels of activity on Motley Fool message boards are consistently associated with barter and grossed-up revenue reporting.",,,scopus-prediction,60,Out of Scope,"['market capitalization', 'revenue-recognition', 'barter revenue', 'financial press', 'accounting regulators', 'economic factors', 'external financing', 'investor interest', 'stock options', 'auditor reputation']","The abstract discusses the financial and accounting aspects related to Internet firms' revenue reporting practices, focusing on economic pressures and regulatory concerns. While it touches on factors influencing revenue reporting, it does not relate to marketing strategies, customer engagement, or emotional understanding typically associated with AI in marketing. Therefore, the content is classified as 'Out of Scope'.",0%,0%,0%,100%,0%
What people want (and how to predict It),Davenport T.H.; Harris J.G.,2009,,"Historically, neither the creators nor the distributors of cultural products such as books or movies have used analytics - data, statistics, predictive modeling - to determine the likely success of their offerings. Instead, companies relied on the brilliance of tastemakers to predict and shape what people would buy. Creative judgment and expertise will always play a vital role in the creation, shaping and marketing of cultural products. But the balance between art and science is shifting. Today companies have unprecedented access to data and sophisticated technology that allows even the best-known experts to weigh factors and consider evidence that was unobtainable just a few years ago. And with increased cost and risk associated with the creation of cultural products, it has never been more important to get these decisions right. In this article, the authors describe the results of a study of prediction and recommendation efforts for a variety of cultural products. They discuss different approaches used to make predictions, the contexts in which these predictions are applied and the barriers to more extensive use, including the problem of decision making pre-creation. They then discuss two aspects of the prediction market. First, the need for better prediction for distributors of cultural products, and second, the potential for business models around prediction techniques. Copyright © Massachusetts Institute of Technology, 2009. All rights reserved.",,,scopus-prediction,20,Thinking AI,"['analytics', 'data', 'predictive modeling', 'market analysis', 'prediction', 'recommendation', 'business models']","The abstract discusses the shift in how cultural products are marketed, focusing on the use of analytics and predictive modeling to assess the likely success of these products. It emphasizes market analysis and the need for better predictions for distributors, which aligns with the Thinking AI category that focuses on market analysis, targeting, and personalization based on data-driven insights.",10%,15%,70%,0%,5%
Valenced Attributions and Risk in New-Product Decisions: How Why Indicates What's Next,Forlani D.; Walker Jr. O.C.,2003,10.1002/mar.10079,"Based in a new-product decision-making context, this article poses the question, ""how, and to what extent, do prior outcomes, and the reasons given to account for those outcomes, influence a marketing manager's future new-product selection (choice) and support (dollar commitment) decisions?"" The study's hypotheses are developed by integrating the motivational qualities of Weiner's attribution theory with the behavioral predictions of four popular risk perspectives: prospect theory, the hot-hand effect, the competency hypothesis, and risk as hazard. The research question is reflected in two sets of hypotheses that experimentally examine the relationship between valenced (was the outcome good or bad) attributions (why did the outcome happen) and changes in the riskiness (chance and size of loss) of managers' new-product introduction decisions. Three-way interactions are found that support the study's attribution-based framework and address predictive differences among the four risk perspectives. Implications for the theories examined and the management of the new-product development process are discussed. © 2003 Wiley Periodicals, Inc.",,,scopus-prediction,10,Thinking AI,"['prior outcomes', 'marketing manager', 'new-product selection', 'risk perspectives', 'attribution theory', 'decision-making']","The abstract focuses on how marketing managers make decisions regarding new product introductions based on prior outcomes and the reasons behind those outcomes. It integrates aspects of attribution theory and various risk perspectives, indicating a strategic analysis of decision-making processes. This aligns with the Thinking AI category, which emphasizes market analysis and decision-making based on data interpretation.",0%,0%,100%,0%,0%
Optimal choice of promotional vehicles: front-loaded or rear-loaded incentives?,Zhang Z.J.; Krishna A.; Dhar S.K.,2000,10.1287/mnsc.46.3.348.12062,"We examine the key factors that influence a firm's decision whether to use front-loaded or rear-loaded incentives. When using price packs, direct mail coupons, FSI coupons or peel-off coupons, consumers obtain an immediate benefit upon purchase or a front-loaded incentive. However, when buying products with in-pack coupons or products affiliated with loyalty programs, promotion incentives are obtained on the next purchase occasion or later, i.e., a rear-loaded incentive. Our analysis shows that the innate choice process of consumers in a market (variety-seeking or inertia) is an important determinant of the relative impact of front-loaded and rear-loaded promotions. While in both variety-seeking and inertial markets, the sales impact and the sales on discount are higher for front-loaded promotions than for rear-loaded promotions, from a profitability perspective, rear-loaded promotions may be better than front-loaded promotions. We show that in markets with high variety-seeking it is more profitable for a firm to rear-load, and in markets with high inertia it is more profitable to front-load. Model implications are verified using two empirical studies: (a) a longitudinal experiment (simulating markets with variety-seeking consumers and inertial consumers) and (b) market data on promotion usage. The data in both studies are consistent with the model predictions.",,INFORMS,scopus-prediction,83,Thinking AI,"['incentives', 'front-loaded', 'rear-loaded', 'variety-seeking', 'inertia', 'profitability', 'market analysis', 'empirical studies']","The abstract discusses the analysis of promotional strategies in marketing, specifically the decision-making processes of firms regarding front-loaded versus rear-loaded incentives. It emphasizes the importance of market analysis to determine the most profitable approach based on consumer behavior types (variety-seeking vs. inertia). This aligns closely with the 'Thinking AI' category focused on market analysis and strategic targeting.",0%,0%,100%,0%,0%
Manufacturer-specific asset investments and inter-firm governance forms: An empirical test of the contingent effect of exchange frequency,Buvik A.,2002,10.1300/J033v09n04_02,"Transaction cost analysis (TCA) keeps the frequency of exchange as a significant dimension of business-to-business transactions, and the transaction frequency is expected to influence how to align inter-firm organization efficiently. To date, transaction frequency has received little attention in empirical TCA-studies. This research focuses in particular on order frequency in industrial purchasing relationships and how it affects the alignment of purchase contracting and hierarchical governance in supplier-manufacturer relationships. Data from a survey of 160 industrial purchasing relationships supports the basic TCA prediction stating that increased transaction frequency will provide administrative economies of scale benefits under conditions with substantial hazards of trade. The empirical findings demonstrate that the association between manufacturer-specific assets and formalized purchase contracting is highly dependent on the present level of exchange frequency. In manufacturer-supplier relationships with modest exchange frequency, there is no significant association between asset specificity and contractual governance. On the other hand, the effect of manufacturer-specific assets on formalized purchase contracting was substantial in relationships with high order frequency. This governance pattern was replicated in the analysis of hierarchical governance. Substantial investments in manufacturer-specific assets enforced the manufacturer's decision control over the supplier under conditions with high exchange frequency. The research provides further insight into the economics of inter-firm organization and supports the TCA-based assumption asserting that the frequency of inter-firm exchange improves the utilization of specialized governance arrangements in business to business relationships. © 2002 by The Haworth Press, Inc. All rights reserved.",Business-to-business marketing; Governance performance; Industrial buyer-seller relationships; Transaction cost analysis,,scopus-prediction,8,Thinking AI,"['transaction cost analysis', 'order frequency', 'industrial purchasing relationships', 'purchase contracting', 'hierarchical governance', 'manufacturer-specific assets']","The abstract discusses the impact of transaction frequency on the alignment of governance structures in supplier-manufacturer relationships, which involves strategic analysis of business relationships and market dynamics. It aligns well with the 'Market analysis' and 'Targeting' aspects of Thinking AI, focusing on understanding competitive advantages and optimizing business interactions based on transaction characteristics.",0%,0%,100%,0%,0%
A Bayesian model to forecast new product performance in domestic and international markets,Neelamegham R.; Chintagunta P.,1999,10.1287/mksc.18.2.115,"This paper attempts to shed light on the following research questions: When a firm introduces a new product (or service) how can it effectively use the different information sources available to generate reliable new product performance forecasts? How can the firm account for varying information availability at different stages of the new product launch and generate forecasts at each stage? We address these questions in the context of the sequential launches of motion pictures in international markets. Players in the motion picture industry require forecasts at different stages of the movie launch process to aid decision-making, and the information sets available to generate such forecasts vary at different stages. Despite the importance of such forecasts, the industry struggles to understand and predict sales of new movies in domestic and overseas markets. We develop a Bayesian modeling framework that predicts first-week viewership for new movies in both domestic and several international markets. We focus on the first week because industry players involved in international markets (studios, distributors, and exhibitors) are most interested in these predictions. We draw on existing literature on forecasting performance of new movies to formulate our model. Specifically, we model the number of viewers of a movie in a given week using a Poisson count data model. The number of screens, distribution strategy, movie attributes such as genre, and presence/absence of stars are among the factors modeled to influence viewership. We employ a hierarchical Bayes formulation of the Poisson model that allows the determinants of viewership to vary across countries. We adopt the Bayesian approach for two reasons: First, it provides a convenient framework to model varying assumptions of information availability; specifically, it allows us to make forecasts by combining different sources of information such as domestic and international market-specific data. Second, this methodology provides us with the entire distribution of the new movie's performance forecast. Such a predictive distribution is more informative than a point estimate and provides a measure of the uncertainty in the forecasts. We propose a Bayesian prediction procedure that provides viewership forecasts at different stages of the new movie release process. The methodology provides forecasts under a number of information availability scenarios. Thus, forecasts can be obtained with just information from a historical database containing data on previous new product launches in several international markets. As more information becomes available, the forecasting methodology allows us to combine historical information with data on the performance of the new product in the domestic market and thereby to make forecasts with less uncertainty and greater accuracy. Our results indicate that for all the countries in the data set the number of screens on which a movie is released is the most important influence on viewership. Furthermore, we find that local distribution improves movie sales internationally in contrast to the domestic market. We also find evidence of similar genre preferences in geographically disparate countries. We find that the proposed model provides accurate forecasts at the movie-country level. Further, the model outperforms all the extant models in the marketing literature that could potentially be used for making these forecasts. A comparison of root mean square and mean absolute errors for movies in a hold out sample shows that the model that combines information available from the different sources generates the lowest errors. A Bayesian predictive model selection criterion corroborates the superior performance of this model. We demonstrate that the Bayesian model can be combined with industry rules of thumb to generate cumulative box office forecasts. In summary, this research demonstrates a Bayesian modeling framework that allows the use of different information sources to make new product forecasts in domestic and international markets. Our results underscore the theme that each movie is unique as is each country-and viewership results from an interaction of the product and the market. Hence, the motion picture industry should use both product-specific and market-specific information to make new movie performance forecasts.",Forecasting; Hierarchical Bayes; International Markets; Motion Pictures; New Products,Institute for Operations Research and Management Sciences,scopus-prediction,242,Thinking AI,"['forecasting', 'Bayesian modeling', 'market analysis', 'viewership', 'information sources']","The abstract discusses a Bayesian modeling framework developed for predicting new movie performance in domestic and international markets, which aligns with market analysis and strategic decision-making. The focus on generating reliable forecasts using different information sources indicates a thorough analysis of market dynamics, making it a clear fit for the Thinking AI category. The emphasis on improving accuracy of predictions and understanding the impact of various factors on viewership further supports this classification.",0%,0%,100%,0%,0%
The Truth is Out There! How External Validity Can Lead to Better Marketing Decisions,Rogers G.; Soopramanien D.,2009,10.1177/147078530905100216,"Marketing managers typically have to use and integrate many pieces of data and marketing intelligence when taking decisions such as whether to launch a product and, if so, at what price. Conjoint experiments and analysis remain popular marketing research tools with business practitioners to test and measure how the market will react to different actions. There is a growing body of work that focuses on, first, how to construct the experiments so that they better represent real market conditions and, second, the use of sophisticated model specifications that provide information on consumers’ responses. The market researcher typically uses internal validation for model validity – a comparison of model prediction and within-sample holdout data. We contend in this paper that customers and users of market research information need to adopt a different and wider meaning of validity, referred to as external validity, to facilitate improved decision making. In this research, a case study is used as an example to demonstrate how marketing managers can use the information from a choice-based conjoint derived choice model differently depending on the manner in which the model validation is carried out. © 2009 Market Research Society.",,SAGE Publications Ltd,scopus-prediction,1,Thinking AI,"['market analysis', 'model validation', 'choice-based conjoint', 'decision making']","The abstract discusses how marketing managers utilize marketing research tools, particularly conjoint analysis, to make informed decisions about product launches and pricing. It emphasizes the importance of model validation and the need for external validity in understanding consumer responses, which aligns closely with the focus on market analysis and strategic decision-making found in the Thinking AI category.",0%,0%,100%,0%,0%
"Managerial decision making in customer management: Adaptive, fast and frugal?",Bauer J.C.; Schmitt P.; Morwitz V.G.; Winer R.S.,2013,10.1007/s11747-012-0320-7,"While customer management has become a top priority for practitioners and academics, little is known about how managers actually make customer management decisions. Our study addresses this gap and uses the adaptive decision maker as well as the fast and frugal heuristics frameworks to gain a better understanding of managerial decision making. Using the process-tracing tool MouselabWEB, we presented sales managers in retail banking with three typical customer management prediction tasks. The results show that a majority of managers in this study are adaptive in their decision making and that some managers use fast and frugal heuristics. Usage of adaptive decision making seems to be mainly driven by low objective task difficulty, the use of fast and frugal heuristics by experience. While adaptive decision making does not impact predictive accuracy, usage of fast and frugal heuristics is associated with proportionally greater use of high predictive quality cues and a significant increase in accuracy. Hence, the existing skepticism concerning heuristics should be questioned. © 2012 Academy of Marketing Science.",Adaptive decision making; Customer management; Fast and frugal heuristics; Mouselab; Process-tracing,,scopus-prediction,24,Thinking AI,"['customer management decisions', 'adaptive decision making', 'fast and frugal heuristics', 'predictive accuracy']","The abstract discusses how managers make decisions regarding customer management, specifically focusing on their decision-making processes and the impact of different heuristics on predictive accuracy. This aligns well with the Thinking AI category, which emphasizes market analysis and strategic decision-making. The study investigates managerial approaches to predicting customer behavior, which is a form of market analysis. Although there is a mention of heuristics, the primary focus is on understanding decision-making processes rather than emotional or relational aspects, which makes it less aligned with Feeling AI.",10%,0%,80%,0%,10%
Personal relevance and mental simulation amplify the duration framing effect,Ülkümen G.; Thomas M.,2013,10.1509/jmr.10.0172,"Different framing of the same duration (one year, 12 months, 365 days) can influence consumers' impressions of subjective duration, thereby affecting their judgments and decisions. The authors propose that, ironically, self-relevance amplifies this duration framing effect. Consumers for whom a particular self-improvement domain is personally relevant are less likely to adopt a one-year self-improvement plan as compared with a 12-month plan because they perceive it as longer and more difficult. This bias is more likely to manifest in consumers who report that the task is highly personally relevant to them, who are making predictions for themselves (vs. others), and who have high (vs. low) task involvement. Personal relevance amplifies this effect because it prompts process-focused simulation of the plan, consequently increasing susceptibility to spurious duration and difficulty cues embedded in frames. © 2013, American Marketing Association.",Duration framing; Duration perception; Mental simulation; Personal relevance; Process simulation,American Marketing Association,scopus-prediction,27,Feeling AI,"['self-relevance', 'consumer impressions', 'subjective duration', 'judgments', 'decisions', 'personal relevance', 'emotional preferences']","The abstract discusses how consumers' perceptions and decisions are influenced by the framing of time durations in relation to self-improvement. This involves understanding consumer emotions and how they relate to personal relevance, making it align with the focus of Feeling AI on customer understanding and emotional data. The emphasis on subjective duration and personal relevance indicates a strong connection to emotional responses and consumer engagement.",70%,0%,30%,0%,0%
Measuring the Influence of Individual Preference Structures in Group Decision Making,Arora N.; Allenby G.M.,1999,10.1177/002224379903600406,"Group purchase decisions are affected by the preference structures of individual members and the influence they have in the group. In this article, the authors develop a hierarchical Bayes model of group decision making that yields individual estimates of influence at the product attribute level. The authors show that the distribution of these estimates provides useful information for effectively managing marketing activities. In addition, the proposed model relates the measures of influence to covariates useful for identifying high-influence individuals. Predictive tests demonstrate that the proposed model, using an “inferred” measure of influence, leads to more accurate predictions than alternative measures. © 1999 American Marketing Association.",,SAGE Publications Ltd,scopus-prediction,2,Thinking AI,"['group purchase decisions', 'preference structures', 'influence', 'hierarchical Bayes model', 'individual estimates', 'product attribute level', 'marketing activities', 'high-influence individuals', 'predictive tests']","The abstract discusses a model developed to analyze group decision making and influence among individuals within a group, which aligns with market analysis and the identification of competitive advantages in targeting high-influence individuals. The predictive tests mentioned indicate a focus on data-driven decision-making, typical of Thinking AI applications.",0%,0%,100%,0%,0%
'You should buy this one!' The influence of online recommendations on product attitudes and choice confidence,Harris J.; Gupta P.,2008,10.1504/IJEMR.2008.019816,"We use a laboratory experiment to examine the effects of electronic Word-of-Mouth (eWOM) in the form of online customer-to-customer recommendations on attitudes about the recommended product and confidence in the choice decision. Specifically, we manipulate the number of consumer recommendations and measure motivation to process information in a realistic online shopping environment. Consistent with predictions of dual information processing theories, we find that the amount of eWOM has a significant impact on buyer confidence in product choice. In addition, we find that for buyers less motivated to process information, the effect of eWOM on their choice confidence is mediated by their attitude towards the recommended product, suggesting that the amount of eWOM functions as a purchase cue. Our findings have theoretical implications regarding the processes underlying eWOM effectiveness and practical implications for online retailers and policy-makers. © 2008, Inderscience Publishers.",Customer recommendations; Electronic marketing; Electronic Word-of-Mouth; EWom; Heuristic processing; Involvement; Motivation to process information; Peripheral processing; Retailing,Inderscience Publishers,scopus-prediction,8,Thinking AI,"['eWOM', 'attitudes', 'confidence', 'recommendations', 'information processing', 'purchase cue']","The abstract discusses how electronic Word-of-Mouth (eWOM) influences buyer confidence and attitudes towards products, which aligns with market analysis and targeting. The examination of how the amount of eWOM acts as a purchase cue suggests strategic analysis of consumer behavior, making it relevant to the Thinking AI category. The focus is on analyzing recommendations to enhance buyer confidence and decision-making processes, which fits the definitions of market analysis and targeting within the Thinking AI category.",0%,0%,100%,0%,0%
Causes and implications of some bidders not conforming to the sealed-bid abstraction,Zeithammer R.; Adams C.,2010,10.1287/mksc.1100.0597,"This paper presents the authors' rejoinder to Zeithammer and Adams [Zeithammer, R., C. Adams. 2010. The sealed-bid abstraction in online auctions. Marketing Sci. 29(6) 964-987]. This rejoinder clarifies and qualifies conclusions of the original paper and makes suggestions for fruitful areas of future research. In particular, the original paper shows that bidding style can make a big difference in managerial decisions, but a structural model would be necessary to make confident predictions under different reserve prices. The rejoinder also clarifies the interpretation of feedback as a measure of bidder experience, and the relationship between bidder experience and bidding style. © 2010 INFORMS.",Auctions; Econometrics; Empirical io methods; Measurement and inference,,scopus-prediction,0,Thinking AI,"['bidding style', 'managerial decisions', 'bidder experience', 'market analysis']","The abstract discusses the differences in bidding styles and their impact on managerial decisions, highlighting the need for a structural model to make confident predictions. This aligns with the Thinking AI category, which focuses on market analysis and identifying competitive advantages. The emphasis on understanding bidder experience also supports strategic analysis in a marketing context.",0%,0%,100%,0%,0%
Developing an interval forecasting method to predict undulated demand,Huang Y.-L.; Lin C.-T.,2011,10.1007/s11135-010-9317-9,"This study provides a flexible and mathematically precise method for forecasting tourism demand from all five continents of the globe to Taiwan and with potential to assist tourism operators and government officials in improving their management planning and strategy. This investigation applied the Grey Envelop Prediction Model (GEPM) to predict international passenger arrivals to Taiwan. The analysis result shows monthly, seasonal and annual predictions. The prediction values of international tourist numbers can answer the practical needs of managers, owners, and government departments and help in operational and management strategy development. The contributions of this study is provides an effective method for forecasting number of international visitors, and the result provided the flexible, accurate, and efficient interval predicted values used by researchers, mangers and administrators for developing manpower, finance, marketing, and administrative decision-making schemes. © 2010 Springer Science+Business Media B.V.",Demand forecasting; Grey envelop prediction model (GEPM); Seasonality; Tourism demands,,scopus-prediction,16,Thinking AI,"['forecasting', 'tourism demand', 'management planning', 'strategy', 'market analysis', 'international arrivals', 'operational strategy', 'decision-making']","The abstract discusses a study that provides a method for forecasting tourism demand and improves management planning and strategy, which aligns closely with the focus on market analysis and targeting in Thinking AI. The use of the Grey Envelop Prediction Model (GEPM) to predict international passenger arrivals indicates a strategic analysis of market trends and operational planning, making it suitable for the Thinking AI category.",0%,0%,100%,0%,0%
(De)marketing to manage consumer quality inferences,Miklós-Thal J.; Zhang J.,2013,10.1509/jmr.11.0432,"Savvy consumers attribute a product's market performance to its intrinsic quality as well as the seller's marketing push. The authors study how sellers should optimize their marketing decisions in response. They find that a seller can benefit from ""demarketing"" its product, meaning visibly toning down its marketing efforts. Demarketing lowers expected sales ex ante but improves product quality image ex post, as consumers attribute good sales to superior quality and lackluster sales to insufficient marketing. The authors derive conditions under which demarketing can be a recommendable business strategy. A series of experiments confirm these predictions. © 2013, American Marketing Association.","Analytical modeling; Demarketing, observational learning; New product adoption; Quality inference",American Marketing Association,scopus-prediction,64,Thinking AI,"['demarketing', 'marketing decisions', 'product quality image', 'consumer perception', 'sales performance']","The abstract discusses how sellers can optimize their marketing strategies through demarketing, which involves a strategic analysis of marketing efforts and their impact on consumer perceptions of product quality. This aligns with the focus on market analysis and targeting found in the Thinking AI category, as it involves understanding consumer behavior and adjusting marketing strategies accordingly.",10%,0%,90%,0%,0%
Development of a framework for industrial service innovation management and coordination,Panesar S.S.; Markeset T.,2008,10.1108/13552510810877674,"Purpose - The purpose of this study is to identify different service innovation drivers, innovation process activities and to understand industrial services innovation management and coordination, as well as to develop a framework for industrial service innovation management and coordination. Design/methodology/approach - The study involved collection of information and data from the literature and the Norwegian oil and gas (O&G) industry. A survey was conducted to get an overview of existing practices and guided interviews were conducted to confirm the findings of the survey. Findings - The study indicates that the market needs are considered the most important innovation process driver, feedback from the customers is the most important activity to encourage service innovations, whilst return on investments is the most important decision-making factor in evaluating innovation feasibility. Employees are the most important source of innovation ideas. Furthermore, interactions between different companies, as well as involvement of customer, employees and suppliers in the innovation process are becoming increasingly important. Practical implications - The study shows that service providers and receivers often collaborate in the innovation processes, and that many of the activities are performed simultaneously. This results in the collaborative parties needing to put resources on managing and coordinating the innovation process in a structured, effective and efficient way. The proposed framework for service innovation management and coordination provides practitioners with a structured approach to manage industrial service innovations. Research limitations/implications - The findings are based on the data collected from a number of companies from the O&G industry in Norway. Originality/value - The paper identifies different innovation process drivers and activities and proposes a modified framework for industrial services innovation management and coordination based on the study analysis, interaction with the practitioners and using available literature on innovation management. © Emerald Group Publishing Limited.",Gas industry; Industrial services; Innovation; Norway; Oil industry; Operations management,,scopus-prediction,49,Not Identified,"['service innovation', 'market needs', 'customer feedback', 'innovation feasibility', 'employees', 'collaboration', 'framework']","The abstract discusses service innovation drivers and management processes within the industrial services sector, particularly focusing on the oil and gas industry. While it touches upon customer feedback and market needs, which could relate to emotional understanding and market analysis, the primary focus is on managing and coordinating service innovations rather than explicit marketing strategies or AI applications. Therefore, it does not fit neatly into the defined categories.",20%,15%,25%,0%,40%
Multiple generation product life cycle predictions using a novel two-stage fuzzy piecewise regression analysis method,Huang C.-Y.; Tzeng G.-H.,2008,10.1016/j.techfore.2007.07.005,"Product life cycle (PLC) prediction plays a crucial role in strategic planning and policy definition for high-technology products. Forecast methodologies which can predict PLCs accurately can help to achieve successful strategic decision-making, forecasting, and foresight activities in high-technology firms, research institutes, governments, and universities. Over the past few decades, even though analytic framework strategies have been proposed for production, marketing, R&D (research and development), and finance, aiming at each stage of PLCs, forecast methodologies with which to predict PLCs are few. The purpose of this research is to develop a novel forecast methodology to allow for predictions of product life time (PLT) and the annual shipment of products during the entire PLC of multiple generation products. A novel two-stage fuzzy piecewise regression analysis method is proposed in this paper. In the first stage, the product life-time of the specific generation to be analyzed will be predicted by the fuzzy piecewise regression line that is derived based upon the product life-time of earlier generations. In the second stage of the forecast methodology, the annual shipment of products of the specified generation will be predicted by deriving annual fuzzy regression lines for each generation, based upon the historical data on the earlier generations' products. An empirical study predicting the life-time and the annual shipment of the 16 Mb (Mega bit) DRAM (Dynamic Random Access Memory) PLC is illustrated to validate the analytical process. The results demonstrate that two-stage fuzzy piecewise regression analysis can predict multiple generation PLT and PLC precisely, thereby serving as a foundation for future strategic planning, policy definitions and foresights. © 2007 Elsevier Inc. All rights reserved.",DRAM; Forecasting; Fuzzy regression; Piecewise regression; Product life cycle; Product life time; Semiconductor,,scopus-prediction,54,Thinking AI,"['product life cycle', 'forecast methodologies', 'strategic planning', 'market analysis', 'annual shipment', 'fuzzy regression analysis']","The abstract discusses the development of a novel forecast methodology for predicting product life cycles and annual shipments, which aligns with market analysis and strategic planning. It emphasizes the importance of accurately predicting product life cycles to inform decision-making in high-technology firms, which fits well within the Thinking AI category focused on market analysis and targeting.",0%,0%,100%,0%,0%
Sales forecasting in high-technology markets: A utility-based approach,Decker R.; Gnibba-Yukawa K.,2010,10.1111/j.1540-5885.2009.00703.x,"Accurate sales projections are of vital importance to the profitability and long-term survival of high-tech companies. This is especially true in the growth stage of product innovation, because major investments and marketing decisions are made in this phase. By examining recent empirical studies focusing on consumer behavior in high-technology markets, several factors are identified that can affect individual buying decisions and aggregate sales, namely, interpersonal communication, democratization of innovation, direct and indirect network effects, forward-looking behavior, and consumer heterogeneity. Against this background the diffusion-modeling and the utility-based approach are reviewed in terms of their basic conception and their applicability to the markets concerned. Based on this investigation a sales forecasting model for high-tech products, specifically in the growth stage, is developed. The model has a utility-theoretic background and a logistic structure. Since data are scarce in this early stage of the product life cycle two versions of the new approach are discussed, an extended version considering forward-looking behavior and a more parsimonious (""myopic"") one. The performance of the new model is demonstrated using real sales data on the CD player, the DVD player/recorder, and the digital camera market. The empirical comparisons include alternative specifications of the Bass diffusion model as well as a proportional hazard model and consist of two steps. First, the models are checked as to whether they are able to represent the sales data at all. It is shown that both versions of the proposed model are at least equivalent, if not superior, to the models used as benchmarks in terms of fit. In the next step, the models are applied to predict future sales in the three markets. The resulting forecasts show that the proposed model performs significantly better than its benchmarks. Its parsimony enables reliable predictions, even in cases, where only short time series are available for parameter estimation. The model is able to anticipate decreasing diffusion rates as they occur at the end of the growth stage and, thus, helps to avoid overoptimistic sales forecasts, which may cause severe economic damages. The new approach is easy to calibrate and can be applied without specialized econometric expertise. © 2009 Product Development & Management Association.",,,scopus-prediction,28,Thinking AI,"['sales forecasting', 'consumer behavior', 'market analysis', 'utility-based approach', 'diffusion modeling']","The abstract discusses the development of a sales forecasting model for high-tech products, emphasizing market analysis and empirical studies on consumer behavior in high-technology markets. It focuses on analyzing factors that influence buying decisions and aggregate sales, demonstrating that the proposed model performs better than existing benchmarks in predicting future sales. This aligns well with the 'Thinking AI' category's focus on market analysis and targeting, making it the most relevant classification.",0%,0%,100%,0%,0%
Strategic model for predicting customer’s intention to purchase apparel online,Malmarugan D.,2008,,"Shopping for apparel over the internet is a growing phenomenon. Customers make use of the net for information search and purchase. Based on the extensive literature review the objectives of the research are to enlist the service quality parameters, customers expect in online shopping for apparel, and to develop a prediction model using logistic regression, for purchase intention of consumers. This research paper discusses the service quality parameters, the customers expect from online shopping of apparel. The parameters are grounded from available literature on the topic. The tool (questionnaire) and items were developed based on literature, and series of focus group interviews. The reliability was found to be good. The responses were collected from customers from various demographic segments. Based on empirical research, a prediction model for customers intention to purchase is developed. The parameters and the prediction model are useful for decision makers in online marketing of apparel. © Devanathan Malmarugan, 2008.",Apparel; Online marketing; Prediction model; Service quality parameters,LLC CPC Business Perspectives,scopus-prediction,2,Thinking AI,"['service quality parameters', 'prediction model', 'purchase intention', 'demographic segments', 'market analysis']","The abstract discusses the development of a prediction model for consumer purchase intention in the context of online apparel shopping, which aligns with market analysis and targeting strategies. The research focuses on understanding customer expectations and service quality that influence purchase behavior, which fits well within the framework of thinking AI aimed at leveraging analytics for competitive advantages.",10%,20%,60%,0%,10%
Fashion change and fashion consumption: The chaotic perspective,Ming Law K.; Zhang Z.-M.; Leung C.-S.,2004,10.1108/13612020410559966,"Previous researches have considered that the impact of fashion change and fashion consumption is linear. Therefore, one reason was found as the ultimate source to explain why a fashion style/ trend was spread to the mass market. However, the existing market is complex and difficult to find out the holistic reason to explain fashion consumption. In this study, the chaotic perspective is taken into account to investigate the relationship between fashion change and fashion consumption. By using the grounded theory method, 33 in-depth interviews were conducted. A chaotic fashion consumption model is developed from the findings to explain how different fashions are consumed and rejected while fashion changes. It is found that the interaction of being fashionable, perceived fashionability and system participation affects the ultimate decision on fashion consumption. It is also found that a pattern can be traced to forecast the degree of fashion consumption even when the fashion change phenomenon is chaotic. Thus, it is similar to the principle of chaos theory that short-term prediction is possible in relation to the degree of fashion acceptance among consumers. Marketing implications are suggested with reference to the chaotic fashion consumption model. © 2004, Emerald Group Publishing Limited",Consumers; Fashion; Social change; Young adults,,scopus-prediction,29,Thinking AI,"['fashion consumption', 'chaotic fashion consumption model', 'fashion change', 'market analysis', 'consumer behavior']","The abstract discusses a chaotic fashion consumption model that analyzes the relationship between fashion change and consumption. It highlights the complexity of fashion trends and the interactions that affect consumer decisions, which aligns with market analysis and targeting aspects of Thinking AI. The study aims to predict fashion consumption patterns, showcasing a strategic analysis of consumer behavior rather than emotional understanding or automated processes.",10%,5%,85%,0%,0%
Strategic business market forecasting,Duus H.J.,1999,10.1002/(SICI)1099-1697(199905)8:3<173::AID-JSC410>3.0.CO;2-H,"Attempts and methodologies for prediction of the future have fallen out of favour in strategy and marketing research. By contrast, this article argues that the development of a strategic forecasting methodology specifically suited for extremely turbulent business markets may be a substantial aid in the decision making process. Several powerful ideas for improving forecasting ability are given, and a new research approach is outlined. Copyright © 1999 John Wiley & Sons, Ltd. Copyright © 1999 John Wiley & Sons, Ltd.",,John Wiley and Sons Inc,scopus-prediction,7,Thinking AI,"['strategic forecasting', 'decision making', 'turbulent business markets', 'forecasting ability']","The abstract discusses the development of a strategic forecasting methodology aimed at improving decision-making in volatile business environments. This focus on forecasting and enhancing predictive capabilities aligns closely with the 'Market analysis' and 'Targeting' aspects of Thinking AI, which involve the use of analytics to gain insights into markets and inform strategic decisions.",0%,0%,100%,0%,0%
Strategic options of home country firms faced with MNC entry,Jaffe E.D.; Nebenzahl I.D.; Schorr I.,2005,10.1016/j.lrp.2004.11.013,"This article analyses the strategic options facing a domestic firm threatened by the entry of MNCs - whether to attack the incoming MNC, to cooperate with it, to defend their home position or to exit the market. The authors suggest a framework for determining an optimum strategy based on the firm's market (global or local) and the strength of its strategic and marketing assets. They test the framework by studying the response strategies to MNC entry of 78 Israeli firms, tracking their reactions from 1993 to 1999, as significantly more MNCs entered the market. Was the model able to predict which strategies were selected by the firms? For firms competing in global markets, barely half of those with strong assets chose to 'contend' with MNCs as predicted. The rest chose a 'cooperator' strategy, as did all firms with weak assets (in line with model predictions). For firms competing locally, the majority with strong assets followed the predicted 'contester' strategy, and the majority with weak assets chose a 'defender' strategy, again in accordance with the model. Statistical tests of the model resulted in acceptance of all hypotheses in the holdout sample and 3 out of 4 in the main sample. Two case studies are presented, showing the results of 'wrong' and 'correct' decisions. © 2004 Elsevier Ltd. All rights reserved.",,,scopus-prediction,14,Thinking AI,"['strategic options', 'market analysis', 'contend', 'cooperate', 'competition', 'strategic assets', 'market response']","The abstract discusses strategic options for domestic firms in response to the entry of multinational corporations (MNCs). It focuses on market analysis and the framework for determining optimum strategies based on market conditions and the strength of marketing assets. This aligns closely with the 'Thinking AI' category, which emphasizes market analysis and competitive strategy.",0%,0%,100%,0%,0%
Predicting adoption probabilities in social networks,Fang X.; Hu P.J.; Li Z.L.; Tsai W.,2013,10.1287/isre.1120.0461,"In a social network, adoption probability refers to the probability that a social entity will adopt a product, service, or opinion in the foreseeable future. Such probabilities are central to fundamental issues in social network analysis, including the influence maximization problem. In practice, adoption probabilities have significant implications for applications ranging from social network-based target marketing to political campaigns, yet predicting adoption probabilities has not received sufficient research attention. Building on relevant social network theories, we identify and operationalize key factors that affect adoption decisions: social influence, structural equivalence, entity similarity, and confounding factors. We then develop the locally weighted expectation-maximization method for Naïve Bayesian learning to predict adoption probabilities on the basis of these factors. The principal challenge addressed in this study is how to predict adoption probabilities in the presence of confounding factors that are generally unobserved. Using data from two large-scale social networks, we demonstrate the effectiveness of the proposed method. The empirical results also suggest that cascade methods primarily using social influence to predict adoption probabilities offer limited predictive power and that confounding factors are critical to adoption probability predictions. © 2013 INFORMS.",Adoption probability; Bayesian learning; Confounding factor; Entity similarity; Social influence; Social network; Structural equivalence,INFORMS Inst.for Operations Res.and the Management Sciences,scopus-prediction,119,Thinking AI,"['adoption probability', 'social influence', 'target marketing', 'predictive power', 'market analysis']","The abstract discusses the prediction of adoption probabilities in social networks, which is directly related to market analysis and targeting strategies in marketing. The focus on how social influence and other factors affect adoption decisions aligns with the Thinking AI category, particularly in terms of understanding competitive advantages and recommending targets for marketing efforts. The method developed for predicting adoption probabilities also indicates a strategic analysis approach.",0%,0%,100%,0%,0%
Cross-unit competition for a market charter: The enduring influence of structure,Houston M.B.; Walker B.A.; Hutt M.D.; Reingen P.H.,2001,10.1509/jmkg.65.2.19.18256,"Marketing strategists who operate in turbulent markets face a competitive landscape marked by volatility and evolving market structure. As customer requirements change, an organization that stays in alignment with its market will form new business units or alter the market charters of existing business units. In a longitudinal study, the author traced the structural realignment that accompanied a Fortune-500 firm's entry into the Internet market. As the charter moved from a freshly created unit to an established business unit, the authors found supports for the prediction that the former organizational structure will continue to shape the identity, beliefs, and social ties of managers. The study highlights the structural, social, and cognitive factors that must be managed as corporate decision makers search for the best strategy-structure fit for an emerging market opportunity.",,,scopus-prediction,58,Thinking AI,"['competitive landscape', 'customer requirements', 'business units', 'market charters', 'structural realignment', 'organizational structure', 'strategy-structure fit', 'emerging market opportunity']","The abstract discusses how marketing strategists must adapt to changing customer requirements and market volatility, focusing on the structural changes within an organization as it enters the Internet market. This aligns with the Thinking AI category, which emphasizes market analysis, competitive advantages, and the search for effective strategies in response to market opportunities.",10%,0%,80%,0%,10%
The attributes of a cruise ship that influence the decision making of cruisers and potential cruisers,Xie H.; Kerstetter D.L.; Mattila A.S.,2012,10.1016/j.ijhm.2011.03.007,"A never ending challenge for the cruise industry is to convert potential cruisers to cruisers. Grounded in Attribute Knowledge Theory and studies on novelty seeking, this study addressed this challenge by examining the different attributes of a cruise ship that influence the decision making of cruisers and potential cruisers. Using a sample of cruisers and potential cruisers with similar socio-demographics, this study found that they perceive seven dimensions of onboard attributes, but attach different importance to some of them. These results, consistent with the theoretical prediction, provide evidence that the cruise industry should develop different marketing strategies for cruisers and potential cruisers. © 2011.",Attribute Knowledge Theory; Cruiser; Novelty seeking; Potential cruiser,,scopus-prediction,75,Feeling AI,"['cruisers', 'potential cruisers', 'decision making', 'attributes', 'importance', 'marketing strategies']","The abstract discusses the different perceptions and importance of various attributes of cruise ships among cruisers and potential cruisers. This aligns with the focus on customer understanding and emotional needs, as it examines how different segments of customers value attributes differently and suggests tailored marketing strategies. The findings suggest a need to understand and meet the emotional preferences of customers, which is central to Feeling AI.",60%,20%,20%,0%,0%
Expression of green marketing developing the conception of corporate social responsibility; [žaliojo marketingo raiška plėtojant įmonių socialinės atsakomybės koncepciją],Banyte J.; Brazioniene L.; Gadeikiene A.,2010,,"Significant changes of business environment that impact not only the activity of companies but the shift of the basic values and attitudes of the society have been observed recently. The changes within the activity of companies are expressed through the increase of competition within the dynamic market and the change of needs and expectations held by consumers and other stakeholders. It has been noticed that consumers more and more often prefer eco-friendly, safe and ""clean"" products that do not pollute the environment. The changing attitudes of consumers regarding environmental protection, ecology, social responsibility and the change of consumption habits force enterprises to look for new alternatives of activities, where the main principles of corporate social responsibility would be integrated. Recent theoretical as well as practical scientific studies confirm the importance of the development of the corporate social responsibility conception and of its integration into different areas of company activity. In terms of marketing, such changes determine the need to know the new, so called green, consumer and to adapt marketing decisions to the focus on ascertaining the expectations and satisfying the needs of such a consumer. The article assents to the attitude that it is possible to implement corporate social responsibility in the aspect of satisfaction of consumer needs by applying different marketing theories and conceptions. As an increasing amount of attention is given to the questions of green marketing in scientific literature, this area of marketing theory is chosen as the main research object of the article. Based on this it is stated that seeking to fully satisfy the needs of one of the main stakeholders of an enterprise - consumers, it is purposeful to analyse green marketing priorities, which would resound the essential ideas of corporate social responsibility. The main green marketing priorities of an enterprise, analysed in the article, encompass the recognition of expectations and satisfaction of the needs of green consumers, envisagement of the reaction to green marketing decisions, identification of trust in eco-friendly products and prediction of effectiveness of promotion means. The interpretation of quantitative research results, presented in the article, reveals the expression of marketing priorities based on the example of Lithuanian female consumers of eco-friendly food products. It should be noted that although female consumers of eco-friendly food products are resolved to pay more for an eco-friendly product, they are sensitive to price, believe in the high quality of an eco-friendly product and give priority to the needs of environmental protection. It becomes clear that the reliability of an eco-friendly product is associated with the familiarity of a product brand, with safety and environmental consideration; the safety of an eco-friendly product and positive word-of-mouth recommendations are especially significant for the reliability. Summarizing the priorities of the application of promotion means, it was determined that public relations should be treated as the most effective means of promotion. The performed theoretical and empirical research testifies the necessity of green marketing studies and the need for the identification of its priorities and their inclusion in the development of the corporate social responsibility conception.",Corporate social responsibility; Green consumer; Green marketing; Lithuanian market of ecofriendly food products,Kauno Technologijos Universitetas,scopus-prediction,34,Feeling AI,"['eco-friendly', 'consumer needs', 'trust', 'satisfaction', 'emotional preferences', 'environmental protection']","The abstract discusses the changing attitudes of consumers towards eco-friendly products and highlights the importance of understanding their emotional needs and values, such as environmental protection and quality. It emphasizes adapting marketing strategies to resonate with consumers' expectations and emotional preferences, which aligns closely with the focus on customer understanding and relationalization found in the Feeling AI category.",70%,10%,20%,0%,0%
Language symmetry: A force behind persuasion,Yeager J.; Sommer L.,2012,,"Language operates according to rules. Rules mean prediction. The application of these language rules to persuasive campaigns through linguistic technology can result in major gains in advertising, political and marketing outcomes. For qualitative researchers in communications, marketing and messaging, one area of persuasive language technology can be found in the linguistic feature of symmetry. Language has many forms of symmetry, and most persuaders are unaware that a great deal of persuasion depends upon symmetrical message structures. In persuasion, a mirror image or symmetrical reflection of an attitude or opinion is more persuasive than a random or non-symmetrical message or idea. Reading the subtle features of language to create symmetrical responses can create extraordinarily successful results for research and applied persuasive efforts ranging from single interviews to mass marketing campaigns. © 2012: Joseph Yeager, Linda Sommer, and Nova Southeastern University.",Decision prototyping; Linguistic research; Linguistic symmetry; Motivation and decision grammar; Persuasive communications; Predictive motivational profiling; Qualitative research,Peace and Conflict Studies,scopus-prediction,0,Feeling AI,"['persuasion', 'linguistic technology', 'symmetrical message structures', 'customer engagement', 'emotional needs']","The abstract emphasizes the importance of using language and its symmetrical features to enhance persuasion in marketing and communication strategies. It discusses understanding and responding to attitudes, which aligns closely with customer emotional needs and tailoring communication for effective engagement. This aligns with the 'Feeling AI' category, which focuses on customer understanding and emotional preferences.",70%,10%,15%,0%,5%
Brand positivity and competitive effects on the evaluation of brand extensions,Kapoor H.; Heslop L.A.,2009,10.1016/j.ijresmar.2009.05.001,"The dominant approach in brand-extension research has focused on the role of fit in the extension evaluation process. Overemphasis on fit has resulted in research designs that involve singular evaluation of the extension without considering how competing brands in the target category might affect the evaluation of brand extensions. Singular evaluations are known to result in brand positivity effects; that is, brand extensions are evaluated more favorably than is warranted. This research finds that singular evaluations do indeed lead to brand positivity effects. However, brand positivity effects are mitigated when respondents were provided with competitive information along with target-category structure and comparative/non-comparative brand positioning statements. Results also suggest that parent brand-extension fit, though an important determinant of an extension's assessment, plays a less critical role in a comparative evaluation context when an extension's brand strength is accounted for in relation to its competition in the target category. Therefore, the findings stress the importance of both competition and parent-brand fit in making informed positioning decisions and more realistic predictions of extension success. The research demonstrates when, how and to what extent comparative evaluations result in lower extension ratings and provides managerial strategies to introduce an extension effectively. © 2009 Elsevier B.V. All rights reserved.",Brand extensions; Branding; Decision making; Experimental design; Extension evaluation; Market analysis and response; Marketing strategy,,scopus-prediction,30,Thinking AI,"['brand-extension', 'competitive information', 'comparative evaluations', 'brand positioning', 'parent brand fit']","The abstract discusses the evaluation process of brand extensions and how competition affects these evaluations. It highlights the importance of market analysis by considering competitive information and positioning strategies, which aligns closely with the Thinking AI category focused on market analysis and targeting.",10%,5%,85%,0%,0%
Complexity effects in choice experiment-based models,Dellaert B.G.C.; Donkers B.; Van Soest A.,2012,10.1509/jmr.09.0315,"Many firms rely on choice experiment-based models to evaluate future marketing actions under various market conditions. This research investigates choice complexity (i.e., number of alternatives, number of attributes, and utility similarity between the most attractive alternatives) and individual differences in decision time as key factors that affect the predictive performance of models based on choice experiments, both within and between complexity conditions. The results show that complexity and individual decision time not only affect the error in consumer choice models but also consumers' decision strategy and systematic utilities. The authors introduce a complexity-adjusted mixed logit (CAM logit) model to capture the various influences of complexity in choice experiment-based models. They illustrate the consequences of complexity on choice behavior with market share predictions of the CAM logit model for different complexity conditions. © 2012, American Marketing Association.",Choice complexity; Choice experiments; Choice model predictive performance; Choice models; Decision time,American Marketing Association,scopus-prediction,58,Thinking AI,"['choice experiment', 'decision time', 'predictive performance', 'market share predictions', 'complexity']","The abstract discusses the evaluation of marketing actions using choice experiments and highlights the impact of choice complexity and individual decision time on predictive performance. This aligns with the Thinking AI category, which focuses on market analysis and understanding consumer behavior to improve decision-making in marketing strategies. The introduction of a complexity-adjusted mixed logit model also indicates a strategic analytical approach to market dynamics.",0%,0%,100%,0%,0%
College applicants' attitudes and enrollment decisions,Trusheim D.; Crouse J.; Middaugh M.,1990,10.1007/BF00992314,"One potentially useful multivariate procedure somewhat overlooked in admissions marketing efforts is a linear compensatory model presented by Cook and Zallocco (1983). This model defines an individual's attitude about a particular college or university as the importance the individual attaches to a specific attribute of the school, and the belief that the institution under consideration possesses that attribute. In this study we extend the model by investigating the importance of applicants' attitudes about competitor institutions, and by controlling for demographic and ability factors that may affect attitudes. Our research demonstrates that attitudes have a significant, positive relationship to enrollment decisions. As well, we incorporate an attitude difference measure that contrasts applicants' attitudes about one institution compared to admissions competitors. Addition of this variable to the prediction equation substantially improved our ability to forecast an applicant's matriculation decision. © 1990 Human Sciences Press, Inc.",,Kluwer Academic Publishers-Human Sciences Press,scopus-prediction,8,Thinking AI,"['attitudes', 'enrollment decisions', 'competitor institutions', 'applicants', 'matriculation decision']","The abstract discusses the use of a linear compensatory model to analyze applicants' attitudes towards college institutions, including competitors. This analysis helps in understanding how these attitudes influence enrollment decisions, which aligns well with market analysis and targeting strategies in marketing. The focus on predicting matriculation decisions through the incorporation of attitude measures indicates a strategic approach to understanding competitive advantages, fitting the definitions of Thinking AI.",10%,5%,85%,0%,0%
A mathematical programming model for market share prediction,Oral M.; Kettani O.,1989,10.1016/0169-2070(89)90064-2,"The primary objective of the multiattribute models in the area of marketing is to discover the way the consumers make their choice among available alternative products. Discovering the process of choice of the customers serves as a basis for many marketing decisions such as new product planning, advertising message selection, product positioning, pricing, concept testing, sales forecasting, benefit segmentation, personal selling strategy formulation, etc. The multiattribute models proposed for this purpose can be grouped into two classes: (i) models based on mathematical programming techniques, and (ii) models based on statistical techniques. The recent literature surveys indicate that the results obtained from linear programming models show greater stability and better predictive ability. In this study therefore we will concentrate only on the mathematical programming methods of estimation in general and on a new market share prediction model in particular. The main feature of the proposed model is that it recognizes the dependence of attribute weights on attribute scores through a step function. The predictive ability of the model is discussed via a hypothetical numerical example. © 1989.",Market share; Mathematical programming; Multiattribute choice,,scopus-prediction,9,Thinking AI,"['multiattribute models', 'consumer choice', 'predictive ability', 'market share prediction', 'mathematical programming']","The abstract discusses multiattribute models that aim to understand consumer choice among alternative products, which is closely related to market analysis. It focuses on using mathematical programming techniques to predict market share, indicating strategic analysis of consumer behavior and decision-making processes. This aligns with the 'Thinking AI' category which emphasizes market analysis and targeting.",0%,0%,100%,0%,0%
Inventory forecasting with a multiple criteria decision tool,Korpela J.; Tuominen M.,1996,10.1016/0925-5273(95)00136-0,"The strategic role of logistics is increasingly being recognised, and inventory strategy is an essential element of logistics strategy. Demand forecasting is one of the most crucial issues of inventory management as forecasts form the basis for the planning of production, transportation and inventory levels. The traditional methods used for forecasting include time series methods and causal methods. In the paper, we present an Analytic Hierarchy Process-based approach to demand forecasting. The proposed decision support system offers many improvements compared to traditional methods, such as the possibility to include both tangible and intangible factors in the forecasting process, and the ability to make predictions about the future development of the environmental factors.",Analytic Hierarchy Process; Decision support systems; Demand Forecasting,Elsevier,scopus-prediction,40,Thinking AI,"['demand forecasting', 'inventory management', 'decision support system', 'environmental factors', 'tangible and intangible factors']","The abstract discusses an approach to demand forecasting, which is a strategic market analysis tool that helps in planning production, transportation, and inventory levels. The focus on improving forecasting methods aligns with the category of Thinking AI, particularly in market analysis and targeting, as it involves assessing both tangible and intangible factors in predicting future demand. The system presented supports strategic decision-making, which is characteristic of analytical processes used in marketing.",0%,0%,100%,0%,0%
Asymmetric promotion effects and brand positioning,Bronnenberg B.J.; Wathieu L.,1996,10.1287/mksc.15.4.379,"Several studies have shown that promotions of national brands yield more effect than those of store brands; (e.g, Allenby and Rossi 1991, Blattberg and Wisniewski 1989). However the evolution of price-quality data available from Consumer Reports over the last 15 years seems to reveal a reduction of the quality gap between store brands and national brands, while price differences remain substantial. Simultaneously, the share of private label brands has increased (Progressive Grocer 1994). In this context, we study whether we can maintain a view of the world where national brands may easily attract consumers from store brands through promotions, whereas store brands are relatively ineffective in attracting consumers from national brands by such means. We analyze consumer reactions to price discounts in a parsimonious preference model featuring loss aversion and reference-dependence along dimensions of price and quality (Hardie, Johnson, and Fader 1993, Tversky and Kahneman 1991). The key result of our analysis is that, given any two brands, there is an asymmetric promotion effect in favor of the higher quality /higher price brands if and only if the quality gap between the brands is sufficiently large in comparison with the price gap. Thus, the direction of promotion asymmetry is not unconditional. It depends uniquely on the value of the ratio of quality and price differences compared to a category specific criterion, which we call Φ. If the ratio of quality and price differences is larger than this criterion, the usual asymmetry prevails; if such is not the case, the lower quality/ lower price brands promote more effectively. More precisely, our model predicts that cross promotion effects depend on two components of brand positioning in the price/quality quadrant. First, we define a variable termed ""positioning advantage"" that indicates whether, relative to the standards achieved by another brand, a given brand is under-priced (positive advantage) or overpriced (negative advantage). Promotion effectiveness is increasing in this variable. Second, cross promotion effects between two brands depend on their distance in the price/quality quadrant. This variable impacts promotion effectiveness negatively and symmetrically for any pair of brands. ""Positioning advantage"" and ""brand distance"" are orthogonal components of brand positioning, irrespective of the degree of correlation between available price and quality levels in the market. Empirically, we investigate the role of brand positioning in explaining cross promotion effects using panel data from the chilled orange juice and peanut butter categories. We compute the independent positioning variables, ""positioning advantage"" and ""brand distance,"" from readily available data on price and quality positioning after obtaining our estimates of Φ. We next measure promotion effectiveness by estimating choice share changes in response to a price discount, using a choice model that does not contain any information about quality/price ratios. Finally, we test the relation between the two positioning variables and the promotion effectiveness measures. The data reveal that in the orange juice category lower quality/lower price brands generally promote more effectively than higher quality/higher price brands. In the peanut butter data the opposite asymmetry holds. In both cases, inter-brand promotion patterns are well explained by the positioning variables. An attractive feature of our model is that, in addition to the direction of promotion asymmetries, it also explains the extent of those asymmetries. A further interesting aspect of this approach is that we go beyond a categorization of brands into price tiers. For instance, lower tier brands in our data may promote more effectively than one national brand but less effectively than another. Consistent with our theoretical predictions, the data presented here seem to confirm that such cases occur because the lower tier brand offers a favorable trade-off of price and quality differences compared with one national brand and a less favorable trade-off compared with the other. The content of this paper is potentially relevant for brand managers or retailers concerned with predicting the impact of their promotions. The paper is of particular interest to marketing scientists who study the performance of store brands versus national brands and may also appeal to those who wish to explore the marketing implications of behavioral decision theory. Finally, our investigation does not reject Blattberg and Wisniewski's (1989) finding, shared by Allenby and Rossi (1991) and Hardie, Johnson, and Fader (1993), that national brands have a principle advantage in promotion effectiveness. Rather, it formalizes when this principle advantage is overruled by positioning disadvantages of such brands.",Brand choice; Brand positioning; Loss aversion; Promotion; Reference-dependence,Institute for Operations Research and Management Sciences,scopus-prediction,138,Thinking AI,"['promotion effectiveness', 'brand positioning', 'price-quality ratio', 'consumer reactions', 'cross promotion effects', 'market analysis']","The abstract discusses the analysis of consumer reactions to price discounts, the effectiveness of promotions between national and store brands, and the impact of brand positioning on promotion effectiveness. This aligns with the 'Thinking AI' category, which focuses on market analysis and targeting strategies based on consumer behavior and brand positioning insights. The emphasis on analyzing competitive advantages and the conditions under which different brands can attract consumers through promotions illustrates a sophisticated approach to marketing analytics.",10%,0%,90%,0%,0%
ON THE USE OF VERBAL PROTOCOLS IN CONJOINT ANALYSIS STUDIES,Cattin P.,1981,10.1111/j.1540-5915.1981.tb00123.x,"A recent study by Olshavsky and Acito helped gain insight into (a) the decision process used by respondents when asked to do a conjoint task, (b) the predictive validity of conjoint models compared to models derived from verbal protocols, and (c) the reasons for prediction errors. In this article, the author argues that the Olshavsky and Acito results do not lead one to believe that the compensatory conjoint models can be potentially more misleading than models that try to represent more accurately the underlying evaluation process with noncompensatory and compensatory rules. Hence, it does not seem necessary to try to identify noncompensatory rules in a conjoint study. Copyright © 1981, Wiley Blackwell. All rights reserved",Decision Processes; Human Information Processing; Marketing Research.,,scopus-prediction,3,Thinking AI,"['decision process', 'predictive validity', 'conjoint models', 'evaluation process']","The abstract discusses a study focused on the decision-making processes involved in conjoint tasks, predictive validity of models, and the evaluation processes, which aligns well with the categories of market analysis and targeting within Thinking AI. The emphasis on understanding predictive validity and decision processes suggests a strategic analysis approach, fitting the Thinking AI category.",0%,0%,100%,0%,0%
"Consumer choice processes: Search, or automatic response?",Wasson C.R.,1979,10.1007/BF02729685,"The emphasis on consumer decision models implies that purchases largely result from a deliberate conscious search. In truth, purchases of even the new are largely unconcious automatic responses (habits, perceptions, attitudes, roles, ect.). The difficulty the customer experiences in changing such automatic response patterns is the key to understanding the widely disparate rates of adoption and diffusion of successful new products. Forecasting the timing and speed of market growth is crucial for the introducer. A mistake in either direction is serious and may be disastrous. Fortunately, prediction of the expected speed of acceptance is possible once the role of these responses is understood. *** DIRECT SUPPORT *** A00BV020 00006 © 1980 Academy of Marketing Science.",,Springer-Verlag,scopus-prediction,3,Feeling AI,"['unconscious automatic responses', 'habits', 'perceptions', 'attitudes', 'customer understanding', 'emotional responses']","The abstract discusses the unconscious and automatic nature of consumer behavior, highlighting the emotional and perceptual factors that influence purchasing decisions. This aligns with the Feeling AI category, which focuses on understanding customer emotional needs and wants, as well as how these emotional responses affect adoption and diffusion of new products. The emphasis on the difficulty customers have in changing their automatic responses further supports this classification.",60%,20%,15%,0%,5%
Procedural rationality and the need to aggregate,Myers G.M.; Papageorgiou Y.Y.,1997,10.3406/spgeo.1997.1066,"A significant part of theory in economic geography is founded on the paradigm of economic choice behaviour. Some of its predictions, therefore, must be sensitive to the strong simplifications of this paradigm. This is why it seems useful to identify, discuss and evaluate those simplifications as they exist to-day. Toward this end, we compare models of choice behaviour in economics, including the most recent ones, with a standard paradigm of consumer behaviour in psychology and marketing. This comparison can give us a rather good measure of distance between experienced behaviour and economic behaviour, which is used as a basis in some parts of theoretical economic geography.",Choice behaviour; Economic geography; Modelling; Theoretical geography,Editions Belin,scopus-prediction,0,Not Identified,"['economic choice behaviour', 'consumer behaviour', 'economic geography', 'models of choice behaviour']","The abstract discusses theoretical frameworks related to economic choice behaviour and its relationship to consumer behaviour models in psychology and marketing. However, it does not specifically address AI applications or marketing strategies that align with the defined categories of Mechanical AI, Thinking AI, or Feeling AI. Instead, it focuses on theoretical comparisons, which do not neatly fit into the provided classifications.",0%,0%,0%,0%,100%
Applying hedonic pricing models and factorial surveys at Parker Pen to enhance new product success,Tomkovick C.; Dobie K.E.,1995,10.1016/0737-6782(95)00028-R,"Walking the path from new product concept to successful commercialization is a tightrope act. Product developers must carefully balance a variety of factors, including predictions of consumer price sensitivity as well as which combination of product attributes will be most valued by the intended market. A well-chosen mix of analytical tools can enhance a firm's chances of accurately predicting market demand. Chuck Tomkovick and Kathryn E. Dobie describe how the integration of two product attribute assessment techniques-hedonic pricing models and factorial surveys-allows product designer to more accurately gauge price sensitivity and market receptivity to new product designs. They also describe how these analytical tools were used to improve decision-making in product development at the Parker Pen Company, and they discuss the role these tools can play in facilitating the transition from concept to commercialization. Hedonic price analysis is an econometric method for determining the value purchasers place on attributes of existing products. In product development, factorial surveys are used to identify the value members of the target market place on new product concepts and prototypes. When used in combination with identified hedonic prices, the responses to a factorial survey allow product developers to predict consumer willingness-to-pay for various combinations of new product attributes. Following development of prototypes for two new product lines, product developers at the Parker Pen Company used hedonic pricing models and factorial surveys as a means for reducing demand uncertainty and for clarifying what consumers were willing to pay for various combinations of product attributes that were under consideration. The integration and use of these techniques involved a five-step process of target market identification, product attribute identification, hedonic price estimation, administering of the factorial survey, and determination of consumer willingness-to-pay. The results of these analyses allowed Parker Pen to better focus product development efforts on those design elements for which test market customers indicated both demand and willingness-to-pay. The Parker Pen Company found hedonic pricing and factorial surveys useful for predicting both the rat and the degree of change in consumers' marginal utility for specific product attributes. The usefulness of these techniques also extends beyond the early stages of new product conception. These techniques are helpful in the development and implementation of dynamic new product marketing mix strategies, including such elements as product design, pricing, channel selection, and promotion. © 1995.",,,scopus-prediction,14,Thinking AI,"['product development', 'market demand', 'consumer price sensitivity', 'hedonic pricing models', 'factorial surveys', 'willingness-to-pay', 'target market', 'product attributes']","The abstract discusses the use of hedonic pricing models and factorial surveys to analyze market demand and consumer behavior regarding new product concepts. The focus is on predicting consumer willingness-to-pay and identifying valuable product attributes, which aligns with the market analysis and targeting aspects of Thinking AI. It emphasizes strategic decision-making in product development, which is a key component of this category.",0%,0%,100%,0%,0%
Making futures research useful. The practitioner's opportunity,Backer H.S.,1984,10.1016/0016-3287(84)90105-8,"Futures research has a vital and practical contribution to make to the business world, to the improvement of marketing strategy. However, futures researchers need to have increased experience in a business environment to be fully aware of the multiplicity of factors to be considered in formulating a plan for marketing strategy and forecasting business events. Ultimately the futurists' greatest contribution is not one of accurate prediction but of orchestration and coordination of ideas from disparate sources. © 1984.",,,scopus-prediction,2,Thinking AI,"['futures research', 'marketing strategy', 'business events', 'forecasting', 'orchestration', 'coordination']",The abstract discusses the role of futures research in enhancing marketing strategy and emphasizes the importance of understanding multiple factors in business planning. This aligns well with the focus on market analysis and strategic formulation found in Thinking AI. The mention of orchestration and coordination of ideas suggests strategic thinking rather than emotional or mechanical processes.,0%,0%,100%,0%,0%
Lateral influences and vertical authority in organizational buying,Robey D.; Johnston W.J.,1977,10.1016/0019-8501(77)90009-8,"Eight hypotheses are developed to guide research on the prediction of two structural dimensions of organizational buying behavior. The structural dimensions examined are: (1) the extent of lateral influence on buying decisions; and (2) the distribution of vertical authority for buying decisions. Predictor variables include organizational size, environmental diversity, environmental uncertainty, and the scope, complexity, and newness of the purchases themselves. Some implications of the hypotheses for industrial marketing management are also developed. © 1977.",,,scopus-prediction,8,Not Identified,"['organizational buying behavior', 'lateral influence', 'vertical authority', 'predictor variables', 'industrial marketing management']","The abstract discusses hypotheses related to organizational buying behavior and predictors like organizational size and environmental factors, which do not directly align with the emotional, automated, or strategic marketing applications defined in the categories. It primarily focuses on research methodology rather than specific AI applications in marketing.",0%,0%,0%,0%,100%
Decision-making under uncertainty: Capturing dynamic brand choice processes in turbulent consumer goods markets,Erdem T.; Keane M.P.,1996,10.1287/mksc.15.1.1,"We construct two models of the behavior of consumers in an environment where there is uncertainty about brand attributes. In our models, both usage experience and advertising exposure give consumers noisy signals about brand attributes. Consumers use these signals to update their expectations of brand attributes in a Bayesian manner. The two models are (1) a dynamic model with immediate utility maximization, and (2) a dynamic ""forward-looking"" model in which consumers maximize the expected present value of utility over a planning horizon. Given this theoretical framework, we derive from the Bayesian learning framework how brand choice probabilities depend on past usage experience and advertising exposures. We then form likelihood functions for the models and estimate them on Nielsen scanner data for detergent. We find that the functional forms for experience and advertising effects that we derive from the Bayesian learning framework fit the data very well relative to flexible ad hoc functional forms such as exponential smoothing, and also perform better at out-of-sample prediction. Another finding is that in the context of consumer learning of product attributes, although the forward-looking model fits the data statistically better at conventional significance levels, both models produce similar parameter estimates and policy implications. Our estimates indicate that consumers are risk-averse with respect to variation in brand attributes, which discourages them from buying unfamiliar brands. Using the estimated behavioral models, we perform various scenario evaluations to find how changes in marketing strategy affect brand choice both in the short and long run. A key finding obtained from the policy experiments is that advertising intensity has only weak short run effects, but a strong cumulative effect in the long run. The substantive content of the paper is potentially of interest to academics in marketing, economics and decision sciences, as well as product managers, marketing research managers and analysts interested in studying the effectiveness of marketing mix strategies. Our paper will be of particular interest to those interested in the long run effects of advertising. Note that our estimation strategy requires us to specify explicit behavioral models of consumer choice behavior, derive the implied relationships among choice probabilities, past purchases and marketing mix variables, and then estimate the behavioral parameters of each model. Such an estimation strategy is referred to as ""structural"" estimation, and econometric models that are based explicitly on the consumer's maximization problem and whose parameters are parameters of the consumers' utility functions or of their constraints are referred to as ""structural"" models. A key benefit of the structural approach is its potential usefulness for policy evaluation. The parameters of structural models are invariant to policy, that is, they do not change due to a change in the policy. In contrast, the parameters of reduced form brand choice models are, in general, functions of marketing strategy variables (e.g., consumer response to price may depend on pricing policy). As a result, the predictions of reduced form models for the outcomes of policy experiments may be unreliable, because in making the prediction one must assume that the model parameters are unaffected by the policy change. Since the agents in our models choose among many alternative brands, their choice probabilities take the form of higher-order integrals. We employ Monte-Carlo methods to approximate these integrals and estimate our models using simulated maximum likelihood. Estimation of the dynamic forward-looking model also requires that a dynamic programming problem be solved in order to form the likelihood function. For this we use a new approximation method based on simulation and interpolation techniques. These estimation techniques may be of interest to researchers and policy makers in many fields where dynamic choice among discrete alternatives is important, such as marketing, decision sciences, labor and health economics, and industrial organization.",Advertising; Brand choice; Buyer Behavior; Choice Models; Econometric Modelling; Information Processing,Institute for Operations Research and Management Sciences,scopus-prediction,546,Thinking AI,"['Bayesian learning', 'brand choice probabilities', 'policy evaluation', 'advertising strategy', 'consumer behavior', 'risk-averse', 'long run effects']","The abstract focuses on modeling consumer behavior in response to uncertainty about brand attributes, using a Bayesian framework to analyze how past experiences and advertising affect brand choice. It emphasizes the importance of understanding consumer decision-making, risk aversion, and the long-term effects of marketing strategies, which aligns closely with the market analysis and targeting aspects of Thinking AI. The use of structural estimation for policy evaluation also indicates a strategic approach to understanding consumer choices.",5%,5%,85%,0%,5%
The value of marketing expertise,Paşa M.; Shugan S.M.,1996,10.1287/mnsc.42.3.370,"This paper has three objectives: (1) to construct a theoretical model that aids in evaluating marketing expertise, (2) to use that theoretical model to identify factors influencing the value of marketing expertise, and (3) to empirically test the model by observing how different market conditions influence whether companies emphasize marketing expertise. We accomplish these objectives as follows. First, we use decision theory to find an expression for the expected value of marketing expertise. We do not use decision-analysis in the normative tradition. Nor do we assume that firms actually use formal decision-analysis. Rather, we assume that firms are rational and that decision theory describes their actions. Given that assumption, we predict how firms should evaluate marketing. Here, marketing expertise helps a firm make better marketing decisions (at least on average). Hence, the value of marketing expertise increases as marketing decisions become more important. Second, consistent with decision theory, we predict that marketing decisions become more important with increases in the instability of the marketing environment (i.e., predictability), the profit impact of marketing decisions (i.e., opportunity profit), and the loss from marketing mistakes (i.e., potential loss). Third, we construct empirical measures of our theoretical constructs with data from 592 firms. Our empirical results are consistent with our predictions and reveal factors influencing the value of marketing expertise. For example, greater market instability and market presence increase the value of marketing expertise, while larger organization size, organization instability, and competition decrease its value.",Decision Analysis; Expertise; Marketing; Value,INFORMS Inst.for Operations Res.and the Management Sciences,scopus-prediction,31,Thinking AI,"['marketing expertise', 'market conditions', 'decision theory', 'marketing decisions', 'market instability', 'empirical measures']","The abstract focuses on constructing a theoretical model to evaluate marketing expertise and empirically testing it by analyzing how various market conditions impact the importance of marketing decisions. This aligns with the 'Thinking AI' category, particularly in market analysis and targeting, as it involves strategic evaluation and prediction based on decision theory principles. It does not emphasize emotional understanding or automated processes, which are characteristics of the 'Feeling AI' and 'Mechanical AI' categories, respectively.",0%,0%,100%,0%,0%
Using consumer expectations as an input to pricing decisions,Funkhouser G.R.,1992,10.1108/10610429210036780,"Marketing textbooks tend to follow economic theory in their discussions of pricing, but in the real world pricing is an alchemical mixture of costs, competition and consumer psychology. This paper presents experimental evidence that, for at least some purchase situations, consumers' expectations of what a thing ought to cost may be a better predictor of choice between offerings than are the predictions from two well-known theories relating price to consumer behavior. The paper discusses sources of consumer price expectations and ways they are influenced, and it suggests how to improve profits by basing prices on consumers' expectations. © 1992, MCB UP Limited",,,scopus-prediction,0,Feeling AI,"['consumer psychology', 'expectations', 'choice', 'influenced', 'profits']","The abstract discusses how consumer expectations about pricing can significantly influence their choices, aligning with the focus on customer understanding and relationalization in Feeling AI. The emphasis on consumer psychology and the emotional aspects of pricing decisions fits well within this category.",70%,10%,20%,0%,0%
Pioneers' marketing mix reactions to entry in different competitive game structures: Theoretical analysis and empirical illustration,Shankar V.,1997,10.1287/mksc.16.3.271,"Pioneers' marketing mix reactions to new entries are recognized as important determinants of the outcome of pioneer-late mover competition, particularly in price-inelastic markets such as those for pharmaceuticals, cigarettes, and luxury goods. Managers in such markets are interested in better understanding when to accommodate (i.e., decrease marketing spending) or retaliate (i.e., increase spending) in nonprice marketing variables such as advertising and salesforce. In addition, the reallocation of marketing resources toward advertising (indicated by a pull strategy) or salesforce (indicated by a push strategy) upon entry is strategically important to managers. Previous theoretical research shows that pioneers should retaliate in both static and growing markets. Results from empirical research are mixed in that they support both accommodation and retaliation in growing markets. Empirical research also shows that a pioneer accommodates (retaliates) with its low (high) elasticity marketing mix variable. Contrary to prior research, however, some pioneers have successfully accommodated late movers in growing markets, and in some cases, have accommodated with their stronger marketing mix variables and also retaliated with their weaker marketing mix variables. For example, Bristol Myers Squibb's Capoten accommodated the entry of Merck's Vasotec in the growing ace-inhibitors market with its more powerful variable, salesforce, but also retaliated with its less potent variable, advertising. Moreover, not much is known about how the pioneer's marketing mix allocation should change (i.e., toward pull vs. push strategies) in response to new entries. We seek to better explain the pioneer's reactions and predict its shift in marketing mix allocation upon new entry. We note that prior research's predictions on the pioneer's reactions are based on a limited number of key factors such as product-market characteristics and the pioneer's elasticities prior to a new entry. In this paper, we extend previous research by adding two other critical factors, namely, the impact of new entry on the pioneer's elasticities and margin, and different competitive game structures to better predict and explain the pioneer's reactions. We develop analytical results on the pioneer's reactions in price, advertising, and salesforce in different competitive games (both Nash and different leader-follower games). In these results we identify the conditions under which the pioneer should accommodate, or retaliate, or not react to a late mover's entry, and shift its marketing mix allocation toward pull versus push strategies. We empirically illustrate some of the analytical results using data from a pharmaceutical category. We show that a pioneer who adopts a follower (leader) role with respect to a marketing mix variable in a static (growing) market, and witnesses a decrease (an increase) in own elasticity and margin upon a new entry, generally should accommodate (retaliate) in that variable. However, we are also able to show that there are cases where these general reactions don't hold. Thus, for example, it is possible for a pioneer to find it optimal to accommodate in a growing market or to retaliate even when its elasticity decreases upon entry, depending on the combination of competitive game, the impact of entry on elasticities and margin, and market growth. In this way, our results point to the fact that it is necessary to look not only at one factor at a time, but instead examine the combination of all the factors. We explain the empirical support for both accommodation and retaliation in growing markets by showing that the pioneer should accommodate (retaliate) a late mover with its competitively low (high) elasticity marketing mix variable. Competitively high (low) elasticity variables are not (are) likely to be significantly reduced by a new entry in the anticipated competitive game. With regard to reallocation of the pioneer's marketing mix, we show that the change in the pioneer's marketing mix allocation should follow the change in the relative marketing mix effectiveness after new entry. This, in turn, depends on the structure of competition, the impact of the late mover on its elasticities and margins, and the competitor's marketing mix elasticities, in addition to own elasticities. The results can guide managers on how factors such as competitive structure, changes in elasticities and margin, and market growth impact the pioneer's marketing mix decisions, and on when to accommodate, retaliate, or not react to a late mover's entry, and shift marketing mix allocation toward pull versus push strategies.",Competitive Strategy; Defensive Strategy; Econometric Models; Game Theory; Marketing Mix; Resource Allocation Policy,Institute for Operations Research and Management Sciences,scopus-prediction,46,Thinking AI,"['marketing mix', 'competition', 'elasticities', 'retaliate', 'accommodate', 'strategic analysis', 'competitive game structures']","The abstract discusses the strategic responses of pioneers in marketing when faced with new market entrants, focusing on the analysis of competitive dynamics and the effectiveness of different marketing mix allocations. It emphasizes understanding market characteristics and predicting optimal reactions based on elasticity and margins, which aligns with the market analysis focus of 'Thinking AI.'",10%,5%,85%,0%,0%
Cooperatives' shares in farm industries: Organizational and policy factors,Caves R.E.; Petersen B.C.,1986,10.1002/1520-6297(198621)2:1<1::AID-AGR2720020102>3.0.CO;2-0,"Cooperatives compete in farm‐supply and marketing industries with investor‐owned enterprises. Cooperatives' shares should depend on their distinctive organization: dealing “at cost” with members whose equities are tied to their current transactions with the cooperative. We show how this ownership structure affects cooperatives' activities and investment decisions, how it interacts with the public policies affording cooperatives special tax and antitrust status, and what these factors together imply for cooperatives' market shares and the extent of their vertical integration. Available data permit only informal tests of these predictions, but the evidence seems to confirm them strongly. Copyright © 1986 Wiley Periodicals, Inc., A Wiley Company",,,scopus-prediction,20,Thinking AI,"['cooperatives', 'market shares', 'investment decisions', 'public policies', 'competitive advantages']","The abstract discusses how cooperatives operate in competitive markets and how their unique organizational structure influences their activities, market shares, and investment decisions. This aligns with the 'Thinking AI' category, particularly in the focus on market analysis and identifying competitive advantages. The mention of public policies and their interaction with cooperatives further emphasizes strategic analysis relevant to market positioning.",0%,0%,100%,0%,0%
Sales Analysis,Eardley-Simpson J.,1974,10.1108/EUM0000000005077,"The component parts of a sale—period, product, quantity, seller, place, customer, and terms of sale—contain within themselves information relationships whose significance tends to be hidden, or lost, through over-simplification of the idea of what a ‘sale’ is. Also, the forward-looking attitude encouraged by the marketing concept tends to demote past sales information to a role of short-term control of the selline function. However, sales analysis can make a creative contribution towards effective marketing research, prediction and decision-making, particularly if computer handling is applied to facilitate both detailed disaggregation of the information contained in a sale, and speed in its retrieval. © 1974, MCB UP Limited",,,scopus-prediction,0,Thinking AI,"['sales analysis', 'marketing research', 'decision-making', 'data retrieval', 'computer handling']","The abstract discusses the importance of sales analysis in marketing, emphasizing its role in effective research, prediction, and decision-making. It also highlights the value of detailed disaggregation of sales information and speedy retrieval, which aligns with market analysis and strategic targeting. This suggests a focus on understanding the market dynamics and leveraging data for informed decision-making, fitting the characteristics of Thinking AI.",0%,0%,100%,0%,0%
A comparative analysis of multiattribute attitude models,Lindgren J.H.; Konopa L.J.,1980,10.1007/BF02721933,"In the consumer behavior context, multiattribute attitude models used to predict consumer choice in multiple criteria decision making situations have produced mixed results. Prediction of consumer behavior from attitudes, consequently, has been highly debated in recent years with researchers using beliefs-only, full, and extended multiattribute attitude models. The research underlying this paper was designed to compare the predictive superiority of the beliefs-only model, the full multiattribute attitude model, and a new representation identified as the combined multiattribute/determinant attribute attitude model. Data concerning patronage of fast-food chains were collected from a student panel for seven weeks. Predictive superiority was determined by average adjusted R2 using the patronage behavior dependent variable. All models were tested in aggregated and disaggregated form. © 1980 Academy of Marketing Science.",,Springer-Verlag,scopus-prediction,6,Thinking AI,"['consumer behavior', 'multiattribute attitude models', 'predictive superiority', 'data collection', 'patronage behavior']","The abstract discusses the use of multiattribute attitude models to predict consumer choice, indicating a focus on market analysis and predictive analytics. The comparison of different models aligns with the strategic analysis aspect of Thinking AI, specifically in how these models can identify the best predictors of consumer behavior in the context of fast-food patronage.",0%,0%,100%,0%,0%
Pricing decisions under demand uncertainty: A Bayesian mixture model approach,Kalyanam K.,1996,10.1287/mksc.15.3.207,"The advent of optical scanning devices and decreases in the cost of computing power have made it possible to assemble databases with sales and marketing mix information in an accurate and timely manner. These databases enable the estimation of demand functions and pricing/promotion decisions in ""real"" time. Commercial suppliers of marketing research like A. C. Nielsen and IRI are embedding estimated demand functions in promotion planning and pricing tools for brand managers and retailers. This explosion in the estimation and use of demand functions makes it timely and appropriate to re-examine several fundamental issues. In particular, demand functions are latent theoretical constructs whose exact parametric form is unknown. Estimates of price elasticities, profit maximizing prices, interbrand competition and other policy implications are conditional on the parametric form assumed in estimation. In practice, many forms may be found that are not only theoretically plausible but also consistent with the data. The different forms could suggest different profit maximizing prices leaving it unclear as to what is the appropriate pricing action. Specification tests may lack the power to resolve this uncertainty, particularly for non-nested comparisons. Also, the structure of these tests does not permit seamless integration of estimation, specification analysis and optimal pricing into a unified framework. As an alternative to the existing approaches, I propose a Bayesian mixture model (BMM) that draws on Bayesian estimation, inference, and decision theory, thereby providing a unified framework. The BMM approach consists of input, estimation, diagnostic and optimal pricing modules. In the input module, alternate parametric models of demand are specified along with priors. Utility structures representing the decision maker's attitude towards risk can be explicitly specified. In the estimation module, the inputs are combined with data to compute parameter estimates and posterior probabilities for the models. The diagnostic module involves testing the statistical assumptions underlying the models. In the optimal pricing module the estimates and posterior probabilities are combined with the utility structure to arrive at optimal pricing decisions. Formalizing demand uncertainty in this manner has many important payoffs. While the classical approaches emphasize choosing a demand specification, the BMM approach emphasizes constructing an objective function that represents a mixture of the specifications. Hence, pricing decisions can be arrived at even when there is no consensus among the different parametric specifications. The pricing decisions will reflect parametric demand uncertainty, and hence be more robust than those based on a single demand model. The BMM approach was empirically evaluated using store level scanner data. The decision context was the determination of equilibrium wholesale prices in a noncooperative game between several leading national brands. Retail demand was parametrized as semilog and doublelog with diffuse priors for the models and the parameters. Wholesale demand functions were derived by incorporating the retailers' pricing behavior in the retail demand function. Utility functions reflecting risk averse and risk neutral decision makers were specified. The diagnostic module confirms that face validity measures, residual analysis, classical tests or holdout predictions were unable to resolve the uncertainty about the parametric form and by implication the uncertainty with regard to pricing decisions. In contrast, the posterior probabilities were more conclusive and favored the specification that predicted better in a holdout analysis. However, across the brands, they lacked a systematic pattern of updating towards any one specification. Also, none of the priors updated to zero or one, and there was considerable residual uncertainty about the parametric specification. Despite the residual uncertainty, the BMM approach was able to determine the equilibrium wholesale prices. As expected, specifications influence the BMM pricing solutions in accordance with their posterior probabilities which act as weights. In addition, differing attitudes towards risk lead to considerable divergence in the pricing actions of the risk averse and the risk neutral decision maker. Finally, results from a Monte Carlo experiment suggest that the BMM approach performs well in terms of recovering potential improvements in profits.",Bayesian econometrics; Decision theory; Demand structures; Nonnested models; Pricing; Regression; Scanner data,Institute for Operations Research and Management Sciences,scopus-prediction,43,Mechanical AI,"['pricing', 'demand functions', 'Bayesian mixture model', 'data', 'estimation', 'optimal pricing', 'scanner data']","The abstract focuses on the use of databases and statistical models to analyze demand functions and inform pricing decisions, which aligns with the mechanical aspects of data collection and processing in marketing. It discusses the integration of estimation and pricing tools, indicating an automated approach to price setting and data analysis. While there are elements of market analysis, the predominant theme is on the mechanization of data handling and processing for making pricing decisions.",10%,70%,20%,0%,0%
Consumption self-control by rationing purchase quantities of virtue and vice,Wertenbroch K.,1998,10.1287/mksc.17.4.317,"Consumers' attempts to control their unwanted consumption impulses influence many everyday purchases with broad implications for marketers' pricing policies. Addressing theoreticians and practitioners alike, this paper uses multiple empirical methods to show that consumers voluntarily and strategically ration their purchase quantities of goods that are likely to be consumed on impulse and that therefore may pose self-control problems. For example, many regular smokers buy their cigarettes by the pack, although they could easily afford to buy 10-pack cartons. These smokers knowingly forgo sizable per-unit savings from quantity discounts, which they could realize if they bought cartons; by rationing their purchase quantities, they also self-impose additional transactions costs on marginal consumption, which makes excessive smoking overly difficult and costly. Such strategic self-imposition of constraints is intuitively appealing yet theoretically problematic. The marketing literature lacks operationalizations and empirical tests of such consumption self-control strategies and of their managerial implications. This paper provides experimental evidence of the operation of consumer self-control and empirically illustrates its direct implications for the pricing of consumer goods. Moreover, the paper develops a conceptual frame-work for the design of empirical tests of such self-imposed constraints on consumption in consumer goods markets. Within matched pairs of products, we distinguish relative ""virtue"" and ""vice"" goods whose preference ordering changes with whether consumers evaluate immediate or delayed consumption consequences. For example, ignoring long-term health effects, many smokers prefer regular (relative vice) to light (relative virtue) cigarettes, because they prefer the taste of the former. However, ignoring these short-term taste differences, the same smokers prefer light to regular cigarettes when they consider the long-term health effects of smoking. These preference orders can lead to dynamically inconsistent consumption choices by consumers whose tradeoffs between the immediate and delayed consequences of consumption depend on the time lag between purchase and consumption. This creates a potential self-control problem, because these consumers will be tempted to overconsume the vices they have in stock at home. Purchase quantity rationing helps them solve the self-control Problem by limiting their stock and hence their consumption opportunities. Such rationing implies that, per purchase occasion, vice consumers will be less likely than virtue consumers to buy larger quantities in response to unit price reductions such as quantity discounts. We first test this prediction in two laboratory experiments. We then examine the external validity of the results at the retail level with a field survey of quantity discounts and with a scanner data analysis of chain-wide store-level demand across a variety of different pairs of matched vice (regular) and virtue (reduced fat, calorie, or caffeine, etc.) product categories. The analyses of these experimental, field, and scanner data provide strong convergent evidence of a characteristic crossover in demand schedules for relative vices and virtues for categories as diverse as, among others, potato chips, chocolate chip cookies, cream cheese, beer, soft drinks, ice cream and frozen yogurt, chewing gum, coffee, and beef and turkey bologna. Vice consumers' demand increases less in response to price reductions than virtue consumers' demand, although their preferences are not generally weaker for vices than for virtues. Constraints on vice purchases are self-imposed and strategic rather than driven by simple preferences. We suggest that rationing their vice inventories at the point of purchase allows consumers to limit subsequent consumption. As a result of purchase quantity rationing, however, vice buyers forgo savings from price reductions through quantity discounts, effectively paying price premiums for the opportunity to engage in self-control. Thus, purchase quantity rationing vice consumers are relatively price insensitive. From a managerial and public policy perspective, our findings should offer marketing practitioners in many consumer goods industries new opportunities to increase profits through segmentation and price discrimination based on consumer self-control. They can charge premium prices for small sizes of vices, relative to the corresponding quantity discounts for virtues. Virtue consumers, on the other hand, will buy larger amounts even when quantity discounts are relatively shallow. A key conceptual contribution of this paper lies in showing how marketing researchers can investigate a whole class of strategic self-constraining consumer behaviors empirically. Moreover, this research is the first to extend previous, theoretical work on impulse control by empirically demonstrating its broader implications for marketing decision making.",Intertemporal choice; Pricing policy; Product policy; Segmentation; Self-control,Institute for Operations Research and Management Sciences,scopus-prediction,568,Thinking AI,"['consumer self-control', 'impulse consumption', 'pricing policies', 'market analysis', 'purchase quantity rationing', 'demand schedules']","The abstract discusses consumer behavior related to self-control and impulse purchases, providing insights into how consumers ration their purchases to manage consumption. It emphasizes empirical testing and the implications for pricing strategies, indicating a focus on market analysis and targeting specific consumer segments based on their behavior. This aligns closely with the Thinking AI category, which focuses on market analysis, targeting, and personalization based on customer preferences.",15%,10%,70%,0%,5%
"Demand, marketing and time",Lowe J.,1973,10.1108/EUM0000000005105,"The use of economic theories in predicting and understanding consumer behaviour has been neglected by marketing practitioners and theorists. This may not be surprising when we consider what traditional economic demand theory has to offer. The purpose of this paper is to discuss extensions to the traditional theories, emphasizing in particular the derived nature of demand for many consumer, as well as capital goods, and also the influence of time on consumption. From the revised corpus of theory, it is hoped that some valuable predictions about consumer behaviour can be made, that may aid our understanding and decision-making in certain spheres of marketing. © 1973, MCB UP Limited",,,scopus-prediction,0,Thinking AI,"['economic theories', 'consumer behaviour', 'demand', 'predictions', 'decision-making']","The abstract discusses the application of economic theories to predict and understand consumer behavior, which aligns with market analysis and strategic decision-making. The focus on understanding demand and the influence of time on consumption suggests a methodical approach to analyzing market dynamics, which is characteristic of Thinking AI.",0%,0%,100%,0%,0%
A new logit model for decision making and its application,Coskunoglu O.; Hansotia B.J.; Shaikh M.A.,1985,10.1057/jors.1985.5,"Logit models attempt to answer the following question. Given a set of alternatives, each with multiple attributes, what is the probability that a decision maker will choose a certain alternative? Initially psychologists, then economists and marketing strategists, more recently transportation policy makers and design engineers have employed logit models. A brief review of these models is given in an attempt to show their relevance to more general decision-making situations, and their descriptiveness of human decision-making processes. A new model which synthesizes the desirable features of earlier models is then presented. The new model is applied to an actual case of predicting customer purchase probabilities for a particular brand of an industrial product. The prediction capability of the model is externally validated statistically, using real data, by comparing model results with the actual market share of the company. © 1985 Operational Research Society Ltd.",Decision making; Marketing; Probabilistic choice; Utility theory,,scopus-prediction,5,Thinking AI,"['logit models', 'decision making', 'customer purchase probabilities', 'market share', 'predicting']","The abstract discusses logit models and their application in predicting customer purchase probabilities, which aligns with market analysis and targeting strategies. The focus on probability of choice and validation against market share indicates a strong reliance on analytical methods to understand customer behavior, characteristic of Thinking AI.",0%,0%,100%,0%,0%
"Human versus virtual influences, a comparative study",Belanche D.; Casaló L.V.; Flavián M.,2024,10.1016/j.jbusres.2023.114493,"Influencer marketing aims to promote brands and influence consumer decisions, and recent technological advances have created options for non-human, virtual influencers. Such developments suggest the need to determine whether the effects of virtual influencers on consumer decisions differ from those of human influencers, depending on the type of product they are promoting. With a 2 (virtual vs. human influencer) × 2 (utilitarian vs. hedonic product) experimental design, using Instagram influencer posts and data from 275 participants, the current research establishes that the type of influencer does not affect intentions to adopt recommendations. But the influence process varies by type of influencer: Virtual influencers’ recommendations appear more useful, especially for utilitarian products, but consumers identify more with human influencers’ posts. Both usefulness and identification increase intention to adopt influencers’ recommendation. Overall, these results suggest that, while virtual influencers should endorse utilitarian products, human influencers should be hired to endorse hedonic products. © 2023 The Author(s)",Behavioral intention; Human influencer; Identification; Type of product; Usefulness; Virtual influencer,Elsevier Inc.,scopus-recommendation,34,Feeling AI,"['influence', 'consumer decisions', 'identification', 'emotional needs', 'usefulness']","The abstract discusses the effects of virtual versus human influencers on consumer decisions, highlighting the emotional aspects of consumer identification with influencers and the usefulness of recommendations. This relates to customer understanding and the emotional connection consumers have with influencers, which aligns with the Feeling AI category. The findings emphasize how different types of influencers resonate emotionally with consumers based on the nature of the products they promote.",60%,10%,30%,0%,0%
Understanding digitally enabled complex networks: a plural granulation based hybrid community detection approach,Gupta S.; Deodhar S.,2024,10.1108/ITP-10-2020-0682,"Purpose: Communities representing groups of agents with similar interests or functions are one of the essential features of complex networks. Finding communities in real-world networks is critical for analyzing complex systems in various areas ranging from collaborative information to political systems. Given the different characteristics of networks and the capability of community detection in handling a plethora of societal problems, community detection methods represent an emerging area of research. Contributing to this field, the authors propose a new community detection algorithm based on the hybridization of node and link granulation. Design/methodology/approach: The proposed algorithm utilizes a rough set-theoretic concept called closure on networks. Initial sets are constructed by using neighborhood topology around the nodes as well as links and represented as two different categories of granules. Subsequently, the authors iteratively obtain the constrained closure of these sets. The authors use node mutuality and link mutuality as merging criteria for node and link granules, respectively, during the iterations. Finally, the constrained closure subsets of nodes and links are combined and refined using the Jaccard similarity coefficient and a local density function to obtain communities in a binary network. Findings: Extensive experiments conducted on twelve real-world networks followed by a comparison with state-of-the-art methods demonstrate the viability and effectiveness of the proposed algorithm. Research limitations/implications: The study also contributes to the ongoing effort related to the application of soft computing techniques to model complex systems. The extant literature has integrated a rough set-theoretic approach with a fuzzy granular model (Kundu and Pal, 2015) and spectral clustering (Huang and Xiao, 2012) for node-centric community detection in complex networks. In contributing to this stream of work, the proposed algorithm leverages the unexplored synergy between rough set theory, node granulation and link granulation in the context of complex networks. Combined with experiments of network datasets from various domains, the results indicate that the proposed algorithm can effectively reveal co-occurring disjoint, overlapping and nested communities without necessarily assigning each node to a community. Practical implications: This study carries important practical implications for complex adaptive systems in business and management sciences, in which entities are increasingly getting organized into communities (Jacucci et al., 2006). The proposed community detection method can be used for network-based fraud detection by enabling experts to understand the formation and development of fraudulent setups with an active exchange of information and resources between the firms (Van Vlasselaer et al., 2017). Products and services are getting connected and mapped in every walk of life due to the emergence of a variety of interconnected devices, social networks and software applications. Social implications: The proposed algorithm could be extended for community detection on customer trajectory patterns and design recommendation systems for online products and services (Ghose et al., 2019; Liu and Wang, 2017). In line with prior research, the proposed algorithm can aid companies in investigating the characteristics of implicit communities of bloggers or social media users for their services and products so as to identify peer influencers and conduct targeted marketing (Chau and Xu, 2012; De Matos et al., 2014; Zhang et al., 2016). The proposed algorithm can be used to understand the behavior of each group and the appropriate communication strategy for that group. For instance, a group using a specific language or following a specific account might benefit more from a particular piece of content than another group. The proposed algorithm can thus help in exploring the factors defining communities and confronting many real-life challenges. Originality/value: This work is based on a theoretical argument that communities in networks are not only based on compatibility among nodes but also on the compatibility among links. Building up on the aforementioned argument, the authors propose a community detection method that considers the relationship among both the entities in a network (nodes and links) as opposed to traditional methods, which are predominantly based on relationships among nodes only. © 2021, Emerald Publishing Limited.",Cohesion; Community; Decision support; IT artifact; Network analysis; Social computing,Emerald Publishing,scopus-recommendation,4,Thinking AI,"['community detection', 'customer trajectory patterns', 'targeted marketing', 'social media users', 'peer influencers', 'behavior understanding', 'communication strategy']","The abstract discusses a community detection algorithm that can analyze complex networks, which can be applied to marketing analytics for understanding customer behaviors and tailoring marketing strategies. It emphasizes the importance of identifying communities for targeted marketing and understanding customer interactions, which aligns with the 'Thinking AI' focus on market analysis and targeting.",10%,0%,90%,0%,0%
Reimagining service provider influence: how they embrace and promote sustainability,Hickman T.M.; Stoica M.,2025,10.1108/JSM-03-2024-0121,"Purpose: This study aims to advance services marketing research by examining how credence claims, such as sustainability messaging, shape social norms and decision-making behaviors among professional service providers (PSPs). It introduces a typology of PSPs based on their integration of sustainability expertise and normative beliefs. In doing so, the study demonstrates service providers’ role in influencing brand recommendations. By positioning PSPs as intermediaries who translate sustainability knowledge into actionable guidance, the research highlights how credible eco-claims drive pro-social behaviors, underscoring the importance of services marketing in promoting pro-environmental actions and fostering societal change. Design/methodology/approach: A sample of 467 veterinarians were contacted from across North America with the assistance of a major pet food supplier. Structural equation modeling measured the degree to which social norms, a belief in eco-claims and sustainability expertise shaped sustainability importance for professionals. A post hoc 2 × 2 typology placed professionals in quadrants based on eco-related factors, with sustainability-based brand recommendations analyzed based on their quadrant placement. Findings: Social norms and sustainability expertise were instrumental in predicting the importance of professionals’ environmental stewardship. The typology determined that each quadrant of professionals reported significantly different likelihoods of recommending eco-friendly products to their clients. Originality/value: This study introduces a novel perspective in services marketing by linking sustainability messaging to social norms and decision-making. It presents a unique typology of PSP profiles based on sustainability expertise and normative influences. By positioning PSPs as intermediaries who translate sustainability knowledge into actionable guidance, the research emphasizes the service sector’s capability of driving pro-environmental behaviors and advancing sustainable practices. © 2024, Emerald Publishing Limited.",Corporate social responsibility; Professional services; Sustainability,Emerald Publishing,scopus-recommendation,0,Feeling AI,"['sustainability messaging', 'social norms', 'decision-making', 'pro-social behaviors', 'environmental stewardship', 'eco-friendly products']","The abstract focuses on how sustainability messaging influences social norms and decision-making behaviors among professional service providers. This aligns with the 'Feeling AI' category, which emphasizes understanding customer emotional needs and wants, as well as developing positioning that resonates with customers. The study's findings about the importance of social norms and pro-environmental behaviors suggest a deep understanding of how emotional and normative factors impact customer relations and decision-making processes, making it relevant to customer engagement strategies.",60%,10%,30%,0%,0%
Investigating the influence of omnichannel retailing on consumer decision making in the Jordanian market,Al-Adamat A.M.; Alserhan A.F.; Almomani H.M.; Alserhan J.A.; Alkhawaldeh A.E.,2024,10.5267/j.uscm.2024.6.014,"The present research investigates the use of omnichannel retailing and its influence on the Jordanian market, focusing on four important dimensions: integration, fulfilment, usability, and seamlessness. This study attempts to answer how strategies of omnichannel affect purchase-decisions and satisfaction of customers among students at private universities in Jordan as expectations for integrated purchase experiences that combine physical and digital channels continue to rise. Using Structural Equation Modelling (SEM), this study empirically examines the relationships between various dimensions of omnichannel retailing and consumer decision-making. The findings reveal that strong integration across sales channels, fast delivery options, simple interfaces, and seamless transitions significantly enhance consumer decision-making. This underscores the importance of robust infrastructure facilities, dependable information availability options, flexible fulfillment methods, user-friendly interface designs as well as a smooth customer support system which all together make for a great shopping experience. Thus, local retailers are given clear recommendations to invest in current systems by diversifying their delivery alternatives, improving mobile platforms, and using data analytics to match marketing efforts. The main focus of this paper is effective merchandising practices that can help retailers connect with consumers effectively during changing market situations. Moreover, there are several lessons from this research for businesses operating under stiff competition but with the increasing needs of modern-day consumers. © 2024 by the authors; licensee Growing Science, Canada.",Consumer Decision Making; Jordan; Omnichannel Retailing; Privet Universities; Students,Growing Science,scopus-recommendation,0,Thinking AI,"['omnichannel retailing', 'purchase-decisions', 'customer satisfaction', 'market analysis', 'data analytics', 'consumer decision-making']","The abstract focuses on analyzing the impact of omnichannel retailing strategies on consumer purchase decisions and satisfaction. This involves understanding how different dimensions of retailing (integration, fulfilment, usability, seamlessness) relate to customer behavior, which aligns with the market analysis focus of Thinking AI. Additionally, the study suggests recommendations based on findings, indicating a strategic analysis of how to target and personalize marketing efforts in a competitive environment.",0%,0%,100%,0%,0%
Broadening Influence: Scale Development for Subjective Norms Across Extended Social Groups in Green Purchasing,Wibowo S.F.; Najib M.; Sumarwan U.; Asnawi Y.H.,2024,10.59429/esp.v9i8.2940,"Green consumption is integral in pursuing the Sustainable Development Goals (SDGs), stressing the importance of individual and collective decision-making. Despite adding the descriptive norm dimension, the subjective norms scale neglects the importance of broader reference groups. This study aims to develop a multidimensional scale to measure subjective norms in green consumption, incorporating both specific and general social pressures, addressing the limitations of the Theory of Planned Behavior (TPB), which traditionally focuses on specific reference groups. This exploratory study incorporates a pilot study with 200 participants and a main investigation with 300 participants, all chosen with a purposive sampling technique. The study's participants were consumers aged 18 and older with prior experience purchasing coffee who were aware of organic coffee and were deliberating about purchasing organic coffee products. Analysis techniques included item-to-total correlation, Cronbach's alpha, and Exploratory Factor Analysis (EFA). In the conducted pilot and main studies, the developed scale, comprising 14 items, exhibited robust reliability and validity. The findings elucidate that subjective norms influencing green consumption are informed by significant social networks and broader societal trends, thus offering an exhaustive delineation of the determinants that influence environmentally sustainable behaviors. Practical recommendations were articulated for both retailers and governmental entities aiming to foster organic coffee consumption. These include the strategic enhancement of marketing initiatives to highlight the communal endorsement of organic coffee by both specific and general social collectives and formulating policies and incentives that promote organic agriculture and sustainable practices. By integrating a broad spectrum of social influences, the scale development introduced in this study advances the understanding of consumer behavior and sustainability. © 2024 by author(s).",general reference group; multidimensional scale; organic coffee; subjective norms; sustainable consumption,Arts and Science Press Pte. Ltd.,scopus-recommendation,1,Feeling AI,"['subjective norms', 'social networks', 'consumer behavior', 'sustainability', 'emotional data']","The abstract focuses on understanding consumer behavior in relation to green consumption, particularly how subjective norms and social influences impact purchasing decisions. This aligns with the 'Feeling AI' category as it emphasizes customer understanding and the emotional drivers behind consumption choices. The study offers practical recommendations for enhancing marketing initiatives that resonate with consumer emotions and societal trends, indicating a strong connection to the relational aspects of marketing.",70%,10%,20%,0%,0%
Consumer-side fairness in recommender systems: a systematic survey of methods and evaluation,Vassøy B.; Langseth H.,2024,10.1007/s10462-023-10663-5,"In the current landscape of ever-increasing levels of digitalization, we are facing major challenges pertaining to data volume. Recommender systems have become irreplaceable both for helping users navigate the increasing amounts of data and, conversely, aiding providers in marketing products to interested users. Data-driven models are susceptible to data bias, materializing in the bias influencing the models’ decision-making. For recommender systems, such issues are well exemplified by occupation recommendation, where biases in historical data may lead to recommender systems relating one gender to lower wages or to the propagation of stereotypes. In particular, consumer-side fairness, which focuses on mitigating discrimination experienced by users of recommender systems, has seen a vast number of diverse approaches. The approaches are further diversified through differing ideas on what constitutes fair and, conversely, discriminatory recommendations. This survey serves as a systematic overview and discussion of the current research on consumer-side fairness in recommender systems. To that end, a novel taxonomy based on high-level fairness definitions is proposed and used to categorize the research and the proposed fairness evaluation metrics. Finally, we highlight some suggestions for the future direction of the field. © The Author(s) 2024.",Consumer-side fairness; Fairness; Recommender systems; Survey,Springer Nature,scopus-recommendation,3,Thinking AI,"['recommender systems', 'data bias', 'consumer-side fairness', 'discrimination', 'fairness evaluation']","The abstract discusses recommender systems and their role in marketing products to users while addressing issues of data bias and fairness in recommendations. This aligns with the 'Thinking AI' category, which focuses on market analysis, targeting, and personalization. The emphasis on evaluating fairness in recommendations and mitigating discrimination indicates a strategic analysis of user preferences and behaviors.",10%,20%,70%,0%,0%
INNOVATIVE MARKETING STRATEGIES IN THE COMPETITIVE ECONOMIC ENVIRONMENT IN SUSTAINABLE DEVELOPMENT GOALS (SDGS): A CASE STUDY OF TOP GLOVE MANUFACTURERS IN MALAYSIA,Lim S.T.; Haque R.; Safiyuddin F.S.; Hakimi N.B.; Noordin N.B.M.; Manickam L.,2024,10.47172/2965-730X.SDGsReview.v4.n04.pe02491,"Objective: The aim is to identify the key marketing strategies implemented by the manufacturers to achieve growth and sustainable development goals (SDGs) market leadership by glove-producing companies in Malaysia in the highly competitive global marketplace. Theoretical Framework: This paper contributes to the existing literature on the marketing strategies practiced in the manufacturing industries, mainly focusing on the glove manufacturing industry in Malaysia, which ranks as the global supplier of hand gloves in the industrial and medical categories. Taken in total, this work provides a refined appreciation of marketing and innovation’s relationship within a particular sector, and it does so by examining how those Malaysian glove makers who contest global markets leverage creativity in their marketing strategies in response to supply chain interruptions, approving bodies, and shifts in international buying trends. Methodology: Following a case study approach, this study focuses on large glove manufacturers in Malaysia; Top Glove is a crucial player. Hence, secondary sources will be adopted during the data collection stage. Perceptual data is also gathered from workers of key executives, marketing managers, and other industry professionals, which gives a picture of these business entities' marketing campaigns and strategic decision-making procedures. Industry journals, company reports, and market study papers validate secondary data. Results and Discussion: This study reveals that policymakers, manufacturing businesses, and marketing scholars can learn about the necessity of niche-based policies and friendly legal environments to boost innovation and competitiveness within manufacturing industries. It provides recommendations on creating a favorable climate for employing innovative marketing strategies and the possible enlargement of home-based businesses internationally. Originality/Value: Based on the findings and insights gathered from the research on innovative marketing strategies in the competitive global economic environment, particularly focusing on the case study of top glove manufacturers in Malaysia, several recommendations can be proposed to guide businesses in enhancing their marketing approaches and organizational performance. © 2024, Editora Alumni In. All rights reserved.",digitization; glove industry; innovation; policymakers; prioritizing; sustainable development goals (SDGs),Editora Alumni In,scopus-recommendation,1,Thinking AI,"['marketing strategies', 'market leadership', 'competitive global marketplace', 'innovation', 'targeting', 'niche-based policies', 'competitiveness']","The abstract focuses on identifying key marketing strategies for glove manufacturers in Malaysia to achieve growth and market leadership. This involves analyzing market dynamics, understanding competitive advantages, and how companies respond to supply chain interruptions and international buying trends. These elements align closely with the 'Market analysis' and 'Targeting' aspects of Thinking AI, which emphasizes the use of marketing analytics to gain insights into competition and recommend best targets. The emphasis on strategic decision-making and recommendations for enhancing marketing approaches further supports this classification.",0%,0%,100%,0%,0%
Hospitality in the age of Gen Z: a critical reflection on evolving customer and workforce expectations,Seyfi S.; Vo-Thanh T.; Zaman M.,2024,10.1108/IJCHM-01-2024-0035,"Purpose: Gen Z, the largest and fastest-growing consumer generation, is transforming the hospitality industry as both customers and employees. By critically synthesizing empirical literature, this study aims to explore how this generation’s distinct behaviors are reshaping customer expectations and workforce trends within the sector. Design/methodology/approach: A critical synthesis of empirical studies was used to examine current research on Gen Z as customers and employees in the hospitality industry. Findings: Gen Z exhibits distinct preferences and expectations in their dual roles as customers and employees, prompting substantial shifts in hospitality industry standards and practices. They rely heavily on digital channels and peer recommendations when making travel decisions and expect highly personalized, tech-enabled experiences. This young cohort of travelers values unique, authentic and sustainable offerings. As employees, Gen Z prioritizes flexible work arrangements, career growth and workplaces aligned with sustainability, diversity and social responsibility. Hospitality providers must adapt their customer experience, marketing and HR strategies to meet these evolving demands. Practical implications: To engage Gen Z customers and employees in the hospitality industry effectively, businesses must prioritize personalized experiences, leverage technology and adopt sustainable practices aligned with Gen Z’s social and environmental values. Moreover, offering adaptable work environments with remote opportunities and investing in professional development enhances appeal for Gen Z employees. Understanding Gen Z’s values and behaviors can help businesses improve customer satisfaction, attract top talent and remain competitive in a rapidly evolving market. Originality/value: This study represents a preliminary endeavor to provide a critical assessment of Gen Z in the hospitality and tourism sector, offering novel insights into their travel behaviors, preferences and work values. It explores their expectations, attitudes toward work and career choices, offering guidance on how businesses can meet the evolving demands of this key demographic. © 2024, Siamak Seyfi, Tan Vo-Thanh and Mustafeed Zaman.",Digital savvy; Gen Z behavior; Generational change; Hospitality career perceptions; Hospitality workforce,Emerald Publishing,scopus-recommendation,2,Feeling AI,"['customer expectations', 'personalized experiences', 'sustainable practices', 'social responsibility', 'emotional needs']","The abstract focuses on understanding Gen Z's distinct preferences and expectations as both customers and employees in the hospitality industry. It emphasizes the importance of personalized experiences and aligning business practices with Gen Z's values, such as sustainability and social responsibility. This aligns closely with the Feeling AI category, which focuses on customer understanding and emotional needs. The abstract also mentions the need to adapt strategies to enhance customer satisfaction and engagement, further supporting its classification under Feeling AI.",70%,10%,20%,0%,0%
Fuzzy decision tree based online precision marketing method for brand products on the internet,Liu C.,2024,10.1504/IJPD.2024.143258,"In order to solve the problems of poor user satisfaction, low user purchase rate and low recommendation accuracy in current brand product marketing methods, this paper proposes an online precision marketing method for brand products based on fuzzy decision trees. Firstly, collect and obtain user characteristics of brand products driven by internet data; secondly, construct a user influence relationship model and a user preference and interest model for the product; again, classify brand product data features based on fuzzy decision trees; finally, precise online marketing of brand product users is achieved through cosine similarity calculation. The experimental outcomes demonstrate that the marketing satisfaction achieved by the approach introduced in this article consistently exceeds 92%, reaching a peak user purchase rate of 52.18% and attaining a maximum accuracy of 95.08% in product recommendations. The approach outlined in this article can significantly enhance the efficacy of data-driven online precision marketing strategies for brand products. Copyright © 2024 Inderscience Enterprises Ltd.",fuzzy decision tree; interest model; online marketing; precision marketing; user characteristics,Inderscience Publishers,scopus-recommendation,0,Thinking AI,"['user characteristics', 'recommendation accuracy', 'user purchase rate', 'marketing satisfaction', 'cosine similarity calculation']","The abstract discusses the development of a precision marketing method that uses user characteristics and data analysis to improve user satisfaction and purchase rates. It emphasizes the use of models for user influence and preferences, as well as classification based on fuzzy decision trees, which aligns closely with market analysis and targeting. The high accuracy in product recommendations and purchase rates suggests a focus on strategic analysis and personalized targeting, typical of Thinking AI applications.",10%,30%,60%,0%,0%
