Title,Authors,Year,DOI,Abstract,Keywords,Publisher,Source,Cited,classification,keywords,rationale,Feeling AI,Mechanical AI,Thinking AI,Out of Scope,Not Identified
Gastronomic Curiosity and Consumer Behavior: The Impact of Television Culinary Programs on Choices of Food Services,Gajdzik B.; Jaciow M.; Wolniak R.; Wolny R.,2024,10.3390/foods13010115,"In highly developed countries, more and more people use culinary services. Cooking at home, for the family, is giving way to culinary services. Consumers either order food home or use the offers of restaurants and bars. Consumers’ choice of culinary form may be influenced by cooking television programs. Many TV stations broadcast cooking programs. This study examined the impact of television culinary programs on consumer behavior in the restaurant services market. The article examines the interplay of emotional responses, personality traits, and culinary preferences to understand how TV cooking programs influence dining decisions. The study was conducted using the CAWI method, which involved 742 respondents. The study, conducted between May 2021 and April 2022, was addressed to people who visited restaurants presented in the Polish culinary TV show titled “Kitchen Revolutions”. The study revealed that almost 3/4 of the respondents chose restaurants based on the program’s recommendations. Although there was a strong emotional connection with this program—nearly half of the respondents expressed delight in the taste of snacks and main courses—this did not always translate into an increased frequency of eating meals away from home. Only every third respondent said that the program influenced their gastronomic behavior. The research hypotheses examined the extent to which culinary TV shows influence the frequency of visits to restaurants, the perceived quality of life, and the influence on consumers with specific personality traits. The results partially supported the hypothesis that cooking programs on television encourage people to eat out more often, but the perceived impact on quality of life and on some personality traits was less clear. The article contributes to the understanding of consumer behavior in the food service market by highlighting the complex dynamics of emotional reactions, personality traits, and the impact of culinary television programs. The findings have practical implications for the restaurant industry, suggesting a focus on emotional impact, food quality and presentation, and targeting marketing strategies towards consumers who are open to new experiences and ready to experiment. © 2023 by the authors.",consumer behaviors; culinary programs; food choices; gastronomic consumer; television cooking,Multidisciplinary Digital Publishing Institute (MDPI),scopus-recommendation,5,Feeling AI,"['emotional responses', 'consumer behavior', 'culinary preferences', 'emotional connection', 'gastronomic behavior']","The abstract discusses the emotional responses and preferences of consumers influenced by culinary television programs, indicating a deep understanding of customer emotions and how these emotions impact dining decisions. This aligns closely with the Feeling AI category, which focuses on customer understanding and emotional needs. The study's findings about emotional connections and preferences suggest the need for a marketing strategy that resonates emotionally with consumers, aligning with the applications mentioned under Feeling AI.",70%,10%,15%,0%,5%
A study on the influence of the size of selection sets on decision satisfaction for online clothing shopping; [选择集规模对服装网购决策满意度的影响研究],Liang G.; Li M.,2024,10.3969/j.issn.1001-7003.2024.08.011,Against the backdrop of the rapid development of information technology globalization of markets and increasing business competition the range of goods and services and the complexity of decision-making that consumers face when making shopping choices have grown significantly. In particular the rapid growth of e-commerce and the popularization of online shopping have greatly broadened consumers’ choice space while at the same time subverting the traditional shopping paradigm making it possible to shop regardless of time and location. The accompanying challenge is that along with the dramatic increase in the number of products available choice overload has gradually become a problem for consumers. The information processing burden brought about by product diversification increases the complexity and time-consuming nature of information screening comparison and evaluation in the decision-making process. This not only tests consumers’ decision-making ability but sometimes even leads to increased hesitation and difficulty in decision-making. In the face of seemingly unlimited choices consumer confusion and anxiety may intensify which may ultimately cause decision fatigue and decreased decision satisfaction. Therefore in a digital business environment deep insights into how consumers make choices in the midst of huge amounts of information and how these choices affect their decision satisfaction are of key importance for research and marketing strategy development. In view of this in order to investigate the impact of selection set size on decision satisfaction in an apparel online shopping scenario as well as the role of consumer confusion and moderation patterns in this relationship this study was based on choice overload theory and a simulated online shopping platform was constructed by using web development technology with 736 online shoppers as subjects. First the choice overload critical values at which consumer decision satisfaction shifts were clarified by using the logistic regression model. In the context of using shirts and canvas shoes as experimental items when the number of options in the selection set increased to 15 consumer decision satisfaction reached the highest point revealing a nonlinear relationship between the number of choices and decision satisfaction. This finding provides an empirical basis for defining the boundaries of consumer choice overload and provides a benchmark for variable setting in subsequent experiments. Further by designing a controlled experiment and utilizing Model 4 in the SPSS macro we explored how consumer confusion plays a mediating role in the formation of decision satisfaction under the influence of selection sets of different sizes. The empirical study shows that consumer confusion partially mediates the effect between selection set size on decision satisfaction revealing the subtle changes in consumers’ mental states and decision-making impact when they deal with huge amounts of information. Based on the mediating effect this study also focuses on how moderation patterns affect the relationship between consumer confusion and decision satisfaction. By utilizing Model 8 in the SPSS macro it was revealed that the moderation model plays a significant moderating role in the effects of different selection set sizes on decision satisfaction. In particular the moderating pattern is especially evident in the assessment model emphasizing the importance of information processing strategies in the decision-making process. In summary this study provides insights into the changes in consumer decision satisfaction under choice overload by combining empirical research with a simulated online shopping environment. This study not only clarifies the mediating role of consumer confusion but also explores the moderating role of the moderating mode which provides insights for apparel companies in formulating product line strategies and implementing marketing. Companies are expected to recognize the existence of the choice overload effect and its impact on the consumer decision-making process and further attention shall be paid to the management and optimization of their product lines as a way to alleviate the complexity and uncertainty of the consumer’ s choice so as to reduce the complexity and uncertainty of consumers’ choices and to improve their overall satisfaction with the results during and after the choice process. Meanwhile it has practical significance for optimizing the product display and recommendation mechanism of e-commerce platforms as well as improving consumers’ shopping experience. This study reinforces the necessity of paying attention to the psychology of consumer decision-making in marketing strategies and provides a scientific basis for the apparel industry and other retail sectors to manage product lines and improve customer satisfaction in the digital transformation. © 2024 China Silk Association. All rights reserved.,consumer confusion; decision satisfaction; moderation mode; online shopping; selection set size,China Silk Association,scopus-recommendation,0,Feeling AI,"['consumer confusion', 'decision satisfaction', 'psychology of consumer decision-making', 'emotional data', 'customer experience']","The abstract discusses how consumers experience confusion and decision fatigue due to choice overload in online shopping, highlighting the emotional aspects of consumer decision-making. It emphasizes the importance of understanding consumer psychology and how it impacts decision satisfaction, aligning closely with the 'Feeling AI' category that focuses on customer understanding and emotional needs. The study also aims to improve customer satisfaction through better management of product choices, which resonates with the relationalization aspect of Feeling AI.",60%,10%,30%,0%,0%
What Is (and Isn’t) a Product Recall?,Astvansh V.; Antia K.D.; Tellis G.J.,2024,10.1177/07439156241242419,"Safety in consumer goods is maintained by product safety laws and associated regulations. However, the legislation and regulations are specific to product categories and legal jurisdictions, thus impeding one's ability to understand what a recall is and isn’t, and how it differs from related phenomena (e.g., product-harm crisis). The authors aim to provide such an understanding. They reviewed 510 reports from academics, managers, governments, and regulators; conducted interviews with 25 practitioners; and used 10 recall data sets to identify seven fundaments of recall. They synthesize the fundaments to propose a definition and a decision tree of recall, which can help inform academics, journalists, managers, lawyers, and safety advocates regarding what term is appropriate in what context. The authors apply the fundaments to identify similarities and differences between a recall and a harm crisis, the term used frequently in marketing research in association with recall. The fundaments also enable the authors to make five recommendations each for lawmakers and regulators in an effort to guide the academic and practitioner discourse on product recall. © American Marketing Association 2024.",conceptual; product recall; product-harm crisis; research agenda; review,SAGE Publications Ltd,scopus-recommendation,2,Not Identified,"['product safety', 'recall', 'product-harm crisis', 'regulations', 'decision tree', 'recommendations']","The abstract discusses the intricacies of product safety laws, recalls, and associated frameworks without directly aligning with the emotional, automated, or strategic aspects of marketing intelligence as defined in the categories. While it does touch on the implications for various stakeholders (which could link to customer understanding), it primarily focuses on legal and regulatory analysis, making it difficult to classify under any of the provided marketing AI categories.",0%,0%,0%,0%,100%
Survey of screw-retained versus cement-retained implant restorations used in both education and private dental practices,Found A.A.; Shah S.; Fouda M.A.; Santos M.J.M.C.; Butler S.,2024,10.1002/jdd.13568,"Aims: In the literature, it is still unclear if the decisions for selecting the type of implant crown-retaining system are based on scientific-based research or if the Universities’ choices, Implant marketing trends, or finances could have a major influence on the private dentists’ decisions. Objectives: Therefore, this study aimed to evaluate the crown-retaining system (cement- or screw-retained) used in dental schools and private dental practices. Methods: A 13-item questionnaire was sent to Canadian dental schools (n = 10) and dental offices in London (n = 298), Canada. The questionnaire included demographic questions and questions to reveal the dentists’ perspectives on prosthetic implant treatment between the two-retaining systems. Results were analyzed using descriptive statistics and multinomial logistic regression (p = 0.05). Results: Twenty-four private dentists and five dental schools responded to the survey – 62.5% of private practitioners and 60% of universities reported using both systems. A trend was observed in using screw-retained systems by dentists who graduated 5–10 years ago. Straumann, Astra, and Nobel Biocare were the private practices and dental schools’ preferred implant systems. The use of platform switching for all cases was selected by 54.2% of the private practitioners and 40% of the dental schools. Resin cement was the private practice's preferred cementation method; the dental schools used glass ionomer and zinc phosphate cement. The multinomial logistic regressions showed no statistical difference between the crown-retaining system chosen and the decision factors. The laboratory technician's recommendations and cost influenced the decision-making process for private dentists. For the universities, perio-restorative outcome, implant position, survival rates, institute preferences, and evidence-based research influenced the crown-retaining system's decision-making process. Conclusion: The Canadian dental schools and private practice reported using both screw- and cement-retaining systems. However, there was a difference in the selection criteria as the universities showed a tendency towards a more research-based approach in their decision, while for the private practices, the technicians’ recommendations and cost played a major role in the decision process. It was noted that the implant systems preconized by the Universities were observed to be used in private practices. © 2024 The Authors. Journal of Dental Education published by Wiley Periodicals LLC on behalf of American Dental Education Association.",dental crown; dental practice pattern; dental schools; implant-supported dental prosthesis,John Wiley and Sons Inc,scopus-recommendation,0,Out of Scope,"['dentists', 'dental schools', 'crown-retaining system', 'prosthetic implant treatment', 'decision-making process']","The abstract discusses a study on the decision-making process of dentists and dental schools regarding implant crown-retaining systems. The focus is on dental practices and education rather than marketing strategies or customer engagement. As such, it does not align with the marketing-related categories defined and falls under healthcare, making it out of scope for AI applications related to marketing.",0%,0%,0%,100%,0%
Reputation and eWOM in accommodation decision-making: insights from Generation Z users,Perez-Aranda J.; Tolkach D.; Panchal J.H.,2024,10.1108/TR-03-2024-0185,"Purpose: This study aims to explore the relationship between Generation Z (or Gen Z) consumers’ decision-making styles and electronic word-of-mouth (eWOM) use in the tourism sector. Drawing on the consumer style inventory (CSI) model and the theory of reasoned action (TRA), the research examines how specific decision-making styles influence Gen Z’s propensity to use eWOM recommendations for accommodation choices. Design/methodology/approach: The study uses structural equation modelling to analyse data collected from 296 Gen Z users of Booking.com. The CSI model is adapted to the analysed context and attributes – impulsive, recreational, sustainable, fashion-conscious and perfectionist attitudes – are examined to determine their impact on eWOM use intention and actual eWOM use. Findings: Three of the hypothesised relationships in the model were validated. Specifically, the results suggest that the attitudes of sustainable and perfectionist consumers influence the intention to use eWOM. Furthermore, use intention is positively associated with the actual use of eWOM. Practical implications: For marketers and tourism businesses, understanding the decision-making styles of Gen Z can inform the development of targeted marketing strategies that emphasise quality and sustainability. Highlighting these aspects in online reviews and eWOM platforms can enhance engagement with Gen Z consumers. Originality/value: This research advances the understanding of eWOM behaviour by integrating CSI and TRA theories in the context of Gen Z’s tourism decision-making. It provides empirical evidence on the significant role of perfectionist and sustainable attitudes in shaping eWOM intentions, contributing to the literature on consumer behaviour and digital marketing in tourism. © 2024, Emerald Publishing Limited.",Consumer decision-making; Consumer-style inventory; eWOM; eWOM use; Generation Z,Emerald Publishing,scopus-recommendation,0,Thinking AI,"['decision-making styles', 'eWOM recommendations', 'sustainable', 'perfectionist', 'targeted marketing strategies']","The study explores how Generation Z's decision-making styles influence their use of electronic word-of-mouth (eWOM) in the tourism sector, indicating a focus on market analysis and targeting strategies for effective engagement with this demographic. By understanding the relationship between consumer attitudes and eWOM use, marketers can tailor their strategies to better resonate with Gen Z, aligning with the definitions under Thinking AI.",10%,0%,90%,0%,0%
Examining the acceptance of over-the-top services among young consumers during pandemic: a multi-theory approach,Chatterjee D.; Pati S.; Dhaigude A.S.; Kamath G.B.,2025,10.1080/23311975.2024.2439544,"This paper investigates the dynamic landscape of Over-The-Top (OTT) services in the Indian subcontinent, focusing on the intentions of young consumers to engage with these platforms. Integrating flow theory with established technology acceptance models, the study significantly contributes to the growing body of research on OTT. The data was collected through an online survey using a structured questionnaire. The survey comprised 272 respondents from diverse demographics across India, all with brief OTT experience. Exploring the impact of internal and external factors on technological adoption and usage patterns among Indian youth, the findings guide decision-makers within OTT firms, aiding strategic alignment with consumer preferences in the competitive Indian market. The study emphasizes the proclivity of Indian viewers to subscribe to multiple OTT apps, offering valuable perspectives for OTT players. Recommendations for enhancing user experience include zero latency, high-quality videos, adaptive video quality, and user-friendly interfaces. Content creation strategies, investments in vernacular languages, and leveraging voice assistants are also advocated. The importance of high-quality, culturally relevant content creation is underscored, aligning with viewer preferences. The paper concludes with a holistic understanding of factors influencing young Indian consumers, offering actionable insights for industry stakeholders. © 2024 The Author(s). Published by Informa UK Limited, trading as Taylor & Francis Group.","Business, management and accounting; content creation; marketing; marketing management; marketing research; Over-the-top (OTT) platforms; structural equation modeling; technology acceptance models; young consumers",Cogent OA,scopus-recommendation,0,Thinking AI,"['consumer preferences', 'strategic alignment', 'market analysis', 'content creation strategies', 'user experience']","The abstract discusses the intentions of young consumers in engaging with OTT services and offers insights for decision-makers within OTT firms, which aligns with market analysis and strategic targeting in the competitive landscape. The emphasis on understanding consumer preferences and adapting offerings to enhance user experience reflects the applications of Thinking AI in identifying competitive advantages and recommending target strategies.",10%,5%,85%,0%,0%
"Women empowerment in restaurants: effects of femvertising, purplewashing and feminist identity on consumers’ willingness to pay a premium",Li Y.; Yu X.; Qi R.; Petrick J.,2025,10.1108/IJCHM-03-2024-0398,"Purpose: Despite the increasing popularity of women-owned businesses in the marketplace, relatively few studies in the hospitality literature have focused on these businesses. Hence, this study aims to examine the impact of femvertising and purplewashing on consumers’ willingness to pay a premium at women-owned restaurants, as well as the role of feminist self-identification and psychological closeness underlying these associated effects. The study aims to provide insights into women-owned restaurant marketing strategies and to highlight the importance of authentic brand activism in consumer behavior in the restaurant industry. Design/methodology/approach: Building on Construal Level Theory, this paper conducts two online experiments with 486 US participants who have dined at or ordered takeout from a restaurant. The studies aim to investigate consumers’ opinions about brand activism strategies (i.e. femvertising and purplewashing) in restaurants. Findings: The results of two experimental studies indicate that a femvertising strategy increases consumers’ willingness to pay a premium for a women-owned restaurant compared to a non-women-owned restaurant. Moreover, consumers who identify more strongly as feminists are more likely to pay more for women-owned restaurants when purplewashing is absent (vs present). Additionally, psychological closeness serves as an underlying mechanism that explains these effects. Practical implications: This study provides clear and actionable recommendations to help business stakeholders, owners and managers to market and advertise women-owned restaurants. For example, women-owned restaurant practitioners should feature women empowerment messaging in their advertisements to attract more consumers. However, they should avoid using purplewashing and other inauthentic brand activism practices in advertisements. Originality/value: This research contributes to the hospitality literature on women entrepreneurship by exploring the effective marketing strategies of women-owned restaurants and investigating how to advertise women-owned businesses in the hospitality field. To the best of the authors’ knowledge, it is also the very first study to explore the role of femvertising and purplewashing in consumers’ food-related decision-making. © 2024, Emerald Publishing Limited.",Construal level theory; Feminist identity; Femvertising; Purplewashing; Women empowerment,Emerald Publishing,scopus-recommendation,0,Feeling AI,"['femvertising', 'purplewashing', 'consumer behavior', 'feminist self-identification', 'psychological closeness', 'women empowerment messaging']","The abstract discusses the impact of femvertising and purplewashing on consumer behavior, particularly focusing on emotional connections, feminist self-identification, and the importance of authentic brand activism. This aligns with the Feeling AI category, which emphasizes understanding customer emotional needs and developing positioning that resonates with them. The findings suggest that consumers' willingness to pay a premium is influenced by their emotional identification with feminist values and the perceived authenticity of marketing strategies, linking directly to customer understanding and relationalization.",80%,0%,20%,0%,0%
SMEs DIGITALIZATION READINESS: SHARIA FINTECH FRAMEWORK USING QUADRUPLE HELIX PERCEIVES; [ПРИПРАВНОСТ МАЛИХ И СРЕДЊИХ ПРЕДУЗЕЋА ЗА ДИГИТАЛИЗАЦИЈУ: ШАРИЈАТСКИ ФИНАНСИЈСКО-ТЕХНОЛОШКИ ОКВИР КОРИСТЕЋИ ПЕРЦЕПЦИЈЕ ЧЕТВОРОСТРУКОГ ХЕЛИКСА],Mahyarni M.; Okfalisa O.,2024,10.5937/sjm19-44971,"The role of Quadruple Helix in promoting the development of digitizing SMEs highlights the significant contribution of Sharia fintech as a new challenge to sustainably and creatively face the Covid-19 disruption. This paper developed a framework of SME’s Digitalization Readiness in Supporting Sharia Fintech to scrutinize the quadruple Helix perceptions and the success of digitalization. Furthermore, a Fuzzy-AHP approach is applied to analyze the significant weight of Quadruple Helix interaction and distinguish between universities, industry, communities, and government. This creates the basis of a sustainable corporate sector through the consideration of Information Technology (IT), economy, and Sharia within business activity, transaction, marketing, management, micro- environment, and macro-environment, circumscribed into 24 sub-indicators. This study found that university academicians view business activity as the most significant indication for gauging the digitization readiness of small and medium-sized enterprises (SMEs) based on Sharia fintech. It is followed by marketing, transaction, management, micro, and macro environment. Meanwhile, the other sectors including industry, communities, and government discerned marketing as the deliberation of the SMEs’ Sharia-based success digitalization. This framework stimulates and synergizes an integrated works, innovation, economic growth, productivity, technology, knowledge, and skills of Quadruple Helix roles in facing the competitive advantages of digital era with concerning on the Sharia values. The prioritized analysis and recommendation from this framework admit as a guidance tool for Quadruple Helix in decision making and strategic policies in achieving the success of the digital transformation. © (2024), (University of Belgrade). All Rights Reserved.",digital transformation; fuzzy-ahp; quadruple helix; sharia fintech; small medium enterprises,University of Belgrade,scopus-recommendation,3,Thinking AI,"['digitalization', 'marketing', 'Sharia fintech', 'Quadruple Helix', 'analysis', 'strategic policies', 'SMEs', 'competitors', 'success']","The abstract discusses the framework for SME's digitalization readiness and highlights the importance of analyzing various interactions within the Quadruple Helix model to enhance the competitive advantages of SMEs in the digital era. It emphasizes the role of marketing, management, and strategic policies, which align closely with the focus on market analysis and targeting within the Thinking AI category.",0%,0%,100%,0%,0%
FACTORS AFFECTING FARMERS’ DECISION TO JOIN COFFEE PRODUCER COOPERATIVES TO IMPROVE THEIR WELFARE,Rombeallo I.P.; Jamil M.H.; Rukmana D.,2024,10.51599/are.2024.10.04.10,"Purpose. The aim of this research is to evaluate the farmer characteristics, knowledge, social and economic factors that influence the decision to join a cooperative, as well as its impact on farmers’ welfare. By identifying factors that affect farmers’ decision making, agricultural policies especially regarding cooperatives, will be optimised for development. Methodology / approach. This study was conducted at a Coffee Farmer Producer Cooperative in Tana Toraja, South Sulawesi Province, Indonesia. The sample consisted of 70 respondents from all members of the cooperative. The collection of data was done through the distribution of questionnaires, and the data were analysed using a statistical analysis method, namely Partial Least Square-Structural Equation Modeling with the software SmartPLS4.0. Results. Research found that agricultural policies implemented through corporate farming in the form of cooperatives improves the quality and capabilities of members, provides production capacity, and increases production, processing, and marketing. Furthermore, the result of the analysis proves that farmer characteristics, knowledge, social and economic factors have a positive and significant impact on the decision to join a cooperative, as well as a positive and significant impact on farmers’ welfare. The indicators with the strongest correlation with farmers’ characteristics are farming experience and age. The indicators that are most closely related to knowledge are the purpose and functions of the cooperative. The indicators that are most strongly linked to social factors are group support and sources of information, and to economic indicators are the availability of infrastructure and production capacity. Thus, the decision to join a cooperative has a positive impact on improving farmers’ welfare. Originality / scientific novelty. This study highlights comprehensive aspect of farmers’ decision to join cooperatives that has not been adequately studied in previous research. This study presents a new perspective that enriches the discussion in previous studies that only focused on the impacts of cooperative on farmers’ welfare without exploring the factors that influence it. Practical value / implications. The results of this study indicate recommendations for the stakeholders especially the government, to support the development of farmers’ institutions in order to optimally empower farmers. The government is supposed to take concrete steps by facilitating education about cooperatives, simplifying administrative processes, and improving infrastructure to encourage farmers to join cooperatives, and ultimately improve their welfare. © 2024, Institute of Eastern European Research and Consulting. All rights reserved.",agricultural policy; cooperative; corporate farming; decision making; farmers’ welfare; Indonesia; partial least square,Institute of Eastern European Research and Consulting,scopus-recommendation,0,Out of Scope,"['farmer characteristics', 'cooperative', 'decision making', 'agricultural policies', ""farmers' welfare""]","The abstract focuses on evaluating factors influencing farmers' decisions to join cooperatives and its impact on welfare, which pertains to agricultural policy and social sciences rather than marketing applications. There are no direct references to customer emotional needs, automated processes for market analysis, or strategic marketing decisions.",0%,0%,0%,100%,0%
The Power of Influencers: How Does Influencer Marketing Shape Consumers’ Purchase Intentions?,Chen Y.; Qin Z.; Yan Y.; Huang Y.,2024,10.3390/su16135471,"In the current digital wave, social media is not only a hub for information exchange but also a shaper of new business marketing models, as is especially evident in the trend towards light and healthy eating. The influence of the influencer economy on consumer purchasing decisions is increasingly pronounced. This paper systematically investigates the impact of influencer marketing on consumer purchase intentions in social media utilizing the Consumer Attitude Theory. Through a sample survey of 654 consumers and empirical analysis using the fuzzy comprehensive evaluation model, the results show that the influencers’ credibility and professionalism and consumers’ satisfaction with live-streaming sales by influencers have a significant positive impact on enhancing consumers’ purchase intentions. To enhance consumers’ purchase intentions, this study suggests that influencers should transparently disclose their collaborations with brands, showcase the positive experiences of other users, and use relevant research and data to support their product recommendations in order to enhance their credibility. Simultaneously, influencers need to strengthen product knowledge, improve professional image and reputation, and meet consumer needs through personalized recommendations and carefully designed live-streaming content to promote brand-value enhancement. © 2024 by the authors.",consumer attitude theory; fuzzy comprehensive evaluation model; influencers; marketing streaming; purchase intention; social media platforms,Multidisciplinary Digital Publishing Institute (MDPI),scopus-recommendation,3,Feeling AI,"['influencer credibility', 'consumer satisfaction', 'personalized recommendations', 'emotional needs', 'purchase intentions']","The abstract discusses the impact of influencer marketing on consumer purchasing decisions, emphasizing the importance of emotional aspects such as credibility, satisfaction, and personalized experiences. These elements align closely with the focus on customer understanding and relationalization found in the Feeling AI category. The study suggests strategies for influencers that are centered around meeting consumer emotional needs, enhancing engagement, and fostering a deeper connection with consumers, which further supports its classification under Feeling AI.",70%,10%,20%,0%,0%
From Consumer's Attitude towards Online Purchase Decision: Influence of Friends and Reference Groups,Zirena-Bejarano P.P.; Zirena E.M.C.,2024,10.7903/cmr.23109,"The rapid advancement of e-commerce has piqued researchers' interest in identifying the determining factors of online purchase decisions. They have found abundant information about the influence of consumer attitudes but still have divergent results, indicating a gap in studies with mediating variables. The study aims to examine the mediating effect of the opinions of friends and reference groups on the relationships between consumer attitudes and online purchase decisions. The study surveyed 654 respondents and analyzed the data using partial least squares structural equations (PLS-SEM). The results show that consumers' attitudes significantly positively influence their online purchase decisions, which are mediated by the opinions of friends and influence groups. The opinions or recommendations of friends or other reference groups with similar purchasing experiences influence consumers. The research establishes a connection between constructs that influence online purchase decisions, with the main theoretical contribution being the analysis of the effect of friends' opinions and reference groups on generating a better consumer predisposition to make decisions in the virtual environment. The empirical contribution offers information that marketing managers should consider based on the results achieved, proposing strategies focused on reference groups that facilitate consumer decision-making. © 2024 Academy of Taiwan Information Systems Research. All rights reserved.",Consumer attitude; Influence of friends; Influence of reference groups; Online purchase decision,Academy of Taiwan Information Systems Research,scopus-recommendation,0,Feeling AI,"['consumer attitudes', 'opinions of friends', 'reference groups', 'online purchase decisions', 'consumer predisposition']","The abstract discusses the influence of consumer attitudes and the mediating effect of friends' opinions and reference groups on online purchase decisions. This aligns closely with the 'Feeling AI' category, which focuses on customer understanding and relationalization. The study aims to understand how emotional connections and social influences affect consumer behavior, indicating a strong emphasis on emotional data and customer engagement.",70%,0%,30%,0%,0%
The Dynamics of Social Media Marketing: Unraveling the Impact on Customer Purchase Intentions through Engagement and Trust,Qiao L.; Sun P.J.,2024,10.15722/jds.22.03.202403.21,"Purpose: The primary aim of this study is to explore how social media marketing influences customer purchase intention, focusing on the roles of customer engagement and trust as mediators. Research Design, Data, and Methodology: The investigation utilized an online survey conducted in Chinese on the Questionnaire Star platform. It targeted male and female consumers aged 18 and above who purchase products online, yielding 1107 valid responses from across major Chinese cities. Results: Analysis reveals that social media marketing significantly affects customer purchase intention in a positive manner. It also enhances customer engagement and trust, which serve as crucial mediating variables linking social media marketing to purchase intention. The study found that engagement and trust facilitate brand identification and alignment, thereby directly boosting purchase intention. Conclusion: The findings offer essential insights for businesses aiming to improve their social media marketing impact on consumer behavior. It highlights the importance of fostering user engagement and trust, as well as creating a favorable brand image. These elements are key to influencing consumer purchase decisions within social media contexts. The study advises businesses to engage deeply with consumers and build trust, providing practical recommendations for navigating the evolving social media environment towards sustainable growth. © Copyright: The Author(s) This is an Open Access article distributed under the terms of the Creative Commons Attribution Non-Commercial License (http://Creativecommons.org/licenses/by-nc/4.0/) which permits unrestricted noncommercial use, distribution, and reproduction in any medium, provided the original work is properly cited.",Customer Engagement; Customer Trust; Distribution Science; Purchase Intention; Social Media Marketing,Korea Distribution Science Association (KODISA),scopus-recommendation,0,Feeling AI,"['customer engagement', 'trust', 'purchase intention', 'brand identification', 'consumer behavior']","The abstract discusses how social media marketing influences customer purchase intention through customer engagement and trust, which are emotional and relational factors. The focus on understanding consumer behavior, fostering engagement, and building trust aligns with the principles of Feeling AI, which emphasizes customer understanding and relationalization. This is evident in the study's conclusion about the importance of these elements in influencing purchase decisions.",70%,10%,20%,0%,0%
Prescribing and dispensing medicinal products outside the recommendations of the marketing authorization file. Practitioners’ responsibilities. The example of fluoroquinolones; [Prescription et dispensation de médicaments en dehors des recommandations du dossier d'autorisation de mise sur le marché. Responsabilités des praticiens. L'exemple des fluoroquinolones],Siranyan V.; Guerriaud M.,2024,10.1016/j.meddro.2024.07.001,"Some complaints were filed in 2023 by several patients, victims of serious adverse effects related to treatment with fluoroquinolones. These procedures thus raise questions about the possible consequences of the choice to prescribe and dispense therapeutics outside the recommendations of the indications in the marketing authorization dossier and the health safety agencies. In terms of indemnity liability, prescribing and dispensing antibiotic therapy require to explain potentially serious adverse events such as tendinopathy or neuropsychic impairment, in the respect of law. In this case, the decision to undertake a therapy that is not completely proven or that presents significant health risks will involve to consider all available options, on the basis of clinical documentation validated and recognized by the entire scientific community. © 2024 Elsevier Masson SAS",Dispensing (risks); Fluoroquinolone; Marketing authorization; Medicinal product; Prescription (risks),Elsevier Masson s.r.l.,scopus-recommendation,0,Out of Scope,"['adverse effects', 'fluoroquinolones', 'indemnity liability', 'prescribing', 'antibiotic therapy']","The abstract discusses medical complaints related to adverse effects of a specific treatment (fluoroquinolones) and the legal implications of prescribing medications. It does not pertain to marketing applications, customer understanding, or market analysis, which are the focuses of the identified categories. Thus, it is classified as 'Out of Scope'.",0%,0%,0%,100%,0%
What green are we talking about? Divergences in the nomenclature of sustainable products; [De que verde estamos falando? Divergências na nomenclatura de produtos sustentáveis],Ferreira M.F.; Azevedo-Ramos C.,2024,10.18568/cmc.v21i60.2895,"The abundance of marketing definitions and criteria creates con-fusion among consumers when trying to comprehend the impact of supposedly sustainable products and make informed purchasing decisions. This study, based on a survey of consumer behavior literature spanning from 2011 to 2021 where 432 articles were selected, delves into the diversity and potential discrepancies in terminology associated with sustainable products, corporate marketing strategies, and their potential influence on consumers. We highlight several recommendations for marketing practitioners and policymakers, including the importance of conducting long-term awareness campaigns, and establishing standards for sustainable products to enhance product differentiation and enable informed consumer choices. © 2024, Superior School of Advertising and Marketing. All rights reserved.",Communication; consumption; green products; sustainable products,Superior School of Advertising and Marketing,scopus-recommendation,0,Feeling AI,"['sustainable products', 'consumer behavior', 'informed purchasing decisions', 'emotional needs', 'awareness campaigns', 'product differentiation']","The abstract discusses the confusion consumers face regarding sustainable products and emphasizes understanding consumer behavior, which aligns with the focus on customer understanding and emotional needs. It highlights the importance of awareness campaigns, which relates to developing emotional connections with consumers. The recommendations aim to enhance consumer understanding and emotional engagement with sustainable products, making it fit into the Feeling AI category.",60%,10%,20%,5%,5%
Exerting creativity: unveiling the mechanisms of mobile short-video advertising in promoting consumer decision-making,Fan X.; Xu P.; Li H.; Sun T.,2025,10.1108/APJML-08-2024-1145,"Purpose: In the digital era, creativity is pivotal in marketing, particularly in advertising, where mobile short-video advertising (MSA) has surged in popularity. However, the mechanism of how advertising creativity influences consumer decision-making remains understudied. We scrutinize how MSAs’ creativity influences consumers' purchase and sharing intentions. Design/methodology/approach: This study uses 40 selected creative MSAs to collect a total of 666 valid questionnaires. Findings: The results show that the exertion of creativity in MSAs positively impacts consumer intentions through perceived surprises and mental simulation, with the optimal stimulus level moderating these effects. Practical implications: Our findings provide practical recommendations for brands and advertisers, mainly in terms of the impact of advertising creativity on advertising content strategy, helping them to create effective advertising to capture market and traffic by focusing on the content (relevance) and format (novelty) of advertising. Originality/value: This study conducted in-depth research using the cognitive-affective-behavior (CAB) paradigm, integrated with mental simulation theory and the optimum stimulation level theory. Innovatively, we developed a model of the consumer decision-making process based on creativity, which enhances the research on the mechanisms underlying the consumer decision-making process. © 2024, Emerald Publishing Limited.",Advertising creativity; Cognitive-affective-behavior model; Mental simulation; Mobile short-video; Optimum stimulation level; Perceived surprise,Emerald Publishing,scopus-recommendation,0,Feeling AI,"['creativity', 'consumer decision-making', 'purchase intentions', 'sharing intentions', 'perceived surprises', 'mental simulation', 'advertising content strategy', 'emotional needs']","The abstract discusses how creativity in mobile short-video advertising influences consumer decision-making through emotional engagement (perceived surprises) and cognitive processes (mental simulation). This aligns with the Feeling AI category, which focuses on customer understanding and emotional data to comprehend consumer needs, as well as the importance of positioning that resonates with consumers. The findings provide insights into how brands can emotionally connect with consumers through effective advertising strategies.",80%,5%,15%,0%,0%
The Crucial Role of EWOM: Mediating the Impact of Marketing Mix Strategies on International Students’ Study Destination Decision,Al-Dmour R.; Al-Dmour H.; Al-Dmour A.,2024,10.1177/21582440241247661,"This study examines the crucial role of electronic word-of-mouth (EWOM) in mediating the impact of marketing mix strategies on international students’ study destination decisions. The theoretical framework proposed in this research integrates consumer behavior theories to enhance our understanding of the relationship between marketing mix strategies and international students’ enrollment choices. Building upon previous research that underscores the importance of marketing mix strategies in shaping consumer choices, this study focuses specifically on the context of international students deciding to study in Jordan. To achieve its objectives, a questionnaire was administered to a sample of 2000 international students who recently enrolled in both public and private universities in Jordan, with a response rate of 61%. Through rigorous empirical analysis, this study provides compelling evidence that the quality of the product/program, price, place, and promotion significantly influence the decision-making process of international students. Moreover, the study reveals that EWOM plays a critical mediating role in this relationship, underscoring the significance of online reviews, ratings, and recommendations in shaping consumer perceptions and choices. These findings underscore the need for marketers to proactively monitor and manage online reviews and harness the power of EWOM as a potent marketing tool to positively impact consumer decision-making. © The Author(s) 2024.",EWOM; International student’s decision; Jordan; marketing mix elements,SAGE Publications Inc.,scopus-recommendation,1,Feeling AI,"['electronic word-of-mouth', 'consumer perceptions', 'online reviews', 'ratings', 'recommendations']","The abstract emphasizes the critical role of electronic word-of-mouth (EWOM) in shaping consumer perceptions and decision-making processes. It discusses how online reviews and recommendations significantly impact international students' choices regarding study destinations. This aligns with the 'Feeling AI' category, which focuses on customer understanding and emotional engagement. The study's findings suggest a need for marketers to understand and meet customer emotional needs and preferences, making it relevant to this category.",70%,10%,20%,0%,0%
Aesthetic dentistry and ethics: a systematic review of marketing practices and overtreatment in cosmetic dental procedures,Rostamzadeh M.; Rahimi F.,2025,10.1186/s12910-025-01169-6,"BACKGROUND: The increasing societal emphasis on physical appearance, particularly influenced by social media, has led to a significant rise in demand for aesthetic dentistry procedures. This study aims to explore the ethical dimensions of marketing practices and the phenomenon of overtreatment in cosmetic dental procedures, highlighting the implications for patient care and professional integrity. METHODS: A systematic literature review was conducted across four databases, yielding an initial 76 articles. After applying inclusion and exclusion criteria, 12 articles were selected for analysis. The review focused on ethical considerations, marketing practices, and overtreatment in aesthetic dentistry, employing narrative synthesis to extract relevant data. RESULTS: The findings indicate that social media is a primary driver of patient expectations, often prioritizing aesthetic outcomes over health considerations. This trend raises ethical concerns about informed consent and autonomy. The commodification of dental care, fueled by aggressive marketing strategies, has resulted in a notable increase in overtreatment, where unnecessary procedures are performed to satisfy commercial pressures and idealized beauty standards. The review highlights a lack of robust ethical guidelines governing marketing practices in aesthetic dentistry, exacerbating these issues. CONCLUSIONS: The study underscores the urgent need for clear ethical frameworks to guide dental practitioners in balancing patient welfare with business interests. Recommendations include the implementation of ethics education in dental curricula, the development of comprehensive ethical guidelines, and fostering open communication between practitioners and patients. These measures are essential for enhancing informed decision-making and ensure that patient care remains the priority in aesthetic dentistry. © 2025. The Author(s).",Aesthetic dentistry; Cosmetic procedures; Dental ethics; Informed consent; Marketing practices; Overtreatment; Patient autonomy; Social media influence,,scopus-recommendation,0,Out of Scope,"['aesthetic dentistry', 'ethical dimensions', 'marketing practices', 'patient care', 'overtreatment']","The abstract discusses the ethical implications of marketing practices in aesthetic dentistry, focusing on patient care and professional integrity. The content primarily pertains to healthcare ethics rather than marketing applications of AI, which makes it out of scope for the specified categories related to marketing.",0%,0%,0%,100%,0%
Appraisal of mixed-use developments through multiple criteria decision making: insights from Shanghai’s megacity context,Valero A.,2024,10.1080/23311975.2024.2332500,"This paper investigates the selection criteria and success factors of retailers within mixed-use developments in Shanghai, from the 2009 financial crisis to the COVID-19 pandemic. By using Multiple Criteria Decision Making focused on three groups of key performance indicators: External, specifics of the Industry, and Users, the study aims to provide a comprehensive review of retail location selection within the emerging paradigm of mixed-use environments. The assessment reveals that connectivity, specifically with metro stations within 500 m, is paramount to a project’s success. Moreover, 73% of the projects surveyed feature more than two underground levels, with the top 10 ranking projects boasting 3–4 floors above ground, occupied by both offices and retail spaces. Structurally, almost 90% of the mixed-use developments being studied have commercial areas exceeding 35,000 sqm. The optimal project size is determined to be around 200,000 sqm, with retail making up half of the built area. The preferred land plot size ranges from 35,000 to 40,000 sqm. However, the study also identifies a lack of comprehensive sustainability strategies and net-zero carbon certifications in many of these developments. The findings also contribute to urban researchers and policymakers by offering a multi-criteria matrix to assess and scale mixed-use developments, not only in Shanghai but also in other geographical locations. This foundational study serves as a basis for future MCDM research and provides a comprehensive understanding of the real estate market in Shanghai’s mixed-use developments, offering practical recommendations for enhancing their performance and sustainability. © 2024 The Author(s). Published by Informa UK Limited, trading as Taylor & Francis Group.","Architecture; Building and Construction; Cities and The Developing World; Economics and Development; KPIs; Len Tiu Wright, De Montfort University Faculty of Business and Law, United Kingdom of Great Britain and Northern Ireland; marketing strategies; mixed-use developments; multiple-criteria decision-making (MCDM); performance appraisal; Planning; Property; Research Methods in Development Studies; Retail performance; sustainability; Urban Development; Urban Research Methods; Urban Studies",Cogent OA,scopus-recommendation,0,Out of Scope,[],"The abstract discusses the selection criteria and success factors of retailers in mixed-use developments, focusing on location, connectivity, project size, and sustainability strategies. While it involves some aspects of market analysis and urban development, it does not directly relate to marketing applications of AI such as customer understanding, personalization, or automated processes. Therefore, it cannot be classified under Mechanical AI, Thinking AI, or Feeling AI.",0%,0%,0%,100%,0%
Situational control and strategic choices during supply chain disruptions: case studies of SME exporters,Hassan J.; Chugh R.; Ren M.; Gao H.,2024,10.1108/IMR-07-2023-0161,"Purpose: Motivated by the severe impact of global supply chain disruptions and the lack of understanding of supply chain resilience from an SME exporter perspective in the international marketing literature, this paper sets out to explore how SME exporters achieve resilience through strategic choices related to sourcing and manufacturing during global disruptions. Design/methodology/approach: The study adopts a qualitative, multiple-case-studies approach to identify the key strategic drivers and contextual factors influencing SME exporters’ supply chain resilience. Our study adopted an SME exporter perspective and featured an unprecedented global supply chain disruption context. New Zealand (NZ) was chosen as the key home country context for the participants of this study. Five NZ SME exporters were selected for our case studies. Findings: This study redefines buffering, bridging and a mixed strategy for an SME exporter facing global supply chain disruptions. SME exporters with high situational control are likely to pursue a buffering strategy that reduces their resource dependence on foreign suppliers and their reliance on information support from these suppliers. In contrast, when the firm perceives little control over the supply chain, it will decide upon a bridging strategy that aims to build solid relationships with supply chain partners. Exporters opt for a mixed strategy when they do not see themselves clearly in high or low situational control. Research limitations/implications: As global disruptions arise and evolve, supply chain uncertainty and exporters’ sense of situational control manifest differently across industries, product lines, markets and sourcing countries. It is essential to understand that firms can choose a mixed strategy based on these supply chain conditions. While our study was fortuitously timed, conducting multi-country studies could provide more comparative insights that transcend national borders. Additionally, our study did not examine organizational and capability-based factors. Future research may benefit from exploring how an SME exporter develops strategic capabilities to achieve resilience over its lifetime. Practical implications: Businesses see survival as the most pivotal concern during a global supply chain disruption. Many companies have had to make on-the-spot decisions about whether they should shift or redesign their supply chains in the middle of a global disruption. There is no “best strategy” for an SME exporter to take. Rather, managers should make strategic decisions based on how much control or influence they have over a particular part of their supply chain. The level of control is determined by the SME exporter’s overall resource dependencies and information needs in particular parts of their supply chain. Originality/value: We adopt resource dependence theory and information processing theory to guide our study and place exporters' situational control in the centre of drivers to firms' strategic choices during global disruptions. We make a novel attempt to incorporate the contextual conditions of the COVID-19 pandemic into the theorization of supply chain resilience. We make managerial recommendations to help SME exporters navigate global supply chain disruption challenges. © 2024, Emerald Publishing Limited.",Bridging; Buffering; Case studies; Global supply chain disruption; SME exporters; Supply chain resilience,Emerald Publishing,scopus-recommendation,0,Not Identified,[],"The abstract focuses on supply chain resilience from the perspective of SME exporters during global disruptions, specifically examining strategic choices, resource dependencies, and situational control. While it discusses strategic management and decision-making, it does not directly relate to marketing applications involving emotional data, data collection automation, or market analysis in a clear manner. Thus, it does not fit neatly into any defined category.",0%,0%,0%,0%,100%
Influencing wine tourists' decision-making with VR: The impact of immersive experiences on their behavioural intentions,Sousa N.; Alén E.; Losada N.; Melo M.,2024,10.1016/j.tmp.2024.101235,"Virtual Reality (VR) has proven to be an important contribution to tourists' decision-making regarding a destination. This fact can be determinant, especially when tourists face some social limitation or restriction that conditions their participation in tourism activities. Therefore, we aim to understand whether the possibility of experiencing immersive wine tourism activities can encourage future visits, as well as the recommendation of the VR experience and the destination itself. To achieve our goal, we offered 405 participants an experimental VR experience with digital content about a wine tourism activity. The results showed that participants feel that the VR experience influences their behavioural intention towards the wine tourism destination. The satisfaction felt from the experience leads to a significant effect on the intention to visit and to recommend the destination and the VR activity. These findings suggest to wine tourism destination managers that VR can play an essential role in tourism management. © 2024",Behavioural intention; Tourism innovation; Tourism marketing; Virtual reality; Virtual wine tourism experience,Elsevier B.V.,scopus-recommendation,10,Feeling AI,"['satisfaction', 'behavioural intention', 'recommendation', 'experience', 'emotional needs']","The abstract emphasizes the influence of the virtual reality experience on participants' emotional responses, specifically their satisfaction and behavioral intentions towards wine tourism. This aligns closely with the focus of Feeling AI on understanding customer emotions and tailoring experiences to meet those emotional needs. The findings suggest that the immersive experience can enhance customer engagement and lead to positive recommendations, further reinforcing the emotional connection between customers and the destination.",70%,10%,20%,0%,0%
THE ROLE OF STRATEGIC PHYSIOGNOMY IN EXCELLENT MARKETING PERFORMANCE,Fadhil A.H.; Abdulrasool A.M.; Al-Hakeem L.M.; Amanah A.A.; Hussain A.N.,2024,10.3846/btp.2024.20358,"The current investigation aims to demonstrate the impact of strategic psychology, specifically empowerment, inspiration, and profound knowledge, on the achievement of exceptional performance in corporate organizations. The basic data was gathered by means of a questionnaire as a component of an analytical descriptive methodology to accomplish this aim. The Development Bank of Iraq distributed 120 questionnaires, of which 100 were returned. The primary hypothesis, which asserts that strategic physiognomy significantly impacts optimal performance, was corroborated by the study’s findings. The study came to many results, the most notable of which is that strategic Physiognomy has a favorable, substantial, and statistically significant influence on obtaining remarkable performance. The investigation ended with a set of recommendations, one of which was to raise awareness of the concept of empowerment and its role in encouraging a spirit of commitment among workers by motivating them to participate in decision-making and encouraging individual initiative, generating creative ideas, and participating in their application to achieve Excellent marketing performance. © 2024 The Author(s).",commercial banks; empowerment; excellent performance; Iraq; strategic physiognomy,Vilnius Gediminas Technical University,scopus-recommendation,0,Feeling AI,"['empowerment', 'inspiration', 'commitment', 'motivation', 'individual initiative', 'creative ideas']","The abstract discusses the impact of strategic psychology, particularly focusing on empowerment and inspiration, which are closely related to understanding and meeting customer emotional needs. The emphasis on encouraging commitment and participation in decision-making aligns with the concepts of relationalization and customer engagement found in Feeling AI. The findings suggest a positive influence on performance through psychological factors that resonate with customer emotions.",70%,0%,30%,0%,0%
"The Impact of Social-media Celebrity on Buying Behavior of Retailer Customers in Riyadh, KSA",Al-Nsour I.A.A.,2024,10.35516/jjba.v19i4.1719,"This study aimed to measure the impact of celebrity endorsement on the buying behavior of retailer customers in Riyadh. The study population consists of all buyers of hyper-stores in Riyadh. The unit of analysis was the Saudis and non-Saudis who are employed in the government and private sectors in Riyadh. The estimates showed that the size of the population reached 3.87 million people in 2019. The stratified-sample technique was used and the recommended sample size reached 387 buyers. The results of structural equation modeling (SEM) showed a statistically significant impact of celebrity on the purchasing behavior of retailer customers in Riyadh. Finally, the study presented several recommendations and marketing implications to enhance the role of celebrity in purchasing decisions. © 2024 DSR Publishers/The University of Jordan. All Rights Reserved.",Celebrity; Consumption goods; Kingdom of Saudi Arabia; Purchasing behavior; Retailing stores; Social media,"University of Jordan,Deanship of Scientific Research",scopus-recommendation,0,Feeling AI,"['celebrity endorsement', 'purchasing behavior', 'customer decisions', 'emotional needs', 'marketing implications']","The study focuses on the impact of celebrity endorsement on purchasing behavior, which relates to understanding customer emotions and preferences. It discusses how celebrities influence buying decisions, indicating an emphasis on customer understanding and emotional engagement in marketing strategies.",70%,10%,20%,0%,0%
The Influence of Digital Influencers on Generation Y’s Adoption of Fintech Banking Services in Brazil,Cardoso A.; Pereira M.S.; Silva A.; Souza A.; Oliveira I.; Figueiredo J.,2024,10.3390/su16219604,"The consumer profile has undergone evolutions and transformations over the years due to the evolution of new generations of individuals, such as Generation Y. Social media has revolutionized the way in which consumers can search and find information about products in general, which has impacted how brands relate to their consumers. In this context, this study tries to understand how digital influencers are being used to influence Generation Y in the consumption of banking services from fintechs in Brazil via social media platforms. The specific objectives include profiling these consumers, identifying the most relevant influencers, and measuring the impact of influencer marketing. The results pointed to Generation Y’s preference for mobile applications and personal recommendations when making decisions to purchase financial products. Fintechs stood out for the agility and autonomy they offered, as well as for being on the forefront in leading practices, innovations, and product offerings that drive sustainability forward. The study concluded that digital influencers play a crucial role in the awareness phase, but additional factors influence Millennial consumption decisions, highlighting the complexity of the decision process. © 2024 by the authors.",banking services; consumer behavior; digital influencers; fintechs; Generation Y; influencer marketing; social media; sustainability,Multidisciplinary Digital Publishing Institute (MDPI),scopus-recommendation,0,Feeling AI,"['digital influencers', 'consumer preferences', 'personal recommendations', 'awareness phase', 'Millennial consumption decisions']","The abstract emphasizes understanding consumer behavior, specifically Generation Y's preferences and decision-making processes influenced by digital marketing strategies and social media. It highlights the emotional factors behind consumer choices, such as the importance of personal recommendations and the role of digital influencers in shaping awareness. This aligns closely with the 'Feeling AI' category, which focuses on customer understanding and emotional needs. While there are elements of market analysis, the primary focus is on the emotional aspects of consumer behavior.",60%,10%,20%,0%,10%
The impact of gamification on academic performance: the case of digital marketing in Lebanon,Shatila K.; Martínez-Climent C.; Enri-Peiró S.; Perez-Ruiz P.,2024,10.1108/EJIM-04-2024-0411,"Purpose: The primary objective of this study is to understand how gamification elements, perceived teacher support and boredom relate to academic performance and how these relationships are mediated by perceived enjoyment while pointing out such influence on educational outcomes. Design/methodology/approach: A quantitative survey methodology was conducted with 350 Lebanese university students specializing in digital marketing. This study used structural equation modeling (SEM) to analyze the data and provide exciting insights into the complex ties between variables. Findings: The results indicate that well-implemented gamification elements significantly increased perceived enjoyment and positively influenced academic performance. Furthermore, perceived teacher support enhanced the effectiveness of gamification by increasing student engagement and enjoyment. Conversely, boredom negatively affects perceived enjoyment and academic performance, underscoring the need for well-designed gamification strategies that sustain interest and motivation. Research limitations/implications: Structural equation modeling and other quantitative tools excel at discovering connections but may not reveal the origins of the patterns they uncover. Given the complexity of causation, quantitative studies examining the mediating role of subjective satisfaction may gain more insight using a mixed or qualitative approach. Although the data supplied by the 350 responders were interesting, the sample size was insufficient to make any definitive conclusions. These findings may not be generalizable because Lebanon’s student bodies are diverse. The ability to detect tiny changes in the target variables requires researchers to consider how much time and energy they can dedicate to gathering data while structuring their investigations. Practical implications: This study contributes to understanding gamification as a powerful tool for innovation in education and reshaping learning into motivating, engaging and sustaining productive experiences to improve educational quality. Therefore, our recommendations shed light on such improvements' impact on society. In this vein, we enrich this path by highlighting the crucial role of teachers and decision-makers in developing new professional programs. Originality/value: This study demonstrates the importance of perceived enjoyment in the transformative gamification process in education. This study emphasizes the value of effective gamification implementation supported by teachers as a powerful tool for enhancing learning experiences and improving the quality of education. © 2024, Emerald Publishing Limited.",Academic performance; Boredom; Gamification; Innovativeness; Perceived enjoyment; Perceived teacher support; Quality education,Emerald Publishing,scopus-recommendation,0,Feeling AI,"['perceived enjoyment', 'engagement', 'boredom', 'academic performance', 'teacher support']","The abstract discusses the emotional aspects of gamification in education, particularly how perceived enjoyment and perceived teacher support influence academic performance. These elements directly relate to customer understanding and meeting emotional needs, which align with the Feeling AI category. The focus is on how emotional engagement affects educational outcomes, making it relevant to marketing strategies aimed at enhancing customer experiences.",70%,0%,30%,0%,0%
Beyond closed doors: Examining consumer reactions to public and private advice,Sciandra M.R.,2024,10.1080/13527266.2024.2419027,"Frequently transmitted through word-of-mouth (WOM) communications, advice is viewed as a trustworthy source of information by consumers. Marketers value WOM marketing and invest resources to encourage consumer recommendations. Despite the value of interpersonal recommendations for consumers, an important research finding on advice-taking is ego-centric discounting (i.e. the phenomenon where individuals discount offered advice in favor of their own preferences). Prior work has explored mitigating factors of ego-centric discounting including characteristics of the recommender and the decision context. However, the role of interpersonal influence in advice exchange is understudied. This paper delves deeper into the role of interpersonal influence, evaluating how advice utilization is influenced by the presence of other consumers during the recommendation exchange. Across three experiments, we demonstrate that consumers are more likely to rely on advice when the recommendation is made public rather than in private. Moreover, we show that consumers readily integrate public advice in an attempt to appear appreciative for the recommendation (a self-presentation consideration). Finally, this research shows that consumers higher in need for social approval (NSA) rely more heavily on public advice. This research augments literature on consumer advice and highlights public vs. private advice as an essential factor curbing ego-centric advice discounting. © 2024 Informa UK Limited, trading as Taylor & Francis Group.",advice discounting; Consumer advice taking; interpersonal influence; public advice; word-of-mouth,Routledge,scopus-recommendation,0,Feeling AI,"['trustworthy source', 'interpersonal influence', 'social approval', 'advice utilization', 'public advice', 'self-presentation']","The abstract discusses how consumers' reliance on advice is influenced by social dynamics, particularly the impact of public vs. private recommendations and the need for social approval. This aligns with the focus on customer understanding and relationalization in Feeling AI, as it emphasizes the emotional aspects of advice-taking and the desire for social acceptance. The study is centered on consumer behavior and emotional reactions to advice, making it a strong fit for the Feeling AI category.",80%,0%,20%,0%,0%
"A Systematic Review Examining Multi-Level Policy and Practice Recommendations, and Calls for Research, on Food Insecurity at American Community Colleges",D’Andrea-Baker C.-A.J.; Kapinos B.,2024,10.1177/00915521241241265,"Purpose: The purpose of this systematic literature review is to examine policy and practice recommendations, along with calls for future research, aimed at addressing food insecurity for community colleges across the U.S. Argument/Proposed Model: This article will provide a detailed methodology for the systematic literature review, as well as the findings gathered from a range of peer-reviewed articles on this topic. The authors analyzed six significant themes that surfaced from the current literature related to policy and practice at the federal, state, local, and institutional levels. Conclusions/Contributions: Six chief themes are discussed in-depth, including but not limited to: important tools and approaches for marketing and communications, data-driven decision-making, and the augmentation of food support with other public benefits and institutional resources. These thematic findings address the issue of food insecurity on community college campuses, and also offer a range of techniques and areas for consideration. This systematic literature review offers a compilation of policy and practice recommendations steeped in actionable strategies for researchers, policymakers, campus leaders, and practitioners alike. The strategies can be implemented and/or tailored to meet the needs and nuances of any community college population. © The Author(s) 2024.",community colleges; food insecurity; food security; policy recommendations; United States of America,SAGE Publications Inc.,scopus-recommendation,0,Not Identified,"['food insecurity', 'community colleges', 'policy recommendations', 'literature review', 'strategies', 'data-driven decision-making']","The abstract focuses on food insecurity in community colleges and does not directly relate to marketing strategies or AI applications in marketing. While it discusses policy recommendations and strategies, these are not applied within a marketing context, making it difficult to classify under the predefined categories.",0%,0%,0%,0%,100%
The role of augmented reality in the customer shopping experience,Sahli A.; Lichy J.,2024,10.1108/IJOA-02-2024-4300,"Purpose: This article aims to explore the potential of augmented reality (AR) to enhance the customer shopping experience in the furniture industry. It aims to investigate how AR mobile apps can be used to provide a hedonic and utilitarian shopping experience for customers. Design/methodology/approach: W administered an online questionnaire to 180 customers of the company “Cubitte Concept” (www.cubitteconcept.com), which specializes in the manufacture and design of furniture. This company allowed us to contact these customers to disseminate the questionnaire for gathering relevant information. Data collection lasted approximately three months, from July 3rd to October 5th, 2023, yielding 150 valid responses, which represented 85% of all collected questionnaires. The small sample size is justified by the problem of access to our target group, who are reluctant to be questioned in any way and try at all costs to protect their opinions and privacy. The following table describes the main characteristics of the sample. Findings: The results indicate that customer experience, with its three hedonic, cognitive and utilitarian dimensions – along with interactivity, performance expectancy and effort expectancy – have a significant impact on purchase intention. Research limitations/implications: The limitations of this investigation may open up future avenues of research where we can further explore the impact of AR technology on customer experience and purchase intention in other sectors, as well as study the moderating effects individual, social and cultural factors. Practical implications: While the practical implications can help retailers develop effective strategies for integrating AR into their online shopping experiences. By understanding the potential benefits and challenges associated with AR, retailers can make informed decisions about its implementation and design effective AR applications that improve customer engagement and satisfaction. Therefore, these findings present an opportunity for a comprehensive understanding of how AR influences consumer behavior, empowering stakeholders to refine and optimize their AR marketing strategies. Notably, in Tunisia, AR usage is commonplace in the furniture industry. However, based on this study’s insights, we advocate for broader adoption and integration of AR across diverse sectors, including education, tourism, ready-to-wear and beyond. Originality/value: This study presents a unique and novel analysis of AR in the furniture industry and contributes to the current understanding of the use of technology to enhance the customer experience and provide recommendations to professionals looking to implement augmented reality in their marketing strategy. © 2024, Emerald Publishing Limited.",Augmented reality; Customer experience; Effort expectancy; Interactivity; Performance expectancy,Emerald Publishing,scopus-recommendation,1,Feeling AI,"['customer experience', 'hedonic', 'utilitarian', 'interactivity', 'customer engagement', 'satisfaction']","The abstract primarily focuses on enhancing customer experience through augmented reality (AR) in the furniture industry. It emphasizes emotional dimensions such as hedonic and utilitarian experiences, which align with the 'Feeling AI' category, particularly in understanding and meeting customer emotional needs and wants. The study's findings indicate the impact of customer experience on purchase intention, reinforcing the emotional connection retailers can foster with their customers. Additionally, the practical implications suggest strategies for improving customer engagement and satisfaction through AR. Thus, it fits well within the 'Feeling AI' category.",70%,10%,20%,0%,0%
Unveiling just-in-time decision support system using social media analytics: a case study on reverse logistics resource recycling,Shahidzadeh M.H.; Shokouhyar S.,2024,10.1108/IMDS-12-2023-0921,"Purpose: In recent times, the field of corporate intelligence has gained substantial prominence, employing advanced data analysis techniques to yield pivotal insights for instantaneous strategic and tactical decision-making. Expanding beyond rudimentary post observation and analysis, social media analytics unfolds a comprehensive exploration of diverse data streams encompassing social media platforms and blogs, thereby facilitating an all-encompassing understanding of the dynamic social customer landscape. During an extensive evaluation of social media presence, various indicators such as popularity, impressions, user engagement, content flow, and brand references undergo meticulous scrutiny. Invaluable intelligence lies within user-generated data stemming from social media platforms, encompassing valuable customer perspectives, feedback, and recommendations that have the potential to revolutionize numerous operational facets, including supply chain management. Despite its intrinsic worth, the actual business value of social media data is frequently overshadowed due to the pervasive abundance of content saturating the digital realm. In response to this concern, the present study introduces a cutting-edge system known as the Enterprise Just-in-time Decision Support System (EJDSS). Design/methodology/approach: Leveraging deep learning techniques and advanced analytics of social media data, the EJDSS aims to propel business operations forward. Specifically tailored to the domain of marketing, the framework delineates a practical methodology for extracting invaluable insights from the vast expanse of social data. This scholarly work offers a comprehensive overview of fundamental principles, pertinent challenges, functional aspects, and significant advancements in the realm of extensive social data analysis. Moreover, it presents compelling real-world scenarios that vividly illustrate the tangible advantages companies stand to gain by incorporating social data analytics into their decision-making processes and capitalizing on emerging investment prospects. Findings: To substantiate the efficacy of the EJDSS, a detailed case study centered around reverse logistics resource recycling is presented, accompanied by experimental findings that underscore the system’s exceptional performance. The study showcases remarkable precision, robustness, F1 score, and variance statistics, attaining impressive figures of 83.62%, 78.44%, 83.67%, and 3.79%, respectively. Originality/value: This scholarly work offers a comprehensive overview of fundamental principles, pertinent challenges, functional aspects, and significant advancements in the realm of extensive social data analysis. Moreover, it presents compelling real-world scenarios that vividly illustrate the tangible advantages companies stand to gain by incorporating social data analytics into their decision-making processes and capitalizing on emerging investment prospects. © 2024, Emerald Publishing Limited.",Decision support system; Deep learning; Industry 5.0; Socialmedia analytics,Emerald Publishing,scopus-recommendation,1,Thinking AI,"['social media analytics', 'strategic decision-making', 'customer perspectives', 'advanced analytics', 'insights', 'market analysis', 'targeting']","The abstract discusses the use of social media analytics and deep learning techniques to extract valuable insights for strategic and tactical decision-making in marketing. It emphasizes the analysis of user-generated data to understand customer behaviors and preferences, which aligns with the market analysis focus in Thinking AI. The introduction of the Enterprise Just-in-time Decision Support System (EJDSS) further supports the notion of actionable insights for competitive advantages. The keywords tie closely to the applications defined under Thinking AI.",0%,0%,100%,0%,0%
"Storytelling in Travel Vlogs: Scale Development, Validation, and Application",Li M.W.; Kim Y.R.; Liu A.; Scarles C.; Chen J.L.,2025,10.1177/00472875241312178,"Travel vlogs are inherently storytelling-centric videos. However, the ways in which travel vloggers can craft engaging stories and whether their storytelling effectively influences audiences’ travel decision-making have not been fully explored. To address this gap, this research developed a scale for measuring storytelling in travel vlogs using a three-phase exploratory sequential design. In Study 1, key storytelling elements in travel vlogs were identified through semi-structured, in-depth interviews with 38 vloggers and audience members. In Studies 2 and 3, these elements were examined through exploratory factor analysis (n = 314) and confirmatory composite analysis (n = 544), resulting in the establishment of a 29-item scale across eight factors. Grounded in the Stimulus-Response theory, this scale effectively predicts audiences’ perceived destination image and destination visit intention. Practically, this research offers a comprehensive toolkit for travel vloggers on effective storytelling and provides destination marketers with actionable recommendations on leveraging travel vlog storytelling in destination promotion. © The Author(s) 2025.",destination marketing; influencer; scale development; storytelling; travel vlog; video,SAGE Publications Ltd,scopus-recommendation,0,Feeling AI,"['storytelling', 'audiences', 'destination image', 'destination visit intention', 'customer engagement']","The abstract discusses the importance of storytelling in travel vlogs and how it influences audience decision-making regarding travel, indicating a focus on understanding customer emotions and preferences. The development of a scale to measure storytelling elements and how they affect perceived destination image aligns with the Feeling AI category, which emphasizes customer understanding and relationalization. The actionable recommendations for vlogger storytelling and destination marketing also suggest a focus on meeting emotional needs and wants.",70%,10%,20%,0%,0%
Consumer psychology and the effectiveness of marketing campaigns: The influence of psychological factors on consumer preferences and purchases,Spytska L.,2024,10.57111/econ/4.2024.48,"This article examined the relationship between psychological factors and consumer behaviour within the context of marketing campaigns in Ukraine. The research involved observing consumer behaviour, conducting surveys to collect quantitative data on preferences, and performing experiments to assess the impact of marketing strategies on consumer behaviour. The study found that consumers are drawn to products with appealing designs that evoke positive emotions, such as joy and satisfaction, and that are associated with pleasant memories or feelings of comfort. Products with social approval (positive reviews, recommendations) are perceived more favourably than those with neutral or negative reviews, as they significantly increase consumer interest and trust. The balance between price and product quality, as well as its environmental sustainability, are also important factors influencing purchasing decisions. Advertising is most effectively received through video. Thanks to audiovisual elements, video advertising engages with the audience more effectively and leaves a more lasting impression compared to newsletters or banners. Promotions, discounts, and product sampling are effective marketing tactics aimed at achieving short-term sales growth and enhancing consumer satisfaction. The research identified psychological consumer segments: those who value innovation and cutting-edge technology, and those who are focused on economic benefits. The findings emphasised that considering psychological factors is crucial for developing effective marketing strategies and increasing consumer interest. These insights can be practically applied by marketers when planning advertising campaigns or identifying the target audience for a product. © The Author(s).",attractive design; discounts; promotions; social validation; video advertising,Simon Kuznets Kharkiv National University of Economics,scopus-recommendation,0,Feeling AI,"['psychological factors', 'consumer behaviour', 'positive emotions', 'social approval', 'trust', 'environmental sustainability', 'advertising', 'video advertising', 'consumer satisfaction', 'psychological segments']","The abstract discusses the relationship between psychological factors and consumer behavior, emphasizing the importance of understanding consumer emotions and preferences in marketing strategies. The findings highlight how emotional responses to product design and social approval influence consumer trust and satisfaction, which aligns closely with the 'Feeling AI' category focused on customer understanding and meeting emotional needs. Additionally, the identification of psychological consumer segments reflects an understanding of different emotional drivers in purchasing decisions.",70%,15%,15%,0%,0%
The impact of digital advertising channels on the customer buying behavior: The moderating task of advertising strategies,Nuseir M.; Refae G.E.,2024,10.5267/j.ijdns.2024.5.014,"Regulators and recent academics are now paying attention to digital marketing because it has become a complete marketing resource that might propel a firm toward success. As a result, the current study explores the impact of several digital advertising channels, including mobile, e-mail, and digital retargeting, on customer purchasing behavior in the Information Technology (IT) business in the UAE. The current research also examines the moderating effects of marketing tactics at the intersection of mobile advertising, digital retargeting, e-mail marketing, and customer purchasing choices in the IT sector of the UAE. To collect data for this study quantitatively, questionnaires were employed to solicit information from respondents, which was then analyzed using smart-PLS. The findings showed that digital retargeting, mobile, and e-mail marketing positively affect customer purchasing behavior in the UAE's IT sector. The results also demonstrated that marketing tactics drastically reduced the associations between mobile, e-mail, and consumer purchasing decisions in the UAE's IT sector. This study gave policymakers recommendations on better focusing on digital advertising, which could boost the organization's success. © 2024 by the authors; licensee Growing Science, Canada.",Consumer Buying Decisions; Digital Retargeting; E-mail Marketing; Marketing Strategies; Mobile Marketing,Growing Science,scopus-recommendation,0,Thinking AI,"['digital marketing', 'customer purchasing behavior', 'marketing tactics', 'data collection', 'mobile advertising', 'e-mail marketing', 'digital retargeting']","The abstract discusses the impact of various digital marketing channels on customer purchasing behavior, which aligns with market analysis and targeting. The examination of marketing tactics and their effects on purchasing decisions suggests a focus on strategic analysis and understanding competitive advantages in the IT sector. This aligns well with the 'Thinking AI' category that emphasizes market analysis and targeting.",0%,20%,80%,0%,0%
Exploring Millennial Consumers’ Behaviour in Social Commerce,Ramnarain Y.; Govender K.K.; Soni S.,2024,10.32479/irmm.13401,"This study aims to examine how ratings, forums, communities, reviews, recommendations, and referrals influence consumers who participate in social commerce using Facebook. The target population for this quantitative online study was young adults between the ages of 25-34 who are referred to as Millennials and comprise the largest group of users on Facebook. Convenience sampling, namely snowball sampling was used to target the participants. It was ascertained that social commerce constructs are associated with trust which leads to the consumers purchasing decisions. The implication for social commerce is that the information shared over social commerce constructs in cohesive networks is more likely to influence the consumers’ decisions than in less cohesive networks. This, therefore, justifies recommending that businesses should monitor the quality and content of the engagements around their brands on social media since information sharing in social commerce influences the decisions of consumers. © 2024, Econjournals. All rights reserved.",Consumer Behaviour; Marketing; Social Commerce; Social Commerce Constructs; Social Media,Econjournals,scopus-recommendation,0,Feeling AI,"['trust', 'influence', 'consumer decisions', 'information sharing', 'social commerce']","The abstract discusses how social commerce constructs, such as ratings and reviews, influence consumer trust and purchasing decisions. This aligns with the Feeling AI category, which focuses on understanding customer emotional needs and utilizing emotional data to impact consumer behavior. The emphasis on trust and the influence of cohesive networks suggests a deep understanding of customer relationships and emotions, rather than mere data collection or mechanical processes.",70%,10%,20%,0%,0%
Applying the triple coherence line to in-store marketing plans to increase private label market share,Garrido-Morgado Á.; González-Benito Ó.,2024,10.1016/j.jretconser.2023.103642,"Difficult economic times might encourage private label purchases, though most such decisions occur in-store. The current study therefore presents an analysis of whether in-store displays (ISD) exert similar effects on private labels versus national brands, which ISD are most effective, and how retailers can maximize their effects. With a triple coherence line (TCL) framework, the authors determine ISD that favor a decision process in which the consumer can easily recognize the benefits of a promotion, increase their impact on sales, especially if the product itself offers similar benefits. They establish a novel, unique data set of scanner and observational data about daily product prices and sales in 22 categories, according to the uses of different ISD (shelf signage, end-of-aisle, islands) and promotions (price, product). The results confirm their different effects on private labels versus national brands; when ISD facilitate decision processes that are congruent with private-label purchase motivations, they exert greater effects on sales, and these effects can be maximized by applying the TCL framework. In detail, shelf signage that stimulates more cognitive and rational purchase decisions exerts powerful effects on private label purchases, which get reinforced by price promotions. These insights extend previous studies of in-store marketing actions and purchase decisions, leading to some useful recommendations for retailers. © 2023 The Authors",In-store display; National brand; Private label; Triple coherence line,Elsevier Ltd,scopus-recommendation,2,Thinking AI,"['in-store displays', 'private label purchases', 'national brands', 'decision process', 'promotions', 'market analysis', 'sales impact']","The abstract focuses on analyzing the effects of in-store displays on the purchasing decisions of consumers regarding private labels and national brands. It discusses the strategic implications of how different display types can influence consumer behavior and sales, which aligns with the market analysis and targeting components of Thinking AI. The use of the TCL framework to enhance decision-making reflects a deeper strategic analysis of marketing tactics, rather than an emotional or mechanical process.",10%,20%,70%,0%,0%
Customer Value and Sustainable Choice Behaviour in Social Commerce,Kanimozhi G.; Sengottuvel C.,2024,10.2478/eoik-2024-0021,"The emergence of Social Commerce, facilitated by social media platforms such as Facebook, Snapchat, and Instagram, has revolutionized electronic commerce, reshaping consumer behavior and business dynamics. This study investigates the connection between customer value and sustainable choice behavior in Social Commerce, focusing on individuals aged 18 and above actively engaged with these platforms. Employing a convenience sampling method and a survey of 383 participants, a structural equation model was utilized to assess various hypotheses. The findings highlight the significant impact of word of mouth, intention, offers, and trust on purchase decisions within Social Commerce. These factors play pivotal roles in shaping customer perspectives, emphasizing the importance of integrating online brand communities into marketing and communication strategies. By leveraging social media, vendors can facilitate the discovery, sharing, recommendation, and transaction of goods and services, enhancing customer value and promoting sustainable choices. This study contributes to the understanding of consumer behavior in the context of Social Commerce, offering insights for businesses to adapt and thrive in an increasingly digital marketplace.  © 2024 G. Kanimozhi et al., published by Sciendo.",customer value; online brand communities; purchase decisions; Social Commerce; social media platforms; sustainable choice behavior,Sciendo,scopus-recommendation,0,Feeling AI,"['customer value', 'trust', 'word of mouth', 'sustainable choice behavior', 'emotional preferences']","The abstract discusses the impact of trust and word of mouth on purchase decisions, indicating an understanding of customer emotional needs and preferences. It emphasizes the importance of integrating online brand communities, which involves understanding customer engagement and emotional connections. Therefore, it aligns most closely with 'Feeling AI', which focuses on customer understanding and relationalization.",60%,20%,15%,0%,5%
Unproven stem cell therapies: an evaluation of patients’ capacity to give informed consent,Langford L.; Foong P.,2024,10.1080/10383441.2024.2422138,"Capitalising on the hype surrounding regenerative medicine, there are clinics worldwide marketing unproven stem cell-based therapies to patients. Some patients have travelled overseas to access treatments they believe are safe and effective. This practice, known as stem cell tourism, could result in adverse effects in some patients. This paper seeks to examine how the industry could threaten the validity of the patient's informed consent. The vulnerable groups include adults, minors and incompetent patients. Since patients are exposed to exaggerated claims and inaccurate information, this article argues that each cohort may not truly consent to such therapies. While each group hopes to obtain a miracle cure, the reality is that these purported medical treatments may not enable patients to give their informed consent, which thereby inhibits good decision-making. Accordingly, states could restrict patients’ access to unproven stem cell-based therapies to control the problem. This paper illustrates how the regulatory framework in countries such as Australia and the United States (U.S.) has allowed the industry to thrive. Recommendations on how states can take a restrictive stance against this complex phenomenon are proposed. © 2024 The Author(s). Published by Informa UK Limited, trading as Taylor & Francis Group.",informed consent; Stem cells; unproven medical treatments,Routledge,scopus-recommendation,0,Out of Scope,"['regenerative medicine', 'stem cell therapies', 'informed consent', 'vulnerable groups', 'exaggerated claims', ""patients' access""]","The abstract discusses issues related to unproven medical treatments and the implications for patient consent in the context of healthcare, which is outside the scope of marketing applications. It focuses on the ethics and regulation of stem cell therapies rather than marketing strategies or customer engagement.",0%,0%,0%,100%,0%
"IMPACT OF ENTREPRENEURIAL MARKETING ON OVERALL SME PERFORMANCE IN MANICALAND PROVINCE, ZIMBABWE",Mutanho D.; Shumba T.,2024,,"Small and medium enterprises (SMEs) are the lifeline for economic growth in both developed and emerging markets; however, they continue to face growth challenges. Theoretically, SMEs are major contributors to employment creation, wealth generation and poverty alleviation. Literature shows that SME sustainability is affected by a variety of variables, including reputation. The article seeks to analyse the relationship between SME entrepreneurial marketing, described as customer intensity and proactiveness, and overall performance, associated with consumer reputation, in emerging markets. Three hypotheses were generated from literature review, and they were tested through empirical data collected from Manicaland Province SMEs. The hypotheses relate to the linkages between entrepreneurial marketing and overall SME performance. A total of 190 entrepreneurs operating SMEs in Manicaland Province were surveyed. Through convenience sampling, entrepreneurs who employ a minimum of five people were selected from all the districts of Manicaland Province. Factor analysis and structural equation modeling were used to test the three hypotheses. The article finds that two dimensions of entrepreneurial marketing impact on overall SME performance. Three strategic recommendations arise from this article that may improve the impact of entrepreneurship marketing on the performance of SMEs, and they are detailed under the last section. Together, the three strategic recommendations imply that SMEs marketing has to rely on research in order to: gain understanding of determinants and outcomes of international entrepreneurship and innovation; analyse possible matrices of strategic approaches to international entrepreneurship management in decision-making; and exploit the potential for using corporate social behaviour as a niche for gaining competitive advantage for sustainable development. © Journal of Global Business and Technology.",Emerging Markets; Entrepreneurship; Marketing; Small and Medium Enterprises; Zimbabwe,"Global Business and Technology Association, Inc.",scopus-recommendation,0,Thinking AI,"['entrepreneurial marketing', 'overall performance', 'consumer reputation', 'strategic recommendations', 'market analysis']","The abstract discusses the analysis of the relationship between entrepreneurial marketing and overall SME performance, highlighting the importance of understanding market dynamics and consumer reputation. This aligns closely with the focus of Thinking AI on market analysis and strategic targeting. The empirical research and hypotheses testing also indicate a strategic approach to understanding competitive advantages in the market.",20%,10%,70%,0%,0%
The Importance of Brand Equity in the Business of Marketing Education,Bacon D.R.,2024,10.1177/02734753241263111,"College graduates earn higher wages than noncollege graduates, but questions remain about the degree to which this wage difference is driven by learning in college or by the signal that the degree sends to employers. Based on a review of the literature, I propose that the value of a marketing degree is much less related to learning marketing than it is to the business school’s brand equity. A business school with strong brand equity can be more selective in admissions decision making, which in turn leads to increased graduate success and further builds the school’s brand equity. This brand-centric perspective resolves several persistent questions including why student evaluations of teaching are so important in business schools, why improvements in learning are underfunded, and why marketing education research is under-emphasized. Implications and recommendations for future research are discussed. © The Author(s) 2024.",and service; balance of teaching; education administration issues; marketing careers/advising; marketing education issues; measuring teaching effectiveness; research; skills/traits development in marketing education,SAGE Publications Inc.,scopus-recommendation,0,Thinking AI,"['brand equity', 'graduate success', 'business school', 'marketing education']",The abstract discusses the value of a marketing degree in relation to the brand equity of business schools and how that influences graduate success. This aligns with the focus of Thinking AI on market analysis and identifying competitive advantages. The analysis of how brand equity affects perceptions and outcomes suggests a strategic approach to understanding market dynamics rather than a purely emotional or mechanical perspective.,10%,0%,90%,0%,0%
The Role of Influencers in Shaping the Economic Decisions of Consumers Using the Logistic Regression Approach—Does the Generation Factor Matter?,Mawad J.L.J.; Freiha S.S.,2024,10.3390/su16219546,"This article explores the role of social media marketing in shaping economic decisions among consumers. This study aims to examine the characteristics influencing consumer intentions, with a strong emphasis on the role of influencers. In order to conduct this study, a logistic regression was employed. The sample reveals that individuals who view influencers as credible sources of information and experience, those who exhibit homophily with influencers, those who perceive the influencers’ content as high-quality, and those who develop strong parasocial relationships with influencers show higher consumption intentions. In contrast, older individuals tend to have lower consumption intentions. These consumption intention characteristics vary across genders and generations. The study concludes with recommendations targeting all relevant stakeholders, influencers, businesses, policy makers, and consumers. © 2024 by the authors.",consumption; economic decisions; influencers; social media; sustainable behavior,Multidisciplinary Digital Publishing Institute (MDPI),scopus-recommendation,0,Feeling AI,"['social media marketing', 'influencers', 'consumer intentions', 'credibility', 'homophily', 'high-quality content', 'parasocial relationships', 'emotional preferences']","The abstract discusses how social media marketing and influencers affect consumer intentions, emphasizing emotional connections such as credibility, homophily, and parasocial relationships. This aligns well with the focus of Feeling AI on customer understanding and relationalization, as it aims to understand and meet the emotional needs of consumers and how they relate to influencers.",60%,10%,30%,0%,0%
"Kissan Madadgar: pioneering agri-tech in Pakistan, the journey to conquer Sindh",Nisar N.; Raza A.; Aziz Q.; Khan M.; Jatoi A.,2025,10.1108/EEMCS-10-2024-0415,"Learning outcomes: The learning outcomes are as follows: first, to understand the significance of Agri-tech solutions in the future of agriculture. (Case Question 1) – evaluate the role of Agri-tech firms in promoting sustainable agricultural practices and enhancing productivity. (Case Question 1); second, to analyze the competitive landscape of the agriculture sector in Sindh. (Case Question 2) – assess how the competitive landscape influences Kissan Madadgar’s market entry strategy. (Case Question 2); third, to analyze and evaluate the strengths and weaknesses of Kissan Madadgar’s existing business model and product range in the context of entering a new market. (Case Question 3); fourth to identify key challenges facing the agriculture sector in Sindh. (Case Question 4) – identify potential opportunities in the evolving agriculture market. (Case Question 4) and assess the impact of challenges and opportunities on Kissan Madadgar’s business strategies. (Case Question 4); and fifth, to evaluate the advantages and disadvantages of different market entry strategies (online platform only, joint venture with international bodies, opening physical shops, developing a model farm, geographical mapping). (Case Question 5) – analyze the strategic fit of these options with Kissan Madadgar’s objectives and capabilities. (Case Question 5); formulate recommendations based on the best market entry strategy for Sindh. (Case Question 5). Case overview/synopsis: In April 2023, Seema, the head of marketing at Kissan Madadgar, journeyed through the lush rice fields of Sindh, contemplating the province’s distinct agricultural landscape. Despite Kissan Madadgar’s success in Punjab, Khyber Pakhtunkhwa and Gilgit Baltistan, entering Sindh presented a set of unique challenges. The province’s linguistic diversity, with various dialects of Sindhi spoken in key agricultural regions, posed a significant communication barrier. Additionally, farmers in Sindh grappled with limited water access, reliance on expensive solar tube wells and crippling debt due to high-interest loans from traditional lenders. Competing against well-established local agro-tech players, such as BaKhabar Kissan and Farmdar, further complicated the task of gaining trust and building brand recognition. Recognizing these hurdles, Seema partnered with Sukkur IBA University to conduct comprehensive research and develop a tailored entry strategy for the region. Potential entry strategies included maintaining an online-only model, forming joint ventures with international organizations, opening physical shops, establishing a model farm and adopting a cluster-wise entry approach. Each option had distinct advantages and challenges. As Seema found herself at the crossroads of decision-making, the urgency to craft a winning strategy for Kissan Madadgar’s entry into Sindh intensified. She knew that understanding Sindh’s unique market dynamics was crucial, as was assessing Kissan Madadgar’s strengths and weaknesses. Amidst strong local competition, Seema pondered the dilemma: Which entry strategy should Kissan Madadgar adopt to ensure not just a successful entry into Sindh but also sustainable growth and competitive advantage in the long run? Complexity academic level: Undergraduate and Graduate (first year only) Supplementary material: Teaching notes are available for educators only. Subject code: CSS 8: Marketing. © 2025, Emerald Publishing Limited.","Agri-tech industry; Business strategy; Consumer behavior; Digital transformation in agriculture; Market entry strategy; Market research; Market research; Marketing; PESTEL analysis, Porter’s five forces; Strategic marketing; Strategy",Emerald Publishing,scopus-recommendation,0,Thinking AI,"['market analysis', 'competitive landscape', 'business model', 'market entry strategy', 'challenges', 'opportunities']","The abstract focuses heavily on analyzing market conditions, competitive landscapes, and strategic entry options for Kissan Madadgar in the agriculture sector of Sindh. This aligns with the 'Thinking AI' category, which emphasizes market analysis, targeting, and evaluating competitive advantages. The learning outcomes outlined in the abstract demonstrate a clear focus on understanding market dynamics, evaluating strengths and weaknesses, and formulating recommendations based on strategic analysis, which are key characteristics of Thinking AI.",0%,0%,100%,0%,0%
Inclusive and Sustainable Supply Chain Strategies in Live E-Commerce: The Role of Influencer Marketing and Spillover Effects,Zhu X.; Deng R.,2024,10.3390/su162410985,"Live e-commerce has proliferated as a new business model in recent years. Live-streaming channel selection strategies and behavioral decisions are critical considerations for retailers to enhance business performance by increasing engagement and profitability. This study introduces the spillover effect between influencer and self-live-streaming channels, offering new theoretical insights into sustainable supply chain management from multichannel retailing, game theory, and spillover effects for channel selection and pricing, optimizing dual-channel tactics for inclusive marketing, and challenging pricing and channel effectiveness beliefs. Hence, inclusive and sustainable business practices in live e-commerce have been examined, focusing on dual-digital-channel strategies involving influencer marketing and self-live-streaming. This paper investigates three digital supply chain structures for sustainability, which are based on influencer characteristics: the single digital channel ((Formula presented.), the dual-digital-channel structure without spillover effect ((Formula presented.)), and the dual-digital-channel structure with spillover effect ((Formula presented.)). This study employs Stackelberg game models to analyze behavioral, pricing, and channel preferences, and it also extends the model to offline channels. This study finds that (a) influencer effort affects influencer live-streaming pricing, which may not always be cheaper than self-streaming digital channels; (b) commission rates significantly impact influencer pricing strategies, leading retailers to use skimming and penetration pricing strategies when commission rates are low and high; and (c) retailers may develop influencer live-streaming channels if the cross-price coefficient is medium and low but prefer it when the coefficient and spillover impact are large. By analyzing how these digital channels contribute to societal sustainability through reduced environmental impact and enhanced social inclusion, this research highlights key marketing decisions that optimize business performance and social responsibility in the digital economy. It offers live e-commerce managers strategic channel selection, pricing, and sustainability advice and recommendations for future empirical validation to enhance practical applicability. © 2024 by the authors.",digital supply chain sustainability; inclusive marketing strategies; influencer marketing spillover effects; live-streaming e-commerce; social inclusion in digital marketing; sustainable business performance; sustainable supply chains,Multidisciplinary Digital Publishing Institute (MDPI),scopus-recommendation,0,Thinking AI,"['live e-commerce', 'channel selection', 'influencer marketing', 'pricing strategies', 'sustainability', 'behavioral decisions', 'multichannel retailing']","The abstract discusses strategies for enhancing business performance through market analysis and channel selection, particularly in the context of live e-commerce. It emphasizes the importance of influencer characteristics, pricing strategies, and the spillover effects between channels, which align with the market analysis focus of Thinking AI. The study also provides insights that can guide targeting and optimization of marketing strategies, which further supports its classification under Thinking AI.",0%,0%,100%,0%,0%
The three critical thinking skills marketers need to excel at for impactful data storytelling,Florence C.,2024,10.69554/KRXT1854,"Data democratisation means marketers have ever-greater access to data to help inform decisions. No longer in the hands of specialists, data is more readily available to use than ever before. However, despite increasing access to data tools, capabilities within marketing teams have not kept up with the pace of change. Investment in data tools will not lead to better data-enabled decision making unless supported by the right marketing capabilities. Critical thinking skills are often overlooked in data storytelling best practice, with more emphasis on visualisation and creative communications. However, it is the critical thinking skills that enable marketers to extract the value from data to ensure the stories both stand up to scrutiny and stand out from the noise. This paper focuses on the needs to build capabilities in three core areas:identifying the ‘so what?’ insights from the data, distilling insights into a few salient points of view and clarifying the ‘now what?’ recommendations. © 2024, Henry Stewart Publications. All rights reserved.",analysis; critical thinking; data literacy; data storytelling; insight; marketing effectiveness; skills,Henry Stewart Publications,scopus-recommendation,0,Thinking AI,"['data democratisation', 'critical thinking', 'insights', 'recommendations', 'data storytelling']","The abstract emphasizes the need for marketers to develop critical thinking skills to extract valuable insights from data, which aligns with the focus on market analysis and identifying actionable insights. The mention of identifying the 'so what?' and 'now what?' insights indicates a strategic analysis approach rather than automated processes or emotional understanding.",0%,0%,100%,0%,0%
"Opportunities, challenges and implications of medical tourism development in Hong Kong",Zhong X.; Chan C.-S.,2024,10.1002/jtr.2615,"This study revealed two different sets of push and pull factors affecting the medical travel decision process of two groups of mainland Chinese to Hong Kong, including potential and experienced medical tourists. The relations between identified factors and their willingness of personal visit and recommendation were also investigated. Regarding the recommendation intention, interpersonal acquisition and personal needs satisfaction are mostly considered by travelers in psychological level while recognized high medical reception capacity and quality are also prioritized in the pull aspect. However, local medical service constraints, perceived quality of medical experience shaped by healthcare suppliers, and destination attributes determine the two groups' responses to personal visit intention. Besides, the advantages of developing medical tourism in Hong Kong are implicated as can-be-perceived unique cultural attribute, mass tourism fame as medical tourism development basis, and reputation for high-quality care formed with unintentional or deliberate promotion from third parties and various marketing channels. © 2024 The Authors. International Journal of Tourism Research published by John Wiley & Sons Ltd.",health and medical care; medical destinations; medical tourism; medical travel motivations; push-and-pull motivational factors,John Wiley and Sons Ltd,scopus-recommendation,4,Feeling AI,"['interpersonal acquisition', 'personal needs satisfaction', 'psychological level', 'perceived quality', 'customer understanding']","The abstract discusses various psychological factors influencing the medical travel decisions of potential and experienced tourists, emphasizing the emotional and personal needs of the customers. The importance of understanding these needs and how they relate to the travelers' willingness to recommend and visit is strongly aligned with the objectives of Feeling AI.",60%,10%,20%,0%,10%
Continued Use Trajectories: How Entropy Work Sustains Technology Assemblages,Franco P.; Canniford R.; Phipps M.; Epp A.M.,2024,10.1177/00222429241255306,"Why do some technology products enjoy enduring continued use, whereas others are quickly discarded? Existing marketing research explains that continued use is motivated by cost–benefit decisions over how useful and easy to use a tech product is. Yet the interconnected nature of contemporary technologies means that continued use can depend on tech products’ capacities to interact with other devices, objects, infrastructures, and people as parts of assemblages that generate useful properties. By analyzing interview and observational data of technology consumption through the lens of assemblage theory, the authors identify four continued use trajectories. These explain different paths from adoption to discontinued use by distinguishing component parts’ capacities to interact and hold assemblages together to sustain emergent properties. In each trajectory, continued use is sustained by entropy work to support a tech product's usefulness and ease of use. The authors consider implications of entropy work for theories of continued use and broader marketing scholarship, and offer recommendations to help firms manage the opportunities and risks that accompany different continued use trajectories. © The Author(s) 2024.",assemblage theory; continued use; ease of use; entropy work; technology consumption; usefulness,SAGE Publications Ltd,scopus-recommendation,1,Feeling AI,"['continued use', 'usefulness', 'ease of use', 'entropy work', 'customer needs']","The abstract discusses the continued use of technology products, emphasizing the importance of customer understanding regarding usefulness and ease of use. It highlights how these factors relate to emotional engagement and the relational aspects of technology consumption, aligning closely with the Feeling AI category focused on understanding customer emotional needs and wants.",70%,10%,20%,0%,0%
Competition and cooperation in a platform-based business ecosystem within complementary partners,Hong Z.; Zhang Q.; Xu X.; Lyu Z.,2024,10.1016/j.ijpe.2024.109337,"In today's competitive business landscape, adopting business ecosystems has emerged as a pivotal strategy to enhance supply chain efficiency. This study employs a game-theoretic framework to investigate the dynamics of a manufacturer establishing a business ecosystem by collaborating with a partner on a supply chain platform. The partner, in turn, offers complementary products to consumers, thereby fostering a symbiotic relationship within the ecosystem. Motivated by the need to understand the implications of such business ecosystems, this study explores their effects on firms operating in the competitive market. Additionally, we examine the impacts of two distinct advertising strategies: product-focused and platform-oriented advertising strategies. Our analytical results reveal several interesting findings. First, forming a business ecosystem based on a supply chain platform increases profits for both the manufacturer and the partner. Furthermore, our findings demonstrate that the manufacturer should selectively adopt a platform-oriented advertising strategy based on the magnitude of the platform advertising effect. Moreover, we uncover that the partner's product-focused advertising strategy fosters a win-win outcome for all firms in the market, ensuring economic sustainability, particularly in the face of intermediate-level market competition. This research provides insightful recommendations for understanding the dynamics of the supply chain, shedding light on the strategic decisions and advertising strategies that drive efficiency within such ecosystems. © 2024 Elsevier B.V.",Advertising; Business ecosystem; Business sustainability; Platform partner; Supply chain platform,Elsevier B.V.,scopus-recommendation,1,Thinking AI,"['business ecosystems', 'supply chain efficiency', 'advertising strategies', 'market competition', 'profits', 'strategic decisions']","The abstract discusses the establishment of business ecosystems and their impact on supply chain efficiency, which aligns with market analysis and competitive advantages. The study analyzes the effects of different advertising strategies on firms in a competitive market, indicating a focus on strategic decision-making and targeting. The insights gained from the research suggest the use of marketing analytics to understand the dynamics of the supply chain and the implications for firms operating within the market, which fits the criteria for Thinking AI.",0%,0%,100%,0%,0%
Towards an integration of corporate foresight in key account management,Lautenschlager C.; Tzempelikos N.,2024,10.1016/j.indmarman.2024.05.009,"Corporate Foresight (CF) suggests a strategic capability that enables organisations to anticipate emerging market trends, customer needs, and competitive dynamics, providing a proactive approach to decision-making and value creation. This article explores the transformative potential of CF in key account management (KAM), shedding light on its role in shaping the future of customer engagement and organisational success. This study proposes a conceptual framework integrating CF practices into KAM processes and performance metrics. The findings emphasise the critical role of CF in driving innovation, fostering long-term customer relationships, and achieving competitive advantage. The paper extends the KAM research agenda, positioning the analysis of KAM in a broader organisational context, beyond the ‘boundaries’ of the sales/ marketing function. The article concludes by offering practical implications and recommendations for organisations seeking to embrace the power of foresight in their KAM strategies. Finally, we identify avenues for future research. © 2024",Conceptual framework; Corporate foresight; Innovation; Key account management; Performance,Elsevier Inc.,scopus-recommendation,3,Thinking AI,"['Corporate Foresight', 'strategic capability', 'anticipate emerging market trends', 'customer needs', 'competitive dynamics', 'decision-making', 'value creation', 'key account management', 'customer engagement', 'performance metrics', 'innovation', 'competitive advantage']","The abstract discusses Corporate Foresight as a strategic capability that allows organizations to anticipate market trends and customer needs, which aligns with the focus on market analysis in Thinking AI. The proposal of integrating CF practices into KAM processes also indicates a strategic approach to understanding the competitive landscape and improving customer engagement, further supporting its classification under Thinking AI. The emphasis on driving innovation and fostering long-term customer relationships reflects strategic analysis and targeting.",0%,0%,100%,0%,0%
"Time analysis of online consumer behavior by decision trees, GUHA association rules, and formal concept analysis",Pitka T.; Bucko J.; Krajči S.; Krídlo O.; Guniš J.; Šnajder Ľ.; Antoni Ľ.; Eliaš P.,2024,10.1057/s41270-023-00274-y,"Data analytics plays a significant role within the context of the digital business landscape, particularly concerning online sales, aiming to enhance understanding of customer behaviors in the online realm. We review the recent perspectives and empirical findings from several years of scholarly investigation. Furthermore, we propose combining computational methods to scrutinize online customer behavior. We apply the decision tree construction, GUHA (General Unary Hypotheses Automaton) association rules, and Formal concept analysis for the input dataset of 9123 orders (transactions) of sports nutrition, healthy foods, fitness clothing, and accessories. Data from 2014 to 2021, covering eight years, are employed. We present the empirical discoveries, engage in a critical discourse concerning these findings, and delineate the constraints inherent in the research process. The decision tree for classification of the year’s fourth quarter implies that the most important attributes are country, gross profit category, and delivery. The classification of the morning time implies that the most important attributes are gender and country. Thus, the potential marketing strategies can include heterogeneous conditions for men and women based on these findings. Analyzing the identified groups of customers by concept lattices and GUHA association rules can be valuable for targeted marketing, personalized recommendations, or understanding customer preferences. © 2024, The Author(s).",Consumers; Decision trees; Formal concept analysis; GUHA association rules; Marketing,Palgrave Macmillan,scopus-recommendation,1,Thinking AI,"['data analytics', 'customer behavior', 'market strategies', 'targeted marketing', 'personalized recommendations', 'customer preferences']","The abstract discusses analyzing customer behavior through data analytics to inform marketing strategies and personalized recommendations. It emphasizes understanding customer groups and utilizing empirical findings for targeted marketing, which aligns with the focus on market analysis, targeting, and personalization in the Thinking AI category.",10%,20%,70%,0%,0%
“Pets make you spend more!” Impact of pet ownership on consumer purchase decisions,Liu Y.; Chang X.; Yang S.; Li Z.; Wu Y.,2024,10.1016/j.jbusres.2024.114838,"Pet ownership has become increasingly popular, making it important to understand whether and how it affects consumers’ purchase decisions. Using pet ownership as an exogenous shock, we employed a difference-in-differences (DID) method with propensity score matching (PSM) to estimate the effect of pet ownership on consumers’ purchases. We find that pet ownership increases purchases. A laboratory experiment reveals that this effect is induced by enhanced subjective well-being, which boosts impulsive hedonic purchases. Moreover, two follow-up studies show that higher level of emotional support from pet positively affects consumers’ subjective well-being, thus leading to increased purchases. This research is among the first to empirically examine how pet ownership affects consumer purchases. It contributes to understanding subjective well-being, impulsive purchases, and the emotional support pet provides. The findings offer valuable implications for retailers on incorporating pets into marketing and provide insights for e-commerce platforms to optimize personalized recommendation algorithms to boost purchases. © 2024 Elsevier Inc.",Emotional support; Impulsive purchases; Pet ownership; Purchase decisions; Subjective well-being,Elsevier Inc.,scopus-recommendation,0,Feeling AI,"['pet ownership', 'subjective well-being', 'emotional support', 'impulsive purchases']","The abstract discusses how pet ownership impacts consumers' purchase decisions through emotional factors such as subjective well-being and emotional support, indicating an understanding of customer needs and emotions. The findings suggest that the emotional connection between pets and owners influences purchasing behavior, which aligns closely with the objectives of Feeling AI.",70%,10%,20%,0%,0%
"The value chain of the jumbo squid (Dosidicus gigas) in Mexico: Diagnostic, structural analysis, and scenarios",Cruz-Escalona V.H.; Moncaleano-Rubio Y.A.; Morales-Bojórquez E.; Arizmendi-Rodríguez D.I.; Pérez-Palafox X.A.; Ornelas-Vargas A.; Payán-Alcacio J.Á.; Urcádiz-Cazares F.J.,2024,10.1016/j.marpol.2024.106099,"The value chain for jumbo squid fishery encompasses a process of linking multiple components and actors that generate and promote capitalization of the added value of this fishery product. This study aims to diagnose the value chain for jumbo squid in Mexico using the structural analysis approach, allowing a description of the main actors, and their interactions with the markets, socioeconomic drivers, as well as the influence of different variables in the performance of jumbo squid chain value. The results derived from the structural analysis, six variables (related to the transformation, marketing, and consumption activities) and two actors (producers and academic research) were identified as the most relevant. The competitive advantages and added value could be reached by integrating the aspects related to the most relevant variables and taking appropriate decisions to deal with situations of uncertainty, which can promote weak nodes in the value chain, primarily because of the failures in the commercialization and consumption of jumbo squid. This suggests that efforts should not be concentrated on a single node but should be addressed jointly. Considering that the jumbo squid value chain currently depends on the changing conditions of the fishery, which is marked by production instability, causing uncertainty in the subsequent nodes; the status indicates that a restructuring of the value chain is evident since the market is prone to dismantling or self-regulation over the medium term. © 2024 Elsevier Ltd","MACTOR method; Matrix of Alliances and Conflicts, Tactics, Objectives and Recommendations; Matrix of Cross Impact Multiplications Applied to Classification; MICMAC method; MORPHOL method; Structural analysis",Elsevier Ltd,scopus-recommendation,1,Thinking AI,"['value chain', 'market analysis', 'competitive advantages', 'socioeconomic drivers', 'performance', 'restructuring']","The abstract discusses the diagnosis of the jumbo squid value chain in Mexico, focusing on the analysis of market interactions and the identification of competitive advantages. It emphasizes the importance of understanding various socioeconomic drivers and market conditions, which aligns with the 'Market analysis' and 'Targeting' focuses of Thinking AI. Additionally, the mention of restructuring the value chain to address uncertainties reinforces the strategic analysis aspect, further validating the classification.",0%,0%,100%,0%,0%
Influence of memorable tourism experience on attitude towards pilgrimage: a moderated-mediation model with memorable religious experience and religiosity,Bhandari H.; Mittal A.; Arora M.,2024,10.1108/JHTI-11-2023-0848,"Purpose: The study investigates the mediated moderation impact of Memorable Religious Experience (MRE) and Religiosity (REL) on the relationship between Memorable Tourism Experience (MTE) and Attitude towards Pilgrimage (ATT) finally driving Recommend Intention (RCI) of visitors to a religious site. It suggests visitors' incentive variable religiosity can influence their decision to recommend visiting a religious destination. Design/methodology/approach: The research uses a quantitative cross-sectional approach wherein a self-administered survey was used for data collection from 223 pilgrims who visited a popular pilgrimage site. Partial least squares-structural equation modeling (PLS-SEM) was employed for analysis. Findings: The results showed that MTE has a significant influence on ATT which further influences RCI (a dimension of behavioral intention-BI) of visitors towards a religious destination. Further, MRE mediates the relationship between MTE and ATT. Nevertheless, REL illustrated a significant moderation influence on the relationship between MRE and ATT, further verifying the mediated moderation impact of MRE and REL in the model. Practical implications: Recommendation of existing customers is one of the most powerful indicators of customer loyalty and usually leads to revisit. The research provides destination managers/tourism planners of pilgrimage sites to formulate appropriate marketing strategies to develop RCI and sustainable branding. Originality/value: This study adds to the empirical studies conducted on REL by constructing a composite picture of the memorable tourism experience within a pilgrimage tourism context. The uniqueness lies in the attempt to investigate the mediated moderation impact of MRE and REL using a symmetric (PLS-SEM) approach. © 2024, Emerald Publishing Limited.",Memorable religious experience; Memorable tourism experience; Pilgrimage; PLS-SEM; Recommend intention; Religiosity,Emerald Publishing,scopus-recommendation,2,Feeling AI,"['Memorable Religious Experience', 'Religiosity', 'Attitude towards Pilgrimage', 'Recommend Intention', 'customer loyalty', 'emotional needs']","The abstract focuses on understanding the emotional and experiential aspects of visitors to a religious site, particularly how memorable experiences and religiosity influence their attitudes and intentions to recommend the site. This aligns with the Feeling AI category, which emphasizes customer understanding and relationalization based on emotional needs. The study highlights the importance of customer emotions and engagement in the context of pilgrimage tourism, making it fit well within the Feeling AI framework.",60%,10%,20%,0%,10%
Perceived effects of COVID-19 on smallholder farmers’ agricultural production practices in Ethiopia,Asegie A.M.; Adisalem S.T.; Eshetu A.A.,2024,10.1080/20421338.2023.2295626,"This study analyzed the perceived effects of COVID-19 on smallholder farmers’ agricultural production practices in the South Wollo and Oromo Administrative Zones of Ethiopia. Data were collected from 270 randomly selected respondents from September 5 to October 10, 2020. Data were analyzed qualitatively and quantitatively. The severity of problems is analyzed using a four-point Likert scale. The quantitative data were analyzed using mean and one sample t-test, while qualitative data were analyzed through thematic analysis. The one sample t-test result revealed that the respondents' level of agreement is statistically and significantly different from neutral in all cases at the 95 and 99% levels of confidence. These immediate problems caused the smallholder farmers to develop concerns about the effects of the COVID-19 pandemic. Smallholder farmers in Jige faced challenges like a lack of markets, collaboration issues, delayed agricultural activities, spoilage of produce, labour issues, and increased input prices. The government and development practitioners should prioritize timely agricultural input delivery through cooperative unions, transfer of information and advisory services, and the marketing of agricultural products using alternative strategies. This research contributes evidence-based information for decision-makers to devise appropriate and locally adaptable policy documents for the given policy recommendations. © 2024 African Journal of Science, Technology, Innovation and Development.",agriculture; COVID-19; Ethiopia; Likert scale; perceived effect; smallholder farmers,Routledge,scopus-recommendation,0,Out of Scope,[],"The abstract discusses the effects of COVID-19 on smallholder farmers in Ethiopia, focusing on agricultural practices and challenges faced by farmers. It does not relate to marketing, customer data, emotional understanding, market analysis, or any AI applications in marketing contexts. Therefore, it is classified as 'Out of Scope' as it pertains to agricultural production rather than marketing.",0%,0%,0%,100%,0%
Information behaviour in high risk decision making: Study of international postgraduates,McNicholas C.; Marcella R.,2024,10.1177/01655515221124080,"This article explores the role of information in high risk consumer decision making. Forty-two qualitative interviews were undertaken with international non-EU postgraduates when making the high risk decision to study in a UK Business School. Prospective international postgraduates moved iteratively through the stages in Kuhlthau’s Information Search Process model and learnt from the search process they had undertaken in a continuous cyclical manner. Word-of-mouth recommendations were the most influential sources of information gathered, and online sources were perceived to be credible regardless of their origins. The perception of risk impacted the rigour of the information search process. An iterative decision making cycle model is proposed with Kuhlthau’s model and word of mouth information at its core, which reflects the connectedness of individuals in this digital era. This study provides new insights by combining both marketing and LIS models and extends Kuhlthau’s research into a new context. © The Author(s) 2022.",decision making; information behaviour; information search; information sources; postgraduate student,SAGE Publications Ltd,scopus-recommendation,3,Feeling AI,"['information', 'word-of-mouth', 'consumer decision making', 'perception of risk', 'emotional needs']","The abstract discusses the role of information in consumer decision making, particularly in a high-risk context. It emphasizes the importance of word-of-mouth recommendations and the emotional aspect of information perception, indicating an understanding of customer needs and wants. This aligns closely with the focus of Feeling AI, which is about understanding and meeting customer emotional needs and wants.",70%,0%,30%,0%,0%
The Moderating Roles of Environmental Awareness and Product Knowledge on the Impact of Marketing Mix Elements on Purchase Intention,Tripopsakul S.,2024,10.32479/irmm.17149,"The purpose of this study is to examine the moderating effects of environmental awareness (EA) and product knowledge (PK) on the relationship between marketing mix elements and the purchase intention of electric vehicles (EVs) in Thailand. Based on a quantitative research design, 253 samples of Thai respondents aged 20 and above were collected via an online questionnaire as a research tool. Structural Equation Modeling (SEM) analysis was used to analyze the proposed hypotheses. The results indicate that all four marketing mix elements, which are product attributes, pricing strategy, distribution channels (place), and promotional activities, significantly influence the purchase intention of electric vehicles. Product attributes (b = 0.523) have the strongest impact on purchase intention, followed by pricing strategy (b = 0.501), distribution channels (place) (b = 0.477), and promotional activities (b = 0.334) respectively. The results of moderation analysis reveal that environmental awareness significantly moderates the effect of product attributes (b = 0.412) and pricing strategy (b = 0.305) on purchase intention but is not found in the relationships of distribution channels (place) and promotional activities toward purchase intention. Additionally, consumer product knowledge of EVs was found to significantly and negatively moderate only the influence of promotional activities (b = −0.343) on purchase intention. In other words, potential consumers who possess higher EV knowledge seem to be less influenced by promotional activities in their decision to buy EVs. These findings highlight the importance of integrating environmental concerns and EV product knowledge into the firm’s marketing strategies to boost EV adoption in emerging countries. The implications and recommendations will be discussed in the paper. © 2024, Econjournals. All rights reserved.",Electric Vehicles; Environmental Awareness; Marketing Mix; Product Knowledge; Purchase Intention; Thailand,Econjournals,scopus-recommendation,0,Thinking AI,"['purchase intention', 'marketing mix elements', 'environmental awareness', 'product knowledge', 'electric vehicles']","The abstract discusses the relationship between marketing mix elements and purchase intention of electric vehicles, which aligns with market analysis and targeting strategies. The use of statistical analysis (Structural Equation Modeling) to evaluate the effects of environmental awareness and product knowledge on purchase intentions suggests a focus on strategic analysis and understanding consumer behavior, key aspects of Thinking AI.",10%,0%,70%,0%,20%
The role of social media influencers in shaping destination image and intention to visit Jordan: The moderating impact of social media usage intensity,Omeish F.; Sharabati A.-A.A.; Abuhashesh M.; Al-Haddad S.; Nasereddin A.Y.; Alghizzawi M.; Badran O.N.,2024,10.5267/j.ijdns.2024.2.017,"Social media influencers have become important motivators in shaping tourist attitudes and behaviors. This study analyzed how exposure to influencer content impacts key outcomes for the destination Jordan. A survey of tourists who visited Jordan in the past 3 years measured their perceptions of influencer credibility, content quality, awareness/interest, trust/engagement, destination image, general tourism behavior, and intentions to revisit. Results of SEM analysis found significant positive effects of influencer marketing on both destination image and visit intentions. Awareness/interest and trust/engagement were most impactful, highlighting influencers' role in sparking early motivation. Content quality additionally predicted visit intentions by informing decisions. Perceived credibility made recommendations more persuasive. Furthermore, usage intensity positively moderated the mediated relationships, amplifying effects among heavy social media users. Findings provide theoretical validation of how influencers act as digital opinion leaders. By enhancing destination image through compelling portrayals, influencers shape audience travel interests and behaviors. Managerial implications suggest destinations should invest in influencer campaigns for reach and inspiration while ensuring content quality. Performance tracking informs optimal platform and demographic targeting. Overall, influencer marketing demonstrated significant persuasive appeal for potential tourists. This quantitative study pioneer’s measurement of influencer marketing's tangible impacts on key tourist metrics. The results empirically substantiate the ability of strategically leverage influencers to motivate visitation and guide decisionmaking. As practitioners refine partnerships for audience growth and branding, academic research must also advance a nuanced understanding of this emerging phenomenon at the confluence of social media and tourism consumer behavior. © 2024 by the authors; licensee Growing Science, Canada.",Destination image; Destination marketing; Jordan; Marketing influencers; Social media; Tourist behavior; Travel intentions,Growing Science,scopus-recommendation,16,Feeling AI,"['influencer credibility', 'trust', 'engagement', 'destination image', 'motivation', 'emotional needs', 'customer understanding']","The abstract emphasizes the emotional impact of social media influencers on tourists' attitudes and behaviors, particularly through trust and engagement. It highlights how influencers shape destination image and motivate visitation, which aligns closely with the 'Feeling AI' category focused on understanding customer emotions and relationalization. The results also suggest a deep understanding of customer needs and interests, indicating an emotional connection facilitated by influencers.",60%,10%,30%,0%,0%
The Role of Marketing Mix and Social Media Strategies in Influencing International Students' University Choices in Jordan,Al-Dmour R.; Al-Dmour H.; Al-Dmour A.,2024,10.32674/jis.v14i4.6407,"This study investigates the role of social media quality in mediating the effects of marketing mix strategies on international students' decisions regarding their study destinations, focusing on Jordanian universities. Integrating consumer behavior theories, the research aims to understand how marketing mix elements—product/program quality, price, location, and promotional activities—impact enrollment decisions. A survey of 2000 international students recently admitted to public and private universities in Jordan yielded a 61% response rate. Empirical analysis shows that marketing mix strategies significantly impact students' choices and elucidates the mediating role of social media strategies. Interactions on these platforms, such as reviews, ratings, and recommendations, are pivotal in forming perceptions and guiding choices, highlighting educational marketers' need to manage social media content. © 2024, STAR Scholars Network. All rights reserved.",International Students; Jordan; Marketing Mix Strategies; Social Media; Study Destination Decisions,STAR Scholars Network,scopus-recommendation,2,Feeling AI,"['social media quality', 'consumer behavior', 'perceptions', 'choices', 'interactions', 'reviews', 'recommendations']","The study focuses on understanding how social media interactions influence international students' perceptions and decisions regarding study destinations. It emphasizes the emotional aspects of customer understanding and how social media content can affect choices, aligning it closely with the 'Feeling AI' category which centers on understanding customer emotional needs and tailoring communications accordingly.",60%,10%,30%,0%,0%
Distribution of Air Tickets through Online Platform Recommendation Algorithms,PARK S.,2024,10.15722/jds.22.09.202409.39,"Purpose: The purpose of this study is to collect and analyze a large amount of data from online ticket distribution platforms that offer multiple airlines and different routes so that they can improve their ticket distribution marketing strategies and provide services that are more suitable for consumer’s needs. The results of this study will help airlines improve the quality of their online platform services to provide more benefits and convenience by providing access to multiple airlines and routes around the world on one platform. Research design, data and methodology: For the study, 200 people completed the survey between May 1 and June 15, 2024, of which 191 copies were used in the study. Results: The hypothesis testing results of this study showed that among the components of the recommendation algorithm, decision comport, novelty, and evoked interest recurrence had a positive effect on perceived recommendation quality, but curiosity did not have a positive effect on recommendation quality. The perceived recommendation quality of the online platform positively influenced recommendation satisfaction, and the higher the perceived recommendation quality, the higher the intention to continue the relationship. Finally, higher recommendation satisfaction was associated with higher relationship continuation intention. Conclusion: it’s important to continue researching online ticketing platforms. Online platforms will also need to be systems that use technology and data analytics to provide a better user experience and more benefits. © The Author(s)",Airline Tickets Distribution; Curiosity; Decision Comport; Evoked Interest; Novelty; Online Platform; Perceived Recommendation Quality; Recommendation Algorithms; Recommendation Satisfaction; Relationship Continuation Intention,KODISA Foundation,scopus-recommendation,0,Thinking AI,"['data analysis', 'recommendation algorithm', 'perceived recommendation quality', 'recommendation satisfaction', 'intention to continue the relationship']","The abstract discusses the analysis of data collected from online ticket distribution platforms to enhance marketing strategies and improve user experience. It focuses on the relationship between perceived recommendation quality, recommendation satisfaction, and the intention to continue relationships, which aligns with market analysis and targeting components of Thinking AI. The emphasis on the recommendation algorithm reflects the application of marketing analytics to understand consumer preferences and behaviors.",10%,20%,70%,0%,0%
Recommender systems impact on Platform’s content and outcomes: the role of providers and algorithm designs,Mohammadi Darani M.; Aghaie S.,2025,10.1108/JRIM-04-2024-0198,"Purpose: The study aims to investigate how recommender systems shape providers’ dynamics and content offerings on platforms, and to provide insights into algorithm designs for achieving better outcomes in platform design. Design/methodology/approach: This study employs a multi-agent simulation framework coupled with reinforcement learning models to examine the influence of different recommender system designs on providers’ perception of demand and platform content. Findings: The study reveals that recommender systems have the potential to introduce biases in providers’ understanding of user preferences, thereby impacting the variety of offerings on platforms. Moreover, it identifies algorithm design as a critical factor, with item-based collaborative filters showcasing superior performance in contexts where customers exhibit selectivity. Conversely, user-based models prove more effective in scenarios where recommendations significantly sway user decisions, ultimately boosting sales. Practical implications: In practical terms, these insights can guide platform developers in making informed decisions regarding the selection and implementation of recommender system algorithms. By tailoring algorithm choices to specific contexts, platforms can enhance user welfare, ultimately leading to improved platform performance and profitability. Originality/value: The findings underscore the importance of integrating provider dynamics and algorithmic biases into the design of recommender systems and platforms. This highlights avenues for future research to explore and refine our understanding of these dynamics. © 2024, Emerald Publishing Limited.",Digital marketing; Platform design; Recommender systems; Sales diversity,Emerald Publishing,scopus-recommendation,0,Thinking AI,"['recommender systems', 'algorithm design', 'provider dynamics', 'user preferences', 'market performance', 'personalization']","The abstract discusses the impact of recommender systems on providers' understanding of demand and platform content, which aligns with market analysis and targeting strategies. The findings highlight how different algorithm designs can influence user decision-making, revealing a focus on strategic analysis and personalization based on customer preferences. This indicates a clear connection to the Thinking AI category.",0%,20%,80%,0%,0%
Synergizing Retail Channels: The Role of Dual Distribution in Consumer Behavior,Karri V.; Iyappan A.; Rajsekar S.; Sanapala G.K.; Juttuga L.V.S.,2024,10.57239/PJLSS-2024-22.2.00904,"The purpose of this paper is to examine the intricacies of dual distribution marketing and its impact on consumer buying decisions in the digital age, highlighting how retailers integrate both online and offline channels to enhance customer satisfaction and loyalty. This study employs an analysis of existing literature and case studies to explore how businesses leverage the strengths of physical stores and e-commerce platforms. Key factors such as convenience, product type, and customer demographics influencing channel preference are discussed.nThe findings indicate that a synergistic approach, combining the advantages of both online and offline channels, is essential for expanding market reach and driving sales growth. The research provides valuable insights for marketers and business strategists, emphasizing the need to synchronize online and offline operations to optimize distribution strategies in a complex retail environment. This paper contributes to the growing body of knowledge on dual distribution marketing, offering practical recommendations for improving distribution tactics, thereby helping businesses better navigate the challenges and opportunities of integrating multiple retail channels. © (2024), (Elite Scientific Publications). All rights reserved.",Consumer buying behavior; Dual distribution marketing; Offline retail channels; Online retail channels,Elite Scientific Publications,scopus-recommendation,0,Thinking AI,"['dual distribution', 'consumer buying decisions', 'online and offline channels', 'customer satisfaction', 'loyalty', 'market reach', 'sales growth', 'distribution strategies']","The abstract discusses the analysis of dual distribution marketing and its impact on consumer behavior, emphasizing the need for market analysis and strategic approaches to improve distribution tactics. This aligns with the 'Thinking AI' category, which focuses on market analysis, targeting, and understanding competitive advantages in marketing. The findings provide insights into how businesses can leverage both online and offline channels effectively, which is reflective of strategic analysis in marketing contexts.",0%,0%,100%,0%,0%
Expanding horizons in the Middle East: evaluating the Hair Addict’s strategies for growth,Bassiouni D.H.; Bassiouny A.,2025,10.1108/TCJ-04-2024-0110,"Case overview/synopsis: This case study explores the decision a woman business founder, Doaa Gawish (she), needed to make with her team regarding her firm’s growth strategy. Gawish founded The Hair Addict (THA) in 2018 in Egypt with a mission to provide all-natural hair products to women, motivated by an online hair challenge movement that encouraged women to defy social norms and embrace their curls. Following the success and growth of the business in Egypt, Gawish had to decide on her next expansion strategy, given the country’s various economic and financial challenges. The case allows students to evaluate the growth decision by conducting a full-fledged market sizing, sales and financial forecasting to compare two scenarios: growth by further penetrating the Egyptian market with new product offerings for a different segment or growth through venturing into a new country while leveraging on her experience with women needs. The case is intended for an undergraduate capstone business class or a graduate strategy class to expose students to real-life market challenges facing women entrepreneurs and businesses in an international context. Students will use quantitative and qualitative analysis to defend their recommendations. An Excel workbook is provided to aid with their analysis. Complexity academic level: This case can be relevant for an undergraduate capstone business class or a graduate strategy class that uses a practical pedagogical case-based approach. The case allows students to apply and integrate prior knowledge in business strategy, international marketing, marketing strategy and finance in a holistic, multidisciplinary approach to make a strategic business decision within the context of women’s entrepreneurship in developing economies. © 2025, Emerald Publishing Limited.",Financial modeling; Market segmentation; Marketing strategy; Strategy,Emerald Publishing,scopus-recommendation,0,Thinking AI,"['growth strategy', 'market sizing', 'sales forecasting', 'financial forecasting', 'market challenges', 'women entrepreneurs', 'business strategy', 'international marketing']","The abstract focuses on the decision-making process regarding the growth strategy of a business, involving market analysis, sales and financial forecasting, and evaluating different market entry scenarios. This aligns closely with the definitions of Thinking AI, particularly in terms of market analysis and targeting, as it emphasizes the use of quantitative and qualitative analysis for strategic business decisions.",0%,0%,100%,0%,0%
Agricultural Producer Markets in the Maldives: How Poor Market Connectivity Between Farmers and the Markets can be Enhanced,Van Driessche P.A.,2024,10.1177/09730052231161897,"In 2018, a multisite case study investigated the agricultural challenges faced by Maldivian farmers and farming stakeholders. The study interviewed a total of 373 farmers and stakeholders from 51 islands across 15 atolls. In their own words, farmers and stakeholders identified factors in macro and micro levels agricultural systems that are related to poor connectivity between farmers and the markets. This research article conducts a deeper investigation into these factors using the Ecological Systems Theory. In this investigation, the data clearly reveal that any efforts towards market connectivity resolution must address the individual within the context of the greater, extrinsic challenges present in the interrelated systems of farming in the Maldives. While the individual is placed at the smallest level of a greater system, and the interconnections of the larger systems are great in impact, the individual is ultimately the decision maker on what and how things work, and how effective they will be. In this article, five recommendations are identified to enhance farmers’ connectivity to markets. This first-person perspective of smallholder farmers is an essential contribution to understanding what measures are needed to address connectivity challenges between Maldivian farmers and the markets they would like to supply. © 2023 The Author(s).",General agriculture; international institutions & organisations; natural resource management; relationship marketing,Sage Publications India Pvt. Ltd,scopus-recommendation,1,Not Identified,"['market connectivity', 'individual decision maker', 'agricultural challenges', 'interconnected systems']","The abstract discusses agricultural challenges and market connectivity for Maldivian farmers, focusing on the systemic issues and individual decision-making in farming rather than marketing strategies, customer preferences, or emotional data. It does not align clearly with any of the defined categories related to AI applications in marketing.",0%,0%,0%,0%,100%
Refining hospitality in a post-pandemic landscape: Tourist food choices through a latent class nested logit lens,Zhou H.; Song C.; Chi X.; Li W.; Han H.,2024,10.1016/j.ijhm.2023.103652,"In the post-pandemic landscape, scant research has been conducted on the timely, in-depth examination of how food-related attributes affect tourist food choices. To tackle this issue, this study employed a discrete choice experiment and latent class nested logit models for a nuanced exploration of tourist food preferences. This approach captured both tourists’ preference heterogeneity and substitution effects among fast, local, and hometown-style food options. Findings reveal that price, food taste rating, waiting time, service, and environment are key determinants of tourists’ food choices. Our model identified two distinct tourist classes, Local-food-image class and Anti-price-quality class, each displaying unique food preferences and substitution patterns. This research contributes to tourism and hospitality literature by offering an updated and nuanced understanding of post-pandemic tourists’ food preferences and decision-making trade-offs. It offers practical recommendations for targeted marketing and effective resource allocation, ultimately strengthening resilience and fostering sustainable development within hospitality, catering, and tourism sectors. © 2023 Elsevier Ltd",Discrete choice experiment; Food preference; Hospitality manager; Latent class nested logit; Local food; Willingness-to-pay,Elsevier Ltd,scopus-recommendation,5,Thinking AI,"['food preferences', 'tourist choices', 'market analysis', 'price', 'food taste', 'waiting time', 'service', 'environment', 'preference heterogeneity', 'substitution patterns', 'targeted marketing']","The abstract discusses a study focused on understanding tourist food preferences and the factors influencing their choices in a post-pandemic context. This aligns with the 'Thinking AI' category, which emphasizes market analysis and targeting. The use of discrete choice experiments and latent class models indicates a strategic analysis of consumer behavior, identifying distinct classes of tourists based on their food preferences and substitution patterns. The findings also suggest practical recommendations for targeted marketing, further reinforcing its classification in this category.",0%,0%,100%,0%,0%
Changes in Preferences and Attitudes Towards University Selection in the Post-Covid Era,Juříková M.; Kocourek J.; Káčerková E.,2024,10.18421/TEM132-15,"– General societal developments show that the COVID-19 pandemic has brought about lasting changes in attitudes towards education and lifestyle, among others. The presented study aims to verify, using a quantitative questionnaire survey method on a sample of 500 respondents each, whether there have been changes in the preferences of potential students at a selected university in the Czech Republic between pre-Covid (2017) and post-Covid (2022) years. Current studies show that the post-COVID decision-making process is, among other things, generally more affected by the relationships with family and friends. Also, the paper’s goal is to verify whether this fact also applies to the area of preferences of university applicants and whether it is differentiated by gender. Based on the statistical testing and interpretation of the data, recommendations will be formulated for the marketing management of universities concerning how to adapt to changes in the preferences of applicants and how to effectively adjust the communication mix and message to the given target group, thereby increasing its interest in studying at the university. The proposed measures will thus contribute to increasing the competitiveness of universities, as they identify opportunities to target potential students more effectively. © 2024 Martina Juříková, Josef Kocourek & Eliška Káčerková; published by UIKTEN. This work is licensed under the Creative Commons Attribution-NonCommercial-NoDerivs 4.0 License.",COVID-19 pandemic; HEI selection; marketing; student preferences; university applicants,UIKTEN - Association for Information Communication Technology Education and Science,scopus-recommendation,0,Thinking AI,"['preferences', 'decision-making process', 'recommendations', 'marketing management', 'communication mix']","The abstract discusses changes in student preferences and how these changes influence marketing strategies for universities. It emphasizes a quantitative analysis of these preferences pre- and post-COVID, which aligns with market analysis and targeting aspects of Thinking AI. The aim to formulate recommendations for marketing management further supports this classification.",10%,15%,75%,0%,0%
The Rise of Fake Reviews: Toward a Marketing-Oriented Framework for Understanding Fake Reviews,Lim W.M.; Agarwal R.; Mishra A.; Mehrotra A.,2024,10.1177/14413582241283505,"Reviews have become an essential part of consumer decision-making. However, the rise in fake reviews can lead consumers astray and provide misleading information to sell more products or harm competing brands. This study systematically analyzes 229 studies on fake reviews using structural topic modeling. The study outlines the antecedents, decisions, and outcomes (ADO) of fake reviews in marketing and summarizes the theories, contexts, and methods (TCM) used by research in this domain. Additionally, the study integrates the sender, message, channel, and receiver (SMCR) communication model with dual-factor theory to propose a comprehensive framework that categorizes marketing factors that contribute to or inhibit the creation and transmission of fake reviews along with their marketing implications. Finally, the study outlines opportunities for further research and provides equivalent recommendations for marketers and marketing researchers to deal with fake reviews. © 2024 Australian and New Zealand Marketing Academy.",ADO framework; fake reviews; marketing; SPAR-4-SLR; structural topic modeling; systematic review; TCM framework,SAGE Publications Ltd,scopus-recommendation,0,Thinking AI,"['fake reviews', 'consumer decision-making', 'market analysis', 'marketing implications', 'research recommendations']","The abstract discusses the analysis of fake reviews in marketing, which relates directly to market analysis and understanding consumer behavior. It emphasizes the importance of understanding the factors contributing to or inhibiting fake reviews, which aligns with the focus on strategic analysis and targeting in marketing. The integration of theories and models to propose a comprehensive framework further supports its classification under Thinking AI.",10%,10%,70%,0%,10%
Mediating effects of relationship marketing orientation and service quality orientation on policyholder retention in non-life insurance services,Yu T.-W.,2024,10.1108/APJML-10-2023-1014,"Purpose: This study explores the mediating effects of relationship marketing orientation (RMO) and service quality orientation (SQO) on market orientation, selling orientation, and policyholder retention in non-life insurance services. Additionally, it offers important recommendations for non-life insurers in Taiwan for policy development and improving policyholder retention. Design/methodology/approach: Data were collected from a sample of policyholders belonging to the top five non-life insurance companies in Taiwan. The data were then analyzed with structural equation modeling. Findings: RMO and SQO mediate the effects of the salesperson’s market orientation on policyholder retention. Thus, RMO and SQO are key factors influencing policyholder retention. Consequently, high levels of market orientation should be maintained to increase RMO and SQO, strengthening the retention rate of non-life insurance policyholders. Research limitations/implications: The main limitation of this study is its cross-sectional nature. In the future, researchers should collect data from other countries and service industries (e.g. banks, securities, and other financial institutions), expand to different insurance contexts (e.g. life insurance), and conduct longitudinal studies or experimental research. Practical implications: The results of this study can act as a guide for providers of non-life insurance services. Based on the research results, we recommend decision-makers pay increased attention to increasing policyholder retention rates by strengthening their firm’s RMO and SQO. Originality/value: Few studies have investigated the relationships among market orientation, selling orientation, RMO, SQO, and policyholder retention in non-life insurance services within Asian contexts in general and specifically in Taiwan. Thus, this study’s theoretical contributions, managerial implications (especially for decision-makers), and the proposed future research directions represent timely and valuable additions to the literature. © 2024, Emerald Publishing Limited.",Market orientation; Policyholder retention; Relationship marketing orientation; Selling orientation; Service quality orientation,Emerald Publishing,scopus-recommendation,0,Feeling AI,"['relationship marketing orientation', 'service quality orientation', 'policyholder retention', 'market orientation', 'selling orientation']","The abstract focuses on understanding the relationships between various orientations (RMO, SQO, market orientation, and selling orientation) and policyholder retention in the context of non-life insurance. This aligns well with the Feeling AI category, which emphasizes customer understanding and relationalization. The study suggests that enhancing RMO and SQO can lead to improved retention, indicating a focus on meeting emotional needs and building relationships with customers.",60%,10%,30%,0%,0%
Positioning Strategies in B2B Marketing: The Regulatory Focus Orientation,Kalafatis S.P.; Blankson C.; Boatswain M.L.; Tsogas M.H.,2024,10.1080/1051712X.2024.2411455,"Purpose: Relying on regulatory focus theory (RFT), this study examines the mechanisms that guide managers’ positioning-related decisions in business-to-business contexts. Specifically, this research answers two main questions: what motivates managers to recommend specific positioning strategies and what motivates related decisions regarding contextual and market conditions? Design/methodology/approach: Two studies are undertaken in this research. Using the Delphi method, Study 1 adopted an online scenario-based experimental design related to the positioning decisions of three companies. A panel of expert informants assisted in the design process. Study 2 tested the stability of the results from Study 1 and then extended the analysis through the introduction of an additional dependent variable and market feedback. The results of the scenario-based online surveys are subjected to partial least squares structural equation analyses. Findings: The findings are in line with regulatory focus theory and show that RFT can provide motivationally derived answers to questions regarding inter-manager differences in positioning decision-making under similar market and company conditions. The results further show that decisions made by marketing managers in B2B contexts are guided by a desire to achieve congruity (fit) between their regulatory focus and their positioning strategy. Moreover, there is a differential impact of the regulatory foci on the likelihood of changing a recommended strategy. Originality/value: This paper investigates the moderating effects of involvement, valence framing, and market feedback. The study finds that the valence of the recommendation of a positioning strategy moderates the relationship between regulatory focus and the type of positioning strategy. © 2024 Taylor & Francis Group, LLC.",business-to-business; experiment; on-line survey; Positioning strategy; regulatory focus theory,Routledge,scopus-recommendation,0,Feeling AI,"['regulatory focus', 'positioning strategies', 'manager differences', 'motivationally derived', 'congruity', 'valence framing', 'market feedback']","The abstract discusses how managers' positioning decisions in business-to-business contexts are guided by their regulatory focus and a desire to achieve congruity between their focus and strategies. This aligns closely with the 'Feeling AI' category, which emphasizes understanding and developing positioning that resonates with customer emotional needs and wants. The findings also explore the moderating effects of emotional factors such as valence framing and market feedback, further connecting it to the emotional understanding of customer preferences.",70%,0%,30%,0%,0%
Exploring customer preferences to drive successful food supplement placement in Croatia; [Istraživanje preferencija kupaca za uspješno plasiranje dodataka prehrani u Hrvatskoj],Martinović M.; Čolak I.; Barac Z.,2024,10.18045/zbefri.2024.1.197,"This study examines the preferences and influences on the decisions of Croatian customers when purchasing food supplements. A survey of 312 customers of food supplements in Croatia found that distribution channels and pharmacies significantly influence the purchasing process, attributed to the value added by pharmacists. The most important aspects that customers consider are the type and amount of active and auxiliary ingredients (excipients) of the product. Brand-conscious customers consider the manufacturer and the product’s country of origin important. The greatest influence is the recommendation of family members or friends. People prefer to choose a food supplement that offers value for money, but those without previous experience with the product are more price sensitive and buy on sales promotions such as discounts and packaging at a promotional price. Based on the results of this study, manufacturers and distributors of food supplements can create strategies in which, through co-creation with consumers, they achieve a competitive edge, encourage loyalty, and improve business results. © 2024, University of Rijeka, Faculty of Economics and Business. All rights reserved.",co-creation; consumer behavior; food supplements; marketing activities; OTC products,"University of Rijeka, Faculty of Economics and Business",scopus-recommendation,0,Feeling AI,"['preferences', 'influences', 'recommendation', 'value for money', 'loyalty', 'customer needs']","The abstract discusses customer preferences and influences in the purchasing process of food supplements, emphasizing the importance of recommendations from family and friends and the need for understanding emotional aspects such as value for money and loyalty. This aligns closely with the 'Feeling AI' category, which focuses on customer understanding and relationalization. The influence of personal connections and emotional responses to pricing and product choices further supports this classification.",60%,20%,20%,0%,0%
The impact of digital fashion marketing on purchase intention,Mao J.; Xu X.; Han J.; Ko E.,2025,10.1108/APJML-09-2023-0946,"Purpose: This study aims to examine the effect of digital fashion marketing on consumer purchase intentions. Rooted in the stimulus–organism–response framework, it explores how digital marketing strategies in the fashion industry influence consumer attitudes and satisfaction, ultimately affecting their purchasing decisions. Design/methodology/approach: It is mainly focused on the attitudes, satisfaction, and purchase intentions of young consumers in China and South Korea toward fashion brands stimulated by digital fashion shows and non-fungible tokens. This study modifies the research model through case studies, collects data through questionnaires, and analyzes the data using fsQCA and AMOS. Findings: The findings of the fsQCA study show that stimuli impact consumers’ attitudes, satisfaction, involvement, and willingness to rewatch. The multigroup analysis shows that social norms and images have a greater influence on individuals in China, whereas Korea has a higher direct effect of individual involvement on consumption behavior. Originality/value: The study is useful for global fashion brands because it emphasizes the role of digital innovations in shaping consumer–brand relationships and makes strategic recommendations for sustainable growth in the digital fashion landscape. © 2024, Emerald Publishing Limited.",Digital fashion; Fashion brand; Fashion industry; Metaverse; NFT,Emerald Publishing,scopus-recommendation,1,Feeling AI,"['consumer attitudes', 'satisfaction', 'purchase intentions', 'digital fashion marketing', 'emotional needs', 'brand relationships']","The abstract discusses the impact of digital fashion marketing on consumer attitudes and satisfaction, indicating a focus on understanding consumer emotions and how these influence purchasing decisions. This aligns with the Feeling AI category, which emphasizes customer understanding and meeting emotional needs. The investigation of consumer attitudes and satisfaction can be linked to developing positioning that resonates with customers, a key aspect of Feeling AI.",70%,0%,30%,0%,0%
Let’s Be Honest: Adolescents Speak Up on How to Better Protect Young People from Gambling Harm,Lole L.; Hing N.; Thorne H.; Sproston K.; Hodge N.; Rockloff M.,2024,10.1007/s43151-024-00149-8,"The importance of safeguarding young people from harmful gambling is widely acknowledged, but limited research has sought adolescents’ perspectives on strategies to provide this protection. The current study addresses this gap in understanding. Eighty-nine Australians aged 12–17 years, classed as either at-risk/problem gamblers, non-problem gamblers or non-gamblers, participated in qualitative interview and/or online community conditions. Themes extracted from the data on the things participants believe should be implemented to achieve this aim include open and honest advice from parents; schools-based education that is meaningful, authentic and based on lived experience; truth and transparency in advertising; social marketing that reaches and informs youth; and governments to regulate the gambling and gaming industries into acting ethically and not exploiting young people. At-risk/problem gambler adolescents were able to offer more detailed suggestions on strategies that would protect young people from gambling harm, frequently drawing on their own personal experiences or the stories they heard from others. Multifaceted strategies are required to help adolescents make informed decisions about gambling. Developing and implementing such strategies to protect minors from gambling harm requires a cohesive effort and commitment to addressing this public health issue. Recommendations on how regulators, industry, parents and other stakeholders may contribute to this effort are discussed. © The Author(s) 2024.",Adolescents; Gambling; Gaming; Qualitative research; Young people; Youth,Springer,scopus-recommendation,0,Out of Scope,"['gambling', 'adolescents', 'protection', 'public health', 'regulation']","The abstract discusses a study focused on safeguarding young people from gambling harm, emphasizing the need for strategies from various stakeholders such as parents, schools, and governments. It does not relate to marketing applications or AI classifications that involve customer understanding, data collection, or emotional analytics. Instead, it focuses on public health and regulatory aspects, which falls outside the defined categories.",0%,0%,0%,100%,0%
SWOT Analysis of Digital Marketing in Turkey; [Türkiye’de Dijital Pazarlama Uygulamalarının SWOT Analizi],Çelikkol Ş.; Şimşek N.O.; Aslan Ö.,2024,,"Digital marketing has become a critical strategy for modern businesses, and Turkey is rapidly develo-ping in this field. With the widespread use of the internet and technological advancements, Turkey’s digital marketing environment holds significant po-tential. However, along with challenges, there are also opportunities in this area. This paper aims to evaluate the SWOT analysis of digital marketing in Turkey, highlighting the sector’s strengths, we-aknesses, opportunities, and threats. To support the SWOT analysis, various academic studies have been reviewed. The relevant studies are listed under the sections of SWOT analysis and methodology. Secondary data has been used based on selected studies directly related to the topic. In this context, databases such as Web of Science, Scopus and ULAKBIM were scanned to access sufficient literature on the subject. The findings include that Turkey, as an emerging country in digital marketing, has strengths; areas with low-skilled labor and inadequate infrastructure represent weaknesses; a young and open population presents opportunities; and a highly competitive market poses threats. Based on the findings, recommendations have been made for businesses and decision-makers. Additionally, a review of the literature reveals that there is no study specifically focused on the SWOT analysis of digital marketing in Turkey. This study is expected to fill a significant gap in the literature in this regard. © 2024, Ebru Bagci. All rights reserved.",Digital Marketing; Marketing; Strategic Management; SWOT,Ebru Bagci,scopus-recommendation,0,Thinking AI,"['SWOT analysis', 'market analysis', 'opportunities', 'threats', 'strengths', 'weaknesses', 'competitive market']","The abstract discusses a SWOT analysis of digital marketing in Turkey, focusing on evaluating strengths, weaknesses, opportunities, and threats in the market. This aligns with the 'Market analysis' focus of Thinking AI, where the goal is to analyze market conditions and competitive advantages. The findings and recommendations for businesses also support the application of marketing analytics for strategic decision-making.",0%,0%,100%,0%,0%
Consumer shift behavior from conventional to Islamic banking: decision-making analysis through AHP,Ahmad M.; Zafar M.B.; Perveen A.,2024,10.1108/JIMA-02-2023-0036,"Purpose: This study aims to investigate the comparative importance of factors influencing the customer shift behavior from conventional to Islamic banking for consumer finance in Pakistan. Design/methodology/approach: First, a comprehensive analysis of the existing literature was conducted to identify a broad range of factors related to customer shift behavior. Through an expert sampling, 14 essential factors were chosen for further investigation. Second, a questionnaire was developed using the analytical hierarchy process (AHP). This questionnaire was then distributed among customers who had previously been using conventional banking services but had made a shift toward Islamic banking. The purpose of this questionnaire was to gather data and insights regarding their motivations and decision-making process behind the shift, and a sample 215 customers are taken in the study. Findings: The results of AHP depicts that the religiosity is a most important factor influencing customers to shift from conventional to Islamic banking, and the second most important factor is pricing. The other subsequent important factors are reputation of the bank, marketing and promotion, service quality, behavior of banks staff, Shariah compliance, management, convenience, fastness and charges/fees. Whereas documentation, ambiance and recommendation are found least important factors to patronize Islamic banking. Practical implications: The study recommends Islamic banks to create awareness, concentrating on religious factor to have a greater impact on growth of Islamic banking and shrinking of conventional banking. Further, it suggests Islamic banks to apply Shariah-recommended approach of doing business, to help community in best possible way and to launch differentiated marketing techniques to attract customers. It also proposes regulatory authorities to provide facilitation to Islamic banking business by providing level playing field similar to conventional banking, tax equality and conversion of public financing from conventional banking to Islamic banking. Originality/value: The originality of this study lies in its comprehensive analysis of factors influencing consumer shift behavior from conventional to Islamic banking in the context of consumer finance in Pakistan. By using the AHP, the study provides a structured approach to understanding the relative importance of these factors. This is the uniqueness of the paper that it applies the AHP for the analysis. Furthermore, the study offers practical implications for Islamic banks and regulatory authorities to effectively address and capitalize on this consumer shift trend. © 2024, Emerald Publishing Limited.",AHP; Bank selection criteria; Consumer shift; Decision-making; Islamic banking; Islamic consumer finance; Pakistan,Emerald Publishing,scopus-recommendation,6,Thinking AI,"['customer shift behavior', 'Islamic banking', 'market analysis', 'motivations', 'decision-making process', 'AHP', 'competitive advantages']","The abstract discusses a study that investigates the factors influencing customers' shift from conventional to Islamic banking, which involves market analysis and understanding competitive advantages. The use of the Analytical Hierarchy Process (AHP) to evaluate the importance of various factors suggests a focus on strategic analysis rather than emotional or mechanical aspects. The findings also include practical implications for marketing strategies, indicating a targeting element typical of Thinking AI.",10%,5%,85%,0%,0%
Customer lifetime value (CLV) insights for strategic marketing success and its impact on organizational financial performance,Ali N.; Shabn O.S.,2024,10.1080/23311975.2024.2361321,"This paper delves into the intricate interplay among Customer Lifetime Value (CLV), strategic marketing practices, and their impact on organizational financial performance. Aimed at informing strategic decision-making for marketers and business leaders, the study employs a mixed-methods research approach, combining quantitative and qualitative methods. Of the 375 participants invited to partake, 332 questionnaires were deemed valid for analysis. Quantitative data from customer transaction records and qualitative insights from a customized questionnaire reveal positive customer perceptions regarding CLV factors. Respondents show moderate to high agreement with statements related to product alignment, long-term outlook, repeat purchases, loyalty rewards, and customer-oriented services. The results underscore the pivotal role of CLV in influencing financial metrics, notably market valuation (P/E ratio). Recommendations include enhancing customer service, refining marketing strategies, and maintaining financial stability to bolster customer confidence. © 2024 The Author(s). Published by Informa UK Limited, trading as Taylor & Francis Group.","Accounting; Business, Management and Accounting; Customer lifetime value (CLV); Elika Kordrostami, Rowan University Rohrer College of Business, United States; financial performance; Marketing Research; P/E ratio; ROA; ROE",Cogent OA,scopus-recommendation,3,Thinking AI,"['Customer Lifetime Value', 'strategic marketing practices', 'organizational financial performance', 'market valuation', 'customer perceptions', 'loyalty rewards', 'marketing strategies']","The abstract discusses the analysis of Customer Lifetime Value (CLV) and its impact on financial performance, which aligns with market analysis and targeting. The use of quantitative and qualitative data to inform strategic decision-making and recommendations for enhancing marketing strategies indicates a focus on understanding competitive advantages and targeting, which are key elements of Thinking AI.",10%,0%,80%,0%,10%
A contingency study of the performance of new venture logistics firms in Nigeria,Caesar L.D.; Eshun M.; Gamadey F.M.K.; Okeremi A.,2025,10.1108/JEEE-03-2023-0128,"Purpose: High failure rates characterise the experience of new entrepreneurial ventures in Nigeria and other emerging economies. Reliance on strategic tools such as entrepreneurial orientation (EO) is critical to the growth and survival of new ventures. This empirical study aims to deepen the understanding of the relationship between EO and performance of new venture logistics firms in Nigeria. It further explores the contingent effects of social capital and marketing capabilities on the hypothesised direct relationships from a transport industry perspective. Design/methodology/approach: Managers of 650 new venture logistics service providers in selected Nigerian cities were Web-surveyed. Exploratory and confirmatory factor analyses were performed. Regression analysis was further performed. Common method variance and other validity checks were assessed. Findings: The 469 valid responses showed a positive relationship between EO and new venture performance (NVP). Social capital and marketing capabilities positively moderate the direct relationship between EO and NVP. Managerial implications suggest that context-specific dynamics must be considered when making strategic EO decisions to aid firm growth and survival. Originality/value: This study directly responds to the contingency approach recommendation of past studies (Anwar et al., 2022; Van Stel et al., 2021; Covin and Wales, 2019) using the logistics service and emerging economy context. It also introduces social capital and marketing capabilities as moderators. © 2023, Emerald Publishing Limited.",Entrepreneurial orientation; Logistics service providers; Marketing capabilities; New venture performance; Nigeria; Social capital,Emerald Publishing,scopus-recommendation,0,Thinking AI,"['entrepreneurial orientation', 'performance', 'social capital', 'marketing capabilities', 'strategic decisions']","The abstract discusses the relationship between entrepreneurial orientation (EO) and the performance of new venture logistics firms, emphasizing strategic decisions influenced by social capital and marketing capabilities. This aligns with the focus on market analysis and targeting within the Thinking AI category, as it involves analyzing the competitive landscape and understanding how various factors impact business performance.",0%,0%,100%,0%,0%
Food policies for Aboriginal and Torres Strait Islander health (FoodPATH): A systems thinking approach,"Browne J.; Walker (Yorta Yorta) T.; Hill (Torres Strait Islander) K.; Mitchell (Mununjali) F.; Beswick H.; Thow (Pennemuker, Ngāti Porou) S.; Ryan (Gunditjmara) J.; Sherriff (Wotjobaluk) S.; Rossignoli A.; Ropitini (Ngāti Kahungunu, Ngāti Maniapoto) A.; Johnstone M.; Paradies (Wakaya) Y.; Backholer K.; Allender S.; Brown A.D.",2024,10.1016/j.foodpol.2024.102676,"First Nations peoples have the right to participate in all decisions affecting them. This includes food policy decision-making. In the Australian state of Victoria, the Food Policies for Aboriginal and Torres Strait Islander Health (FoodPATH) project aimed to determine the food policy actions that are likely to be effective and acceptable for Victorian Aboriginal Communities. Community-based workshops were held with six Aboriginal Community-Controlled Organisations (ACCOs) in urban and regional Victoria during 2022. A team of at least three Aboriginal and Torres Strait Islander facilitators guided participants (n = 53) through a series of workshop activities using group model building methods. Group model building is a participatory systems science research method which enables community stakeholders to develop a shared understanding of the system-level drivers of complex problems and co-design actions to address them. Workshop discussions coincided with real-time creation of a visual system map of the interconnected determinants of food choice. Participants used these maps to develop and prioritise actions for improving food environments and nutrition in the community. Participants identified a diverse array of interconnected factors influencing food choice and nutrition in Aboriginal Communities across Victoria. Food access and affordability, junk food marketing, food knowledge and skills and diet and disease were common themes across all sites, while access to junk food, growing local food, traditional Aboriginal foods, and family, Community and culture were key themes in most sites. Results informed a Community-driven agenda, comprising five Community-led actions and five government policy recommendations for improving food environments and nutrition for Victorian Aboriginal Communities. © 2024 The Author(s)",Aboriginal and Torres Strait Islander; First Nations; Food environments; Food policy; Group model building; Systems thinking,Elsevier Ltd,scopus-recommendation,0,Out of Scope,[],"The abstract discusses the Food Policies for Aboriginal and Torres Strait Islander Health project, focusing on community engagement and food policy decision-making for Aboriginal Communities. This topic falls outside the realm of marketing applications related to AI, as it pertains to health and community development rather than market analysis, customer understanding, or automated processes.",0%,0%,0%,100%,0%
A practical review of electroencephalography’s value to consumer research,McInnes A.N.; Sung B.; Hooshmand R.,2023,10.1177/14707853221112622,"Electroencephalography (EEG) offers insights into the neural responses of consumers to marketing stimuli which can be used to evaluate the effectiveness of such stimuli in directing favorable consumer behavior in real-world settings. This practical review provides guidelines for using EEG in consumer and marketing research. It provides recommendations for how EEG may effectively be employed in neuromarketing in the future. EEG requires careful experimental design, and as such, we outline current recommendations for the collection, processing, analysis, and interpretation of EEG evoked potentials (i.e., event related potentials; ERP) and spectral content (i.e., EEG frequency). By providing an introductory overview of EEG measures in marketing and consumer research, this practical review extends previous literature that is primarily focused on other neuroimaging techniques (e.g., functional magnetic resonance imaging) and other disciplines (e.g., economics and organizational behaviour). Furthermore, by reviewing how EEG has been used throughout psychophysiological and neuromarketing research, we provide recommendations on how EEG can be used to measure marketing-related outcomes. These include processes relating to perception, attention, memory, emotion, and cognitive load, demonstrating the unique value of considering the neural responses captured by EEG in understanding and predicting consumer behavior. © The Author(s) 2022.",consumer neuroscience; decision making; EEG; ERP; neuromarketing; review,SAGE Publications Ltd,scopus-recommendation,14,Feeling AI,"['neural responses', 'consumer behavior', 'emotion', 'perception', 'attention', 'memory', 'cognitive load']","The abstract discusses how EEG can provide insights into the neural responses of consumers to marketing stimuli, which relates directly to understanding consumer emotions and behaviors. The focus on measuring outcomes such as emotion, perception, and cognitive load aligns with the objectives of Feeling AI to understand and meet customer emotional needs and wants.",60%,10%,30%,0%,0%
Paralysis by Inertia “Like” Habit in Social Networking Services: Tendency to Answer Loyalty Questions in Marketing Surveys,Kato T.,2023,10.1177/21582440231174159,"Factors affecting survey quality, such as questionnaire length, screen design, incentives for respondents, and answering devices have been extensively researched before. This study introduces a new dimension to the factors of response bias’ factors and focuses on the possibility that Like habits and motives in social networking services (SNS) may lower the psychological barrier to favorable reactions for brand loyalty (e.g., recommendation intention). Propensity score was applied to the results of Japanese smartphone users’ online survey, and the effect of Like habits on response tendencies was verified. Results show that compared to the group that did not use SNS, there were no differences with those who used true Likes, and a group of inertia Like has a high score—becoming clear that the psychological barriers differ depending on Like motive. If the SNS usage status of survey respondents fluctuates, the results may be biased and mistakes could occur in decision-making. © The Author(s) 2023.",Like button; motive; propensity score matching; recommendation; smartphone,SAGE Publications Inc.,scopus-recommendation,2,Feeling AI,"['response bias', 'psychological barrier', 'brand loyalty', 'Like habits', 'motives', 'social networking services', 'customer emotional needs']","The abstract discusses how social networking service (SNS) behaviors, specifically 'Like habits', can influence psychological factors that affect brand loyalty and recommendation intentions. This aligns closely with the Feeling AI category, which emphasizes understanding customer emotions and needs. The study's focus on how motivations behind SNS interactions can lower psychological barriers connects it to the need to understand and meet customer emotional preferences.",60%,10%,20%,5%,5%
The Power of Personal Connections in Micro-Influencer Marketing: A Study on Consumer Behaviour and the Impact of Micro-Influencers,Gerlich M.,2023,10.58262/tmj.v11i1.1010,"In the wake of the COVID-19 pandemic, influencer marketing has snowballed into a big phenomenon when businesses around the world are trying to use influencers to promote their products and services. However, even though influencer marketing is a craze in the market, the engagement rate and conversion rates of micro-influencers with a smaller size of followers are higher than that of celebrities and mega influencers. It is important to understand the reasons why certain influencers are successful and others are not. Past research mainly focuses on micro-influencers as one group but does not differentiate between micro-influencers who are known personally by their followers and those who are not personally known. This is important as consumers are sceptical towards the product promotion not only of mega-influencers because they believe that influencers, in general, are using their base of followers to promote a product or service for money and fame. Therefore, consumers trust the words and opinions of micro-influencers, who provide information based on their own experience and expertise. It is worth investigating the underlying reason for the success of these micro and nano influencers. Is it the personal connection with the follower? Is it the engagement rate and the choice of products and recommendations? These are some of the points that have been investigated in this research. The objective of this research paper was to explore if followers who share a relationship with or know the micro-influencers personally make their purchase decisions based on the recommendations provided by the influencers. The research findings highlighted that when micro-influencers are known to their followers on a personal level, they wield more persuasive power over their followers. © 2023 Oxbridge Publishing House Ltd UK",consumer behaviour; digital marketing; influencer marketing; marketing; micro-influencer; social media marketing,Transnational Press London Ltd,scopus-recommendation,9,Feeling AI,"['personal connection', 'trust', 'persuasive power', 'emotional needs']","The abstract discusses the importance of personal relationships and trust that followers have with micro-influencers, emphasizing how these elements affect purchase decisions. This aligns closely with the focus of Feeling AI on customer understanding and relationalization, as it seeks to understand and meet customer emotional needs and tailor communication accordingly.",70%,10%,20%,0%,0%
Evaluating strategies for promoting retail mobile channel using a hidden Markov model,Chen J.; Rao V.R.,2023,10.1016/j.jretai.2022.07.001,"With the proliferation of mobile communication technology, many firms, including retailers and consumer banks, are making efforts to develop mobile platforms to better engage with their customers and reduce operational costs. However, the cost advantage of these mobile technologies will not yield fruition unless the mobile channel accounts for a significant share of total transactions. In this article, we explore potential options for firms to promote usage of the mobile channel. To achieve this, we propose a hidden Markov model to both model customers’ decisions and assess different managerial strategies through simulations. While we apply our proposed model to data from a leading financial institution, our approach is equally applicable to other retail settings. The results show that customers’ choices of services and channels are sensitive to process time by type of channel. A 10% increase in process time through non-mobile channels leads to a nearly 14% increase in utilization of mobile banking channel. Therefore, retailing firms could potentially influence customers’ choice of different channels by changing channel-specific process times. Motivated by these findings, we present and compare performances across five different policies, in promoting the usage of mobile channel. Drawing on our simulation results, we also make personalized policy recommendations to firms facing different levels of financial constraints. For those with financial constraints, we recommend a policy of increasing process time for a selected subset of service requests through non-mobile channels. Firms not constrained by the resources might be better off improving process time with the mobile channel by targeting customers identified as having a better relationship with the firm. © 2022 New York University",Customer relationship management; Digital marketing; Hidden Markov model; Mobile channel,Elsevier Ltd,scopus-recommendation,2,Thinking AI,"['mobile platform', 'customer engagement', 'managerial strategies', 'simulation', 'process time', 'channel utilization', 'policy recommendations']","The abstract discusses how firms can promote the usage of mobile channels by analyzing customer behavior and decision-making through a hidden Markov model. It focuses on market analysis and targeting strategies by assessing the impact of process times on customer choice of channels. This aligns closely with the Thinking AI category, which emphasizes market analysis and targeting the best strategies for customer engagement.",0%,20%,80%,0%,0%
How to motivate digital natives to write online reviews,Smith K.T.,2023,10.1504/IJBG.2023.135873,"Online reviews have become a key source of information that consumers use in their decision making process. Research shows that people consider the opinions of fellow consumers to be more credible than traditional marketing. The upcoming generation, digital natives, are known for their ability to create and manipulate content in the digital arena. They frequently write online reviews and endorse products. Thus, digital natives can help promote or demote a product. The purpose of this paper is to discover what motivates this generation to write online reviews and tell their friends about a product. These motivators can help marketers design effective content that will draw digital natives into dialogues about their products. This study found several effective motivators and provides specific recommendations to marketers. Copyright © 2023 Inderscience Enterprises Ltd.",consumer decision making; consumer reviews; digital natives; generation Z; online reviews; word-of-mouth,Inderscience Publishers,scopus-recommendation,0,Feeling AI,"['online reviews', 'consumer credibility', 'digital natives', 'motivators', 'dialogues', 'emotional needs']","The abstract discusses the motivations of digital natives to write online reviews and share product experiences. This relates to understanding customer emotions and needs, as it aims to uncover what drives this generation to engage with products. Marketers can utilize these insights to create content that resonates emotionally with their audience, fitting the 'Feeling AI' category focused on customer understanding and relationalization.",70%,10%,20%,0%,0%
Optimal trimming proportion in regression analysis for non-normal distributions,Mitra A.; Kalgotra P.,2022,10.1080/2573234X.2021.2007803,"Regression analysis is a widely used modelling tool in business decision making. However, proper application of this methodology requires that certain assumptions, associated with the model, be satisfied. The assumption we focus on is the normality of the response variable, which is directly related to the assumption of normality of the error component. In a variety of fields in business, such as finance, marketing, information systems, operations, and healthcare, the selected dependent variable does not inherently have a normal distribution. In the regression context, where the model parameters and independent variables are assumed to be constant, the distribution of the random error component thus influences the distribution of the dependent variable. Here, we study the impact of symmetric and asymmetric error distributions on the performance of the estimated model parameters. To create robust estimates, through a process of trimming the response variable, we study the effectiveness of the trimmed estimators with respect to the ordinary least squares estimator (OLS) via a simulation procedure. Accordingly, to minimise the ratio of the mean squared error of the trimmed estimator to that of the OLS, a recommendation is developed for the optimal trimming proportion. © Operational Research Society 2021.",Analytics; kurtosis; mean square error; optimal trimming proportion; simulation; skewness; trimmed estimator,Taylor and Francis Ltd.,scopus-recommendation,0,Out of Scope,"['regression analysis', 'normality', 'error distribution', 'business decision making', 'model parameters', 'mean squared error', 'trimmed estimators']","The abstract discusses regression analysis in business decision making and the statistical properties of error components in models, which are primarily related to fields like finance and operations rather than directly to marketing strategies or customer engagement. There are no references to emotional data, personalization, targeting, or market analysis that would tie it directly to the marketing-focused categories.",0%,0%,0%,100%,0%
Health technology assessment processes: a North-South comparison of the evaluation and recommendation of health technologies in Canada and Chile,Mansilla C.; Kuhn-Barrientos L.; Celedón N.; de Feria R.; Abelson J.,2022,10.1108/IJHG-10-2021-0108,"Purpose: Health systems are progressively stressed by health spending, which is partially explained by the increase in the cost of health technologies. Countries have defined processes to prioritize interventions to be covered. This study aims to compare for the first time health technology assessment (HTA) processes in Canada and Chile, to explain the factors driving these decisions. Design/methodology/approach: This is a health policy analysis comparing HTA processes in Canada and Chile. An analysis of publicly available documents in Canada (for CADTH) and Chile (for the Ministry of Health (MoH)) was carried out. A recognized political science framework (the 3-I framework) was used to explain the similarities and differences in both countries. The comparison of processes was disaggregated into eligibility and evaluation processes. Findings: CADTH has different programmes for different types of drugs (with two separate expert committees), whereas the MoH has a unified process. Although CADTH’s recommendations have a federal scope, the final coverage is a provincial decision. In Chile, the recommendation has a national scope. In both cases, past recommendations influence the scope of the evaluation. Pharmaceutical companies and patient associations are important interest groups in both countries. Whereas manufacturers and tumour groups are able to submit applications to CADTH, the Chilean MoH prioritizes applications submitted by patient associations. Originality/value: Institutions, interests and ideas play important roles in driving HTA decisions in Canada and Chile, which is demonstrated in this novel analysis. This paper provides a unique comparison to highly relevant policy processes in HTA, which is often a research area dominated by effectiveness and cost-effectiveness studies. © 2022, Emerald Publishing Limited.",Health policy; Health technology assessment; Health-care reform,Emerald Group Holdings Ltd.,scopus-recommendation,2,Out of Scope,"['health technology assessment', 'health systems', 'health spending', 'interventions', 'Canada', 'Chile', 'health policy analysis', 'pharmaceutical companies', 'patient associations']","The abstract discusses health technology assessment processes and health policy analysis in Canada and Chile, focusing on health spending and technology costs. This content is primarily related to healthcare policy rather than marketing applications, leading to its classification as 'Out of Scope'.",0%,0%,0%,100%,0%
Recommendation content matters! Exploring the impact of the recommendation content on consumer decisions from the means-end chain perspective,Yang T.; Yang F.; Men J.,2023,10.1016/j.ijinfomgt.2022.102589,"Consumers increasingly rely on social media to obtain product information. The vlog, a new kind of social medium, has been adopted by sellers to connect with consumers. Through this platform, sellers can cooperate with vloggers to recommend products or services to consumers. Extending beyond the previous perspective that consumers’ perceptions and behaviors are influenced by vloggers’ attributes, we herein investigate the influence of recommendation content. Drawing on the means-end chain framework, this paper investigates how the attributes of recommendation content affect consumers’ intention to adopt (i.e., follow) the recommendation. Data collected from 513 respondents provides support for the proposed influences. The results indicate that source credibility, content diagnosticity, and content serendipity drive consumers’ recommendation adoption intention. This research contributes to the literature on rec-vlog marketing by clarifying the significant role of recommendation content. Implications are discussed regarding these findings. © 2022 Elsevier Ltd",Helpful content attributes; Means-end chain framework; Recommendation adoption; Recommendation vlog; Social media marketing,Elsevier Ltd,scopus-recommendation,27,Thinking AI,"['social media', 'vlog', 'recommendation content', 'source credibility', 'content diagnosticity', 'content serendipity', 'consumer intention', 'adoption intention']","The abstract discusses how different attributes of recommendation content on vlogs influence consumers' intentions to adopt recommendations. This aligns with the focus on market analysis and targeting in Thinking AI, as it involves understanding consumer behavior and preferences to optimize marketing strategies.",10%,0%,90%,0%,0%
Sustainability through the lens of the professional adviser: the case for brand trust,Stoica M.; Hickman T.M.,2022,10.1108/JPBM-05-2021-3466,"Purpose: This investigation builds on two domains. First, professional service providers, such as dentists and veterinarians, represent an understudied link in the distribution channel. Their recommendation of products, such as toothpaste and pet food, are impactful to their clientele. Second, for consumers, sustainability is growing as a motivating factor in product consideration. Consequently, brands committed to sustainability want to promote their products accordingly to connect with the consumer. The purpose of this study is to determine how to trust in sustainable brands is built in the mind of professional service providers, as they are influential in their clients’ decision process. Design/methodology/approach: Structural equation modeling was used to test the conceptual model that predicted how brand trust of sustainable products is built in the mind of the professional service provider using a sample of 457 veterinarians. Findings: Results revealed that trust in sustainable brands is built via professionals’ expertise in sustainability and their perception of the importance of sustainability. Additionally, the perception of altruistic motivations had a positive impact on brand trust while the perception of strategic motivations had no influence on trust in sustainable brands. Originality/value: Previous studies typically examine sustainability in an organizational context or as a brand consideration factor for consumers. This research focuses on professional service providers, who operate independently of the organization, alongside the formal distribution channel. The study examines how their perception of sustainability importance and their perceived motives of brands engaging in sustainability activities impacts their trust in sustainable brands. © 2021, Emerald Publishing Limited.",Brand evaluation; Brand image; Brand trust; Cause related marketing; Professional service provider; Social responsibility; Sustainability; Values,Emerald Group Holdings Ltd.,scopus-recommendation,9,Out of Scope,"['professional service providers', 'sustainability', 'trust', 'perception', 'motivation']","The abstract focuses on the role of professional service providers, such as veterinarians, in influencing consumer decisions regarding sustainable products. It discusses how trust in these brands is built through their expertise and perception of sustainability rather than marketing strategies directly related to AI applications. The context is more aligned with professional services and sustainability rather than marketing AI functionalities.",0%,0%,0%,100%,0%
Analyzing survey data in marketing research: A guide for academics and postgraduate students,Crick J.M.,2024,10.1080/0965254X.2023.2176533,"Numerous marketing scholars have been overly loyal to seminal (and out-dated) analytical processes when using surveys. If this continues, these individuals may receive rejection decisions, as the standards of the so-called publishing game have increased. Accordingly, from an Associate Editor perspective, this commentary provides a contemporary guide (with thirteen stages) on how survey data can be effectively analyzed. This covers a series of basic techniques (like treating missing values, presenting profiling information about samples, and undertaking descriptive statistical analyses), alongside describing some scale purification tools and several complex procedures (e.g., running tests for various forms of reliability and validity, addressing common method variance, and testing for endogeneity bias). Then, some conclusions and methodological recommendations are offered to help authors to advance theory and practice with robust survey data. It is anticipated that these discussion points will facilitate debates among readers of the Journal of Strategic Marketing (and beyond) about the analysis of survey data. © 2023 The Author(s). Published by Informa UK Limited, trading as Taylor & Francis Group.",data analysis; marketing research; quantitative methods; robustness checks; strategic marketing; Surveys,Routledge,scopus-recommendation,10,Thinking AI,"['survey data', 'market analysis', 'statistical analyses', 'reliability', 'validity', 'methodological recommendations']","The abstract discusses the analysis of survey data, focusing on various analytical techniques, reliability and validity testing, and methodological recommendations for authors. This aligns with the 'Thinking AI' category, specifically with market analysis and targeting, as it emphasizes the importance of robust analysis in understanding market dynamics and improving the quality of research outputs.",0%,0%,100%,0%,0%
Modeling University Faculty Member’s Digital Image; [Моделирование цифрового имиджа преподавателя вуза],Timokhina G.S.; Popova O.I.; Izakova N.B.,2022,10.15507/1991-9468.109.026.202204.613-636,"Introduction. The discussion of the shaping of a digital image of university faculty member is driven by the need for effective educational interaction between students and faculty in the context of digitalization. However, there are practically no studies of the faculty’s image as a system, as well as technologies for modeling the faculty’s digital image. The objective of this study is to model faculty’s digital image for purposes of decision-making in the process of managing digital image in educational interactions. Materials and Methods. Secondary data were received through methods of content analysis and systemic and structural-functional evaluation of information. Primary data were obtained through comparative marketing study of faculty’s digital image on a sample of 400 students and 92 faculty members of a Moscow-based and a regional university and through an expert survey. Methods of multivariate scaling and analysis of statistically significant differences were also applied. Results. Novelty of the study lies in incorporating basic and instrumental core components in the model of university faculty’s digital image due to a dual role of “digital competence” element. The image modeling technique is also developed. It is noticed that faculty’s digital competence is not only an element in the structure of faculty’s image, but also a tool that transmits the image to external environment. Based on results of the study, recommendations on implementation of technique of faculty member’s digital image modeling are proposed. Revealed differences in opinions of students and faculty of two universities can be attributed to unequal access to digital technologies in different regions. Discussion and Conclusion. Conclusions made by authors contribute to development of scientific thought on shaping and promotion of university faculty’s digital image. Results of the comparative study will enable the Moscow-based and regional universities faculty to differentiate and precisely approach issues of shaping and promoting personal digital image. © 2022 National Research Ogarev Mordovia State University. All rights reserved.",digital competence; digital image model; educational interaction; image management; university students and faculty,National Research Ogarev Mordovia State University,scopus-recommendation,2,Not Identified,"['digital image', 'faculty', 'students', 'digital competence', 'marketing study', 'decision-making']","The abstract discusses modeling the digital image of university faculty members and focuses on educational interactions rather than marketing strategies or customer engagement. There are elements of analysis and decision-making, but they are primarily within an educational context rather than a marketing one. The content does not clearly fit into any of the defined categories of Mechanical AI, Thinking AI, or Feeling AI, as it leans more towards an academic research study.",0%,0%,0%,0%,100%
How do social media influencers inspire consumers' purchase decisions? The mediating role of parasocial relationships,Ashraf A.; Hameed I.; Saeed S.A.,2023,10.1111/ijcs.12917,"In recent years, social media influencers (SMIs) have become part of the strategic communication of firms because the traditional form of mass media communication is losing its effectiveness. Thus, it is imperative to study the effects of communication through SMIs on marketing outcomes, such as purchase intentions. Based on the fairness dimensions, that is, information, distributive, interpersonal, and procedural, and dimensions of source credibility, that is, attractiveness, expertise, trustworthiness, and similarity, this research investigated how technology-oriented SMIs (T-SMIs) foster parasocial relationships (PSRs) with followers. Purposive sampling was employed to collect data from 506 active social media users. Data were analysed through IBM AMOS and SPSS 26. The results of the study suggested that attractiveness, expertise, trustworthiness, similarity, interpersonal, procedural, and information fairness are positively related to fostering PSR with followers. In contrast, distributive fairness does not strengthen PSR with followers; furthermore, the study findings suggested an indirect positive influence of attractiveness, expertise, trustworthiness, similarity, interpersonal, procedural, and information fairness on the purchase intentions of consumers via PSR. This study is useful for academia and industry since it fills important gaps in the literature and provides recommendations to brand managers of technology companies about selecting appropriate SMIs for the endorsement of their brands. © 2023 John Wiley & Sons Ltd.",fairness; parasocial relationships; purchase intention; social media influencers; source credibility,John Wiley and Sons Inc,scopus-recommendation,34,Feeling AI,"['social media influencers', 'purchase intentions', 'parasocial relationships', 'trustworthiness', 'attractiveness', 'similarity', 'customer engagement']","The study focuses on how technology-oriented social media influencers foster emotional connections (parasocial relationships) with followers, which is directly related to understanding and meeting customer emotional needs. The findings suggest that factors like attractiveness, trustworthiness, and interpersonal fairness contribute to developing these emotional ties, thereby influencing purchase intentions. This aligns closely with the Feeling AI category, which emphasizes customer understanding and relationalization.",70%,10%,20%,0%,0%
Market amplification or transformation? The role of industry analysts in spreading WOM in B2B,Cowan K.; Palo T.; Chapple D.; Zhang Y.,2023,10.1108/JBIM-03-2022-0127,"Purpose: The purpose of this study is to address these questions. Word-of-mouth (WOM) is increasingly important in business-to-business (B2B) decision-making. Yet, research on this topic is rather limited, and often borrows from business-to-consumer (B2C) WOM literature. The question remains as to whether these assumptions realistically occur in B2B WOM. Specifically, this study explores the following questions: What value does B2B WOM have? Why do social media influencers in B2B engage in WOM? What type(s) of social media influencers spread WOM in B2B? Design/methodology/approach: To address these questions, this study adopts a qualitative research strategy. This study focuses on industry analysts in information technology markets who often influence the buying decisions of customers through their expertise and recommendations of technology solutions. Based on interviews with these influencers, this study explicates B2B WOM, an area the authors know much less of in comparison to B2C WOM. Findings: This study reveals differences in who spreads WOM within B2B, their roles, key features of their content and how they spread WOM. Second, this study demonstrates the types of actors spreading WOM in B2B in relation to the type of WOM and how it actually influences B2B markets. Originality/value: This study broadens the current definition of WOM and, specifically, showcases WOM not only as amplifying messages but as a means to co-create the market itself with vendors and clients. This research offers several contributions to the B2B WOM literature and influencer practice. © 2022, Emerald Publishing Limited.",Business-to-business; Influencer marketing; Market creation; Opinion leadership; Social media influencer; Thought leadership; Word-of-mouth,Emerald Publishing,scopus-recommendation,4,Feeling AI,"['word-of-mouth', 'social media influencers', 'customer decision-making', 'B2B', 'emotional needs']","The study focuses on the role of word-of-mouth (WOM) in B2B contexts, emphasizing the emotional aspects of decision-making influenced by social media influencers and their relationships with customers. It highlights how WOM can not only amplify messages but also co-create market dynamics, showcasing an understanding of customer emotional needs and the relational aspects of marketing. This aligns with the objectives of Feeling AI, which focuses on customer understanding and relationalization.",70%,10%,20%,0%,0%
Intersectionality and urban mobility: A systematic review on gender differences in active transport uptake,Yuan Y.; Masud M.; Chan H.; Chan W.; Brubacher J.R.,2023,10.1016/j.jth.2023.101572,"Background: Active transport has numerous environmental and health benefits. However, these benefits are not evenly distributed across the population because its utilization is strongly linked to a person's socioeconomic and cultural factors. Through the lens of intersectionality, this systematic review analyzed how gender and its interactions with other socioeconomic and cultural factors influence a person's decision to utilize active transport in urban settings. Methods: Following the PRISMA guidelines, the authors screened 1,993 titles and abstracts that were published between January 2000 and December 2021. Twenty-one articles were included for data extraction and synthesis. Results: A person's decision to walk or cycle is highly contextual. In general, women with lower socioeconomic status tend to walk more out of necessity. Women with higher socioeconomic status, higher education level, more free time, and access to safe and convenient infrastructure tend to cycle more. Gendered social and cultural factors might also deter some women from active transport. The following recommendations may attract more people to walk or cycle for transportation: developing community-based programs that empower girls and women to cycle; building a safe environment that protects all vulnerable road users; creating media and social marketing campaigns that shift the cultural narratives around active transport; designing neighourhoods with higher mixed land usage; and advocating for gender and income equality. © 2023 Elsevier Ltd",Active transportation; Gender; Intersectionality; Socioeconomic status,Elsevier Ltd,scopus-recommendation,18,Feeling AI,"['active transport', 'gender', 'socioeconomic factors', 'cultural factors', 'community-based programs', 'empowerment', 'safe environment', 'cultural narratives']","The abstract emphasizes understanding how gender and socioeconomic factors influence decisions related to active transport, which aligns with the focus on customer understanding and emotional needs. The recommendations also reflect a need for emotional engagement and addressing community concerns, indicating a focus on relationalization. The content discusses the emotional and cultural barriers women face, reinforcing the classification under Feeling AI.",70%,0%,30%,0%,0%
Thought experiments: Review and recommendations,Aguinis H.; Beltran J.R.; Archibold E.E.; Jean E.L.; Rice D.B.,2023,10.1002/job.2658,"Thought experiments have been used as an effective methodological approach to advance theory in numerous scientific fields. However, they are underutilized in organizational behavior (OB) and adjacent fields. Accordingly, we conducted a comprehensive and multidisciplinary literature review of thought experiments that entailed 174 sources in economics, psychology, marketing, medicine, sociology, finance, and other fields. We used insights from this literature review to define and describe the unique nature of thought experiments and offer a taxonomy of four main types based on a theory's development stage (i.e., early vs. late) and a study's theoretical goal (i.e., confirmation vs. disconfirmation). We also provide a decision-making tree useful for evaluating whether conducting a thought experiment is beneficial for a particular research situation and which of the four types is most likely to produce a meaningful contribution. Then, we offer best-practice recommendations for conducting thought experiments that address how to plan, execute, report results, and discuss implications. In addition, we demonstrate the potential of thought experiments by using the best-practice recommendations to design and conduct a thought experiment in the domain of workplace allyship. Finally, we offer suggestions for future substantive research that would benefit from thought experiment methodology (i.e., diversity, equity, and inclusion; leadership; performance; selection and recruitment; teams; and turnover). Overall, our article offers a comprehensive review and recommendations that we hope will be a catalyst for using thought experiments to advance theory in OB and related fields. © 2022 The Authors. Journal of Organizational Behavior published by John Wiley & Sons Ltd.",methodology; research design; theory advancement; thought experiments,John Wiley and Sons Ltd,scopus-recommendation,17,Not Identified,"['thought experiments', 'organizational behavior', 'theory development', 'decision-making tree', 'recommendations']","The abstract discusses the methodology of thought experiments in organizational behavior and related fields without directly linking to specific AI applications in marketing. The focus is on theoretical development and research recommendations rather than emotional understanding, automated processes, or strategic market analysis. Therefore, it does not clearly fit into any of the defined categories.",0%,0%,0%,0%,100%
An investigation into the influential factors that impact consumer decision-making among prospective online MBA students,Jeckells H.,2022,10.1080/08841241.2020.1868038,"This research investigates the influential factors impacting CDM among prospective online MBA students, using qualitative interviews. This research focus is contextualised with analysis on the CDM process and the disparity between UK and international students, to gain a deeper understanding of the dynamics of the influential factors. The findings of this research point to accreditation, price and rankings having the most influence on CDM among prospective online MBA students. It suggests that the CDM process among international students is more extensive than among UK students. International students’ searches had a longer duration, compared more programme alternatives, favoured detailed information such as course content and marketing materials, and searches often culminated in an application to more than one university. Meanwhile, UK students were more influenced by outbound university phone communications, which the data imply is attributable to English being their first language. Concluding practical recommendations include marketing messaging optimisation, strategic focus on rankings, accreditation and pricing and driving brand loyalty among prospective international students. © 2021 Informa UK Limited, trading as Taylor & Francis Group.",consumer decision-making; Higher Education; Marketing; MBA; online Education,Routledge,scopus-recommendation,3,Thinking AI,"['accreditation', 'price', 'rankings', 'international students', 'marketing messaging', 'strategic focus']","The abstract analyzes the decision-making process (CDM) of prospective online MBA students, highlighting the influential factors such as accreditation, price, and rankings. It examines how these factors vary between UK and international students, indicating a level of market analysis. The recommendations for marketing messaging optimization and strategic focus further align with the application examples of market analysis and targeting within the Thinking AI category.",10%,5%,85%,0%,0%
Antecedents of Purchase Decision of Over-The-Counter (OTC) Medicine from Pharmaceutical Distribution Channels in Jordan,Almrafee M.N.I.,2023,10.15722/jds.21.01.202301.1,"Purpose: The primary purpose of this research is to understand the potential influence of various factors, namely, pharmacies’ recommendations, families’ and friend recommendations, price, country of origin, and past experience, on the purchasing decision of nonprescription medicines in the Jordanian context. Research design, data, and methodology: A survey was conducted among 220 Jordanian consumers through a self-administered questionnaire. Further, the authors utilized the mall intercept method as a convenience sampling technique to recruit the respondents who shop at different pharmacies. The data were analyzed using various statistical techniques, such as frequency and percentage for describing the demographics of the sample, Cronbach’s alpha for testing the reliability of the data, skewness and kurtosis to check the normality of data, and further, multiple regression using SPSS version 25 was performed for examining the hypotheses. Results: The findings revealed that pharmacists’ recommendation, recommendations from friends and family, and price positively influenced consumers’ purchase decisions of OTC medicines in Jordan, whereas consumers’ past experience and country of origin had no influence on consumers’ purchasing decisions of OTC medicines. Conclusions: The paper examines the influence of various factors on customers’ purchase decisions of OTC medicines, draws conclusions, and makes recommendations. Also, research limitations are mentioned. © The Author(s) This is an Open Access article distributed under the terms of the Creative Commons Attribution Non-Commercial License (http://Creativecommons.org/licenses/by-nc/4.0/) which permits unrestricted noncommercial use, distribution, and reproduction in any medium, provided the original work is properly cited.",Consumers’ Purchase Decision; Distribution Channels; Jordan; Marketing; Over-The-Counter Medicines,Korea Distribution Science Association (KODISA),scopus-recommendation,2,Thinking AI,"['recommendations', 'purchase decisions', 'influence', 'consumer behavior', 'market analysis']","The abstract discusses the factors influencing purchasing decisions of nonprescription medicines in Jordan, which aligns with market analysis and understanding consumer behavior. The focus on recommendations from pharmacists, friends, and family indicates a strategic analysis of influences on consumer choices. This fits well within the 'Thinking AI' category, as it involves examining how various factors impact market behavior rather than emotional or mechanical processes.",10%,5%,85%,0%,0%
The relative merit of two segmentation approaches: executives views and a cost-benefit analysis,Ibrahim A.; Rundle-Thiele S.; Knox K.; Almestarihi R.,2022,10.1108/JSOCM-01-2022-0026,"Purpose: This study aims to capture the views of executives about the merit of using the two segmentation approaches (quantitative vs qualitative). Furthermore, this study aimed to examine costs and benefits for two different segmentation approaches, using a minimax simple cost-benefit analysis (CBA) matrix. Design/methodology/approach: A total of 16 semistructured interviews were conducted with executives within the University of Sharjah (UoS). Furthermore, a minimax approach was applied to the CBA study. Findings: Evidence in this study found that the financial cost of quantitative segmentation approaches was higher than qualitative approaches. However, the decision-makers trusted the quantitative approach more regardless of the incurred costs. The study also found that there was a limited knowledge about social marketing and segmentation among executives. Research limitations/implications: Limitations of this study relate to the methodology applied, the sample selected and the lead research. Another factor is selection bias, which limited this study to one organization’s executives. It is conceivable that middle-level management would have had the desire to participate because they make the recommendations to top management in decision-making. The researcher did not collect precise data on time taken to design, implement and analyses the two segmentation studies, which qualified the precision of the CBA. Also, the fact that the sample includes participants from a relatively narrow range of disciplines should be noted as a limitation of the study. Practical implications: The current study provides a case study demonstrating how CBA provides a dollar amount estimate permitting alternate segmentation approaches to be compared and contrasted, assisting in the value estimation of any social marketing project. Social implications: The paper draws upon two streams of the literature: social marketing and CBA. The paper focused on the understanding of the literature, CBA offers a technique applicable to demonstrating cost savings that can be derived from choosing one method over another. Moreover, CBA assists in understanding the benefits or potential opportunity cost both financially and nonfinancially. Originality/value: This paper presents one of the first studies conducting a CBA to compare and contrast two segmentation approaches in social marketing. The study provides interesting insights into the perceptions of management executives over alternative research methods, although the results are limited to a case study. © 2022, Emerald Publishing Limited.",Costs-benefit analysis; Qualitative segmentation; Quantitative segmentation; Social marketing,Emerald Publishing,scopus-recommendation,1,Thinking AI,"['segmentation', 'cost-benefit analysis', 'quantitative', 'qualitative', 'market analysis', 'decision-making']","The abstract focuses on comparing two segmentation approaches (quantitative vs qualitative) using a cost-benefit analysis, which aligns with the strategic analysis aspect of Thinking AI. The insights into executives' trust in quantitative methods despite higher costs further emphasize market analysis and targeting strategies.",0%,0%,100%,0%,0%
Evaluation of Green Marketing Strategies by Considering Sustainability Criteria,Esmaelnezhad D.; Lagzi M.D.; Antucheviciene J.; Hashemi S.S.; Khorshidi S.,2023,10.3390/su15107874,"The purpose of this study is to identify and prioritize green marketing strategies in the food industry by taking sustainability goals into consideration since it is very difficult to prioritize and select green marketing strategies when considering sustainability criteria in their implementation. Therefore, it is necessary to use an appropriate solution to prioritize these strategies. For this purpose, sustainability criteria and green marketing strategies are recognized. Then, sustainability criteria are screened using the fuzzy Delphi method. Subsequently, using the fuzzy stepwise weight assessment ratio analysis method, the criteria are weighted according to expert recommendations. Next, green marketing strategies in the Iranian food industry are ranked using several fuzzy multiple criteria decision-making methods: fuzzy additive ratio assessment, fuzzy complex proportional assessment, fuzzy technique for order preference by similarity to the ideal solution, and fuzzy Viekriterijumsko Kompromisno Rangiranje methods. Finally, the results are integrated with the help of the Copeland method to choose the best strategies. The results indicated that the criteria of ‘minimizing waste’, ‘minimizing environmental impacts’, and ‘consumer participation’ had the highest weight. In addition, the strategies for the ‘development of waste reduction technology, ‘development of market research to detect green needs’, and ‘use of recycled or reusable materials in products’ received a higher rank. © 2023 by the authors.",food industry; fuzzy MCDM; green marketing strategies (GMSs); sustainability,MDPI,scopus-recommendation,12,Thinking AI,"['green marketing strategies', 'sustainability goals', 'market research', 'criteria weighting', 'decision-making methods']","The abstract focuses on identifying and prioritizing green marketing strategies in the food industry, which involves analyzing various sustainability criteria and employing multiple decision-making methods. This aligns with the Thinking AI category, particularly in the context of market analysis and targeting, as it seeks to establish competitive advantages through sustainable practices.",0%,0%,100%,0%,0%
Addressing Marine Wildlife Entanglement in Derelict Fishing Nets Using Community-Based Social Marketing: Case Study and Lessons Learnt,Sarrouf Willson M.; Turley C.; Daar L.A.; Al Masroori H.; Al Muscati H.; Al Aufi M.; Al Bulushi A.; Al Harthi S.; Willson A.,2021,10.1177/15245004211053841,"Background: Entanglement of marine species, particularly endangered sea turtles and cetaceans, in abandoned, lost or otherwise discarded fishing gear is a major conservation concern. Focus of the Article: This case study applies Community-Based Social Marketing (CBSM) to reduce marine wildlife net entanglement in the waters surrounding Masirah Island, a marine biodiversity hotspot in Oman. Importance to the Social Marketing Field: The study demonstrates the use of social marketing tools in biodiversity conservation, bringing new knowledge to the cross-application of these two fields. Methods: The CBSM methodology was applied to select behaviours, identify barriers and benefits, develop strategies and design a pilot study. The responsible disposal of derelict nets in skip bins was selected as the target behaviour, and a mix of behavioural change tools was applied to achieve change: convenience (installation of three skip bins), education (installation of informative signs, distribution of awareness posters, one-to-one engagement with fishers on the beaches), prompts (installation of signs and posters on vessels) and social norms (one-to-one engagement with key influencers and decision makers). The monitoring of behaviour change took place through structured observations over 23 weeks, focussing on the number of nets disposed of in the allocated skip bins. Results: Results showed a low level of behaviour adoption rate by skiff and launch vessel fisheries, respectively, 5.36% and 2.58%. Positive results were observed for a short time but did not reach the estimated target value throughout the study period. Recommendations for Research: Our pilot study did not lead to broad-scale implementation and we recommend further awareness and engagement with the target audience, trials of various behaviour change tools and increase field monitoring time. We further recommend the application and funding of behaviour change methods applied to fishers with the incorporation of conventional financial, conservation and regulatory tools to support resource management. Limitations: Our results show that focussing on specific behaviours with appropriate measurement is both resource and time demanding to solve pressing conservation problems, particularly ones generated by complex industries such as fishing. Various lessons, useful for other social marketers, have been drawn from our evaluation of the overall study. © The Author(s) 2021.",behaviour change; community-based social marketing; marine wildlife; net entanglement; Oman,SAGE Publications Inc.,scopus-recommendation,3,Not Identified,[],"The abstract describes a case study focused on Community-Based Social Marketing (CBSM) aimed at reducing marine wildlife net entanglement through behavioral change strategies. While it involves social marketing and behavior modification, it does not directly relate to the use of AI in marketing as outlined in the provided categories. The methodologies discussed are more aligned with environmental conservation and community engagement rather than traditional marketing strategies or AI applications.",0%,0%,0%,0%,100%
What are the informational pathways that shape people’s use of cannabidiol for medical purposes?,Zenone M.A.; Snyder J.; Crooks V.A.,2021,10.1186/s42238-021-00069-x,"Background: Cannabidiol (CBD) is commonly used to manage symptoms in conditions and diseases for which there is limited clinical research for its application. How consumers arrive and decide to use CBD for medical treatment, despite lacking clinical evidence, is largely unknown. In this paper, we seek to identify the informational pathways through which consumers arrive at CBD for medical purposes. Methods: GoFundMe.com campaigns fundraising to purchase CBD between June 2017 and May 2019 were collected using the Crowdfunding for Health Research Portal (CHRP). Product descriptions were thematically analyzed to determine pathways leading to incorporation of CBD into medical treatment. Campaign characteristics such as fundraising ask, funding received, location, campaign title, description, Facebook shares, and number of donors were recorded. Specific medical uses of CBD proposed in campaigns were tabulated. Results: The study identified 164 crowdfunding campaigns primarily from the USA (n=159), with several from Canada (n=5). The campaigns requested $2,219,284.24 (median, $7000) and raised $610,612.87 (median, $1805) from 6825 donors (median, 26). Many campaigns asked for other treatments or illness-related costs not specific to CBD. The campaigns were shared 42,299 times on Facebook (median, 156 shares). Three informational pathways were identified leading to incorporation of CBD into medical treatment, which were self-directed research (n=149), recommendations from a trusted care provider (n=36), and/or experiential insights shared by someone associated with or influencing the crowdfunders personal network (n=30). The proposed uses of CBD were for cancer (n=96), seizure-inducing diseases/conditions (n=48), other/unspecified (n=6), joint/inflammatory diseases (n=6), mental health disorders (n=3), nervous system diseases (n=3), and autoimmune diseases (n=2). Conclusions: Our results suggest that consumers crowdfunding come to CBD through internally motivated reasons versus exposure to advertisements or other forms of marketing. Campaign beneficiaries generally had an unmet medical need that other forms of treatment were not satisfying. Then, through one or more of the informational pathways identified, CBD is considered a potential solution. © 2021, The Author(s).",Cannabidiol; Cannabis; Crowdfunding; Decision-making; Medical treatment,BioMed Central Ltd,scopus-recommendation,12,Out of Scope,"['cannabidiol', 'medical treatment', 'crowdfunding', 'campaigns', 'informational pathways', 'self-directed research', 'trusted care provider', 'experiential insights']","The abstract discusses the use of cannabidiol (CBD) for medical purposes, focusing on how consumers reach a decision to use CBD rather than detailing any marketing strategies or consumer behavior in a commercial context. The study is primarily centered on health-related crowdfunding campaigns and does not align with marketing-related AI applications. Therefore, it falls under the 'Out of Scope' category.",0%,0%,0%,100%,0%
Representation of women of color on the covers of the top three fashion magazines: a content analysis,Mitchell N.A.; Stovall T.; Avalos D.,2023,10.1108/JCM-03-2021-4560,"Purpose: This paper aims to assess the representation of women of color (WOC) in the top 3 fashion magazines and explore the implications of underrepresentation within marketing communications. The authors draw from diffusion theory and marketplace omission and commission to situate the research focus and highlight its application to the study findings. Design/methodology/approach: A content analysis was conducted on 481 cover models on the top three fashion magazines of 2018 – Vogue, Cosmopolitan and Vanity Fair during 2006–2018. Findings: The findings indicate WOC are underrepresented despite the strides of inclusion in the marketplace in America during a postracial period. Representation is as follows: white – 412 (86%); black – 41 (9%); Latina – 19 (3.9%); biracial 7 (1.5%); Asian – 1 (0.2%); and Native American – 1 (0.2%). Latina models had the lowest representation. Native and Asian women were completely excluded. When they do appear, black and Latina cover models are more likely than white models to be shown wearing sexually suggestive attire. Practical implications: This study makes four recommendations to promote antiracism in marketing: diversify staff hiring and editorial decision-makers for public-facing talent; solicit counsel from multicultural marketing agencies; create antiracist marketing curriculum; and cultivate a pipeline of diverse talent for future hiring. Originality/value: The originality of this paper centers its contribution to the dearth research investigating representation implications within the fashion marketing industry during an alleged post-racial period, and a longer time span. It also presents structured antiracist marketing solutions to mitigate underrepresentation. © 2022, Emerald Publishing Limited.",Antiracism; Beauty; Content analysis; Fashion; Magazine; Marketing communications; Women of color (WOC),Emerald Publishing,scopus-recommendation,6,Thinking AI,"['representation', 'underrepresentation', 'diversify', 'marketing communications', 'antiracism', 'marketplace omission']","The abstract focuses on analyzing the representation of women of color in fashion marketing, which aligns with market analysis and targeting strategies. The study assesses the implications of underrepresentation and provides recommendations for improving diversity in marketing communications, indicating a strategic analysis of the marketing landscape. This aligns closely with the 'Thinking AI' category, particularly in the areas of market analysis and targeting. The emotional aspects of customer understanding are less emphasized in this study, focusing more on structural and strategic implications.",20%,10%,70%,0%,0%
Dupe influencers exploiting social media to peddle luxury fakes,Chaudhry P.E.,2022,10.1016/j.bushor.2022.07.005,"Dupe—slang for duplicate—influencers are individuals who persuade buyers to purchase counterfeits using social media platforms to drive a brand message intended to confer legitimacy on the purchase decision. Dupe influencers sell fake luxury goods online to their cadres of followers, who relate to the influencers’ fashion savviness and who trust their judgment of products’ quality. In this article, I provide a synopsis of a case Amazon settled against two dupe influencers who used social media to promote the sale of counterfeit luxury products. I highlight the persistent challenge of luxury counterfeits sold online, the consumer complicity of obtaining luxury fakes, and the problem of discerning a knockoff from a counterfeit product. Dupe influencers leverage trust with their followers and use social media tactics, such as unboxing videos and designer haul promotions, to peddle luxury fakes. Recommendations to combat dupe influencers center on monitoring and working with e-commerce platforms to shut down social media posts that infringe a company's intellectual property, raising consumer awareness of the illicit activities of counterfeiters through education campaigns, leveraging legitimate social influencers to debunk the dupe influencers, and pursuing legal remedies. © 2022 Kelley School of Business, Indiana University",Counterfeit goods; Dupe influencer; Influencer marketing; Social media marketing; Trademark infringement,Elsevier Ltd,scopus-recommendation,12,Thinking AI,"['counterfeit luxury products', 'consumer complicity', 'social media tactics', 'market analysis', 'recommendations']","The abstract discusses the role of dupe influencers in promoting counterfeit luxury products and highlights strategies to combat this issue, such as monitoring social media posts and raising consumer awareness. These activities align with market analysis and targeting, as they involve understanding the competitive landscape of counterfeit products and recommending ways to effectively address the problem. Therefore, it fits best under Thinking AI.",10%,5%,85%,0%,0%
Examining the Factors Influencing the Intention to Use Electric Bikes by Young Adults: Using Extended Theory of Planned Behavior Model,Ravishankar K.; Subramani A.K.; Akbar Jan N.; Ramkumar C.,2023,10.14707/ajbr.230150,"The study aims to examine the factors impelling young adults’ intention to use electric bikes (EB) to promote sustainable transportation in India. In this research, the theory of planned behavior (TPB) model is extended with environmental knowledge (EKL), environmental concern (ECN), and government policy support (GPS) to understand the intention to use (ITU) of young adults on electric bikes. Using a stratified random sampling technique, the survey was conducted among 354 electric bike users across major cities from Tamil Nadu, India. The PLS-SEM was used to analyze the conceptual model of the research. The findings of the research support that ECN, EKL, and GPS have a significant positive direct influence on young adults’ attitude (ATT) and an indirect effect on the intention to use (ITU) e-bikes. Among the three mediating variables, ATT and SJN mediate the relationship between ECN, EKL, and GPS on ATT and ITU of e-bikes. The study offered insightful recommendations to broaden the scope of research on electric bike sellers and manufacturers to plan sales and marketing strategies, for the government to make policy decisions, and ultimately to increase consumer interest in sustainable transportation. © 2023, Asia Business Research Corporation. All rights reserved.",Electric bike; Environmental concern; Environmental knowledge; Extended theory of planned behavior; Government policy support; Young adult,Asia Business Research Corporation,scopus-recommendation,2,Thinking AI,"['sustainable transportation', 'environmental knowledge', 'environmental concern', 'government policy support', 'intention to use', 'attitude', 'marketing strategies']","The abstract discusses factors influencing young adults' intention to use electric bikes, which relates to market analysis by understanding consumer behavior and preferences. It highlights the significance of environmental knowledge, concern, and government policy in shaping attitudes towards e-bikes, which aligns with strategic analysis of market conditions. The study also offers recommendations for marketing strategies aimed at increasing consumer interest, indicating a focus on targeting and analysis. Thus, it falls under the Thinking AI category.",0%,0%,100%,0%,0%
Infusing media analytics content into a communications curriculum: Partnering with athletics using experiential learning,Poniatowski K.; Johnson K.,2023,10.1080/17404622.2023.2227263,"Abilities to interpret, analyze, and report data are in-demand job skills that many colleges and universities struggle to incorporate into the curriculum. The client-based project outlined in this study examines the experiential learning pedagogy used to teach students media analytics. This semester-long project encourages students to complete a collaborative client-based project, utilizing Google Analytics and Tableau to enhance the client’s website. Overall, students’ reactions were positive to this approach, as they were able to learn the basics of media analytics while solving real-world problems for the clients. Courses: This project was conducted in a stand-alone course titled “Intro to Media Analytics.” However, this project would work well in any media analytics, social media analytics, or social/digital marketing course. This assignment could be adapted slightly to meet the needs of a public or strategic communications course where the focus on a public relations plan is needed. A student-run public relations agency could use this assignment to apply to client work related to increasing web and social media traffic. Objectives: With this assignment, students (1) apply appropriate methods for collecting, analyzing, and interpreting media analytics data for understanding and engaging audiences; (2) engage in research and analysis to provide insights, problem-solving strategies, and decisions in strategic planning for a client; (3) gain a basic understanding of factual knowledge, methods, principles, generalizations, and theories in producing media content and for visualizing data derived through media analytics to clarify and present complex results; (4) evaluate the impact of business structure, competition, and positioning for accessing media usage in various media platforms, including social and mobile media; and (5) write clearly and effectively for reports that guide recommendations for a real-world client in order to develop competencies and points of view needed by professionals in the field most closely related to this course. © 2023 National Communication Association.",,Routledge,scopus-recommendation,0,Thinking AI,"['media analytics', 'data analysis', 'strategic planning', 'audience engagement', 'problem-solving']","The abstract discusses a client-based project that focuses on teaching students how to collect, analyze, and interpret media analytics data to engage audiences and provide strategic insights. This aligns closely with the 'Thinking AI' category, which emphasizes market analysis and strategic decision-making based on data. The emphasis on using tools like Google Analytics and Tableau for real-world applications highlights the analytical and strategic aspects necessary in marketing. The abstract does not focus on emotional data or automated processes, which are more relevant to the 'Feeling AI' and 'Mechanical AI' categories.",0%,0%,100%,0%,0%
Role of augmented reality in changing consumer behavior and decision making: Case of Pakistan,Kazmi S.H.A.; Ahmed R.R.; Soomro K.A.; Hashem E A.R.; Akhtar H.; Parmar V.,2021,10.3390/su132414064,"Marketers and advertisers ignore new technology and diverse marketing tactics when attempting to increase product exposure, customer engagement, customer behavior and buying intention in fashion accessory marketplaces in developing countries. This research sought to discover how the Augmented Reality (AR) experience influenced consumer behavior, buying intention and pleasure when purchasing a fashion item in developing countries. This study employs positivist ideas to investigate the connections between various factors, believing that reality is unwavering, stable, and static. Experiential marketing following stimulus exposure will gather cross-sectional data. The undertaken study has developed proper experimental design (within group) from business innovation models, for instance, uses and gratification and user experience models. User experience is disclosed by its four defining characteristics: hedonic quality (identification and simulation), aesthetic quality, and pragmatic quality. After encountering an enhanced user experience, users have a more favorable attitude about purchasing; in contrast, pleasure from using the application directly impacts buying intention. It was also shown that knowledge of AR apps impacts user experience and attitude. The novelty of this research is multifarious, for instance, the smart lab was used as a marketing technology to explore a virtual mirror of the Ray-Ban products. Secondly, the augmented reality experiential marketing activities have been developed by the developers as bearing in mind the four different aspects of the user experience—haptic, hedonic, aesthetic, and pragmatic. It should be functional, simple to learn and use, symmetrical, pleasant, and appealing, while fulfilling the unconscious emotional elements of a customer’s purchase. The research is the first known study in Pakistan to evaluate the influence of augmented reality on consumer proficiency and its consequent effects on attitude and satisfaction for fashion accessory brands. The research also advances the notion that application familiarity is the most important moderator between attitude and an augmented reality-enriched user experience, contradicting the prior studies, which focus on gender and age. This research has important theoretical implications for future researchers, who may wish to replicate the proposed final model in developed and developing countries’ fashion brands. This research also has imperative managerial implications for brand managers and marketing managers, who could include the recommendations of this study in their marketing strategies. © 2021 by the authors. Licensee MDPI, Basel, Switzerland.",Augmented reality; Business innovation models; Consumer behavior; Consumer interaction; Purchase intention; User experience in augmented reality; Uses and gratification theory,MDPI,scopus-recommendation,39,Feeling AI,"['consumer behavior', 'buying intention', 'user experience', 'emotional elements', 'pleasure', 'attitude', 'satisfaction', 'augmented reality']","The abstract discusses how augmented reality influences consumer behavior and emotional responses when purchasing fashion items. It emphasizes user experience, including hedonic qualities and emotional satisfaction, which align closely with the focus of Feeling AI on customer understanding and emotional needs. The research also highlights the importance of user attitudes and the emotional impact of augmented reality on buying intentions, further supporting its classification under Feeling AI.",70%,10%,20%,0%,0%
Digital Marketing Implementation by Culinary Micro Small Medium Enterprises During Covid-19 (An Indonesia Case),Martadikusumah T.A.A.; Indrawati,2024,10.47750/QAS/25.198.25,"This study aims to understand the culinary cluster MSMEs' efforts in Cimahi City to implement digital marketing during Covid-19. The research includes factors that hinder the decision to use digital platforms based on the TOE Framework, digital marketing activities, business performance, digital marketing constraints, and recommendations for stakeholders in optimizing digital marketing. The methodology of this research is qualitative, with a case study strategy. This study obtained the data through online in-depth interviews and FGDs with 10 Culinary MSMEs owners and four representatives of the Cimahi City government. The results showed that informants adopted digital platforms, but employee skills indicators inhibit decision-making. The implementation of digital marketing and business performance could have been more optimal. Therefore, the main barrier to digital marketing activities is the limited capacity, capability, and number of HR in the organization that can market digitally. Hence, the proposed recommendations are improving digital literacy and stakeholder collaboration through training, mentoring, and labor assistance. © 2024, SRAC - Romanian Society for Quality. All rights reserved.",Cimahi City; Covid-19; Digital Marketing; Digital Platform; MSMEs; TOE Framework,SRAC - Romanian Society for Quality,scopus-recommendation,4,Not Identified,"['digital marketing', 'MSMEs', 'Covid-19', 'employee skills', 'business performance', 'digital literacy', 'stakeholder collaboration']","The abstract discusses the challenges and recommendations for MSMEs in implementing digital marketing during Covid-19, focusing on operational constraints rather than emotional, automated, or strategic aspects of AI in marketing. It does not clearly fit into the defined categories, as it lacks a focus on emotional understanding, automated processes, or market analysis in the context of AI applications.",0%,0%,0%,0%,100%
The Role of Media in Sponsorship Decision Making During Covid-19: A Malaysian Perspective,Sharipudin M.-N.S.; Hassim N.; Ayub S.H.; Fam K.-S.; Mohammed R.,2022,10.17576/JKMJC-2022-3802-11,"COVID-19 has impacted not only human lives, but also business organisations. The repercussions of the pandemic on global businesses include sustaining the value of a firm that could benefit stakeholders, such as the challenge for sponsored properties to attain sponsorship through a period of financial struggles and the capacity of a sponsor to provide it. It is imperative for business-to-business (B2B) communities to evaluate criteria and risks of sponsorship to instil public trust and consequently result in value creation for firms. At the same time, the role of the media is pivotal to create visibility of this partnership and achieve set sponsorship aims. With that said, the objective of this study is to explore the role of sponsorship decision making by Malaysian organisations during the pandemic and how the media have strengthened relationship marketing between businesses and their stakeholders; by examining the determinant factors of using media as an activation in sponsorship and the criteria of using media in sponsorship. The qualitative study conducted interviews with 13 corporate communication and marketing managers in Malaysia that are involved directly with sponsorship activation. The findings highlight the sponsorship ecosystem through the Malaysian media and B2B perspectives that would guide practitioners in making strategic decisions on B2B sponsorship matters, particularly on the relational approaches and media engagement should be seen as part of good business conduct. Future recommendation of this research is to seek the perceptions of consumers on the congruence of relationship marketing through sponsor-sponsored properties collaboration in Malaysian media. © 2022, Penerbit Universiti Kebangsaan Malaysia. All rights reserved.",business-to-business; Covid-19; marketing communication; Media; sponsorship activation,Penerbit Universiti Kebangsaan Malaysia,scopus-recommendation,2,Feeling AI,"['sponsorship', 'relationship marketing', 'public trust', 'value creation', 'stakeholders', 'media engagement']","The abstract discusses the importance of relationship marketing and public trust in the context of sponsorship during the COVID-19 pandemic. It highlights how the media plays a pivotal role in fostering visibility and engagement between businesses and their stakeholders, which aligns closely with the emotional understanding and relationalization aspects of Feeling AI. The focus on creating value for firms and stakeholders further emphasizes the need to understand and meet emotional needs, indicating a strong correlation with the Feeling AI category.",70%,10%,20%,0%,0%
