Title,Authors,Year,DOI,Abstract,Keywords,Publisher,Source,Cited,classification,keywords,rationale,Feeling AI,Mechanical AI,Thinking AI,Out of Scope,Not Identified
Probing Digital Footprints and Reaching for Inherent Preferences: A Cause-Disentanglement Approach to Personalized Recommendations,"Wang, C; Shi, YS; Guo, XH; Chen, GQ",2024,10.1287/isre.2023.0181,"The abundance of multiple types of consumer digital footprints recorded on e-commerce platforms has fueled the design of personalized recommender systems for decision support. However, capturing consumers' inherent preferences for effective recommendations based on consumer digital footprints can be challenging because of the multitude of factors driving consumer behaviors. Model training and recommendation outcomes may become biased if other factors are inappropriately recognized as consumers' inherent preferences in the learning process. Drawing on consumer behavior theories, we tease out various factors that drive consumers' digital footprints at different consumption stages. We develop a novel recommendation approach, namely, DISC (Disentangling consumers' Inherent preferences, item Salience effect, and Conformity effect), which leverages disentangled representation learning with a causal graph to derive the effect of each factor driving consumer behaviors. This approach provides personalized and interpretable recommendations based on the inference of consumers' normative inherent preferences. The DISC model's identifiability is demonstrated through theoretical analysis, enabling rigorous causal inference based on observational data. To evaluate DISC's performance, extensive experiments are conducted on real-world data sets with a carefully designed protocol. The results reveal that DISC outperforms state-of-the-art baselines significantly and possesses good interpretability. Moreover, we illustrate the potential impact of different marketing strategies' by intervening on the disentangled causes through follow-up counterfactual analyses based on the causal graph. Our study contributes to the literature and practice by causally unpacking the behavioral mechanism behind consumers' digital footprints and designing an interpretable personalized recommendation approach anchored in their inherent preferences.",recommender system; multiple digital footprints; inherent preferences; causal graph; disentangled representation learning interpretability,INFORMS,wos-recommendation,1,Thinking AI,"['personalized recommendations', 'consumer behavior', 'preferences', 'causal inference', 'marketing strategies']","The abstract discusses a novel recommendation approach that analyzes consumer digital footprints to derive personalized and interpretable recommendations based on consumers' inherent preferences. This aligns closely with the 'Thinking AI' category, which focuses on market analysis and personalization. The emphasis on understanding consumer behavior and leveraging marketing strategies further supports this classification.",0%,10%,90%,0%,0%
Recommend or not: A comparative analysis of customer reviews to uncover factors influencing explicit online recommendation behavior in peer-to-peer accommodation,"Ding, K; Gong, XY; Huang, T; Choo, WC",2024,10.1016/j.iedeen.2023.100236,"In the fiercely competitive landscape of the peer-to-peer accommodation platform Airbnb, understanding customers' online recommendation behavior is essential for optimizing competitiveness and harnessing the potential of electronic word-of-mouth. This study aims to provide comprehensive insights into the factors driving customers' issuance of positive or negative recommendations based on their experiences. Leveraging 10,101 online reviews from Airbnb users, we employ the Structural Topic Model to determine latent topics relating to customers' recommendation intentions. This study reveals that positive recommendations are primarily influenced by hedonic values tied to the overall experience, including crucial aspects such as convenience for exploring points of interest, local authenticity, social interaction, and emotional fulfillment. These findings highlight the significance of providing memorable and enriching experiences to elicit positive reviews from customers. On the other hand, negative recommendations are closely linked to utilitarian values focused on practical concerns such as check -in procedures, cleanliness, comfortableness, and amenities. Understanding these utilitarian factors is vital for hosts and platform administrators to improve service quality and address potential issues that may lead to negative reviews. Furthermore, this study emphasizes the significant role of hosts in shaping both positive and negative recommendations. This research contributes valuable insights to the field of peer-to-peer accommodation, highlighting the significance of various factors influencing customers' recommendation behavior.",Social marketing; Online recommendation behavior; Word-of-mouth; Airbnb,ELSEVIER SCI LTD,wos-recommendation,6,Feeling AI,"['positive recommendations', 'negative recommendations', 'emotional fulfillment', 'customer understanding', 'experiences', 'social interaction', 'authenticity']","The abstract focuses on understanding customers' online recommendation behavior, emphasizing the emotional aspects of customer experiences. It highlights how positive recommendations are influenced by hedonic values and emotional fulfillment, while negative recommendations are related to practical concerns. This aligns with the 'Feeling AI' category, which focuses on customer understanding and emotional needs. The study aims to comprehend and meet these emotional needs to enhance customer engagement, making it a clear fit for Feeling AI.",70%,10%,20%,0%,0%
SMEs DIGITALIZATION READINESS: SHARIA FINTECH FRAMEWORK USING QUADRUPLE HELIX PERCEIVES,"Mahyarnia, M; Okfalisab, O",2024,10.5937/sjm19-44971,"The role of Quadruple Helix in promoting the development of digitizing SMEs highlights the significant contribution of Sharia fintech as a new challenge to sustainably and creatively face the Covid-19 disruption. This paper developed a framework of SME's Digitalization Readiness in Supporting Sharia Fintech to scrutinize the quadruple Helix perceptions and the success of digitalization. Furthermore, a Fuzzy-AHP approach is applied to analyze the significant weight of Quadruple Helix interaction and distinguish between universities, industry, communities, and government. This creates the basis of a sustainable corporate sector through the consideration of Information Technology (IT), economy, and Sharia within business activity, transaction, marketing, management, micro- environment, and macro -environment, circumscribed into 24 sub -indicators. This study found that university academicians view business activity as the most significant indication for gauging the digitization readiness of small and medium-sized enterprises (SMEs) based on Sharia fintech. It is followed by marketing, transaction, management, micro, and macro environment. Meanwhile, the other sectors including industry, communities, and government discerned marketing as the deliberation of the SMEs' Sharia-based success digitalization. This framework stimulates and synergizes an integrated works, innovation, economic growth, productivity, technology, knowledge, and skills of Quadruple Helix roles in facing the competitive advantages of digital era with concerning on the Sharia values. The prioritized analysis and recommendation from this framework admit as a guidance tool for Quadruple Helix in decision making and strategic policies in achieving the success of the digital transformation.",sharia fintech; quadruple helix; fuzzy-ahp; small medium enterprises; digital transformation,"UNIV BELGRADE, TECHNICAL FACULTY AT BOR",wos-recommendation,1,Thinking AI,"['digitalization', 'Sharia fintech', 'SMEs', 'marketing', 'framework', 'Quadruple Helix', 'decision making', 'strategic policies']","The abstract discusses the development of a framework for the digitalization readiness of SMEs, emphasizing the roles of different sectors (universities, industry, communities, government) in leveraging Sharia fintech. The focus on analyzing perceptions and interactions among these sectors aligns with market analysis and strategic decision-making, which are key aspects of Thinking AI. The mention of prioritizing actions and recommendations for achieving digital transformation further supports this classification. While there are elements of customer understanding, the primary focus is on market analysis and strategic frameworks rather than emotional engagement or automated processes.",10%,0%,80%,0%,10%
Antecedents and outcomes of virtual presence in online shopping: A perspective of SOR (Stimulus-Organism-Response) paradigm,"Chen, MJ",2023,10.1007/s12525-023-00674-z,"By integrating theories of media richness, presence, perceive risk, flow, and social presence into the S-O-R paradigm, this study develops a theoretical model that extends previous research to explain how the virtual presence generated by a web store affects consumers' internal psychological states and final purchase behavior. The experimental results show that (1) the richness of website features (multiplicity of cues and immediacy of feedback) positively influences consumers' perceptions of website telepresence (cognitive experience) and social presence (affective experience). (2) Telepresence can significantly increase consumer purchase intention by reducing perceived website risk and increasing perceived product diagnosis. (3) Social presence can significantly increase consumers' purchase intention by increasing perceived product diagnostics and perceived social approval. (4) Shopping task complexity positively moderates the relationship between cue multiplicity and perceived virtual presence. The findings provide insights for marketing practitioners by helping to understand the effects of virtual presence on consumer decision-making.",Virtual presence; SOR model; Social presence; Telepresence; Media richness; M310,SPRINGER HEIDELBERG,wos-recommendation,9,Feeling AI,"['telepresence', 'social presence', 'perceived risk', 'purchase intention', 'consumer decision-making']","The abstract discusses how virtual presence affects consumer's internal psychological states and purchase behavior, emphasizing emotional aspects like telepresence and social presence. This aligns with the 'Feeling AI' category, which focuses on customer understanding and emotional needs. The study's findings provide insights into how emotional perceptions influence consumers' purchase intentions, making it relevant to the 'Feeling AI' applications.",70%,10%,20%,0%,0%
Social commerce and buying intention post COVID-19: Evidence from a hybrid approach based on SEM - fsQCA,"Elshaer, IA; Alrawad, M; Lutfi, A; Azazz, AMS",2024,10.1016/j.jretconser.2023.103548,"In the post COVID-19 era, social commerce witnessed significant growth due to increasing numbers of consumers choosing online channels as their preferred means of shopping. Consumer attitude and trust are key factors influencing customers purchase decision of buying products and services marketed through online platforms such as social commerce. A positive consumer attitude towards a brand or product can lead to greater level of perceived trust and, hence, increase the likelihood of purchasing. Further, a negative consumer attitude or low trust may deter individuals from purchasing, even if they are interested in the product. This study aims at investigating the mediating role of customers attitude and perceived trust on the relationship the relationship between social commerce and buying intention post-COVID-19 pandemic. Using a full-structured questionnaire directed to 570 e-commerce consumers, the obtained data were analyzed by hybrid approach based on PLS-SEM and fsQCA. The study results may help understand the variables that can affect consumer behavior in the post-COVID-19 era, and businesses can better modify their marketing strategies and fulfill the customers' needs.",fsQCA; Social commerce; Recommendation and referrals; Ratings and reviews; Trust; Attitude; Consumer buying intention,ELSEVIER SCI LTD,wos-recommendation,31,Feeling AI,"['consumer attitude', 'trust', 'buying intention', 'post-COVID-19', 'customer behavior', 'emotional needs']","The abstract emphasizes the importance of consumer attitude and perceived trust in influencing buying decisions in social commerce, particularly in a post-COVID-19 context. This aligns closely with the Feeling AI category, which focuses on understanding customer emotions and needs. The mediating role of customer attitude and trust suggests a deep understanding of consumer psychology and behavior, which is central to Feeling AI. The study's findings aim to help businesses tailor their marketing strategies to resonate with customers' emotional preferences.",75%,10%,15%,0%,0%
The influence of targeted digital advertising on consumers' purchase intention: Comparative analysis based on the perspective of ads content source,"Han, Z; Du, G",2023,10.1002/cb.2230,"Targeted digital advertising (TDA) is immensely popular among marketing practitioners; investigating its effects is increasingly becoming a subject of academic research. Brands can push advertisements of the same product from different sources to consumers in a targeted manner; however, the differences in the impact on consumers of TDA with different content sources are surprisingly understudied. Therefore, this study analyzes the consumers' purchase intentions in the context of TDA with different content sources (stars vs. bloggers vs. top e-commerce streamers), and the perceived differences between consumers with different thinking styles. Through two experimental studies, this study finds that TDA with top e-commerce streamers' recommendation source can better improve consumers' purchase intentions more than TDA with a star endorsement and TDA with a blogger evaluation. For consumers who prefer the rational thinking style, TDA with a star endorsement and TDA with top e-commerce streamers recommendation can be better; For consumers who prefer the empirical thinking style, TDA recommended by bloggers and TDA with top e-commerce streamers recommendation can be better. Furthermore, this study finds that consumers' mental simulation and perceived usefulness can mediate the relationships described above, and that the two play a chain mediation role. The findings contribute to the precision marketing literature by enriching the understanding of the psychological mechanism underlying consumers' perceptions of and decision factors toward the TDA.",,WILEY,wos-recommendation,3,Thinking AI,"['purchase intentions', 'content sources', 'thinking styles', 'experimental studies', 'recommendation source', 'mental simulation', 'perceived usefulness']","The abstract discusses the effects of targeted digital advertising (TDA) on consumers' purchase intentions, focusing on different content sources and the psychological mechanisms that influence consumer perceptions. This aligns with the Thinking AI category, which emphasizes market analysis, targeting, and personalization. The study analyzes different types of endorsements and their effectiveness based on consumer thinking styles, which relates to strategic analysis and targeting in marketing.",0%,0%,100%,0%,0%
Emerging trends in online reviews research in hospitality and tourism: A scientometric update (2000-2020),"Zheng, X; Huang, JY; Wu, J; Sun, SL; Wang, SY",2023,10.1016/j.tmp.2023.101105,"Over the past two decades, the prevalence of online reviews on digital platforms has transformed customers' decision-making process. In the hospitality and tourism industry, hotel managers seek to understand customer satisfaction and preferences to better design managerial and marketing strategies. Hence, it is vital to have a comprehensive understanding of the field of online reviews in hospitality and tourism. This study gives a sys-tematic review of this domain using bibliometric analysis based on 565 articles indexed by the Web of Science Core Collection and published between 2000 and August 2020. The core authors, institutions, journals, and influential works were identified. Additionally, the conceptual evolution and thematic structure of the field were analyzed using keyword co-occurrence and article citation analysis. The thematic structure diagram was pre-sented to give a bird's-eye view of the structure of the whole field. Lastly, this study summarized the gaps in the existing literature and suggested future directions.",Online reviews; Hospitality and tourism; Knowledge mapping; Thematic structure; Network analysis; Bibliometrics,ELSEVIER,wos-recommendation,12,Thinking AI,"['online reviews', 'customer satisfaction', 'managerial strategies', 'marketing strategies', 'bibliometric analysis']","The abstract discusses the systematic review of online reviews and their impact on customer decision-making in the hospitality and tourism industry. It emphasizes understanding customer satisfaction and preferences to inform managerial and marketing strategies, which aligns with the focus on market analysis within the Thinking AI category. Additionally, the study analyzes the thematic structure and conceptual evolution of the field, indicating a deeper level of strategic analysis and insight into market dynamics.",10%,15%,75%,0%,0%
Paralysis by Inertia Like Habit in Social Networking Services: Tendency to Answer Loyalty Questions in Marketing Surveys,"Kato, T",2023,10.1177/21582440231174159,"Factors affecting survey quality, such as questionnaire length, screen design, incentives for respondents, and answering devices have been extensively researched before. This study introduces a new dimension to the factors of response bias' factors and focuses on the possibility that Like habits and motives in social networking services (SNS) may lower the psychological barrier to favorable reactions for brand loyalty (e.g., recommendation intention). Propensity score was applied to the results of Japanese smartphone users' online survey, and the effect of Like habits on response tendencies was verified. Results show that compared to the group that did not use SNS, there were no differences with those who used true Likes, and a group of inertia Like has a high score-becoming clear that the psychological barriers differ depending on Like motive. If the SNS usage status of survey respondents fluctuates, the results may be biased and mistakes could occur in decision-making.",Like button; motive; propensity score matching; recommendation; smartphone,SAGE PUBLICATIONS INC,wos-recommendation,0,Feeling AI,"['response bias', 'psychological barrier', 'brand loyalty', 'Like habits', 'emotional preferences']","The abstract discusses how Like habits and motives in social networking services (SNS) can influence psychological barriers to favorable reactions for brand loyalty, indicating an understanding of customer emotional needs and responses. This aligns with the focus of Feeling AI on customer understanding and emotional data.",70%,10%,20%,0%,0%
FACTORS INFLUENCING YOUNG CONSUMER TRUST IN ONLINE PURCHASE DECISION OF LUXURY PERFUME IN MALAYSIA: A PRELIMINARY QUALITATIVE STUDY,"Isamudin, NF; Islam, IB",2023,,"This qualitative study aims at investigating the factors influencing young consumer trust towards purchase decision of luxury perfume online. Data were collected through interviewing 5 consumers via real time online chatting method. Data were examined based on content analysis. A preliminary model was then developed as a basis to explain the relationship between the factors extracted, consumer trust and purchase decision. The findings of the study reveal crucial factors which influence consumer trust in purchasing luxury perfume online namely reputation of online sellers, peer customer reviews, recommendation from experts, proof of product authenticity and past experience. The study also incorporates in depth discussion regarding the criteria of reputable sellers. This study discloses meaningful consumer insights regarding motivation towards online shopping, the risks encountered and suggestions for making better purchase decisions. The findings provide invaluable insights for marketers especially those in the luxury perfume industry in Malaysia to devise effective marketing strategy for gaining consumer trust. This study contributes to implementing Sustainable Development Goals (SDG) item 12 emphasizing responsible consumption and production. Findings from this study provide guidelines for consumers in making purchase decisions and to avoid being scammed by online sellers; the findings benefit regulatory bodies in revising policies for protecting consumer rights in Malaysia.",Luxury consumer behavior; Online purchase decision; Consumer trust; Luxury perfumes; Malaysia,IIUM PRESS,wos-recommendation,0,Feeling AI,"['trust', 'consumer insights', 'motivation', 'emotional needs', 'recommendation', 'peer reviews']","The abstract discusses factors influencing young consumer trust in purchasing luxury perfumes online, emphasizing emotional aspects such as reputation, peer reviews, and expert recommendations. These elements contribute to understanding customer needs and desires, aligning closely with the focus of Feeling AI on customer understanding and relationalization. The findings aim to enhance consumer trust, which is inherently linked to emotional engagement and understanding.",70%,10%,20%,0%,0%
Consequences of personalized product recommendations and price promotions in online grocery shopping,"Hallikainen, H; Luongo, M; Dhir, A; Laukkanen, T",2022,10.1016/j.jretconser.2022.103088,"Shopping convenience can be turned into a competitive advantage for online grocery retailers. Consequently, we study how personalized product recommendations (recommendation agents) and price promotions (algorithmic pricing) compensate for the negative impact that consumer's perceived cognitive effort causes on loyalty. By default, the relationship from perceived cognitive efforts to attitudinal and behavioral loyalty is negative, yet these results demonstrate that personalized price promotions lessen the negative impact, while personalized product recommendations do not have such an influence. The findings contribute to a better understanding of personalized marketing activities in today's data-driven online grocery retailing.",Personalized recommendations and pricing; Online grocery retailing; Customer loyalty,ELSEVIER SCI LTD,wos-recommendation,34,Thinking AI,"['personalized product recommendations', 'price promotions', ""consumer's perceived cognitive effort"", 'loyalty', 'personalized marketing activities']","The abstract focuses on the impact of personalized marketing strategies, such as product recommendations and price promotions, on consumer loyalty in the context of online grocery retail. It analyzes how these strategies can mitigate the negative effects of perceived cognitive effort on loyalty, indicating a strategic analysis of market behavior and customer preferences, which aligns with the Thinking AI category.",0%,0%,100%,0%,0%
Bias-driven marketing that instigates pledging to a crowdfunding campaign: An experimental consideration of behavioral anomalies,"Panneerselvam, T; Arun, CJ",2022,10.1111/ijcs.12795,"Bias-driven marketing leverages the behavioral biases of investors for greater marketing gains. To transform cognitively biased individuals from antagonists into allies, the marketers need to decipher the critical crowdfunding attributes, which ultimately motivate behaviorally biased crowdfunders to invest in crowdfunding campaigns. Hence, this study seeks to investigate the influential factors concerning four behavioral biases that accelerate crowdfunding adoption. A conceptual model, parameterized using conjoint analysis, is developed and administered in an agent-based behavior model to effectively determine the influential crowdfunding attributes, which will induce the biased investors to adopt crowdfunding. The results revealed that status quo biased individuals adopted the crowdfunding campaign when launched by well-known and reputed fund raisers. Whereas, hyperbolic discounting bias accelerated the adoption when the campaign reached more than 75% of subscription and duration was lesser than 30 days. The results also indicated that framing bias enhanced the adoption when the risk inherent in the project is disclosed. Finally, the results also claimed that individuals liable to loss aversion bias expected a known funder, who posts frequent updates and preferred the All-or-Nothing crowdfunding model. The experimental results of the study provide insights to the marketers that crowdfunding campaigns can be successfully strategized through the exploration of underlying cognitive biases and the corresponding motivational cues that accentuate the pledging behavior of the funders. Given the importance of an effective marketing strategy in crowdfunding adoption, this study offers one such recommendation to the crowdfunding campaigners by demonstrating how bias driven marketing strategy enhances the adoption rate of the campaigns. With the strong pieces of evidence obtained from this study, it is anticipated that behavioral biases, drawn from the neuromarketing theory, will no longer be viewed as cognitive errors from the investor's perspective. Rather, it will be viewed as a boon from the marketer's perspective as the bias-based marketing strategies have the potential to achieve a fully subscribed crowdfunding campaign.",agent based behavior model; behavioral bias; bias driven marketing; crowdfunding adoption; modeling biased funders,WILEY,wos-recommendation,2,Feeling AI,"['behavioral biases', 'customer understanding', 'motivational cues', 'emotional needs', 'crowdfunding attributes']","The abstract discusses how understanding behavioral biases and emotional motivations can enhance crowdfunding campaign adoption. It emphasizes the importance of customer understanding and tailoring marketing strategies based on emotional and cognitive factors, which aligns with the objectives of Feeling AI. The study provides insights into how to resonate with customers by taking into account their emotional responses and biases.",70%,10%,20%,0%,0%
Virtual reality in retirement communities: Technology acceptance and tourist destination recommendation,"Sancho-Esper, F; Ostrovskaya, L; Rodriguez-Sanchez, C; Campayo-Sanchez, F",2023,10.1177/13567667221080567,"Despite the importance of analysing virtual reality (VR) technology acceptance by older adults and investigating the use of this technology as a marketing tool to enhance destination tourism word of mouth (WOM), no study seems to have addressed these issues. Thus, this study explores how the technology acceptance model (TAM) and anxiety regarding the use of VR after virtually visiting a tourist destination influence older adults' intention to reuse VR for tourism. Most importantly, this study examines whether this intention is related to WOM recommendations of a virtually visited tourist destination. Using a combination of quantitative (PLS) and qualitative (thematic analysis) methods, this study uses data gathered from older adults living in four continuing care retirement communities. VR glasses (Oculus Go Standalone) were used to virtually visit the Carnival of Venice. Results show that the TAM factors are key drivers of older adults' use of VR, which in turn influences tourist destination recommendations. Anxiety was found to reduce the VR device's perceived ease of use, but it was not found to be related to perceived usefulness. Implications for practitioners and possible directions for future research are discussed.",Virtual reality; technology acceptance; destination recommendation; older adults; mixed methods; partial least squares,SAGE PUBLICATIONS LTD,wos-recommendation,25,Feeling AI,"['anxiety', 'technology acceptance', 'customer understanding', 'intention to reuse', 'word of mouth']","The study explores how older adults' anxiety regarding the use of VR technology affects their acceptance and intention to reuse it for tourism. This relates closely to understanding customer emotional responses and needs, which aligns with the focus of Feeling AI. The examination of word of mouth recommendations further emphasizes the emotional and relational aspects of customer interactions with marketing. The abstract does not focus on data collection or automated processes that would align with Mechanical AI, nor does it delve into market analysis or targeting strategies typical of Thinking AI.",70%,0%,30%,0%,0%
Understanding consumer preference through fuzzy-based recommendation system&x2730;,"Mandal, M; Mohanty, BK; Dash, S",2021,10.1016/j.iimb.2021.03.015,"We introduce a new recommendation technique based on fuzzy concepts such as the 2-tuple fuzzy linguistic representation and the fuzzy market research system approach. The recommendation technique uses general consumer perception about product attributes of multiattributed products such as smartphones as input and gives consumers' sequential preference of the products as output. The recommendation technique explains the power of an attribute in predicting other attributes, especially in fuzzy and uncertain environments, through the conceptualisation of consumers' innate associations between the attributes. Our technique provides an understanding of consumer preference through the articulation of buyers' trade-offs amongst attributes of a product. (c) 2021 THE AUTHORS. Published by Elsevier Limited on behalf of Indian Institute of Management Bangalore. This is an open access article under the CC BY-NC-ND license (http:// creativecommons.org/licenses/by-nc-nd/4.0/)",Recommendation technique; Smartphones; Fuzzy concepts; Consumer perception; Predictive power of attributes; Buyers' trade-off,ELSEVIER,wos-recommendation,2,Feeling AI,"['consumer perception', 'product attributes', 'preference', 'trade-offs']","The abstract discusses a recommendation technique that focuses on understanding consumer preferences and trade-offs among product attributes, which aligns closely with the customer understanding and relationalization aspects of Feeling AI. It emphasizes the innate associations consumers have with product attributes, indicating a deeper emotional engagement with their preferences.",70%,10%,20%,0%,0%
"Effect of digital marketing strategies in the process of choosing wine-producing MIPyMEs in the Valle de Guadalupe, Mexico","Velázquez, OC; Higuera, KGR; León, JAG",2021,,"The purpose of the article is to evaluate the effect of digital marketing strategies on consumer decision-making to visit micro, small and medium-sized wine companies (MIPyMEs) in the Valle de Guadalupe. It was decided to use the quantitative method and implement the survey technique, thereby 273 questionnaires were applied to visitors who visited the Valle de Guadalupe, Ensenada. The information obtained was analyzed by applying the multiple linear regression technique. The findings made it possible to verify that the dimensions that affect the visitors' election process are: the digital marketing tools used by the company (HMDE) and the electronic recommendation (RE). This demonstrate that the implementation of effective strategies in social networks (RS) and in the web pages of wineries and vineyards, which encourages electronic recommendation, increases the probability of attracting a greater number of consumers and an influx of visitors to the wineries.",Digital marketing; social networks; wine tourism; destination choice,"UNIV AUTONOMA ESTADO MEXICO, FAC TURISMO GASTRONOMIA",wos-recommendation,0,Thinking AI,"['digital marketing strategies', 'consumer decision-making', 'multiple linear regression', 'digital marketing tools', 'electronic recommendation', 'social networks', 'web pages']","The abstract discusses the evaluation of digital marketing strategies and their impact on consumer decision-making, which aligns closely with the focus on market analysis and targeting in Thinking AI. The use of quantitative methods and regression analysis indicates a systematic approach to understanding market dynamics and consumer behavior, which is characteristic of Thinking AI.",0%,0%,100%,0%,0%
Demand effects of product similarity network in e-commerce platform,"Huang, HJ; Yang, J; Zheng, BR",2021,10.1007/s10660-019-09352-9,"With the increasing popularity of product assortments by recommender system, it becomes increasingly important for online platform and sellers to investigate their economic impact and manage the links of products. Different from the previous product network, this study constructs and investigates the role of similarity product network from similar products' recommender system by using data from Taobao.com. The characters of similarity product network exhibits influence on product demand. Mining of similar product's link reveals that the more a product is being linked, the greater of the demand, the impact of product's degree is different from type of products. In addition, the results show that the centralization of network has a negative impact on focal product's demand. This study also examines the spillover effect of similar products' reviews (UGC) as well as similar products' description (MGC), especially focuses on the semantic similarity. The results reveal that the semantic similarity of recommended product's reviews and products' description have negative spillover effect on demand. The more similar of recommended product's reviews and the product's description, the stronger the effect. Specifically, similarity of MGC exhibits a stronger impact than that of UGC on focal product's demand for search goods than for experience goods. The findings provide insights to marketing practitioners by helping understand the effects of similarity and link of product on the consumer's decision.",Product similarity network; Semantic similarity; User generated content; Market generated content; Spillover effect,SPRINGER,wos-recommendation,11,Thinking AI,"['recommender system', 'product demand', 'similarity product network', 'semantic similarity', 'spillover effect', 'consumer decision']","The abstract focuses on analyzing the economic impact of product assortments and the influence of product similarity on consumer demand. It uses data to understand how product links and similarities affect purchasing behavior, which aligns with market analysis and targeting strategies in the realm of thinking AI.",0%,0%,100%,0%,0%
You Can't Catch 'Em and Sell 'Em: Perceptions of Obstacles to Direct Marketing among Georgia Fishers,"Tookes, JS; Yandle, T",2021,,"Direct marketing of seafood is a promising avenue for seafood sales in the United States, utilizing local foods venues such as farmers markets and Community Supported Fisheries (CSFs). While interest in locally sourced seafood among local foods communities in Atlanta and Athens, Georgia is high, fishers from coastal Georgia have not filled this profitable niche. We investigate why this opportunity is not exploited by conducting qualitative interviews with twenty-one fishers. Fishers described numerous obstacles to direct marketing, focused on the simultaneous labor investment in on-shore and on the water efforts. In addition, fishers' concerns reveal the financial and social risks that fishers would undertake by attempting to sell seafood outside of their existing economic arrangements with docks. This relationship echoes the understudied patron-client relationships described in fisheries in Southeast Asia. We conclude with a recommendation for modifying direct marketing expectations to accommodate successful integration of seafood.",community supported fisheries; United States South Atlantic; seafood; direct marketing; patron-client relationships,SOC APPLIED ANTHROPOLOGY,wos-recommendation,1,Feeling AI,"['customer understanding', 'financial risks', 'social risks', 'concerns', 'community support']","The abstract emphasizes the challenges fishers face in direct marketing seafood, highlighting their concerns about financial and social risks, which reflects customer understanding and emotional engagement. The mention of community-supported fisheries indicates a relational aspect of marketing that aligns with the Feeling AI category, focusing on understanding and meeting customer emotional needs and wants. The nuance of personal and social relationships in the local foods community further supports this classification.",70%,10%,20%,0%,0%
"THEORETICAL ASPECTS OF RISK MANAGEMENT MODELS IN ECONOMICS, MARKETING, FINANCE AND ACCOUNTING","Kosova, T; Smerichevskyi, S; Ivashchenko, A; Radchenko, H",2021,,"The relevance of the study is determined by the objective need to model the processes and results of business entities in conditions of the internal and external environment uncertainty in order to identify and reduce risks. The aim of the research is to make systematization of the risk sources and its main types inherent in Economics, Marketing, Finance and Accounting, as well as to develop recommendations for the use of Risk Management Models. The source of information was the International Organization for Standardization Guidelines, International Financial Reporting Standards, Directives of the European Parliament and the Council, scientific articles. Research methods are: system approach, formalization, theory of risk and modeling, analysis and synthesis. The main scientific result is to generalize the principles, structure, processes, sources of risks, approaches to its modelling, monitoring, quantification, reflection in accounting and reporting. The content and purpose of Risk Management Models, requirements to the information base and methods of their construction, approaches to description, practical application and validation were formalized. Such Risk Management Models as: reflexive, simulation, scenario, Value-at-Risk (VAR), Expected Shortfall (ES), SWOT-analysis, gap-management were considered in details. Authors' contribution is mainly focused on the improvement of the modelling process based on the recommendation to apply an additional stage-model risk assessment, which will improve the quality of Risk Management Models and their further application. The practical significance of the obtained results is to increase the efficiency of economic, marketing, financial decision-making on the basis of Risk Management Models in conditions of uncertainty.",risk; management; model; economics; marketing; finance; accounting,BANKING UNIV,wos-recommendation,2,Thinking AI,"['risk management', 'market analysis', 'decision-making', 'modeling', 'uncertainty']","The abstract primarily discusses the modeling of risks in business processes and the development of Risk Management Models, which align with strategic analysis and market analysis. The focus on improving decision-making in marketing and finance under uncertainty indicates an emphasis on utilizing analytical frameworks to assess risks and optimize strategies, which fits the definition of Thinking AI.",0%,0%,100%,0%,0%
Personalized digital marketing recommender engine,"Behera, RK; Gunasekaran, A; Gupta, S; Kamboj, S; Bala, PK",2020,10.1016/j.jretconser.2019.03.026,"E-business leverages digital channels to scale its functions and services and operates by connecting and retaining customers using marketing initiatives. To increase the likelihood of a sale, the business must recommend additional items that the customers may be unaware of or may find appealing. Recommender Engine (RE) is considered to be the preferred solution in these cases for reasons that include delivering relevant items, hence improving cart value, and boosting customer engagement. The paper describes a model for delivering real-time, personalised marketing information concerning the recommended items for online and offline customers, using a blend of selling strategies: up-selling, cross-selling, best-in-class-selling, needs-satisfaction-selling and consultative-selling. The model further defines the e-marketplace by clustering items, customers and unique selling proposition (USP), and then gathering, storing, and processing transactional data, and displaying personalised marketing information to support the customer in their decision-making process, even when purchasing from large item spaces. An experimental study using a quantitative research methodology was conducted in a mid-size healthcare retailer, based out of India, to determine the tangible benefits. The model was tested with 100 online customers and, with the adoption of the proposed methodology, the results indicated growth in average monthly revenue (33.49%), Average Order Value (AOV) (32.79%) and Items per Order (IPO) (1.93%).",Personalized digital marketing; Recommender engine; Customer relationship management,ELSEVIER SCI LTD,wos-recommendation,75,Thinking AI,"['personalized marketing', 'recommender engine', 'customer engagement', 'up-selling', 'cross-selling', 'transactional data']","The abstract describes a model that utilizes a recommender engine to deliver personalized marketing information, which aligns closely with the focus on personalization and targeting in Thinking AI. The model aims to enhance customer engagement and improve sales metrics, indicating a strategic analysis of customer behavior and preferences. The experimental study also highlights the application of marketing analytics to achieve measurable growth, which further supports its classification under Thinking AI.",10%,20%,70%,0%,0%
"Whose Algorithm Says So: The Relationships Between Type of Firm, Perceptions of Trust and Expertise, and the Acceptance of Financial Robo-Advice","Lourenço, CJS; Dellaert, BGC; Donkers, B",2020,10.1016/j.intmar.2019.10.003,"Financial advisors seek to accurately measure individuals' risk preferences and provide sound personalized investment advice. Both advice tasks are increasingly offered through automated online technologies. Little is known, however, about what drives individuals' acceptance of such automated financial advice and, from a consumer point of view, which firms may be best positioned to provide such advice. We generate novel insights on these questions by conducting a real-world empirical study using an interactive automated online tool that employs an innovative computer algorithm to build pension investment profiles, the Pension Builder, and a large, representative sample. We focus on the role that two key firm characteristics have on consumer acceptance of pension investment advice generated by computer algorithms running on automated interactive online tools: profit orientation and role in the sales channel. We find that consumers' perceptions of trust and expertise of the firm providing the automated advice are important drivers of advice acceptance (besides a strong impact of the satisfaction with the consumer-online tool interaction), and that these constructs themselves are clearly influenced by the for-profit vs. not-for-profit orientation and the product provider vs. advisor only role in the sales channel of the firm providing the advice. We discuss the implications of our findings for marketers and policy makers and provide suggestions for future research. (C) 2019 Direct Marketing Educational Foundation, Inc. dba Marketing EDGE.",Advice acceptance; Financial advice; Robo-Advice; Algorithm advice; Firm type; Trust and expertise; Interactive decision aid; Pension Builder,SAGE PUBLICATIONS INC,wos-recommendation,41,Out of Scope,"['automated financial advice', 'trust', 'expertise', 'consumer acceptance', 'pension investment profiles']","The abstract discusses the acceptance of automated financial advice and the characteristics of firms providing such advice. It focuses on financial services and investment advice, which fall outside the marketing-related AI applications as defined in the categories. Therefore, it is classified as Out of Scope.",0%,0%,0%,100%,0%
Rational Consumer in the Context of Environmental Protection,"Drábik, P; Rehák, R; Vernerová, D; Kukura, M",2020,10.31577/ekoncas.2020.10.06,"In recent decades, there is an increase in new environmental problems in the world, which gradually grow from the local to the global level, and their short-term consequences are gradually becoming long-term complex threats to the environment and thus the quality of life of current and especially future generations. The main goal of the article was to review the behavior and attitudes of environmentally responsible consumers on the Slovak market and analyze the individual components of consumption and waste policy within the regions in the Slovak Republic in the context of environmental protection. Based on the cluster analysis and decision trees, we concluded that Slovak consumers rarely include eco-products in their consumption, mainly due to the high price or poor availability of these products. Through a cluster analysis, we analyzed the consumption and specificities of individual Slovak regions, while the recommendation is to create special different strategies focused on the regions of the Slovak Republic, based on waste reduction or the creation of waste recovery plants, which can create a favorable development in the circular economy of the Slovak Republic, and thus reduce the negative aspects of consumption affecting the environment and quality of life in the Slovak Republic.",environment; eco-product; marketing; sustainability; sustainable consumption,INST ECONOMICS RESEARCH SAS & INST FORECASTING CSPS SAS,wos-recommendation,6,Thinking AI,"['environmentally responsible consumers', 'market analysis', 'cluster analysis', 'waste reduction', 'circular economy', 'consumption patterns']","The abstract discusses the analysis of environmentally responsible consumer behavior in the Slovak market, using cluster analysis and decision trees to understand consumption patterns and attitudes. This aligns with the market analysis focus of Thinking AI, which is aimed at understanding competitors, consumer behavior, and market dynamics. The recommendation for strategies targeting waste reduction and improving availability of eco-products further supports the use of strategic analysis in marketing.",0%,0%,100%,0%,0%
IN-STORE PROMOTION AND CUSTOMER VALUE ON PRIVATE LABEL PRODUCT PURCHASE INTENTION,"Maharani, N; Helmi, A; Mulyana, A; Hasan, M",2020,10.21511/im.16(4).2020.09,"This study aims to determine the influence of in-store promotion in the form of price discount and price package on customer value and purchase intention. The research sample was 120 consumers purchasing the private label products in modern stores using a purposive sampling technique. The data were then analyzed using SEM PLS. The result revealed that all hypotheses were accepted and each variable studied showed a strong and significant influence on each other, especially in terms of its influence on the purchase intention. In-store promotion is a more influencing variable of purchase intention in private label products than customer value. The result also pointed out the three most dominant items forming in-store promotion, customer value, and purchase intention. Those items are the frequency of discount program, the products' quality, and the reference group that helps the company promoting private label products, usually friends' recommendation. These findings are expected to be used by decision-makers in retail businesses to formulate in-store promotional activities and create customer value following the target market to increase consumers' willingness to buy private label products.",price discount; price package; performance value; willingness to recommend; modern stores; Indonesia,LLC CPC BUSINESS PERSPECTIVES,wos-recommendation,1,Thinking AI,"['in-store promotion', 'purchase intention', 'customer value', 'price discount', 'price package']","The abstract focuses on the influence of in-store promotions on customer behavior, particularly how price discounts and package deals affect customer value and purchase intentions. This aligns with the Thinking AI category, which involves market analysis and understanding competitive advantages based on consumer behavior. The study's methodology and findings emphasize strategic insights for marketing decisions, fitting the market analysis focus.",0%,0%,100%,0%,0%
A graph-oriented model for hierarchical user interest in precision social marketing,"Zhu, ZG; Zhou, YH; Deng, XY; Wang, XH",2019,10.1016/j.elerap.2019.100845,"With the rapid development of social commerce, how to push and diffuse marketing messages in online social network (OSN) more effectively has increasingly become a significant issue, which can result in benefits for enterprises, users and platforms. A fundamental solution to this issue is how to accurately and comprehensively model user interest. To resolve such a significant and challenging task, our study constructed a user interest graph represented by a hierarchical tree structure that covers a wide range of topics, from coarse-grained to fine-grained three-level interest topics, such as food, entertainment and shopping, with a total of 167 nodes. In addition, considering that a user's interests are always changing over time, an exponential interest decay scheme is employed in this study. Finally, a series of experiments are conducted to evaluate the performance of the proposed model by comparing it with three benchmarks designed based on the proposed algorithm and two similar hierarchical user interest models. The experimental results demonstrate our model works well to predict user interests. This research will provide important basic technology and valuable decision support for precise and personalized social marketing practices.",Feature extraction; Precision social marketing; Semantic similarity; Social commerce; User interest graph,ELSEVIER,wos-recommendation,16,Thinking AI,"['user interest', 'social marketing', 'personalized', 'hierarchical tree structure', 'topic modeling']","The abstract discusses the development of a user interest graph to accurately model user interests over time for effective marketing in online social networks. This indicates a focus on market analysis and personalization of marketing messages, aligning closely with the 'Thinking AI' category, particularly in the aspects of market analysis and personalization. The ability to predict user interests directly ties into strategic decision-making for targeted marketing efforts.",0%,10%,90%,0%,0%
Ranking of choice cues for smartphones using the Best-Worst scaling method,"Pinto, L; Kaynak, E; Chow, CSF; Zhang, LDL",2019,10.1108/APJML-01-2018-0004,"Purpose The number of studies on the use of choice cues in the purchase decision of a smartphone does not appear to be extensive, given the size and rate of growth of the market. Surprisingly, it appears that no study of this type in the Chinese context has been undertaken. Therefore, the purpose of this paper is to fill the existing gap in the marketing literature in this area. Design/methodology/approach Best-Worst (BW) scaling method was used in the study. It is suggested that the method overcomes some of the biases commonly found in surveys where Likert-type scales are used, and it has superior discriminating power, because respondents are asked to rank the most and the least important factor from a group, and are thereby forced to make tradeoffs between factors. Findings Among the 13 choice cues, connectivity, price and memory capacity are found to be the most important, whereas recommendation from others, ease of handling and availability of apps are found to be the least important. Findings due to gender, income and age difference were also analyzed and discussed for orderly decision-making purpose",Smartphone; Chinese context; Best-Worst scaling method; Buying decision process; Product attributes; Ranking of importance,EMERALD GROUP PUBLISHING LTD,wos-recommendation,9,Thinking AI,"['purchase decision', 'choice cues', 'market analysis', 'gender differences', 'income differences', 'age differences']","The abstract discusses the factors influencing smartphone purchase decisions and employs a method (Best-Worst scaling) to analyze these factors in a structured way. The focus on identifying important choice cues and analyzing their impact based on demographic variables aligns with the market analysis and targeting aspects of Thinking AI, which emphasizes using analytics to derive insights about customer preferences and competitive advantages.",0%,0%,100%,0%,0%
A framework for configuring collaborative filtering-based recommendations derived from purchase data,"Geuens, S; Coussement, K; De Bock, KW",2018,10.1016/j.ejor.2017.07.005,"This study proposes a decision support framework to help e-commerce companies select the best collaborative filtering algorithms (CF) for generating recommendations on the basis of online binary purchase data. To create this framework, an experimental design applies several CF configurations, which are characterized by different data-reduction techniques, CF methods, and similarity measures, to binary purchase data sets with distinct input data characteristics, i.e., sparsity level, purchase distribution, and item-user ratio. The evaluations in terms of accuracy, diversity, computation time, and trade-offs among these metrics reveal that the best-performing algorithm in terms of accuracy remains consistent regardless of the input-data characteristics. However, for diversity and computation time, the best-performing model varies with the input characteristics. This framework allows e-commerce companies to decide on the optimal CF configuration as a function of their specific binary purchase data sets. They also gain insight into the impact of changes in the input data set on the preferred algorithm configuration. (C) 2017 Elsevier B.V. All rights reserved.",E-commerce; OR in marketing; Recommendation systems; Collaborative filtering; Binary purchase data,ELSEVIER,wos-recommendation,46,Mechanical AI,"['collaborative filtering', 'recommendations', 'data-reduction techniques', 'input data characteristics', 'binary purchase data']","The study focuses on creating a decision support framework for e-commerce companies to select optimal collaborative filtering algorithms based on specific characteristics of their binary purchase data. This aligns with the Mechanical AI category, which emphasizes data collection, segmentation, and standardization processes. The algorithms described facilitate the automation of the recommendation process based on customer data, enhancing the ability to meet customer preferences efficiently.",0%,80%,20%,0%,0%
Complaint or recommendation? The impact of customers' state and trait goal orientations on customer engagement behaviors,"Chen, XX; Yu, HY; Gentry, JW; Yu, F",2017,10.1002/cb.1629,"The importance of customer engagement behaviors (CEBs) has been widely acknowledged in marketing. CEB encompasses an interactive relationship with the engaged object. A customer's personality characteristics play an important role in the interactive process. So it is necessary to examine how customer's personality characteristics influence customer engagement behaviors. However, there has been relatively less empirical research examining the impact of a customer's personality characteristics on CEBs. Customer goal orientation (promotion orientation vs. prevention orientation) is one such important personality characteristic. This research examined how customer goal orientation influenced CEBs. We used a priming technique to examine the relationships between the customer's state goal orientation and the customer's recommendations and complaints in study 1. The results showed that customers with state promotion-focused goal orientations initiated more recommendations than the customers with state prevention-focused goal orientations. For complaints, the difference between these two groups was not significant. Study 2 investigated the impact of trait goal orientation on the customer's recommendations and complaints. The results showed that the trait promotion-focused goal orientation customers were more likely to initiate both recommendations and complaints behaviors than the trait prevention-focused goal orientation customers. The findings of the research demonstrate that customer goal orientation is an important influence on positive and negative CEBs, and state and trait goal orientations have different impacts on CEBs. This research helps companies aiming to improve their customers' CEBs by suggesting which type of customers (in terms of goal orientation) are more likely to engage. Copyright (C) 2016 John Wiley & Sons, Ltd.",,WILEY,wos-recommendation,18,Feeling AI,"['customer engagement behaviors', 'personality characteristics', 'goal orientation', 'recommendations', 'complaints', 'emotional needs']","The abstract focuses on understanding how customer personality characteristics, particularly goal orientation, influence customer engagement behaviors (CEBs) such as recommendations and complaints. This aligns closely with the Feeling AI category, which emphasizes customer understanding, emotional needs, and relationalization. The research aims to enhance customer engagement by understanding the emotional and psychological factors that drive customer interactions.",70%,10%,20%,0%,0%
From Consumer Decision to Market Share - Unanimity of Majority?,"Kowalska-Styczen, A; Sznajd-Weron, K",2016,10.18564/jasss.3156,"We use a general cellular automata model to study the consumer decision-making process. Within this general model we use three different rules governing word-of-mouth communication (w-o-m), one majority rule and two unanimity rules, and ask the question if differences between these three w-o-m rules, introduced on the microscopic level, will manifest on the macroscopic level. We show that in the model with the majority rule the neighborhood plays a significant role in terms of the market shares whereas movement (interpreted as seeking for information in other sources) is almost negligible. Exactly the opposite phenomena are observed for models in which unanimity, instead of majority, is needed to convince agents. We also introduce a modification of the unanimity rule, based on the Latane theory of the social influence, and show that on the macroscopic level this modification is indistinguishable from the simple unanimity rule. We conclude the paper with a recommendation which rules are more appropriate to model particular marketing phenomena.",Agent-based model; Word of mouth marketing; Cellular automata; Consumer behavior,J A S S S,wos-recommendation,12,Thinking AI,"['consumer decision-making', 'word-of-mouth communication', 'market shares', 'social influence', 'marketing phenomena']","The abstract discusses a model used to study consumer decision-making processes, specifically focusing on the effects of different word-of-mouth communication rules on market behavior. This aligns with market analysis and targeting, which are key focuses of Thinking AI. The mention of how different rules can influence market shares indicates an analytical approach to understanding competitive dynamics in marketing.",0%,0%,100%,0%,0%
Recommendation Influence: Differential Neural Responses of Consumers During Shopping Online,"Guo, F; Zhang, XF; Ding, Y; Wang, XS",2016,10.1037/npe0000051,"In diverse social environments, recommendations from others have the power to change consumer behavior. In this study, we explore the influence of recommendations made by others with whom consumers have different degrees of familiarity on the cognitive processes of online shopping using event-related potentials (ERPs). Sixteen healthy university subjects were recruited for 2 experiment tasks. These subjects viewed a stimulus sequence of pictures of certain products that contained either recommendations from individuals with whom they had low familiarity or no recommendation. Several days later, they viewed the other stimulus sequence of the same product pictures but this time with either recommendations from individuals with whom they had high familiarity or no recommendation. Electroencephalogram data were recorded during the experiment. Compared to having no recommendations, the results showed that the ERP components N2 and P3 evoked by recommendations were different: The recommendations from low-familiarity individuals induced the largest average amplitude of N2, and the recommendations from high-familiarity individuals induced the largest average amplitude of P3. The results suggest that N2 reflects the process of identifying the recommendation information, and P3 reflects consumers' propensity to purchase recommended products, or the cognitive process of selection based on value measurement. These findings indicate that recommendations may impact consumer responses and highlight the importance of careful consideration of social preferences in marketing.",recommendation; neural responses; event-related potentials; propensity; value measurement,EDUCATIONAL PUBLISHING FOUNDATION-AMERICAN PSYCHOLOGICAL ASSOC,wos-recommendation,23,Feeling AI,"['recommendations', 'consumer behavior', 'familiarity', 'cognitive processes', 'emotional preferences']","The abstract discusses how recommendations from individuals with varying degrees of familiarity influence consumer behavior and cognitive processes during online shopping. The focus on cognitive responses to recommendations, particularly in terms of emotional engagement and how consumers value these recommendations, aligns closely with the objectives of Feeling AI, which aims to understand and address emotional needs and preferences of customers.",80%,0%,20%,0%,0%
Consumer participation in online product recommendation services: augmenting the technology acceptance model,"Sheng, XJ; Zolfagharian, M",2014,10.1108/JSM-04-2013-0098,"Purpose - This paper aims to examine the complex role of consumer participation by empirically testing a theoretical model within the online context of consumer using product recommendation agents (RAs) that integrates consumer participation into the technology acceptance model (TAM). Recent research starts questioning whether consumer participation is a double-edged sword, although its positive effects have been widely documented in the services marketing literature. Design/methodology/approach - Data were collected from 243 respondents comprising both genders with varied age groups, education levels, household income and ethnicities. Participants interacted with an existing RA, searching product information for a simulated purchase involving either high or low financial risk. Confirmatory factor analysis (CFA) and Structural equations modeling (SEM) were used for assessing construct validity and testing hypotheses, respectively. Findings - Consumer participation was found to positively affect enjoyment but negatively affect perceived ease of use of an RA, which was exacerbated when the purchase was of high financial risk. Predictions based on TAM were all supported in this study. Research limitations/implications - This research evidenced consumer participation's dual-effect and identified financial risk as a moderator of consumer participation' negative effect. Future research could employ a different design such as using controlled lab settings and conducting longitudinal studies to replicate the study. Practical implications - Findings from this research provide guidance to RA design regarding the amount of consumer participation, consumer perceptions of RA use (ease of use, usefulness and enjoyment) and financial risk involved in the purchase. Originality/value - This research sheds new light on the role of consumer participation through uncovering its dual-effect, thus complementing the services marketing and RA literature.",Participation; Technology; Online; Recommendation,EMERALD GROUP PUBLISHING LTD,wos-recommendation,39,Feeling AI,"['consumer participation', 'enjoyment', 'perceived ease of use', 'financial risk', 'customer understanding']","The abstract examines consumer participation's effect on enjoyment and ease of use within the context of product recommendation agents (RAs). It highlights emotional aspects, such as enjoyment and the dual effect of participation, which aligns with the focus on customer understanding and relationalization in Feeling AI. Understanding how consumer emotions influence their interaction with RAs and their perceptions of ease and usefulness indicates a strong connection to the emotional data analysis typically associated with Feeling AI.",60%,10%,20%,0%,10%
Ads are watching me A view from the interplay between anthropomorphism and customisation,"Puzakova, M; Rocereto, JF; Kwak, H",2013,10.2501/IJA-32-4-513-538,"With the advancement of technological platforms, the use of recommendation agents that can provide highly customisable solutions has become more ubiquitous. Marketing academics and practitioners alike have begun to investigate various communication styles and functionality designs of such decision aid systems. One variant of a design of a recommendation agent is to imbue it with humanlike features (i.e. to anthropomorphise it). However, academic research is silent with respect to whether this type of design would lead to more favourable consumer evaluations. To fill this gap, our research investigates the downstream consequences of anthropomorphising a recommendation agent, when the recommendation itself may require the exchange of personally sensitive information, and the message is customised. The results of two experiments reveal that, when a message is customised, the effect of an anthropomorphised recommendation agent on attitude towards the advertisement is predominantly negative and is mediated by consumers' unwillingness to provide personal information to an anthropomorphic recommendation agent, as well as by greater psychological resistance towards the advertisement. Our research concludes with theoretical and practical implications, as well as further research directions.",,"ROUTLEDGE JOURNALS, TAYLOR & FRANCIS LTD",wos-recommendation,49,Feeling AI,"['anthropomorphise', 'consumer evaluations', 'attitude', 'personal information', 'psychological resistance']","The abstract discusses the impact of anthropomorphising recommendation agents on consumer attitudes, particularly in relation to their willingness to provide personal information and their psychological responses. This indicates a focus on understanding customer emotions and reactions, which aligns with the 'Feeling AI' category, particularly in the context of customer understanding and relationalization.",70%,10%,20%,0%,0%
The Impact of Online and Offline Information Sources on Automobile Choice Behavior,"Kulkarni, G; Ratchford, BT; Kannan, PK",2012,10.1016/j.intmar.2012.02.001,"The Internet has significantly impacted the information search behavior of consumers. Many consumers regularly consult Internet sources for information on product categories, brands, manufacturers, and retailers, particularly when making a purchase decision about major durable goods. Automobiles are one example of such goods. The Internet has become a major source for information on automobile brands, attributes, and dealers. While much research has been done on the impact of the Internet on automobile information search behavior and search costs, there is limited work on the relationship between Internet use and the ultimate automobile choice. This type of relationship may have interesting managerial implications for both manufacturers of automobiles and firms that provide information on automobiles. This paper attempts to address this gap. It examines whether Internet use is associated with different choice patterns for automobiles. Using discrete choice analysis on automobile choice data, we explore whether there will be differences in the salience of specific information types for online versus offline consumers. We find that Internet users rely more on ratings while non-Internet users rely more on recommendations when making automobile choices. Our findings have several useful managerial implications for information provision, both online and offline. (C) 2012 Direct Marketing Educational Foundation, Inc. Published by Elsevier Inc. All rights reserved.",Information search; Search channels; Choice behavior,ELSEVIER SCIENCE INC,wos-recommendation,34,Thinking AI,"['Internet use', 'automobile choice', 'information search behavior', 'ratings', 'recommendations']","The abstract discusses how Internet use affects consumer behavior when choosing automobiles, highlighting differences in reliance on information sources (ratings vs recommendations). This aligns with the Thinking AI category, focusing on market analysis and targeting based on consumer preferences and behaviors. The analysis of choice patterns and the implications for manufacturers and information providers further supports this classification.",10%,0%,90%,0%,0%
"Consumer participation in using online recommendation agents: effects on satisfaction, trust, and purchase intentions","Dabholkar, PA; Sheng, XJ",2012,10.1080/02642069.2011.624596,"Online product recommendation agents (RAs) are gaining greater strategic importance as a critical touch-point between marketers and consumers. Yet, the role of consumer participation in using RAs has not been examined. This study shows that greater consumer participation in using an RA leads to more satisfaction, greater trust, and higher purchase intentions, related to the RA and its recommendations. In contrast, the financial risk (associated with the product under consideration) reduces satisfaction, trust, and purchase intentions, and it also moderates the effect of consumer participation on these same variables. The findings extend the literature and suggest actionable implications for marketing strategy.",online recommendation agents; satisfaction; trust; online shopping,"ROUTLEDGE JOURNALS, TAYLOR & FRANCIS LTD",wos-recommendation,158,Feeling AI,"['consumer participation', 'satisfaction', 'trust', 'purchase intentions', 'financial risk']","The abstract discusses the importance of consumer participation in using online product recommendation agents (RAs) and how it affects satisfaction, trust, and purchase intentions. This aligns with the focus on customer understanding and relationalization found in Feeling AI, as it emphasizes understanding consumer emotions and meeting their needs through enhanced interaction with RAs. The mention of financial risk further highlights the emotional aspect of consumer decision-making. Although there are elements of strategic analysis, the core of the findings revolves around emotional engagement with the recommendations, making it primarily relevant to Feeling AI.",70%,10%,20%,0%,0%
A SURVEY OF THE COMPARISON SHOPPING AGENT-BASED DECISION SUPPORT SYSTEMS,"Pathak, B",2010,,"The web-based comparison shopping agents (CSAs) or shopbots have emerged as important business intermediaries that provide decision support to both the shoppers and the merchants. The basic idea is to provide an easy access to both the price and non-price based competitive features to shoppers. The CSAs do not have an equivalent counterpart in the offline world and they have generated a significant amount of interest among researchers in economics, marketing, and information systems fields. There have been numerous studies on the CSAs in the contexts of price dispersion, consumer behavior, search costs, and recommender systems. The focus of this paper is to study the contemporary literature about the CSAs to analyze them in the context of decision support systems (DSS). In order to provide comprehensive decision support, a typical DSS should have four components: data, models, interfaces, and user specific customization. In this paper, this four component framework is used to synthesize the current research work in the context of DSS and to explore contemporary CSAs. The paper provides suggestions for improving the decision support aspect of the CSAs and proposes a research agenda for the CSA-based decision support systems.",comparison shopping agents; CSA; shopbots; comparison shopping; decision support systems,CALIFORNIA STATE UNIV,wos-recommendation,14,Thinking AI,"['comparison shopping agents', 'decision support', 'consumer behavior', 'market analysis', 'recommendation systems']","The abstract discusses the role of comparison shopping agents (CSAs) as intermediaries that support decision-making for shoppers and merchants. It emphasizes the analysis of contemporary literature on CSAs within the framework of decision support systems (DSS), which aligns with market analysis and understanding competitive features. The focus on decision support and exploring consumer behavior indicates a strong link to strategic analysis and targeting, characteristics of Thinking AI.",0%,20%,80%,0%,0%
A possibilistic-valued multi-criteria decision-making support for marketing activities in e-commerce: Feedback Based Diagnosis System,"Denguir-Rekik, A; Montmain, J; Mauris, G",2009,10.1016/j.ejor.2007.11.020,"In this paper we propose a mufti-criteria decision making support system, called a Feedback Based Diagnosis System (FBDS), to aid the marketing team of an e-commerce (EC) organisation in its activities. The FBDS database is composed of customers' satisfaction measures. These measures are related to the different services an EC offers to its customers. Thus, they constitute a mufti-criteria (MC) evaluation of EC performances. In the general framework of recommender systems, these available MC evaluations are considered as useful information for other customers to help them to objectively, rationally and exhaustively assess and compare the numerous ECs among the ones likely to meet their needs. Our FBDS is not concerned with improving or automating such a recommendation process for customers. Indeed, it is merely EC management team oriented. In fact, the MC feedback database is used to diagnose the EC health and improve its strategy. In the proposed FBDS, a possibilistic framework is combined with the multi criteria representation to capture the variability and the divergence of customers' evaluations w.r.t. each criterion. Then, an aggregation based on a weighted arithmetic mean (WAM) is proposed to obtain a synthetic appraisal of ECs. The WAM aggregation models the strategy agreed on by the EC management team. Computing the synthesis score of an EC consists in propagating the uncertainty related to its partial scores through the WAM. The possibilistic representation guarantees that no information is lost in the collective evaluation process by the consumers' community. However, diagnosis indicators are finally proposed to the marketing team to make the interpretation of some possibilistic results more comprehensive when necessary. (C) 2007 Elsevier B.V. All rights reserved.",Decision making support system; Possibility theory; Knowledge-based recommender systems; Diagnosis indicators; E-commerce; Customers' satisfaction measures,ELSEVIER,wos-recommendation,35,Thinking AI,"['multi-criteria decision making', 'customer satisfaction', 'EC performance', 'diagnosis', 'strategy improvement', 'market analysis']","The abstract discusses a feedback-based diagnosis system aimed at supporting the marketing team of an e-commerce organization. It emphasizes the use of multi-criteria evaluations of customer satisfaction to assess and improve e-commerce performance, which aligns with market analysis and strategic decision-making. The focus is on analyzing customer feedback to enhance the organization's strategy rather than automating processes or emotional understanding.",0%,20%,80%,0%,0%
Personalization without Interrogation: Towards more Effective Interactions between Consumers and Feature-Based Recommendation Agents,"Murray, KB; Häubl, G",2009,10.1016/j.intmar.2009.02.009,"Software agents that provide consumers with personalized product recommendations based on individual-level feature-based preference models have been shown to facilitate better consumption choices while dramatically reducing the effort required to make these choices. This article examines why, despite their usefulness, such tools have not yet been widely adopted in the marketplace. We argue that the primary reason for this is that the usability of recommendation systems has been largely neglected - both in academic research and in practice - and we outline a roadmap for future research that might lead to recommendation agents that are more readily adopted by consumers. (C) 2009 Direct Marketing Educational Foundation, Inc. Published by Elsevier B.V All rights reserved.",,ELSEVIER SCIENCE INC,wos-recommendation,52,Thinking AI,"['personalized product recommendations', 'individual-level preference models', 'usability of recommendation systems']","The abstract discusses software agents that provide personalized product recommendations based on consumer preferences, which aligns with the personalization focus of Thinking AI. It highlights the need for better usability of these systems to enhance market adoption, indicating a strategic analysis of market needs and consumer behavior.",0%,0%,100%,0%,0%
Analysis of an industrial component commonality problem,"Jans, R; Degraeve, Z; Schepens, L",2008,10.1016/j.ejor.2007.01.008,"We discuss a case study of an industrial production-marketing coordination problem involving component commonality. For the product line considered, the strategic goal of the company is to move from the current low volume market to a high volume market. The marketing department believes that this can be achieved by substantially lowering the end products' prices. However, this requires a product redesign to lower production costs in order to maintain profit margins. The redesign decision involves grouping end products into families. All products within one family use the same version of some components. This paper fits in the stream of recent literature on component commonality where the focus has shifted from inventory cost savings to production and development cost savings. Further, we consider both costs and revenues, leading to a profit maximization approach. The price elasticity of demand determines the relationship between the price level and number of units sold. Consequently, we integrate information from different functional areas such as production, marketing and accounting. We formulate the problem as a net-present-value investment decision. We propose a mixed integer nonlinear optimization model to find the optimal commonality decision. The recommendation based on our analysis has been implemented in the company. In addition, the application allows us to experimentally validate some claims made in the literature and obtain managerial insights into the trade-offs. (c) 2007 Elsevier B.V. All rights reserved.",manufacturing; component commonality; application; case study; component sharing; assortment problem,ELSEVIER SCIENCE BV,wos-recommendation,24,Thinking AI,"['production-marketing coordination', 'profit maximization', 'price elasticity', 'cost savings', 'market analysis']","The abstract discusses a case study focused on the strategic analysis of production and marketing coordination, particularly regarding component commonality and its implications for pricing strategies and market volume. This aligns with the 'Thinking AI' category, which emphasizes market analysis and targeting in order to identify competitive advantages and optimize pricing based on demand elasticity.",0%,10%,90%,0%,0%
Recommendation systems with purchase data,"Bodapati, AV",2008,10.1509/jmkr.45.1.77,"Many firms use decision tools called automatic recommendation systems that attempt to analyze a customer's purchase history and identify products the customer may buy if the firm were to bring these products to the customer's attention. Much of the research in the literature today attempts to recommend products that have a high probability of purchase (conditional on the customer's history). However, the author posits that the recommendation decision should be based not on purchase probabilities but rather on the sensitivity of purchase probabilities to the recommendation action. This article attempts to model carefully the role of firms' recommendation actions in modifying customers' buying behaviors relative to what the customers would do without such a recommendation intervention. The author proposes a simple consumer behavior model that accommodates a transparent role for a firm's recommendation actions. The model is expressed in econometric terms so that it can be estimated with available data. The author studies these ideas using purchase data from a real e-commerce firm and compares the performance of the proposed main model with the performance of benchmark models. The author shows that the main model is better than benchmark models on key measures.",customer relationship management; one-to-one marketing; up-selling; cross-selling; automatic recommendation systems; Internet marketing; direct marketing; stochastic choice models; hierarchical Bayes models; dual latent class models,SAGE PUBLICATIONS INC,wos-recommendation,175,Thinking AI,"['recommendation systems', 'purchase history', 'customer behavior', 'econometric model', 'performance comparison']","The abstract discusses the development of a model for recommendation systems that focuses on how recommendation actions influence customer purchasing behavior rather than just the probability of purchase. This aligns closely with the category of Thinking AI, which involves market analysis and strategic targeting through the use of analytical models and metrics. The emphasis on modifying customer behavior through recommendations suggests a deeper analysis of market dynamics rather than just data collection or emotional understanding.",0%,0%,100%,0%,0%
Solving multiattribute design problems with analytic hierarchy process and conjoint analysis: An empirical comparison,"Scholl, A; Manthey, L; Helm, R; Steiner, M",2005,10.1016/j.ejor.2004.01.026,"We consider the multiattribute design problem (MADP) which contains a considerable number of alternatives, resulting from the combination of a limited number of discrete levels of several quantitative and/or qualitative attributes. In order to solve such problems, the preferences of individual decision makers have to be measured. Though a considerable number of methods is available from different research areas, only a subset is applicable to MADP. In this paper, we report on an empirical study which considered the problem of designing a university and involved more than 300 respondents. Because of this large-scale design, we performed a paper-and-pencil investigation and selected methods which could concisely be applied in such a setting: the analytic hierarchy process (AHP) and the conjoint analysis (CA). The results show that both methods give useful models of the respondents' preferences. However, inspecting the utility functions determined in detail reveals considerable discrepancies between them. Most of the measures used for comparison indicate AHP to be the better choice for the special decision situation considered. In order to get a more general recommendation, we categorize different types of MADP and discuss the applicability of AHP and CA. (C) 2004 Elsevier B.V. All rights reserved.",decision analysis; marketing; multiple criteria analysis; utility theory; preference measurement,ELSEVIER,wos-recommendation,108,Thinking AI,"['multiattribute design problem', 'preferences', 'analytic hierarchy process', 'conjoint analysis', ""respondents' preferences"", 'utility functions', 'market analysis']","The abstract discusses methods for measuring individual decision makers' preferences in the context of a multiattribute design problem, particularly focusing on the application of analytic hierarchy process (AHP) and conjoint analysis (CA). Both methods are used for market analysis to understand preferences and inform decision-making processes, aligning with the focus of Thinking AI on market analysis and targeting.",0%,0%,100%,0%,0%
Reactance to recommendations: When unsolicited advice yields contrary responses,"Fitzsimons, GJ; Lehmann, DR",2004,10.1287/mksc.1030.0033,"Recommendations often play a positive role in the decision process by reducing the difficulty associated with choosing between options. However, in certain circumstances recommendations play a less positive and more undesirable role from the perspectives of both the recommending agent or agency and the person receiving the recommendation. Across a series of four studies, we explore consumer response when recommendations by experts and intelligent agents contradict the consumer's initial impressions of choice options. We find that unsolicited advice that contradicts initial impressions leads to the activation of a reactant state on the part of the decision maker. This reactance, in turn, leads to a behavioral backlash that results not only in consumers ignoring the agents' recommendations but in intentionally contradicting them.",recommendations; intelligent agents; decision support systems; internet marketing,INFORMS,wos-recommendation,431,Feeling AI,"['recommendations', 'reactant state', 'consumer response', 'emotional needs']","The abstract discusses how consumers react negatively to unsolicited recommendations that contradict their initial impressions, indicating a focus on emotional responses and the psychological state of the decision maker. This aligns well with the Feeling AI category, which emphasizes understanding customer emotions and needs. The study explores consumer backlash and emotional reactance, making it relevant to the understanding of customer emotions and relational dynamics.",70%,0%,30%,0%,0%
Consumer decision making in online shopping environments:: The effects of interactive decision aids,"Häubl, G; Trifts, V",2000,10.1287/mksc.19.1.4.15178,"Despite the explosive growth of electronic commerce and the rapidly increasing number of consumers who use interactive media (such as the World Wide Web) for prepurchase information search and online shopping, very little is known about how consumers make purchase decisions in such settings. A unique characteristic of online shopping environments is that they allow vendors to create retail interfaces with highly interactive features. One desirable form of interactivity from a consumer perspective is the implementation of sophisticated tools to assist shoppers in their purchase decisions by customizing the electronic shopping environment to their individual preferences. The availability of such tools, which we refer to as interactive decision aims for consumers, may lead to a transformation of the way in which shoppers search for product information and make purchase decisions. The primary objective of this paper is to investigate the nature of the effects that interactive decision aids may have on consumer decision making in online shopping environments. While making purchase decisions, consumers are often unable to evaluate all available alternatives in great depth and, thus, tend to use two-stage processes to reach their decisions. At the first stage, consumers typically screen a large set of available products and identify a subset of the most promising alternatives. Subsequently, they evaluate the latter in more depth, perform relative comparisons across products on important attributes, and make a purchase decision. Given the different tasks to be performed in such a two-stage process, interactive tools that provide support to consumers in the following respects are particularly valuable: (1) the initial screening of available products to determine which ones are worth considering further, and (2) the in-depth comparison of selected products before making the actual purchase decision. This paper examines the effects of two decision aids, each designed to assist consumers in performing one of the above tasks, on purchase decision making in an online store. The first interactive tool, a recommendation agent (RA), allows consumers to more efficiently screen the (potentially very large) set of alternatives available in an online shopping environment. Based on self-explicated information about a consumer's own utility function (attribute importance weights and minimum acceptable attribute levels), the RA generates a personalized list of recommended alternatives. The second decision aid, a comparison matrix (CM), is designed to help consumers make in-depth comparisons among selected alternatives. The CM allows consumers to organize attribute information about multiple products in an alternatives x attributes matrix and to have alternatives sorted by any attribute. Based on theoretical and empirical work in marketing, judgment and decision making, psychology, and decision support systems, we develop a set of hypotheses pertaining to the effects of these two decision aids on various aspects of consumer decision making In particular, rye focus on how use of the RA and CM affects consumers' search for product information, the size and quality of their consideration sets, and the quality of their purchase decisions in an online shopping environment. A controlled experiment using a simulated online store was conducted to test the hypotheses. The results indicate that both interactive decision aids have a substantial impact on consumer decision making. As predicted, use of the RA reduces consumers' search effort for product information, decreases the size but increases the quality of their consideration sets, and improves the quality of their purchase decisions. Use of the CM also leads to a decrease in the size but an increase in the quality of consumers' consideration sets, and has a favorable effect on some indicators of decision quality. In sum, our findings suggest that interactive tools designed to assist consumers in the initial screening of available alternatives and to facilitate in-depth comparisons among selected alternatives in an online shopping environment may have strong favorable effects on both the quality RA the efficiency of purchase decisions-shoppers can make much better decisions while expending substantially less effort, This suggests that interactive decision aids have the potential to drastically transform the way in which consumers search for product information and make purchase decisions.",,INST OPERATIONS RESEARCH MANAGEMENT SCIENCES,wos-recommendation,1015,Thinking AI,"['interactive decision aids', 'consumer decision making', 'recommendation agent', 'comparison matrix', 'purchase decisions', 'search effort', 'consideration sets', 'product information']","The abstract discusses the impact of interactive decision aids on consumer decision making in online shopping environments. It highlights how these tools assist in market analysis by improving the efficiency and quality of purchase decisions. The focus on understanding consumer behavior and optimizing decision processes aligns well with the definition of Thinking AI, which involves market analysis, targeting, and personalization. The use of decision aids like recommendation agents and comparison matrices is indicative of strategic analysis aimed at enhancing consumer experience and decision quality.",0%,0%,100%,0%,0%
TOWARD FARM-BASED POLICY ANALYSIS - CONCEPTS APPLIED IN HAITI,"MARTINEZ, JC; SAIN, G; YATES, M",1991,10.1016/0169-5150(91)90045-M,"Many policies - on the delivery of inputs or on marketing systems, credit, or extension-influence the potential utilization of new technologies. Through 'farm-based policy analysis' it is possible to use data generated in on-farm research (OFR) to identify policy constraints to the use of new technologies, and to effectively communicate that information to policy makers. This paper describes a tentative framework for farm-based policy analysis and suggests a sequence of five steps for the analysis: (1) identify the policy-induced constraints; (2) determine the rationale behind the policy; (3) identify the decision makers to whom the results should be communicated; (4) identify solutions or policy options; and (5) communicate results to decision makers. A case of farm-based policy analysis from Haiti illustrates the concepts and methods described in the first part of the paper. On-farm experiments in Les Cayes, Haiti, confirmed a response to nitrogen in maize, but adoption of the recommended practice and consequent gains in productivity and income were constrained by the scarcity of urea in the local market. An analysis of local supply and potential local demand for urea and the potential benefits of urea application was conducted, and results communicated to two target groups of decision makers: representatives of the Ministry of Agriculture responsible for fertilizer distribution policy, and representatives of private fertilizer enterprises. These groups responded by making larger supplies of urea available to local farmers. Adoption of the fertilizer recommendation and urea sales increased. The case demonstrates the potential value of farm-based policy analysis building upon data from OFR.",,ELSEVIER SCIENCE BV,wos-recommendation,9,Thinking AI,"['policy analysis', 'market constraints', 'decision makers', 'communication', 'adoption', 'productivity', 'fertilizer distribution']","The abstract discusses a framework for analyzing policies that impact the utilization of new technologies in agriculture. It emphasizes market analysis by identifying constraints and determining the rationale behind policies affecting technology adoption. The process involves communicating findings to decision makers, which aligns with the market analysis and targeting focus of Thinking AI.",0%,0%,100%,0%,0%
Designing marketing content for social commerce to drive consumer purchase behaviors: A perspective from speech act theory,"Wang, F; Xu, HF; Hou, RL; Zhu, Z",2023,10.1016/j.jretconser.2022.103156,"With the emergence of content-driven social commerce, designing marketing content that better stimulates consumer purchase behaviors has become increasingly essential. However, it remains unclear what and how linguistic features of marketing content in emerging social commerce influence consumer purchase behaviors. Drawing on speech act theory, this paper proposes a multi-level research model to conceptualize the linguistic features of content from the aspects of word usage (micro level), within-content argument development (macro level), and between-content linguistic mimicry (meta level), and investigate their impact on consumer purchase behaviors. With a unique dataset that includes 44,256 textual posts from JD WeChat shopping circle (a content -driven social commerce platform), this paper combines text mining methods with a series of regression analyses to test the research model. The empirical analyses find that the number of customers who make a purchase increases 1) at the micro-level due to self-referencing and detailing, 2) at the macro-level due to argument structuring, and 3) at the meta-level due to linguistic style matching, while linguistic content matching nega-tively affects the number of customers. These findings reveal how content creators strategically use language to design marketing content that encourages consumer purchase behaviors in emerging social commerce. This study has important theoretical contributions and practical implications.",Social commerce; Consumer purchase behavior; Content marketing; Speech act theory,ELSEVIER SCI LTD,wos-text mining,19,Feeling AI,"['consumer purchase behaviors', 'linguistic features', 'emerging social commerce', 'content creators', 'language', 'emotional needs']","The abstract discusses how linguistic features of marketing content influence consumer purchase behaviors, which aligns with understanding customer emotional needs and wants. The focus on strategic use of language to encourage purchases suggests an emphasis on relationalization, resonating with customer emotions and preferences. This indicates a strong connection to the Feeling AI category.",70%,10%,20%,0%,0%
Mapping organic packaging research: Environmental concern and health safety,"Bliumska-Danko, K; Charreire-Petit, S; Qu, DX; Shevchenko, T",2022,10.21511/ee.13(1).2022.13,"The adoption of biopolymer packaging materials to replace petroleum-based plastic packaging has become a global trend, which could reduce environmental impact and potential health threats. Therefore, the paper analyzes trends in organic packaging research and the prospects of its application. This study employs bibliometric methods to select relevant studies using a preset search string. The dynamics of publications, the most influential authors and articles, as well as the most productive institutions and countries on the topic for 2017-2022 were determined. To collect the data, Elsevier's database Scopus was selected. The analysis revealed five salient research themes through text mining analysis: packaging and public health; packaging and children's health safety; eco-friendly packaging and consumer behavior; food packaging and labeling; and packaging with a focus on marketing and advertising. 864 terms from 40 articles were analyzed. As a result, most selected publications focused on the impact of packaging on the environment. In addition, some publications consider it from the perspective of consumer safety. Moreover, consumers unconsciously associate organic packaging with products' safety and quality. However, the marketing and advertising of organic packaging are insufficient, as well as the application of organic packaging in children's food products.",biodegradable material; eco-labeling; food packaging; marketing activities; public health,LLC CPC BUSINESS PERSPECTIVES,wos-text mining,0,Thinking AI,"['organic packaging', 'consumer behavior', 'marketing', 'advertising', 'public health', ""children's health safety""]","The abstract discusses the analysis of research trends in organic packaging and its implications for marketing and consumer behavior. It highlights the impact of packaging on the environment and consumer safety, which aligns with the strategic analysis focus of Thinking AI. The mention of insufficient marketing and advertising indicates a need for targeted strategies, further supporting the classification under Thinking AI.",10%,5%,85%,0%,0%
"The Meta-Analysis of Neuro-Marketing Studies: Past, Present and Future","Shahriari, M; Feiz, D; Zarei, A; Kashi, E",2020,10.1007/s12152-019-09400-z,"One of the new topics that has attracted the attention of researchers in recent years is neuro-marketing. The purpose of the present study is to achieve an insight into the progress of studies on neuro-marketing through review of scientific articles in this field with methodology text-mining. A total of 394 articles were selected between 2005 and 2017 using the search for neuro-marketing in valid databases. By reviewing the title, abstract, and keywords at various stages of screening, the researchers selected 311 articles related to the neuro-marketing topic in order to carry out the text mining process. Then, pre-processing of data was performed and using cluster analysis, 6 optimal clusters were obtained according to Davis Bouldin index. Using the multi-attribute decision-making technique (SAW), the most important roots were ranked in each cluster. The results showed that interest in research on neuro-marketing has increased in recent years and clusters created around topics such as marketing strategies, advertising and video ads, ethical issues, advertising message components, neuroscience in marketing, economics and consumer behavior, and decision making and brand selection. The study shows that the researchers' attention is moving from the concepts and principles of the use of neuroscience in marketing, economics and consumer behavior to design and develop marketing strategies using neuroscience.",Neuro-marketing; Meta; analysis; Text mining; Clustering,SPRINGER,wos-text mining,12,Feeling AI,"['neuro-marketing', 'consumer behavior', 'marketing strategies', 'advertising', 'ethical issues', 'decision making', 'brand selection']","The abstract discusses the insights into neuro-marketing, focusing on consumer behavior and the emotional aspects of marketing strategies. It emphasizes understanding customer needs and how neuroscience can influence decision-making and brand selection, which aligns closely with the 'Feeling AI' category that focuses on customer understanding and relationalization.",60%,20%,20%,0%,0%
