Title,Authors,Year,DOI,Abstract,Keywords,Publisher,Source,Cited,classification,keywords,rationale,Feeling AI,Mechanical AI,Thinking AI,Out of Scope,Not Identified
Exploring Customer Segmentation in E-Commerce using RFM Analysis with Clustering Techniques,Wong C.-G.; Tong G.-K.; Haw S.-C.,2024,10.18080/jtde.v12n3.978,"The proliferation of big data and the growth of e-commerce have intensified the challenges associated with extracting actionable data for personalised recommendations and decision-making. With data-driven marketing strategies, understanding and predicting customer behaviour has become paramount for maintaining competitive advantage. This study leverages business analytics tools, focusing on Recency, Frequency, and Monetary (RFM) Analysis, alongside K-Means and Hierarchical (Agglomerative) Clustering algorithms, to segment customer transactional data. Data normalisation, a critical step for accurate clustering, was performed using log transformation and the Power Transformer technique with the Yeo-Johnson parameter, the latter proving more effective for handling both positively and negatively skewed data, enhancing data normalisation and suitability for analysis. This study reveals that RFM Analysis with Hierarchical Clustering outperforms K-Means Clustering, achieving a Silhouette Score of 0.47 and a Calinski–Harabasz Index of 3787.1, indicating a more accurate identification of customer segments. RFM Analysis alone generated eight clusters, while integrating RFM Analysis with both Hierarchical Clustering and K-Means generated three similar-sized clusters with interchanged labels. These metrics highlight the proficiency of Hierarchical Clustering in identifying unique customer segments and customising marketing strategies. The findings indicate that the RFM-Hierarchical Clustering approach enhances segmentation precision and facilitates more refined and effective marketing strategies. © 2024 Telecommunications Association Inc.. All rights reserved.",Clustering Analysis; customer segmentation; Hierarchical Clustering; K-Means Clustering; RFM Analysis,Telecommunications Association Inc.,scopus-big data,1,Thinking AI,"['customer behaviour', 'personalised recommendations', 'RFM Analysis', 'Clustering', 'segmentation', 'marketing strategies']","The abstract discusses the use of data-driven marketing strategies to understand and predict customer behaviour, which aligns with the focus on market analysis and targeting in Thinking AI. It emphasizes the importance of segmenting customer data using advanced analytics tools like RFM Analysis and clustering algorithms to enhance marketing strategies, reflecting strategic analysis and personalization efforts. The findings regarding clustering effectiveness and customer segmentation further support this classification.",0%,0%,100%,0%,0%
"The impact of digital marketing, social media, and digital transformation on the development of digital leadership abilities and the enhancement of employee performance: A case study of the Amman Stock Exchange",Hanandeh A.; Haddad E.; Najdawi S.; Kilani Q.,2024,10.5267/j.ijdns.2024.1.021,"This study seeks to analyze the impact of digital marketing, social media, and digital transformation on the development of digital leadership abilities and the resulting enhancement of employee performance. The research examines the complex connections between digital elements and their influence on organizational dynamics, using a case study done at the Amman Stock Exchange as a basis for analysis. The inquiry explores the impact of digital marketing strategies on leadership skills, the use of social media platforms to promote digital leadership, and the transforming influence of digital initiatives on employee performance. In addition, the study evaluates the interaction of these characteristics and their combined impact on organizational success. Evidence suggests that digital methods have a complex and wide-ranging effect on leadership and performance, including factors such as adaptation, communication, and strategic decision-making. The study highlights the capacity of companies, specifically within the framework of the Amman Stock Exchange, to utilize digital tools for the purpose of developing leadership skills and improving performance. The findings obtained from this study provide important insights for enhancing digital ecosystems in comparable organizational contexts, highlighting the importance of a thorough comprehension and strategic integration of digital components in order to attain long-lasting success. © 2024 by the authors; licensee Growing Science, Canada.",Big Data; Intercultural Communication; Leadership; Smart Technologies; Social Media,Growing Science,scopus-big data,3,Out of Scope,"['digital marketing', 'social media', 'digital transformation', 'leadership', 'employee performance', 'organizational success']","The abstract primarily focuses on the impact of digital marketing and social media on leadership skills and employee performance in the context of an organizational setting, specifically the Amman Stock Exchange. Although it discusses elements that intersect with marketing, the emphasis is on organizational dynamics and leadership rather than on direct marketing applications. Therefore, it falls outside the defined marketing-related categories.",0%,0%,0%,100%,0%
What people talk about online and what they intend to do: related perspectives from text mining and path analysis,Chang S.-Y.; Bodolica V.; Hsu H.-H.; Lu H.-P.,2023,10.1007/s40821-022-00221-4,"Nowadays, it remains unclear whether the accumulation of Internet buzz can accurately predict customer preferences and buying intentions. We study two related perspectives with regard to what people talk about online and what they intend to do in the adoption phase to offer advice to companies aiming to excel in online marketing efforts. Drawing on the consumption value theory, we examine buyers’ discussions about and intention to use wearable devices for a sample of consumers in Taiwan. A framework is advanced to explore the results of big data analysis employing text-mining techniques (i.e., what people talk about) and survey-based research using structural equation modelling (i.e., what people intend to do). Functional, emotional and conditional values surfaced as the highest Internet buzzes of wearable devices. Conversely, emotional, epistemic and functional values emerged as the most influential drivers of customers’ adoption intention. Our findings suggest that different value dimensions are relevant at different points of the purchase-related decision-making process. Some values animate Internet discussions that pertain to the pre-purchase information search stage, and others appear significant during the formation of people’s purchase intentions. We discuss the theoretical and practical implications of our study and provide suggestions for future research. © 2022, The Author(s) under exclusive licence to Eurasia Business and Economics Society.",Big data; Consumption value theory; Electronic word-of-mouth; Online consumer behavior; Text mining; Wearable devices,Springer Science and Business Media Deutschland GmbH,scopus-big data,3,Feeling AI,"['emotional values', 'customer preferences', 'adoption intention', 'customer needs', 'discussion', 'purchase intention']","The abstract focuses on understanding customer preferences and buying intentions through emotional, functional, and epistemic values. It highlights the significance of emotional values in discussions about wearable devices and their influence on adoption intentions. This aligns closely with the 'Feeling AI' category, which emphasizes customer understanding and relationalization based on emotional data. The study aims to uncover how different value dimensions resonate with customers at various stages of the decision-making process, which is a key aspect of Feeling AI.",70%,10%,20%,0%,0%
Clustering Social Media Data for Marketing Strategies,Chebil M.; Jallouli R.; Tobji M.A.B.,2024,10.18080/jtde.v12n1.889,"With the rise of social media platforms for marketing purposes, the central dilemma for researchers and policymakers lies in choosing effective data analysis tools to improve marketing decisions. In the academic literature, numerous articles have discussed clustering techniques for analysing social media data, from a perspective of data mining or social media marketing. However, few studies have attempted to synthesise results obtained from both perspectives. This research aims to (1) offer a structured overview of existing literature on clustering methods for marketing strategies and (2) compare three topic modelling techniques applied to extract the main topics evoked in the corpus of papers. Indeed, topic modelling emerges as a valuable tool for extracting relevant information from big data in general and more specifically from extensive scientific papers. Based on a thematic analysis, the extracted topics were classified according to the following categories: fields, marketing strategies and technologies. Results prove that latent Dirichlet allocation (LDA) is the most effective technique in this context. Furthermore, this study provides an overview of clustering techniques and technologies used for marketing strategies in studied fields. These findings help researchers and practitioners to select the best techniques and technologies for extracting marketing knowledge from big data. © 2024 Telecommunications Association Inc.. All rights reserved.",clustering; marketing strategies; social media data analytics; technology; topic modelling,Telecommunications Association Inc.,scopus-big data,3,Thinking AI,"['data analysis', 'clustering techniques', 'marketing strategies', 'topic modelling', 'latent Dirichlet allocation', 'big data']","The abstract discusses the use of clustering and topic modelling techniques to analyze social media data for improving marketing decisions. This aligns with the focus on market analysis and targeting within the Thinking AI category, as it emphasizes the extraction of relevant marketing knowledge from extensive data sets, which is crucial for identifying competitive advantages and optimizing marketing strategies.",0%,0%,100%,0%,0%
Developing banking intelligence in emerging markets: Systematic review and agenda,R A.; Kuanr A.; KR S.,2021,10.1016/j.jjimei.2021.100026,"The current banking industry is heavily dependent on technological artifacts supported by intelligent systems for performance on operational and marketing parameters. However, the attributes for enabling practice between such technological interfaces with managerial adoption are been lagging creating a knowledge gap. To address this, present research surveys the prior work from 1970 to 2020 on intelligent decision support models specific to banking. Subsequently, findings are synthesized on quadrant outcomes; technology; employees, customers, and organizations for service ecosystems. In addition, the managerial perceptions of technology on work are captured through short survey. Finally, scope of advancements like big data, internet of things (IoT), virtual reality (VR) along other untapped conceptual relationships into this framework are discussed. © 2021 The Authors",Banking; Bibliometrics; Decision support systems; Emerging markets; Systematic review,Elsevier Ltd,scopus-big data,57,Out of Scope,"['banking', 'intelligent systems', 'decision support models', 'big data', 'IoT', 'virtual reality']","The abstract discusses the role of intelligent systems and technological advancements in the banking industry, focusing primarily on operational and marketing parameters within financial services. However, it does not specifically address AI applications related to marketing strategies or customer engagement in the contexts defined by the categories, such as emotional understanding, market analysis, or customer segmentation. Thus, it falls under the 'Out of Scope' category, as it relates more to technological implementation in banking rather than marketing.",0%,0%,0%,100%,0%
Spreading expertise: think tanks as digital advocators in the social media era,Zhao J.; Zhu X.,2023,10.1093/polsoc/puad025,"Think tanks and their roles in rendering expertise in policy advice have been the subject of historical and ongoing research in policy sciences. However, the widening trend of digital behaviors of think tanks in the social media era is yet to be investigated. While social media is reshaping the political ecology and challenging conventional sources of knowledge, it also serves as a potential channel for think tanks to publicly share their expertise and policy advice with the public and decision-makers, thus evolving into “digital advocators.” Based on social media big data methods, this paper has constructed two sets of new think tank indicators with “network centrality” of social media accounts and “ripple effect” of social media citations from Facebook and Twitter to capture and observe the digital activities of 207 prominent think tanks in 62 countries or regions. We have concluded that think tanks have displayed their opinion and values and increased visibility as digital advocators by spreading expertise on social media platforms with online marketing skills. With various values and ideas, social media not only is hosting massive policy advocacy activities and being an expertise spreading arena for think tanks but has also been changing the ecology of the think tank industry and expertise markets. © The Author(s) 2023. Published by Oxford University Press.",digital advocators; expertise; social media; think tanks,Oxford University Press,scopus-big data,4,Thinking AI,"['digital behaviors', 'policy advice', 'social media', 'expertise', 'network centrality', 'ripple effect', 'visibility', 'marketing skills']","The abstract discusses how think tanks are utilizing social media to enhance their visibility and share expertise, indicating a strategic analysis of market dynamics. It highlights the use of big data methods and the impact of social media on policy advocacy, suggesting an analytical approach to identifying trends and competitive advantages within the think tank industry. The focus on spreading expertise and the evolution of think tanks into 'digital advocators' aligns with market analysis and targeting aspects of Thinking AI.",0%,0%,100%,0%,0%
Big data-assisted social media analytics for business model for business decision making system competitive analysis,Zhang H.; Zang Z.; Zhu H.; Uddin M.I.; Amin M.A.,2022,10.1016/j.ipm.2021.102762,"Business is based on manufacturing, purchasing, selling a product, and earning or making profits. Social media analytics collect and analyze data from various social networks such as Facebook, Instagram, and Twitter. Social media data analysis can help companies identify consumer desires and preferences, improve customer service and market analytics on social networks, and smarter product development and marketing investments. The business decision-making process is a step-by-step process that enables employees to resolve challenges by weighing evidence, evaluating possible solutions, and selecting a route. In this paper, Big Data-assisted Social Media Analytics for Business (BD-SMAB) Model increases awareness and affects decision-makers in marketing strategies. Companies can use big data analytics in many ways to enhance management. It can evaluate its competitors in real-time and change prices, make deals better than its competitors' sales, analyze competitors' unfavorable feedback and see if they can outperform that competitor. The proposed method examines social media analysis impacts on different areas such as real estate, organizations, and beauty trade fairs. This diversity of these companies shows the effects of social media and how positive decisions can be developed. Take better marketing decisions and develop a strategic approach. As a result, the BD-SMAB method enhance customer satisfaction and experience and develop brand awareness. © 2021",Big data; Companies; Customer; Data analysis; Decision-making; Social media,Elsevier Ltd,scopus-big data,89,Thinking AI,"['social media analytics', 'consumer desires', 'market analytics', 'decision-making', 'real-time evaluation', 'competitors', 'marketing strategies', 'customer satisfaction', 'brand awareness']","The abstract discusses how social media analytics and big data can enhance decision-making processes in marketing, focusing on market analysis, competitor evaluation, and strategic marketing decisions. These aspects align well with the Thinking AI category, which emphasizes market analysis and targeting. The mention of improving customer service and making smarter marketing investments further supports this classification.",10%,15%,70%,0%,5%
Social network data as a tool for engineering consumer behavior analysis,Perevozova I.; Piasta A.; Dedelyuk O.; Babala A.; Chaikovskyi A.,2024,10.21533/pen.v12i2.4069.g1383,"Social networks can be used to carefully study how people act, focusing on how they can be used to understand and change people's decisions. A mixed-method approach is used for the study, which blends qualitative results from theories of customer behavior with quantitative analysis of Phoenix-area Yelp data. Many people visit the same place more often when they have friends who use sites like Yelp. It's 64% more likely for friends to go to the same place than for people who aren't friends. Studies of demographics show that females and younger people have lower levels of social power than older people and men. To deal with endogeneity and split the different groups of customers in the study, dyadic fixed effects models are used. These changes to the way studies are done help us get a better sense of how social impact works and make the results more reliable. What happened to marketing plans shows how important it is to focus on certain groups and share social ideas through high scores. There is also discussion about moral problems that come up with keeping data safe and being open. In general, this study helps us learn more about how to use social networks to study how people behave and shape modern marketing tactics. © This work is licensed under a Creative Commons Attribution License (https://creativecommons.org/licenses/by/4.0/) that allows others to share and adapt the material for any purpose (even commercially), in any medium with an acknowledgement of the work's authorship and initial publication in this journal.",Big Data Analytics; Consumer Behavior Analysis; Data Mining; Machine Learning; Marketing Strategy Innovations; Quantitative Data Analysis; Social Media Influence; User Activity Metrics,International University of Sarajevo,scopus-big data,0,Feeling AI,"['social networks', 'customer behavior', 'friends', 'moral problems', 'data safety', 'social ideas', 'customer needs']","The abstract discusses how social networks can be utilized to understand and influence people's decisions, emphasizing the importance of social connections in customer behavior. It mentions demographic differences in social power, highlighting an understanding of emotional and social dynamics among different groups. The study aims to explore how social impact works, which aligns well with the focus on customer understanding and relationalization found in Feeling AI. The mention of moral problems about data safety also indicates a sensitivity to customer emotional needs. Thus, the abstract fits best within the Feeling AI category.",70%,10%,20%,0%,0%
Xarasoft (Pvt) Ltd – vision 2027 to implement a digital supply chain for industry 4.0,Tahir S.; Ramish A.,2022,10.1108/EEMCS-05-2021-0180,"Learning outcomes: This case study aims to be taught at an MBA level. Specifically, those students who are majoring in supply chain would benefit the most from this case study. This case study has elements of supply chain management, supply chain strategy, warehousing and logistics, and a digital supply chain for Industry 4.0. The learning outcome of this case study could be seen if the students are able to identify the challenges and opportunities of a digital supply chain for Industry 4.0 and how it could be implemented methodically. Teaching Objective 1: Students should be able to identify what challenges organizations face if they implement a digital supply chain for Industry 4.0. Teaching Objective 2: Students should be able to identify what opportunities can be tapped if Big Data Analytics are used in a supply chain teaching. Objective 3: Students should layout a methodical plan of how an analogue company can gradually achieve the objective of implementing a digital supply chain for Industry 4.0 in procurement function. Case overview/Synopsis: Based in the Lahore region of Pakistan, Xarasoft is a footwear manufacturing company which has undertaken a decision to transcend to a digital supply chain for Industry 4.0 by 2027. Asif, who is the Head of the Department of Supply Chain, has to come up with a plan to present in the next meeting with the CEO. Xarasoft is a company that preferred to work in an analogue routine. The company set production targets and sold goods through marketing. With no forecast or exact demand, the company had decided to procure 140 million units of raw material and carrying a huge inventory, a percentage of which had to be thrown away as it started to degrade. While the company did have machinery on the production floor, they were operated manually and were a generation behind. Asif faced the question of what challenges he would face and exactly how would a digital supply chain for Industry 4.0 be implemented in the company. Complexity academic level: Masters level supply chain courses Supplementary materials: Teaching notes are available for educators only. Subject code: CSS 9: Operations and Logistics. © 2022, Emerald Publishing Limited.",Operations strategy; Storage/warehousing; Supply chain design/risk; Supply chain information systems; Supply chain management; Supply chain strategy,Emerald Group Holdings Ltd.,scopus-big data,2,Out of Scope,[],"The abstract focuses on supply chain management and the transition to a digital supply chain for Industry 4.0. It discusses challenges, opportunities, and strategic planning within the context of operations and logistics but does not relate to marketing applications, customer engagement, or emotional data relevant to AI in marketing.",0%,0%,0%,100%,0%
Dynamics of Musical Success: A Machine Learning Approach for Multimedia Data Fusion,Boughanmi K.; Ansari A.,2021,10.1177/00222437211016495,"The success of creative products depends on the felt experience of consumers. Capturing such consumer reactions requires the fusing of different types of experiential covariates and perceptual data in an integrated modeling framework. In this article, the authors develop a novel multimodal machine learning framework that combines multimedia data (e.g., metadata, acoustic features, user-generated textual data) in creative product settings and apply it to predict the success of musical albums and playlists. The authors estimate the proposed model on a unique data set collected using different online sources. The model integrates different types of nonparametrics to flexibly accommodate diverse types of effects. It uses penalized splines to capture the nonlinear impact of acoustic features and a supervised hierarchical Dirichlet process to represent crowd sourced textual tags, and it captures dynamics via a state-space specification. The authors show the predictive superiority of the model with respect to several benchmarks. The results illuminate the dynamics of musical success over the past five decades. The authors then use the components of the model for marketing decisions such as forecasting the success of new albums, conducting album tuning and diagnostics, constructing playlists for different generations of music listeners, and providing contextual recommendations. © American Marketing Association 2021.",Bayesian nonparametrics; big data; data fusion; multimedia; music industry; product recommendations; supervised hierarchical Dirichlet process,SAGE Publications Ltd,scopus-big data,24,Feeling AI,"['consumer reactions', 'felt experience', 'emotional data', 'success of musical albums', 'contextual recommendations']","The abstract focuses on understanding consumer experiences and emotions related to creative products, specifically musical albums and playlists. It emphasizes capturing consumer reactions and using emotional and perceptual data to predict success, which aligns closely with the objectives of Feeling AI, such as understanding customer needs and tailoring marketing strategies accordingly. While there are elements of analysis and prediction, the core of the research is centered on emotional understanding and engagement.",60%,20%,20%,0%,0%
Sentiment Analysis of User-Generated Content: A Bibliometric Analysis,Afriliana N.; Iswari N.M.S.; Suryasari,2022,10.33168/JSMS.2022.0634,"User-generated content offers the opinions and sentiment analysis of numerous individuals in diverse areas, including e-commerce, marketing, health care, transportation, customer service, brand research, and many others. However, the abundance of user-generated content data makes it challenging to analyze and derive insights from it. As a result, the demand for sentiment analysis research has increased. This work intends to highlight the trends and state of the art in user-generated content sentiment analysis through a bibliometric analysis. To our knowledge, bibliometric research of sentiment analysis on user-generated content has never been conducted. The research methodology adopted for this study was essentially divided into four phases. Those phases include data collection, data cleaning, data visualization, data analysis and report writing. This bibliometric research successfully identified the trends and state of the art in user-generated content sentiment analysis. This study will give a baseline for future researchers to start another study. Big data, text analytics, text mining, tourism, covid-19, machine learning, deep learning, convolutional neural networks, making predictions, and marketing decisions are among the most recent research interests for sentiment analysis of user-generated content. However, there is a lack of research on those particular topics. © 2022, Success Culture Press. All rights reserved.",Bibliometric Analysis; Sentiment Analysis; State of The Art; User-Generated Content,Success Culture Press,scopus-big data,6,Feeling AI,"['user-generated content', 'sentiment analysis', 'customer understanding', 'emotional data', 'customer needs']","The abstract discusses user-generated content and sentiment analysis, which are closely related to understanding customer emotions and opinions. The focus on deriving insights from user sentiment indicates an emphasis on customer understanding and emotional responses, aligning it with the Feeling AI category. The mention of trends in sentiment analysis also suggests a strategic approach to understanding customers, which is a key aspect of Feeling AI.",60%,10%,20%,5%,5%
Reading between the lines: analyzing online reviews by using a multi-method Web-analytics approach,Gour A.; Aggarwal S.; Erdem M.,2021,10.1108/IJCHM-07-2020-0760,"Purpose: The dynamic yet volatile nature of tourism and travel industry in a competitive environment calls for enhanced marketing intelligence and analytics, especially for those entities with limited marketing budgets. The past decade has witnessed an increased use of user-generated content (UGC) analysis as a marketing tool to make better informed decisions. Likewise, textual data analysis of UGC has gained much attention among tourism and hospitality scholars. Nonetheless, most of the scholarly works have focused on the singular application of an existing method or technique rather than using a multi-method approach. The purpose of this study is to propose a novel Web analytics methodology to examine online reviews posted by tourists in real time and assist decision-makers tasked with marketing strategy and intelligence. Design/methodology/approach: For illustration, the case of tourism campaign in India was undertaken. A total of 305,298 reviews were collected, and after filtering, 276,154 reviews were qualified for analysis using a string of models. Descriptive charts, sentiment analysis, clustering, topic modeling and machine learning algorithms for real-time classification were applied. Findings: Using big data from TripAdvisor, a total of 145 tourist destinations were clustered based on tourists’ perceptions. Further exploration of each cluster through topic modeling was conducted, which revealed interesting insights into satisfiers and dissatisfiers of different clusters of destinations. The results supported the use of the proposed multi-method Web-analytics approach. Practical implications: The proposed machine learning model demonstrated that it could provide real-time information on the sentiments in each incoming review about a destination. This information might be useful for taking timely action for improvisation or controlling a service situation. Originality/value: In terms of Web-analytics and UGC, a comprehensive analytical model to perform an end-to-end understanding of tourist behavior patterns and offer the potential for real-time interpretation is rarely proposed. The current study not only proposes such a model but also offers empirical evidence for a successful application. It contributes to the literature by providing scholars interested in textual analytics a step-by-step guide to implement a multi-method approach. © 2020, Emerald Publishing Limited.",India; Text analytics; Tourism; User-generated content,Emerald Group Holdings Ltd.,scopus-big data,48,Thinking AI,"['marketing intelligence', 'user-generated content', 'textual data analysis', 'machine learning', 'sentiment analysis', 'real-time classification', 'tourist perceptions', 'decision-makers', 'marketing strategy']","The abstract discusses a multi-method approach to analyze user-generated content (UGC) from tourists to enhance marketing intelligence and support decision-making in the tourism industry. This aligns with the 'Thinking AI' category, as it emphasizes market analysis through the analysis of reviews and sentiments to gain insights into consumer behavior and preferences. The use of machine learning for real-time sentiment analysis and clustering of tourist destinations further supports this classification by highlighting strategic insights that can inform marketing strategies.",10%,20%,70%,0%,0%
Decisions and Coordination of Green Supply Chain Considering Big Data Targeted Advertising,Hu H.; Li Y.; Li M.,2022,10.3390/jtaer17030053,"The application of big data targeted advertising in the green supply chain makes the green marketing of products more accurate and effective. This paper applies game theory to study the decisions and coordination issues of a green supply chain in which the online retailer conducts big data targeted advertising. A centralized model and two Stackelberg game models (an online-retailer-led decentralized model and a manufacturer-led decentralized model) were constructed and solved. The zero wholesale price-side-payment contract and greedy wholesale price-side-payment contract were introduced into the green supply chain for coordination. The study found that: (1) the increase in demand attenuation coefficient, green sensitivity coefficient, and big data targeted advertising sensitivity coefficient will be beneficial to the growth of total consumer demand, supply chain profit, and environmental benefit; (2) supply chain coordination is necessary because greenness, demand, supply chain profit, and environmental benefit under the centralized model are higher than those under two decentralized models; (3) two contracts can achieve the coordination of the green supply chain, and the profits of the manufacturer and online retailer under the contract are greater than those under the decentralized model. The results can provide insights for promoting green supply chain operations. © 2022 by the authors.",big data targeted advertising; coordination; green supply chain; greenness; online retailer; optimal decisions,MDPI,scopus-big data,14,Thinking AI,"['big data targeted advertising', 'green supply chain', 'market analysis', 'coordination', 'consumer demand', 'supply chain profit', 'environmental benefit']","The abstract discusses the use of big data targeted advertising to enhance the effectiveness of green marketing within a supply chain context. This aligns with the Thinking AI category, particularly in market analysis and targeting, as it analyzes how different models impact consumer demand and profit. The focus on game theory and coordination within the supply chain further emphasizes strategic analysis rather than emotional or mechanical processes.",0%,0%,100%,0%,0%
The development of a public library data collection and analysis platform and its uses: a case study of the National Library Big Data Platform in Korea,Lee J.; Kwon N.,2023,10.22452/mjlis.vol28no2.5,"Public libraries reflect the contemporary way of life. In the era of the digital data age, actions carried out through libraries can be traced and analyzed to monitor the demand for library services. This study presents the development and utilization of Korea's National Library Big Data Platform (NLBDP), which was constructed to collect operational data from public libraries in the country and to build national open data platform for the participating libraries and for public use. This study analyzed 17 application cases that utilized NLBDP in order to understand the way the platform has been used. The findings showed that the types of data analyzed so far have been somewhat limited. It suggests needs for further enhancing the data quality and for diversifying data sources, such as individual local library operational data, surveys, demographics, news, and social media. The results also revealed that NLBDP has been utilized for seven distinct purposes: library operations and strategic planning; social trend analysis; collection management; redesigning library space; recruiting new patrons; library marketing; and non-library applications. Building an infrastructure for networked data analysis not only enables evidence-based decision-making in public libraries, but also extracts timely topics that can be developed as useful services for their community. The findings of this study highlighted the necessity to formulate national library data policies and gather data capable of measuring the social impact of libraries. © (2023). All Rights Reserved.",Big data; Library data trend analysis; Library policy; National library; Public libraries,Faculty of Computer Science and Information Technology,scopus-big data,2,Mechanical AI,"['data collection', 'data quality', 'library operations', 'marketing', 'strategic planning']","The abstract discusses the development of Korea's National Library Big Data Platform (NLBDP) which focuses on the collection and analysis of operational data from public libraries. The emphasis on data collection and the enhancement of data quality aligns with the Mechanical AI category that focuses on automating data collection and processing. While there are aspects of market analysis and potential customer engagement mentioned, the predominant theme is around data collection and operational use, which fits Mechanical AI more closely.",10%,70%,20%,0%,0%
Extracting insights from big social data for smarter tourism destination management,Solazzo G.; Maruccia Y.; Lorenzo G.; Ndou V.; Del Vecchio P.; Elia G.,2022,10.1108/MBE-11-2020-0156,"Purpose: This paper aims to highlight how big social data (BSD) and analytics exploitation may help destination management organisations (DMOs) to understand tourist behaviours and destination experiences and images. Gathering data from two different sources, Flickr and Twitter, textual and visual contents are used to perform different analytics tasks to generate insights on tourist behaviour and the affective aspects of the destination image. Design/methodology/approach: This work adopts a method based on a multimodal approach on BSD and analytics, considering multiple BSD sources, different analytics techniques on heterogeneous data types, to obtain complementary results on the Salento region (Italy) case study. Findings: Results show that the generated insights allow DMOs to acquire new knowledge about discovery of unknown clusters of points of interest, identify trends and seasonal patterns of tourist demand, monitor topic and sentiment and identify attractive places. DMOs can exploit insights to address its needs in terms of decision support for the management and development of the destination, the enhancement of destination attractiveness, the shaping of new marketing and communication strategies and the planning of tourist demand within the destination. Originality/value: The originality of this work is in the use of BSD and analytics techniques for giving DMOs specific insights on a destination in a deep and wide fashion. Collected data are used with a multimodal analytic approach to build tourist characteristics, images, attitudes and preferred destination attributes, which represent for DMOs a unique mean for problem-solving, decision-making, innovation and prediction. © 2021, Emerald Publishing Limited.",Big data analytics; Big data analytics; DMO; Tourism destination management; Tourist behaviour,Emerald Group Holdings Ltd.,scopus-big data,5,Thinking AI,"['tourist behaviors', 'destination experiences', 'data analytics', 'decision support', 'market strategies', 'insights', 'trends']","The abstract discusses how big social data and analytics provide insights into tourist behavior and destination image, which is central to market analysis. The findings emphasize the identification of trends and seasonal patterns, which aligns with the market analysis focus of Thinking AI. Additionally, the insights are used for decision support and developing marketing strategies, further reinforcing this classification.",10%,20%,70%,0%,0%
The impact of COVID-19 on European tourists' attitudes to air travel and the consequences for tourist destination evoked set formation,Gallego I.; Font X.; González-Rodríguez M.R.,2022,10.1016/j.tmp.2022.100945,"We study how risk conditions derived from the COVID-19 pandemic may impact on both the desire to travel and intention to visit of tourists and, therefore, on different stages of the destination choice process. We analyse 5134 million flight searches and 379 million flight picks during 2020 for the 17 largest European tourism source markets. An unweighted index number is employed to measure the average variation for searches and picks, for the year 2020, in relation to the reference base period (year 2019). This is done for air travel in general and to Spain specifically. The study then proceeds to conduct an analysis of 17 international travel destinations that are in the evoked sets of the two largest outbound markets in Europe (Germany and UK). We also identify which markets are most favourable to Spain. The research design can inform cost-efficient marketing decisions in a situation of high uncertainty. © 2022",Anxiety; Big data; COVID-19; Europe; Evoked set; Flights; Risk,Elsevier B.V.,scopus-big data,10,Thinking AI,"['risk conditions', 'travel intention', 'destination choice process', 'market analysis', 'flight searches', 'tourism source markets']","The abstract discusses how the COVID-19 pandemic impacts tourists' desire to travel and their intention to visit destinations, indicating a focus on market analysis and understanding consumer behavior in a changing environment. The study employs data analysis of flight searches and picks to inform marketing decisions, aligning with the application of marketing analytics to identify competitive advantages and target markets effectively.",10%,15%,75%,0%,0%
How has data-driven marketing evolved: Challenges and opportunities with emerging technologies,Rosário A.T.; Dias J.C.,2023,10.1016/j.jjimei.2023.100203,"This paper explores data-driven marketing, its benefits, and challenges to provide insights and a framework for business leaders and marketers to leverage in their marketing efforts. Using a systematic literature review with bibliometric analysis, we examined a sample of 98 studies indexed in SCOPUS to identify research activity on this topic until May 2023. Data-driven marketing and communications have gained popularity as companies and marketers prioritize leveraging consumer and market data to strategize and make informed decisions. Adopting and integrating various technologies into the company's systems is crucial for companies aiming to achieve a sustainable competitive advantage. By analyzing and interpreting customer data, companies can implement customer-centered marketing initiatives that enhance their experience and satisfaction with the brand, thus strengthening company-customer relationships. However, data-driven marketing faces several challenges, including consumer privacy concerns, data poisoning, information quality issues, and the need for adequate organizational changes. © 2023",Big data; Customer data; Customer relationship management; Data-driven; Marketing,Elsevier B.V.,scopus-big data,50,Thinking AI,"['data-driven marketing', 'customer data', 'market data', 'strategic decisions', 'customer-centered marketing', 'customer experience', 'sustainable competitive advantage']","The abstract emphasizes the importance of analyzing and interpreting customer data to inform marketing strategies, enhance customer experience, and strengthen company-customer relationships. This aligns with the Thinking AI category, particularly focusing on market analysis and targeting through data insights. The mention of leveraging consumer and market data to strategize decisions further supports this classification.",10%,15%,65%,5%,5%
Assessing the Efficacy of Cryptocurrency Applications’ Affiliate Marketing Process on Supply Chain Firms’ Website Visibility,Sakas D.P.; Giannakopoulos N.T.; Nasiopoulos D.K.; Kanellos N.; Tsoulfas G.T.,2023,10.3390/su15097326,"Recent developments in blockchain technology have enabled the development of wallet applications for storing peoples’ cryptocurrency reserves. Cryptocurrency wallet applications could deploy affiliate marketing processes to increase the visibility of their products. From these affiliate marketing processes, supply chain firms in the air forwarding sector that seek to advertise their services to a larger audience could be benefited. This research examines whether affiliate marketing initials of cryptocurrency wallet applications affect their digital marketing efficiency, as well as whether air forwarding firms’ website visibility could be benefited from them. After collecting the required Web Analytic data, the authors performed statistical analysis (correlations and linear regressions), followed by Fuzzy Cognitive Mapping (FCM) macroanalysis and Hybrid Modeling (HM) microanalysis to assess the outcomes of cryptocurrency wallet applications’ affiliate marketing programs. Hence, from the deployed methodology, valuable insights arose. The first part of the produced outcomes concerns the effect of cryptocurrency wallet application affiliate marketing metrics on their digital marketing results. The increased implications of affiliate marketing metrics (referring domains, backlinks, etc.) decrease the number of pages their visitors see. Regarding the air forwarder firms’ website visibility, specific metrics (branded and referral traffic) were increased and others (social traffic) were decreased from the increment of cryptocurrency wallet application affiliate marketing metrics (backlinks, internal links, etc.). Supply chain firms, in the air forwarding sector, could have increased website visibility by deploying advertisements and affiliate marketing initiatives with cryptocurrency wallet organizations. Summing up, specific affiliate marketing metrics of cryptocurrency wallet applications are capable of significantly impacting their digital marketing performance and also constitute determinant factors of supply chain firms’ website visibility. © 2023 by the authors.",big data; blockchain; Decision Support Systems (DSSs); digitalization; innovation; process optimization; strategic digital marketing; supply chain; sustainability,MDPI,scopus-big data,7,Thinking AI,"['affiliate marketing', 'digital marketing efficiency', 'website visibility', 'market analysis', 'metrics', 'correlations', 'linear regressions']","The abstract discusses how affiliate marketing metrics from cryptocurrency wallet applications can impact their digital marketing performance and the website visibility of air forwarding firms. It involves analyzing data and metrics to understand marketing effectiveness and visibility, aligning closely with market analysis and targeting strategies. The focus on statistical analysis and the implications of specific metrics further categorizes it under Thinking AI.",0%,0%,100%,0%,0%
Big data analytics implementation issues: A case study of a large bank in Malaysia,Siew E.-G.; Farouk F.M.,2024,10.1177/20438869231176836,"This case study discusses the concept of big data analytics, which involves managing and analyzing large, complex data to discover patterns and insights. Implementing big data analytics has many benefits, such as improving decision-making processes, enhancing accounting processes and compliance, boosting marketing campaigns, and providing better credit risk assessment procedures. This case study aims for the student to understand the challenges of big data analytics implementation in a Malaysian commercial bank. Students take on the role of a Senior IT Manager who needs to consider solutions to the implementation problems. Although the team proposed using cloud-based services as a solution to these issues, the CEO expressed concerns about security risks and requested other alternative solutions. The team has also been requested to come up with solutions to the data quality issues experienced by the case study bank. © Association for Information Technology Trust 2023.",Banking industry; big data analytics; cloud-based services; data quality; implementation; legacy systems,SAGE Publications Inc.,scopus-big data,0,Out of Scope,"['big data analytics', 'bank', 'credit risk assessment', 'cloud-based services', 'data quality']","The abstract discusses big data analytics in the context of a commercial bank, focusing on its implementation challenges and solutions related to data management. While it mentions improving marketing campaigns, the overall content is primarily concerned with financial service applications and does not align with marketing-specific AI categories. Thus, it is classified as 'Out of Scope.'",0%,0%,0%,100%,0%
Risk control strategies for inventory pledge financing on cross-border e-commerce platforms empowered by the digital economy,Leng A.; Sun M.; Shi J.,2025,10.1016/j.omega.2024.103251,"With the development of cross-border e-commerce (CBEC), CBEC-based inventory pledge financing (CBEC-based IPF) has gradually emerged, where exporters can apply for financing from cross-border e-commerce platforms (CBECPs) with their stocks in overseas warehouses. Due to the intensification of information asymmetry caused by overseas pledges and the impact of exchange rate fluctuations on repayments and settlements, such businesses face increased credit and market risks. Fortunately, the digital economy can empower CBECPs to achieve “post-loan risk management”, such as using big data technology to monitor exporters’ post-loan business activities on the platform and reduce their “credit default risk”, or utilizing online marketing technologies such as search engine optimization and homepage recommendations to promote the sales of exporters’ pledged goods and lower their “market sales risk”. We focus on risk control issues in the CBEC-based IPF under the empowerment of the digital economy. The pre-loan risk control measures consider the setting of the pledge rate, while the post-loan risk control measures towards credit and market risks consider, respectively, the platform's online credit supervision and product sales assistance for exporters in light of the digital economy. On the basis of considering exchange rate fluctuations, we use optimization method to build decision models of a CBECP under two scenarios, i.e., “only control pre-loan risk” and “joint control pre- and post-loan risk”, and find that compared to the former, the latter is more profitable for the CBECP, indicating that the digital economy can empower the CBECP to achieve more comprehensive risk control and improve economic benefits. Furthermore, in the case of the CBECP paying equal risk control cost, its optimal choices for credit and market risk control measures are provided. The results show that when and only when the market risk control is cheaper enough and the budget is limited, the CBECP chooses market risk control; otherwise, it always implements credit risk control. We also extend the model to study the case when the CBECP pays equal risk control level in the post-loan risk control, and conduct numerical experiments to verify the above conclusions. Our findings strongly suggest CBECPs to adopt the “joint pre- and post-loan risk control” in the CBEC-based IPF business, and provide them strategies for choosing between post-loan credit and market risk control measures. © 2024 Elsevier Ltd",Cross-border e-commerce platform; Digital economy; Inventory pledge financing; Risk control,Elsevier Ltd,scopus-big data,0,Thinking AI,"['risk management', 'credit risk', 'market risk', 'post-loan risk control', 'digital economy', 'big data technology', 'optimization method']","The abstract discusses the application of digital economy tools and big data technology to manage risks associated with cross-border e-commerce financing. It emphasizes market analysis through risk control measures and decision modeling, which align with the focus of Thinking AI on market analysis and targeting strategies. The optimization of pre- and post-loan risk controls indicates strategic analysis rather than emotional or purely mechanical processes.",0%,10%,90%,0%,0%
How to cooperate in a three-tier food delivery service supply chain,Ma S.; He Y.; Gu R.; Yeh C.-H.,2024,10.1016/j.jretconser.2024.103828,"This paper studies a three-tier food delivery service supply chain (FDSSC) composed of one restaurant that is responsible for providing food and catering services, one food delivery platform that is responsible for providing big data marketing, and one rider that is responsible for providing food delivery services. Then, differential game theory is used to model and derive the objective functions and equilibrium strategies of the FDSSC members in four scenarios: decentralization, independent delivery, independent production, and centralization. The effects of cooperation patterns among the FDSSC members, consumer channel preferences, commission rates, and food delivery fees of the food delivery platform on the optimal decision-making and performance of the FDSSC members are discussed. Through comparative analysis and sensitivity analysis of essential parameters, we summarize the following conclusions. First, whether it is independent production and independent delivery, any cooperation between the FDSSC members is always beneficial for the profit improvement of all FDSSC members. Therefore, the restaurant, food delivery platform, and rider should actively seek pairwise or tripartite cooperation to achieve common profit enhancement. In addition, when the online channel preference of consumers increases, the restaurant should continuously enhance the food quality and catering service level to ensure an amazing dining experience for consumers, which is conducive to the formation of a healthy dual-channel food sales model. Last, a higher commission rate can increase the profits of the food delivery platform and the whole FDSSC, but it damages the revenue of the restaurant, while a higher food delivery fee can bring more profits to the restaurant and rider. © 2024 Elsevier Ltd",Big data marketing; Food delivery platform; Food delivery service; Food supply chain; Pricing,Elsevier Ltd,scopus-big data,2,Thinking AI,"['food delivery service', 'cooperation patterns', 'consumer channel preferences', 'profit improvement', 'market analysis']","The abstract discusses the strategic analysis of a food delivery service supply chain using differential game theory. It examines the impact of cooperation among members, consumer preferences, and commission rates on decision-making and performance. This aligns with the focus of Thinking AI on market analysis and targeting, as it evaluates competitive advantages and optimal strategies within the market context.",0%,0%,100%,0%,0%
Building Social Capital for a Proactive Environmental Strategy: A Multidisciplinary Perspective,Zhuang Y.; Ye L.,2022,10.1109/EMR.2022.3141995,"Environmental issues are becoming critical drivers of firm's competitive advantages. In response, many firms are adopting proactive environmental strategies. A proactive environmental strategy requires a substantial investment of resources from firms, and social capital provides the necessary resources for firms to adopt a proactive environmental strategy. In this article, we explore how social capital contributes to proactive environmental strategy from different perspectives, including marketing, human resources, operations, supply chain, and big data analytics, with the focus on how this issue affects managerial decision-making.  © 1973-2011 IEEE.",Multidisciplinary perspective; proactive environmental strategy; social capital,Institute of Electrical and Electronics Engineers Inc.,scopus-big data,1,Thinking AI,"['proactive environmental strategy', 'social capital', 'managerial decision-making', 'competitive advantages']","The abstract discusses how social capital contributes to proactive environmental strategies and their implications for managerial decision-making. This aligns with the Thinking AI category, which focuses on market analysis and identifying competitive advantages. The emphasis on strategic investment and resource allocation suggests a focus on decision-making processes related to marketing strategies.",0%,0%,100%,0%,0%
Content-Based Model of Web Search Behavior: An Application to TV Show Search,Liu J.; Toubia O.; Hill S.,2021,10.1287/mnsc.2020.3827,"We develop a flexible content-based search model that links the content preferences of search engine users to query search volume and click-through rates, while allowing content preferences to vary systematically based on the context of a search. Content preferences are defined over latent topics that describe the content of search queries and search result descriptions. Compared with existing applications of topic modeling in marketing and recommendation systems, our proposed approach can simultaneously capture multiple types of information and investigate multiple aspects of behavioral dynamics in a single framework that enables interpretable results for business decision making. To facilitate efficient and scalable inference, we develop a full Bayesian variational inference algorithm. We evaluate our modeling framework using real-world search data for TV shows from the Bing search engine. We illustrate how our model can quantify the content preferences associated with each query and how these preferences vary systematically based on whether the query is observed before, during, or after a TV show is aired. We also show that our model can help the search engine improve its ranking of search results as well as address the cold-start problem for new page links. Copyright: © 2021 INFORMS",Big data; Interpretable machine learning; Marketing; Poisson factorization; Recommendation systems; Search; Variational inference,INFORMS Inst.for Operations Res.and the Management Sciences,scopus-big data,11,Thinking AI,"['content preferences', 'search volume', 'click-through rates', 'behavioral dynamics', 'marketing decision making', 'ranking of search results']","The abstract describes a content-based search model that analyzes user preferences and query dynamics in a marketing context. It focuses on market analysis through the quantification of content preferences and the improvement of search engine results, which aligns with the definition of Thinking AI. The model aims to enhance decision making based on behavioral insights, indicating a strategic analysis approach.",0%,10%,90%,0%,0%
Logistics SMEs’ marketing budget re-engineering for sustainable digital marketing development,Giakomidou D.S.; Kriemadis A.,2024,10.24294/jipd.v8i8.6080,"Nowadays, the survival and sustainability of SMEs and the promotion of their services have become key goals for the economic growth of many countries. Logistics SMEs seek to improve their digital marketing development, by managing the re-engineering process of their marketing budget. To achieve this goal, logistics SMEs should capitalize on big data from their websites that are capable of depicting their digital development level. The authors selected 5 SMEs from the logistics sector and collected big data from their websites for 365 days. Then, statistical analysis tools (correlation and linear regression models), as well as Fuzzy Cognitive Mapping (FCM) models were utilized. It is highlighted that various marketing budget levels affect the digital development of logistics SMEs differently. More specifically, a marketing budget of 500$ to 2500$ could bring more users (new and returning) to logistics SMEs’ websites, but only if the investments transcend 5000$ could help these firms rank higher in the search engines (authority score). Thus, logistics SMEs could simulate the course of specific digital development metrics by setting the desired levels of their marketing budget. © 2024 by author(s).",big data; decision support systems; development; digital marketing; FCM simulation; logistics; re-engineering; SMEs,"EnPress Publisher, LLC",scopus-big data,0,Thinking AI,"['digital marketing', 'big data', 'statistical analysis', 'marketing budget', 'digital development metrics', 'search engines', 'authority score']","The abstract discusses the analysis of how different levels of marketing budgets in logistics SMEs affect their digital development and performance in search engines. This aligns with the 'Market analysis' and 'Targeting' focuses of Thinking AI, as it utilizes statistical tools to derive insights from data and recommends budget levels for optimal digital marketing outcomes.",0%,20%,80%,0%,0%
A Rental Platform Service Supply Chain Network Equilibrium Model Considering Digital Detection Technology Investment and Big Data Marketing,Peng Y.; Li H.,2023,10.3390/su15139955,"Digital transformation is reshaping the decision making management of the rental service mode in the manufacturing industry, and improving digital detection technology and big data marketing have become effective ways to create value. Based on the three-level rental platform service supply chain network structure composed of manufacturers, rental platform operators and the demand market, a supply chain network equilibrium model considering the digital detection technology input and big data marketing is constructed by using variational inequality and the Nash equilibrium theory, and the optimal decision making conditions of the manufacturers and rental platform operators are derived. Combined with the Euler algorithm design procedure and numerical examples, the influences of the digital detection technology level, big data marketing cost coefficient and cost sharing ratio on the equilibrium state are analyzed. The results show that the input of digital detection technology leads to the increase in profits of each participant in the rental platform service supply chain network and promotes a more coordinated development of the supply chain. When the rental platforms implement big data marketing, the manufacturers share the cost, which can continuously improve the profits of both partners and make the cooperation more stable and efficient. © 2023 by the authors.",big data marketing; digital detection technology investment; network equilibrium; rental platform service supply chain,Multidisciplinary Digital Publishing Institute (MDPI),scopus-big data,3,Thinking AI,"['digital transformation', 'decision making management', 'big data marketing', 'supply chain network', 'equilibrium model', 'Nash equilibrium', 'optimal decision making', 'market analysis', 'cost sharing ratio', 'profits', 'cooperation']","The abstract discusses the impact of digital transformation and big data marketing on decision-making within the rental service supply chain. It emphasizes market analysis through the construction of a supply chain network equilibrium model and the derivation of optimal decision-making conditions, aligning closely with the 'Market analysis' and 'Targeting' focuses of Thinking AI. The analysis of how digital detection technology and marketing costs affect profits and cooperation further supports this classification.",0%,0%,100%,0%,0%
The Role of Big Data in Predictive Analytics Current Trends and Future Directions,Jasim W.A.; Alnajar H.R.; Hamid A.S.; Aldabagh D.A.; Shabala Y.,2024,10.62754/joe.v3i5.3915,"The advent of big data has revolutionized various sectors, enabling the extraction of valuable insights and the development of predictive analytics models. The integration of large datasets, advanced statistical methods, and machine learning techniques has paved the way for significant advancements in predictive analytics.This article aims to examine the current trends and future directions in the application of big data in predictive analytics. It explores the statistical methods employed and the impact of these advancements on various industries.A comprehensive literature review was conducted, focusing on peer-reviewed articles, industry reports, and case studies from 2015 to 2024. Statistical techniques such as regression analysis, time series forecasting, and machine learning algorithms were analyzed. Descriptive statistics and inferential methods were utilized to summarize the findings and draw meaningful conclusions.The analysis reveals a substantial increase in the adoption of big data technologies across sectors such as healthcare, finance, and marketing. Predictive models leveraging big data have shown improvements in accuracy and efficiency. For instance, in healthcare, predictive analytics has improved patient outcomes by 15%, while in finance, it has reduced fraudulent activities by 18%. In marketing, customer retention rates have increased by 12% due to more accurate targeting.Big data plays a crucial role in predictive analytics, driving innovation and efficiency. The future of predictive analytics lies in the continuous development of sophisticated statistical methods and the integration of real-time data processing. These advancements will further refine predictive models, offering more precise and actionable insights across various domains. © 2024, Creative Publishing House. All rights reserved.",And Data-Driven Decision Making; Big Data; Business Intelligence; Data Mining; Data Science; Future Directions; Machine Learning; Predictive Analytics; Real-Time Analytics; Trend Analysis,Creative Publishing House,scopus-big data,0,Thinking AI,"['predictive analytics', 'customer retention', 'targeting', 'market analysis', 'accuracy', 'efficiency']","The abstract discusses the application of big data in predictive analytics, particularly in marketing, where improvements in customer retention rates due to accurate targeting are highlighted. This aligns with the Thinking AI category, which focuses on market analysis, targeting, and leveraging marketing analytics for strategic decision-making.",0%,0%,100%,0%,0%
An Instrumental Variable Forest Approach for Detecting Heterogeneous Treatment Effects in Observational Studies,Wang G.; Li J.; Hopp W.J.,2022,10.1287/mnsc.2021.4084,"This study addresses the ubiquitous challenge of using big observational data to identify heterogeneous treatment effects. This problem arises in precision medicine, targeted marketing, personalized education, and many other environments. Identifying heterogeneous treatment effects presents several analytical challenges including high dimensionality and endogeneity issues. We develop a new instrumental variable tree (IVT) approach that incorporates the instrumental variable method into a causal tree (CT) to correct for potential endogeneity biases that may exist in observational data. Our IVT approach partitions subjects into subgroups with similar treatment effects within subgroups and different treatment effects across subgroups. The estimated treatment effects are asymptotically consistent under a set of mild assumptions. Using simulated data, we show our approach has a better coverage rate and smaller mean-squared error than the conventional CT approach. We also demonstrate that an instrumental variable forest (IVF) constructed using IVTs has better accuracy and stratification than a generalized random forest. Finally, by applying the IVF approach to an empirical assessment of laparoscopic colectomy, we demonstrate the importance of accounting for endogeneity to make accurate comparisons of the heterogeneous effects of the treatment (teaching hospitals) and control (nonteaching hospitals) on different types of patients. Copyright: © 2021 INFORMS",big data analytics; causal inference; heterogeneous treatment effects; machine learning,INFORMS Inst.for Operations Res.and the Management Sciences,scopus-big data,12,Out of Scope,"['heterogeneous treatment effects', 'instrumental variable', 'causal tree', 'endogeneity', 'empirical assessment', 'laparoscopic colectomy']","The abstract discusses a method for identifying heterogeneous treatment effects using observational data and focuses on instrumental variable approaches in the context of causal inference, which is primarily related to medical and educational research rather than marketing applications. The content does not align with any marketing-related categories.",0%,0%,0%,100%,0%
Enhancing Career Fit: A Big Data-driven “Job Matching” System,Sukwadi R.; Triyanti V.; Sangkara A.A.; Park A.,2024,10.14329/apjis.2024.34.4.1004,"Often, a worker’s occupational domain and educational qualifications mismatch, leading to a discrepancy with their actual skill set. This can lead to either underperformance or overperformance, as the competencies required by the company may differ from those possessed by potential employees. This research aims to develop a system for matching user profiles and job vacancies called the Job Matching System. The system can help individuals find jobs that suit their educational background and skills. By collecting large amounts of data from the Jobstreet.co.id website, the system automatically identifies job opportunities in four job categories, which are data analyst, digital marketing, developer, and machine learning. We used the Latent Dirichlet Allocation approach to analyze the gathered data and identify potential topics within large data sets. Based on this information, the database correlates educational background with appropriate job classifications. The “Job Matching” website has a built-in decision-making tool. Prior knowledge of the worker’s background is required to aid in the matching procedure and facilitate the alignment of competencies with the worker’s preferred industry throughout the matching process. © (2024), (Korean Society of Management Information Systems). All rights reserved.",Big Data; Decision Systems; Information Systems Design; Latent Dirichlet Allocation Analysis,Korean Society of Management Information Systems,scopus-big data,0,Mechanical AI,"['job matching', 'data collection', 'user profiles', 'job vacancies', 'data analysis', 'educational background', 'competencies']","The abstract discusses the development of a Job Matching System that collects and analyzes data to identify job opportunities suitable for individuals based on their educational background and skills. This involves the automated process of matching user profiles with job vacancies, which aligns with the focus on data collection and standardization in the Mechanical AI category. While there are elements of analysis and decision-making, the primary emphasis is on automating the identification and correlation of job classifications, which fits more with Mechanical AI than the strategic analysis or emotional understanding found in the other categories.",0%,70%,20%,0%,10%
Platform Operations in the Industry 4.0 Era: Recent Advances and the 3As Framework,Siqin T.; Choi T.-M.; Chung S.-H.; Wen X.,2024,10.1109/TEM.2021.3138745,"In the Industry 4.0 era, implementing advanced technologies to enhance platform operations is crucial. Motivated by the importance of platforms and the wide implementation of Industry 4.0-related advanced technologies, we conduct this study on platform operations. Specifically, the platforms discussed herein are classified into (pure) product selling platforms and service platforms. We identify the platform-related operational issues in four categories: 1) the use of information, 2) operating/manufacturing processes, 3) decision support, and 4) consumer behavior and marketing. Based on the examined real-world practices and reviewed prior studies, we propose the novel '3As' framework to indicate how platforms should 'adopt' advanced technologies to 'address' operational issues to 'achieve' outcomes. In addition, the '3As' framework uncovers possible platform innovations with three extended developments. Finally, we present a future agenda for further studies on the use of advanced technologies in platform operations. This article contributes to the operations and engineering management literature by generating insights regarding the implementation of advanced technologies in platform operations in the Industry 4.0 era. © 1988-2012 IEEE.","advanced technologies; Industry 4.0 era; platform operations; The ""3As framework"" ",Institute of Electrical and Electronics Engineers Inc.,scopus-big data,36,Mechanical AI,"['advanced technologies', 'platform operations', 'information', 'operating processes', 'decision support', 'consumer behavior', 'marketing']","The abstract discusses the implementation of advanced technologies in platform operations, specifically focusing on operational issues like the use of information and processes. This aligns with the Mechanical AI category, which emphasizes data collection and standardization processes in marketing environments. The mention of addressing operational issues through technology adoption further supports this classification.",0%,70%,20%,0%,10%
The relationship between the quality of big data marketing analytics and marketing agility of firms: the impact of the decision-making role,Haverila M.; Haverila K.; Gani M.O.; Mohiuddin M.,2024,10.1057/s41270-024-00301-6,"Against the backdrop of the resource-based and dynamic capabilities view, this paper examines the impact of technology and information quality on marketing agility and the effect of the decision-making role on technology and information quality in the context of big data marketing analytics. Data were acquired from 236 marketing professionals in the U.S. and Canada working in companies with at least limited experience in big data deployment and analyzed with PLS-SEM. The findings indicate that both the information and technology quality are related to the marketing agility of the firms. Moreover, the result also shows a positive and significant association between decision-making role and information quality. This research provides an understanding of the impact of the quality of BDMA on marketing agility as it relates to the quality of information and a firm's technology, as well as the positive relationship of the decision-making on the aforementioned relationships. © The Author(s), under exclusive licence to Springer Nature Limited 2024.",Big data; Big data marketing analytics (BDMA); Decision-making role; Information quality; Marketing agility; Partial least squares structural equation modeling (PLS-SEM); Technology quality,Palgrave Macmillan,scopus-big data,1,Thinking AI,"['technology quality', 'information quality', 'marketing agility', 'big data marketing analytics', 'decision-making role']","The abstract discusses the impact of technology and information quality on marketing agility, which aligns with the focus on market analysis within the Thinking AI category. It involves using marketing analytics to enhance decision-making and improve competitive advantages through better information and technology quality.",0%,0%,100%,0%,0%
Moving Toward Economic and Digital Sustainability in Marketing Analytics,Haverila M.; Al-Azad Md.S.; Haverila K.; Mohiuddin M.; Su Z.,2024,10.4018/JGIM.349129,"Despite analytical advancements, firms have yet to realize the full potential of big data marketing analytics (BDMA) because the poor quality data restricts customer predictions and insightful decisions. Technology and market uncertainty create challenges in understanding business needs, choosing analytical tools, determining customer insights, and market trends. This study aims to assess the quality of marketing analytics, including technology and information quality. Data were collected from 236 North American respondents working in firms with at least limited experience in the deployment of BDMA. The analysis tool was PLS-SEM. The findings supported the hypothesis that technology and market uncertainty negatively influence the quality of analytical outcomes. This study makes a significant theoretical and methodological contribution to BDMA literature by assessing the quality of analytics as an integrated formative construct. © 2024 IGI Global. All rights reserved.",Big Data Marketing Analytics (BDMA); Information Quality; Quality of Marketing Analytics; Technology and Market Uncertainty; Technology Quality,IGI Global,scopus-big data,0,Thinking AI,"['big data marketing analytics', 'customer predictions', 'analytical tools', 'market trends', 'quality of marketing analytics']","The abstract discusses the assessment of the quality of marketing analytics, focusing on the impact of technology and market uncertainty on analytical outcomes. This aligns with the 'Thinking AI' category, particularly in the context of market analysis and understanding customer insights. The emphasis on technology and analytical quality indicates a strategic approach to utilizing data for competitive advantages and better decision-making.",0%,0%,100%,0%,0%
Combining sell-out data with shopper behaviour data for category performance measurement: The role of category conversion power,Pascucci F.; Nardi L.; Marinelli L.; Paolanti M.; Frontoni E.; Gregori G.L.,2022,10.1016/j.jretconser.2021.102880,"Retailers need to manage a series of complex decisions relating to numerous products. To reduce this complexity, they have introduced category management practices, which consider groups of similar products (categories) that can be managed separately as single business units (SBUs). Although the concept that the store offer should be organised as a category mix and that this strategy allows for better overall store management is already consolidated, retailers still struggle to adopt an approach to the store performance measurement starting from a category level perspective. Nowadays, the available methods for measuring categories’ performance are quite limited. The current trend sees the measurement of category performance mainly based on sell-out data that are ill-equipped to fully address category management issues. Retailers should broaden their field of analysis not only by focusing on the product/sales perspective but also by including other methodologies such as shopper behaviour analysis. In this regard, the use of technology offers the retail sector new perspectives for those analysis. Therefore, we intend to contribute to the ongoing debate on the retail analytics topic by presenting a shopper behaviour analytics system for category management performance monitoring. More in detail, we could derive a new key performance indicator, category conversion power (CCP), aimed at analysing and comparing the single categories organised within the store. The research is based on a unique dataset obtained from a real-time locating system (RTLS), which allowed us to collect behavioural data togheter with sell-out data (from POS scanner). We argue that retailers could exploit this new analytical method to gain more understanding at the category level and therefore make data-driven decisions aimed at improving performance at the store level. © 2021 Elsevier Ltd",Big data; Category management; Performance measurement; Retail marketing; RTLS technology; Shopper behaviour,Elsevier Ltd,scopus-big data,9,Thinking AI,"['category management', 'performance measurement', 'shopper behaviour analysis', 'data-driven decisions', 'category conversion power']","The abstract discusses the implementation of a shopper behaviour analytics system to enhance category management performance in retail. It emphasizes the need for market analysis and improved decision-making through data analysis, which aligns with the focus of Thinking AI on market analysis and targeting. The introduction of a new key performance indicator (category conversion power) further supports the classification as it is aimed at understanding and improving category performance based on analytical insights.",0%,20%,80%,0%,0%
Rethinking the role of uncertainty and risk in Marketing,Grimaldi D.; Sallan J.M.; Arboleda H.; Sehgal S.,2023,10.1080/12460125.2023.2232570,"Big Data Analytics (BDA) solutions are increasingly applied in marketing, with the aim of transforming data available online to market information and competitive intelligence. When businesses encounter risky situations (calculated risks) complex models using BDA are often the go-to solution. However, there is a still a debate if BDA is the best solution in uncertain situations when unexpected phenomena arise. The present study begins to fill this gap using the Colombian context as evidence and a Fuzzy-Set Qualitative Comparative Analysis method (fs-QCA). The focus shifts from a single cause leading to performance to an analysis of different associations of conditions. There are three major findings-first, in a risky environment, BDA is not a unique condition; a combination of data maturity levels, data skills and a data-driven mindset and culture are necessary to obtain good business performance. Second, even in the era of Big Data, large companies still use simple rules (heuristics) to make decisions which improve their performance. Finally, the environmental state (uncertain, certain, risky) is a moderating factor in the choice between BDA or Heuristics. The results indicate marketing managers should use a multi-model approach incorporating both BDA and heuristics. © 2023 Informa UK Limited, trading as Taylor & Francis Group.",Big Data Analytics; Heuristic; Marketing; Risk; Uncertainty,Taylor and Francis Ltd.,scopus-big data,2,Thinking AI,"['Big Data Analytics', 'market information', 'competitive intelligence', 'decision making', 'business performance', 'risk', 'data-driven mindset', 'heuristics']","The abstract discusses the application of Big Data Analytics (BDA) in marketing, focusing on transforming data into market information and competitive intelligence, which aligns with the 'Market analysis' aspect of Thinking AI. Additionally, it highlights decision-making processes in risky environments and the choice between BDA and heuristics, indicating strategic analysis in targeting and performance improvement.",0%,0%,100%,0%,0%
Achieving useful data analytics for marketing: Discrepancies in information quality for producers and users of information,Morales-Serazzi M.; González-Benito Ó.; Martos-Partal M.,2023,10.1177/2340944421996343,"This study proposes as a key cause of the high failure rates in the implementation of analytical projects for marketing decisions, the discrepancy in the information quality (DIQ) perceived between producers (information technology [IT]) and users (marketing) of knowledge. Given that the DIQ between agents is a determining factor in the success of the ability to data analytics, this study focuses on examining this concept and its causes, specifically the resources related to data analytics that influence DIQ. The results of the surveys carried out with the IT and marketing managers of 95 companies in Spain, analyzed with a comparative methodological approach (dyadic), reveal the sources of the discrepancy, namely, the quality of the data, the technological capabilities, the talent, Chief Executive Officer (CEO) support, and alignment of the data plan with the marketing plan. JEL CLASSIFICATION M31; M15; D82; L10 © The Author(s) 2021.",alignment; big data; data analytics capacity; discrepancies; Quality information,SAGE Publications Inc.,scopus-big data,6,Thinking AI,"['discrepancy in information quality', 'data analytics', 'marketing decisions', 'technology capabilities', 'CEO support', 'data plan alignment']",The abstract discusses the importance of data analytics in marketing decision-making and the factors influencing the perceived quality of information between IT and marketing teams. This aligns with the focus of Thinking AI on market analysis and targeting by identifying the discrepancies that affect data analytics capability. The emphasis on strategic resources and alignment with marketing plans further supports this classification.,0%,0%,100%,0%,0%
"Online Reviews Meet Visual Attention: A Study on Consumer Patterns in Advertising, Analyzing Customer Satisfaction, Visual Engagement, and Purchase Intention",Riswanto A.L.; Ha S.; Lee S.; Kwon M.,2024,10.3390/jtaer19040150,"This study aims to bridge the gap between traditional consumer behavior analysis and modern techniques by integrating big data analysis, eye-tracking technology, and survey methods. The researchers considered that understanding consumer behavior is crucial for creating effective advertisements in the digital age. Initially, a big data analysis was performed to identify significant clusters of consumer sentiment from online reviews generated during a recent seasonal promotional campaign. The key factors were identified and grouped into the “Product”, “Model”, “Promo”, and “Effect” categories. Using these clusters as a foundation, an eye-tracking analysis measured visual attention metrics such as the fixation duration and count to understand how the participants engaged with the different advertisement content. Subsequently, a survey assessed the same participants’ purchase intentions and preferences related to the identified clusters. The results showed that the sentiment clusters related to products, promotions, and effects positively impacted the customer satisfaction. The eye-tracking data revealed that advertisements featuring products and models garnered the most visual attention, while the survey results indicated that promotional content significantly influenced the purchase intentions. This multi-step approach delivers an in-depth understanding of the factors that affect customer satisfaction and decision-making, providing valuable information for optimizing marketing strategies in the Korean skincare market. The findings emphasize the importance of integrating consumer sentiment analysis with visual engagement metrics to develop more effective and compelling marketing campaigns. © 2024 by the authors.",advertisement campaign; big data analysis; consumer behavior; customer satisfaction; eye-tracking technology; visual attention metrics,Multidisciplinary Digital Publishing Institute (MDPI),scopus-big data,1,Feeling AI,"['consumer behavior', 'customer satisfaction', 'purchase intentions', 'emotional preferences', 'advertisement content']","The abstract emphasizes understanding consumer behavior and emotional engagement with advertisements, indicating a focus on customer understanding and relationalization. The use of eye-tracking data to measure visual attention and the survey assessing purchase intentions align with the objectives of Feeling AI, which seeks to understand emotional needs and tailor marketing approaches accordingly.",60%,20%,20%,0%,0%
"More than words: Do personality, emotion, and lifestyle matter on the wine tourism?",Wang X.; Han G.; Wang Y.; Zheng J.,2024,10.1002/jtr.2667,"In enhancing marketing strategies for wine tourism destinations, this study explores the influence of emotional factors, personality traits, and lifestyle components on the wine tourism experience. Utilizing natural language processing (NLP), over 8000 wine tourism reviews on TripAdvisor.com were analyzed to discern consumers' implicit emotions and personality types. Through extensive big data analyses, relationships between personality types and eight emotional dimensions, as well as associations with lifestyle factors, were examined. Key findings revealed that lifestyle significantly impacts wine visitors' tourism behavior, with leisure being a primary lifestyle factor, while religion has a lesser effect on wine tourism. Additionally, the emotion of joy and the personality of openness emerge as determinants significantly affecting wine tourism decisions. This understanding of the interplay between emotional experiences, personality traits, lifestyle, and wine tourism behaviors enriches theoretical frameworks and offers insights for refining marketing strategies, thereby fostering the growth of wine tourism. © 2024 John Wiley & Sons Ltd.",emotion; lifestyle; natural language processing (NLP); personality; user generated content (UGC); wine tourism,John Wiley and Sons Ltd,scopus-big data,2,Feeling AI,"['emotional factors', 'personality traits', 'lifestyle components', 'emotions', 'joy', 'openness', 'wine tourism experience']","The abstract focuses on understanding the emotional factors and personality traits that influence consumer behavior in wine tourism. It emphasizes the role of emotions like joy and personality traits such as openness in decision-making processes, which aligns closely with the objectives of Feeling AI to understand customer needs and emotional preferences. Additionally, it seeks to refine marketing strategies based on these insights, further emphasizing the relational aspect of customer engagement.",80%,0%,20%,0%,0%
Mapping the marketing analytics landscape: unveiling the diverse proficiencies in marketing and technical know-how among practitioners,Haverila M.; Haverila K.,2024,10.1057/s41270-024-00305-2,"Against the backdrop of the resource-based theory (RBT), this research paper aims to analyze if different types of analytics personnel exist in the context of Big Data Marketing Analytics (BDMA) and to profile the discovered personnel clusters. The study adopted the survey method to collect data in Canada and the United States among the marketing personnel working in firms with at least limited experience in the deployment of BD. The collected data were analyzed with ANOVA and a two-step cluster analysis procedure. The cluster variate included technical, technology management, business/marketing, and relational knowledge constructs with their relevant indicator variables. The profiling of the clusters was also completed. The findings indicate the existence of two sufficiently large clusters among the marketing personnel. They had very different profiles regarding their gender, decision-making role, BD deployment level in their respective firms, and experience level. This research sheds light on the types of marketing analytics personnel required to implement BDMA successfully. The personnel active in BDMA deployment must have relevant experience in technical, technology management, business/marketing, and relational knowledge and possess higher decision-making abilities, which enables their firms to proceed successfully to more advanced levels of BDMA deployment. © The Author(s), under exclusive licence to Springer Nature Limited 2024.",Big Data Marketing Analytics (BDMA); Cluster analysis; Marketing personnel; Profiling,Palgrave Macmillan,scopus-big data,0,Thinking AI,"['analytics personnel', 'Big Data Marketing Analytics', 'decision-making role', 'business/marketing knowledge', 'BD deployment level', 'experience level']","The abstract discusses the analysis of different types of analytics personnel in the context of Big Data Marketing Analytics (BDMA). It emphasizes the importance of experience in technical, technology management, business/marketing, and relational knowledge for successful BDMA deployment. This aligns with the Thinking AI category, which focuses on market analysis and the use of analytics to inform decision-making. The study's findings on personnel profiles related to decision-making and BD deployment further support this classification.",0%,0%,100%,0%,0%
Business interest associations in the USA and Europe: evaluation of digital marketing techniques applied on their websites and social networks,Ponzoa J.M.; Gómez A.; Arilla R.,2025,10.1108/JEC-10-2022-0164,"Purpose: This study aims to develop a proprietary indicator to measure the digital presence of the institutions: the digital presence index. Design/methodology/approach: This research delves into how nonprofit institutions, specifically business interest associations (BIAs), have developed their internet presence by applying essential digital marketing techniques. To this end, and using big data mining tools, this study analyzes the tracking by internet users of 102 BIAs, with their respective websites in 36 countries in Europe and the USA. In addition, the presence and activity of the institutions included in this study on social networks are considered. Findings: This research serves as a basis for discussing the current gap between social reality and the digitalization of institutions. In this sense, conclusions are drawn on the importance of managerial profiles in decision-making on digitization and the necessary knowledge that, together with Web and social network managers, they must have to articulate the means and techniques that promote the internet presence of the organizations they manage. Originality/value: Conclusions are drawn according to the geographical scope of the BIAs, and an argument is made about the difficulties of connection and loss of prominence of this type of institutions among their different target audiences, especially among the youngest and most digitized. © 2022, Emerald Publishing Limited.",Business interest associations; Digital marketing; Digital presence index; Social networks,Emerald Publishing,scopus-big data,0,Thinking AI,"['digital presence', 'digital marketing', 'internet presence', 'social networks', 'managerial profiles', 'decision-making', 'target audiences']","The study focuses on analyzing the digital presence and marketing strategies of nonprofit institutions, specifically BIAs, which aligns with market analysis and targeting. It uses big data mining tools to evaluate online user engagement and the effectiveness of digital marketing techniques, indicating a strategic understanding of market dynamics. The emphasis on decision-making by managerial profiles further supports its classification under Thinking AI.",0%,0%,100%,0%,0%
"Big data empowered agility for dynamic, volatile, and time-sensitive service industries: the case of tourism sector",Stylos N.; Zwiegelaar J.; Buhalis D.,2021,10.1108/IJCHM-07-2020-0644,"Purpose: Dynamic, volatile, and time-sensitive industries, such as tourism, travel and hospitality require agility and market intelligence to create value and achieve competitive advantage. The aim of the current study is to examine the influence of big data (BD) on the performance of service organizations and to probe for a deeper understanding of implementing BD, based on available technologies. Design/methodology/approach: An ethnographic study was conducted following an abductive approach. A primary qualitative research scheme was used with 35 information technology and database professionals participating in five online focus groups of seven participants each. Analytical themes were developed simultaneously with the literature being revisited throughout the study to ultimately create sets of common themes and dimensions. Findings: BD can help organizations build agility, especially within dynamic industries, to better predict customer behavioral patterns and make tailor-made propositions from the BD. An integrated BD-specific framework is proposed to address value according to the dimensions of need, value, time and utility. Research limitations/implications: Little research exists on the key drivers of BD use for dynamic, real-time and agile businesses. This research adds to the developing literature on BD applications to support organizational decision-making and business performance in the tourism industry. Originality/value: This study responds to scholars’ recent calls for more empirical research with contextual understanding of the use of BD to add value in marketing intelligence within business ecosystems. It delineates factors contributing to BD value creation and explores the impacts on the respective service encounters. © 2021, Emerald Publishing Limited.",BD-specific framework; Big data; IT experts; Online focus groups; Tourism organizations,Emerald Group Holdings Ltd.,scopus-big data,145,Thinking AI,"['big data', 'customer behavioral patterns', 'agility', 'market intelligence', 'value creation', 'organizational decision-making', 'business performance', 'tourism industry']","The abstract discusses the influence of big data on service organizations, particularly in the tourism industry. It emphasizes the importance of market intelligence and understanding customer behavioral patterns to create tailored propositions, which aligns closely with the Thinking AI category that focuses on market analysis and targeting. While there are elements of customer understanding, the primary focus is on using data for strategic analysis and business performance enhancement.",10%,10%,80%,0%,0%
A large multi-group decision-making technique for prioritizing the big data-driven circular economy practices in the automobile component manufacturing industry,Kamble S.S.; Belhadi A.; Gunasekaran A.; Ganapathy L.; Verma S.,2021,10.1016/j.techfore.2020.120567,"The present study uses a large group decision-making technique to identify and rank the best big data-driven circular economy (BDDCE) practices in the auto-component industry. The data pertaining to the BDDCE practices were collected from the decision-makers in three groups, namely, purchasing, manufacturing, and logistics & marketing function from the auto-component manufacturing industry. First, the consensus on the BDDCE practices within the group was ascertained followed by determining the decision weights using the percentage distributions and subjective weights. This was followed by the by computing the dominance degrees on pairwise comparisons of the BDDCE practices and ranking them using the PROMETHEE II method. The findings indicated that the BDDCE practices that were more inclined towards the enhancement of internal supply chain integration were most preferred and highly ranked by the decisionmakers in the auto-component industry as compared to the practices that were focused on improving the supplier and customer interfaces such as green purchasing, sale of excess inventory, and developing recycling systems for end-of-life products and materials. The high ranked BDDCE practices included minimization of the raw material consumption, plan for reuse, recycle, recovery of material, parts, and reduction of the process waste at the design stage. © 2020 Elsevier Inc.",Automobile industry; Big Data; Circular economy; Large group decision making; PROMETHEE; Sustainability,Elsevier Inc.,scopus-big data,83,Out of Scope,[],"The study focuses on identifying and ranking big data-driven circular economy practices within the auto-component industry, which does not directly relate to marketing applications of AI. The content primarily revolves around decision-making processes in manufacturing and supply chain integration rather than any marketing-specific strategies or customer engagement.",0%,0%,0%,100%,0%
Applying customer intelligence in marketing: a holistic approach,Dam N.A.K.; Dinh T.L.; Menvielle W.,2024,10.1504/IJADS.2024.137003,"Enterprises have started to adopt and apply customer intelligence, which is acquired through the support of business analytics to capitalise on big data, to optimise marketing decisions. However, little research focuses on holistically applying customer intelligence from defining and acquiring the right type of customer intelligence to applying and evaluating it for optimal outcomes. This paper presents a comprehensive approach to value creation from customer intelligence in marketing. Adapted from Bloom's taxonomy, the proposed approach significantly contributes to identifying the six levels of applying customer intelligence in marketing, including defining relevant types of customer intelligence, building appropriate strategies, identifying customer data, understanding customer analytics, setting key performance indicators for the evaluation purpose, and creating value through business questions and the interactive dashboard.  © 2024 Inderscience Enterprises Ltd.",big data; customer intelligence; holistic approach; interactive dashboard.; marketing decisions,Inderscience Publishers,scopus-big data,1,Thinking AI,"['customer intelligence', 'business analytics', 'marketing decisions', 'strategies', 'customer data', 'customer analytics', 'key performance indicators', 'value creation']","The abstract discusses the application of customer intelligence in marketing, emphasizing the strategic aspects of understanding and utilizing customer data for optimal marketing outcomes. This aligns closely with the focus on market analysis and targeting found in the Thinking AI category. The mention of defining customer intelligence, building strategies, and setting performance indicators indicates a strategic and analytical approach rather than purely mechanical or emotional applications.",5%,10%,85%,0%,0%
The Green Consumption Behavior Process Mechanism of New Energy Vehicles Driven by Big Data—From a Metacognitive Perspective,Chen J.; Liu Q.,2023,10.3390/su15108391,"Green consumption behavior is the embodiment of pro-environmental behavior, which is of great value to curb carbon emissions. However, the existing research on the model construction and quantitative analysis of the psychological process of green consumption behavior needs to be further explored. Therefore, on the basis of green consumption behavior and metacognitive theory, this study constructs a conceptual model of a psychological process with a psychological control source, green consumption attitude, three aspects of metacognition, and green consumption behavior and puts forward the hypothesis of an action mechanism. This study combines text mining technology and expert knowledge to establish a user review mining dictionary and mines the variables in the quantitative conceptual model through word embedding to test empirically the mechanism hypothesis. The results show that psychological control source has a significant impact on green consumption behavior, and green consumption attitude plays a partial mediating role between them. Metacognitive knowledge plays a moderating role between the psychological control source and green consumption behavior; metacognitive experience plays a moderating role between the psychological control source and green consumption attitude. Metacognitive monitoring plays a moderating role between green consumption attitude and green consumption behavior. In view of the above research results, we put forward the following countermeasures and suggestions: For organizations, it is necessary to identify green consumption groups, attach importance to green consumption experience, perform well in green marketing, and improve the competitiveness of green products; for decision makers, it is necessary to control strictly the industry standards of the green product market and perform well not only in the quality supervision of green products but also in the post-market construction of green products. © 2023 by the authors.",green consumption behavior; metacognitive theory; psychological control source; text mining technology,MDPI,scopus-big data,3,Thinking AI,"['green consumption behavior', 'psychological process', 'green consumption attitude', 'metacognition', 'market standards', 'green marketing', 'competitiveness']","The abstract discusses the construction of a conceptual model that analyzes the psychological factors influencing green consumption behavior, which falls under market analysis. The focus is on understanding and analyzing consumer attitudes and behaviors towards green products, which aligns with the 'Thinking AI' category that emphasizes market analysis and targeting. The mention of improving competitiveness of green products also supports this classification.",0%,0%,100%,0%,0%
Towards a Review-Analytics-as-a-Service (RAaaS) Framework for SMEs: A Case Study on Review Fraud Detection and Understanding,Truong Du Chau X.; Toan Nguyen T.; Khiem Tran V.; Quach S.; Thaichon P.; Jo J.; Vo B.; Dieu Tran Q.; Viet Hung Nguyen Q.,2024,10.1177/14413582221146004,"With the advancement of internet technology, customers increasingly rely on online reviews as a valuable source of information. The study aims to develop a marketing data analytics framework to manage online reviews, especially fake reviews, which have become a significant issue undermining the creditability of online review systems. As small and medium-sized enterprises often lack the capabilities to automatically derive customer insights from online reviews, this study proposes a cost-effective, extensible Review-Analytics-as-a-Service (RAaaS) framework that can be operated by non-data specialists to facilitate online review data analytics. We demonstrate the framework’s application by using two datasets with more than 400,000 online reviews from Yelp to simulate live platforms and demonstrate an analytic flow of review fraud detection and understanding. The findings reveal insights into the influence of fake reviews on product ranking and exposure rate. Moreover, it was found that there was a higher concentration of sadness and anger in fake reviews (vs. organic reviews). In addition, fake reviews tend to be shorter, more extreme (with the use of strong adverbs), and have different patterns of topic distribution. This study has important implications for different stakeholder groups including, but not limited to, SMEs, review platforms and customers. © 2023 Australian and New Zealand Marketing Academy.",Big data analytics; fake reviews; marketing decisions; product ranking,SAGE Publications Ltd,scopus-big data,3,Feeling AI,"['online reviews', 'fake reviews', 'customer insights', 'sadness', 'anger', 'customer understanding', 'emotional data']","The abstract primarily focuses on understanding customer behavior through online reviews, particularly the emotional aspects associated with fake reviews. It discusses the presence of sadness and anger in fake reviews compared to organic ones, which aligns with the 'Feeling AI' category that emphasizes customer understanding and emotional analytics. The framework proposed also aims to address customer needs and insights, further supporting this classification.",70%,20%,10%,0%,0%
Data Quality Assurance Begins Before Data Collection and Never Ends: What Marketing Researchers Absolutely Need to Remember,Moore Z.; Harrison D.E.; Hair J.,2021,10.1177/14707853211052183,"Data quality has become an area of increasing concern in marketing research. Methods of collecting data, types of data analyzed, and data analytics techniques have changed substantially in recent years. It is important, therefore, to examine the current state of marketing research, and particularly self-administered questionnaires. This paper provides researchers important advice and rules of thumb for crafting high quality research in light of the contemporary changes occuring in modern marketing data collection practices. This is accomplished by a proposed six-step research design process that ensures data quality, and ultimately research integrity, are established and maintained throughout the research process—from the earliest conceptualization and design phases, through data collection, and ultimately the reporting of results. This paper provides a framework, which if followed, will result in reduced headaches for researchers and more robust results for decision makers. © The Author(s) 2021.",big data; data analytics; data quality; marketing research; research design; research methods; sampling; secondary data; self-administered questionnaires; statistical analysis; structural equation modeling; survey design; survey research,SAGE Publications Ltd,scopus-big data,23,Not Identified,[],"The abstract discusses data quality and research design in marketing research, focusing on the methodology of data collection and analysis rather than specific applications of AI in marketing. While it mentions data collection, it does not fit neatly into the definitions provided for Mechanical AI, Thinking AI, or Feeling AI, as it lacks a clear focus on emotional understanding, market analysis, or automation related to customer engagement. Therefore, it is classified as Not Identified.",0%,0%,0%,0%,100%
"Is mandatory seller disclosure of flood risk necessary? A Brisbane, Australia, case study",Brown C.; Christensen S.; Blake A.; Indraswari K.; Wilson C.; Desouza K.,2023,10.1108/JPPEL-08-2022-0029,"Purpose: Information on the impact of flooding is fundamental to mitigating flood risk in residential property. This paper aims to provide insight into the seller disclosure of flood risk and buyer behaviour in the absence of mandated seller disclosure. Design/methodology/approach: This paper adopts a case study approach to critically evaluate the matrix of flood information available for buyers purchasing residential property in Brisbane, Queensland. This paper uses big data analytic techniques to extract and analyse internet data from online seller agents and buyer platforms to gain an understanding of buyer awareness and consideration of flood risk in the residential property market. Findings: Analysis of property marketing data demonstrates that seller agents voluntarily disclose flood impact only in periods where a flooding event is anticipated and is limited to asserting a property is free of flood risk. Analysis of buyer commentary demonstrates that buyers are either unaware of flood information or are discounting the risk of flood in favour of other property and locational attributes when selecting residential property. Practical implications: This research suggests that improved and accessible government-provided flood mapping tools are not enhancing buyers’ understanding and awareness of flood risk. Accordingly, it is recommended that mandatory disclosure be introduced in Queensland so that buyers are more able to manage risk and investment decisions before the purchase of residential property. Originality/value: This paper contributes to existing literature on raising community awareness and understanding of natural disaster risks and makes a further contribution in identifying mandatory disclosure as a mechanism to highlight the risk of flooding and inform residential property purchasers. © 2023, Emerald Publishing Limited.",Community resilience; Consumer behaviour; Disaster management; Flood risk; Natural hazard,Emerald Publishing,scopus-big data,0,Thinking AI,"['flood risk', 'buyer behaviour', 'seller disclosure', 'market analysis', 'government-provided flood mapping']","The abstract discusses the impact of flooding on residential property markets and emphasizes the need for mandatory seller disclosures to enhance buyer awareness and understanding of flood risks. This aligns closely with the 'Thinking AI' category, as it involves market analysis and the need for strategic recommendations to improve buyer decision-making. The focus on understanding buyer behaviour and the effectiveness of current flood information dissemination further supports this classification.",15%,20%,65%,0%,0%
Exploring the Hotel Experience in a Cultural City through a UGC Analysis,Sánchez-Vargas E.; Campón-Cerro A.M.; Prado-Recio E.; Pasaco-González B.S.; Moreno-Lobato A.,2022,10.3390/su142315695,"A large amount of information is generated on social platforms linked to tourism activity. It is necessary to explore this information using analysis techniques based on Big Data since the result greatly values decision-making. This paper aims to evaluate the titles of the reviews published on Tripadvisor about 3 and 4-star hotels of a World Heritage City (Cáceres, Extremadura, Spain) to outline the attributes most valued by tourists. Content analysis was performed using the user-generated content (UGC) in Tripadvisor, together with techniques that facilitated the processing of the data to discover the most important characteristics assessed by clients during their stays. The analysis shows a positive evaluation of the hotels in the city of Cáceres, highlighting the hotel stay, location, service, and value for money as the most outstanding elements. Based on the results obtained, a recommendation for hotel managers is to focus their communication strategies on location, quality, and price factors. It is worth noting the importance that the implementation of Big Data techniques of analysis has for the sector, allowing for better knowledge of clients and helping to maintain a competitive position in the market. © 2022 by the authors.",content analysis; hotel sector; NVIVO; tourism marketing; user-generated content (UGC),MDPI,scopus-big data,3,Thinking AI,"['Big Data', 'market analysis', 'customer preferences', 'competitive position', 'communication strategies', 'hotel attributes']","The abstract discusses the evaluation of hotel reviews to outline attributes valued by tourists, which aligns with market analysis and understanding competitive advantages. It emphasizes the importance of using Big Data techniques to gain insights into customer preferences and inform communication strategies, which fits under the Thinking AI category focused on market analysis and targeting.",10%,15%,75%,0%,0%
EXPLICATION OF THE ROLE OF DIGITAL TECHNOLOGIES IN MARKETING MANAGEMENT OF A MODERN COMPANY,Dunayev I.; Hromov S.; Tymchenko Y.; Proskurina M.,2022,10.15587/1729-4061.2022.265017,"This study considers the use of digitalization technologies in the management of marketing of a commercial company. As a result, the problem of bringing empirical knowledge about the importance of digitalization technologies in the company’s marketing management to a theoretical model has been solved. Digitalization technologies for implementation in marketing activities were selected and the decomposition of marketing management in a commercial company was performed. On this basis, a theoretical model for assessing the impact of digitalization technologies on the marketing management of a commercial company has been developed. The results of an empirical study based on the developed theoretical model proved the truth of the hypothesis about the positive impact of the spread of the use of digitalization technologies on the marketing management components of commercial companies. The choice of specific digitalization technologies is explained by the essence of marketing as a management activity. Structural decomposition of the marketing management process is explained by traditional management functions and clarifies the criteria for choosing technologies. The results of calculations according to the formed theoretical model are explained by the development of the platform economy and ecosystems, which involve the studied big data technologies, cloud computing and social media, as well as blockchain. The methodical approach to substantiating the role of digitalization technologies proposed in this study is characterized by the use of fundamental provisions on cybernetic systems, management theory, and modern marketing concepts. The obtained results make it possible to find out the presence and direction of the effects of the spread of the use of digitalization technologies in the company’s marketing management and make informed decisions about the business digitalization strategy © 2022, Authors. This is an open access article under the Creative Commons CC BY license",Big data; Blockchain; Cloud computing; Digitalization; Marketing management; Social media,Technology Center,scopus-big data,1,Thinking AI,"['digitalization technologies', 'marketing management', 'theoretical model', 'empirical study', 'impact', 'business digitalization strategy']","The abstract discusses the development of a theoretical model to assess the impact of digitalization technologies on marketing management. This indicates a focus on market analysis and understanding how these technologies can influence marketing strategies, fitting well within the 'Thinking AI' category. The emphasis on empirical research and the implications for targeting and strategic decision-making further supports this classification.",0%,0%,100%,0%,0%
Machine learning based customer meta-combination brand equity analysis for marketing behavior evaluation,Xu Z.; Zhu G.; Metawa N.; Zhou Q.,2022,10.1016/j.ipm.2021.102800,"At present, the focus of marketing research is mostly on the influencing factors, composition, and measurement of brand equity. The meta-combined brand equity analysis is based on two main research perspectives: financial perspective and customer perspective. While the financial perspective is based on the incremental discounted future cash flows that would result from a branded product's revenue over the revenue of an unbranded product, the brand equity from the customer's perspective is the consumer's reaction to brand marketing behavior, the impact on brand knowledge. The decision-making of marketing behaviors often faces choices related to ethics. Therefore, once the moral value of a company through marketing behavior is recognized by consumers, the ethical behavior presented in this article through marketing behavior will make consumers feel more about the brand. How does the brand equity of your customer's products affect you? In this experiment, shopping groups with the same shopping experience were selected. During the survey process, all customers in different periods and the same time were selected as far as possible based on the practicability of the survey. The study survey covered 4 main aspects; customer satisfaction, overall overview of customer satisfaction; the advantages and disadvantages of marketing strategies through quantitative analysis and to put forward reasonable marketing strategy improvement opinions and suggestions to improve customer satisfaction. Using the technique of parameter prediction of the financial industry, the experiment proved that the non-standard promotion behavior, the integrity of the enterprise and the social responsibility are three aspects (P<0.05) that have an impact on the customer's brand equity among the corporate marketing components. It was a detailed study of the current state of brand marketing strategies and customer satisfaction, found key indicators of brands that could improve customer satisfaction, and presented corresponding suggestions for optimizing marketing strategies. It shows that. It has the importance of good guidance and references to improve customer satisfaction in the industry. © 2021",Big Data; Brand equity; Brand marketing; Factor Analysis; Machine learning; Meta-combined approach,Elsevier Ltd,scopus-big data,67,Feeling AI,"['customer satisfaction', 'brand equity', 'ethical behavior', 'consumer reaction', 'social responsibility']","The abstract emphasizes understanding customer satisfaction and the emotional responses of consumers to brand marketing behaviors. It discusses the impact of ethical behavior on brand perception and how these factors influence customer loyalty and satisfaction, which aligns with the focus of Feeling AI on customer understanding and relationalization.",60%,10%,30%,0%,0%
Seize the Opportunity of Targeted Marketing under the Platform Membership Mechanism,Hu L.; Sun X.; Yu H.; Chung S.H.,2024,10.1109/TEM.2022.3169392,"Under the pressure of surging advertising costs and fierce market competition, a growing number of online merchants are trying to implement new advertising strategies to improve advertising efficiency and increase sales. In the context of the widespread acceptance of online platform membership, many merchants who lack the ability of Big Data choose to cooperate with platforms to implement targeted advertising strategy (TA strategy). Under this strategy, merchants can separately push different ads to the members and nonmembers, which breaks the past practice of pushing unified ads to the whole market under mass advertising strategy (MA strategy). The platform can obtain the member-only pricing right from the cooperation to enhance the attractiveness of its membership system and charge a higher advertising fee. This article discusses the interaction between the merchant and the platform and obtains the optimal decisions under MA and TA, respectively. Then, we compare the profit performance, advertising efficiency, and product sales between the two strategies. The result shows that the merchant will adopt TA when the gap in charging standards of the two strategies is narrow. Furthermore, when the gap is moderate, the dominance of TA relies on the small proportion of the member group. In addition, we find that the merchant prefers to reduce (increase) the advertising level to members (nonmembers) under TA, in comparison with MA. Through demand analysis under two strategies, a counterintuitive result shows that, in the TA scenario, the demand for products generated by the member group will decrease with the rise of the matching degree.  © 1988-2012 IEEE.",E-commerce platform; loyalty programs; membership; targeted advertising,Institute of Electrical and Electronics Engineers Inc.,scopus-big data,8,Thinking AI,"['advertising efficiency', 'targeted advertising strategy', 'market competition', 'optimal decisions', 'profit performance', 'demand analysis']","The abstract discusses strategies for improving advertising efficiency and sales through targeted advertising, which aligns with market analysis and targeting. The focus on comparing the profitability and efficiency of different advertising strategies indicates a strategic analysis of the marketing landscape, which is characteristic of Thinking AI. Additionally, the mention of tailored advertising strategies for members and nonmembers suggests an understanding of customer segmentation and targeting.",0%,0%,100%,0%,0%
Shopping Hard or Hardly Shopping: Revealing Consumer Segments Using Clickstream Data,Zavali M.; Lacka E.; De Smedt J.,2023,10.1109/TEM.2021.3070069,"The recent rise of big data analytics is transforming the apparel retailing industry. E-retailers, for example, effectively use large volumes of data generated as a result of their day-to-day business operations data to aid operations and supply chain management. Although logs of how consumers navigate through an e-commerce website are readily available in a form of clickstream data, clickstream analysis is rarely used to derive insights that can support marketing decisions, leaving it an under-researched area of study. Adding to this research stream by exploring the case of a U.K.-based fast-fashion retailer, this article reveals unique consumer segments and links them to the revenue they are capable of generating. Applying the partitioning around medoids algorithm to three random samples of 10 000 unique consumer visits to the e-commerce site of a fast-fashion retailer, six consumer segments are identified. This article shows that although the 'mobile window shoppers' segment consists of the largest consumer segment, it attracts the lowest revenue. In contrast, 'visitors with a purpose,' although one of the smallest segments, generates the highest revenue. The findings of this article contribute to marketing research and inform practice, which can use these insights to target customer segments in a more tailored fashion.  © 1988-2012 IEEE.",Apparel retailing; big data; clickstream data; consumer segmentation; online purchase,Institute of Electrical and Electronics Engineers Inc.,scopus-big data,19,Thinking AI,"['big data analytics', 'consumer segments', 'revenue generation', 'clickstream analysis', 'marketing decisions']","The abstract discusses the use of big data analytics to identify unique consumer segments and their respective revenue capabilities, which aligns with the market analysis and targeting focus of Thinking AI. The article emphasizes deriving insights from consumer behavior data to support marketing decisions, indicating a strategic approach to market analysis and segment targeting.",0%,15%,85%,0%,0%
The role of absorptive capacity and big data analytics in strategic purchasing and supply chain management decisions,Patrucco A.S.; Marzi G.; Trabucchi D.,2023,10.1016/j.technovation.2023.102814,"Big data analytics (BDA) is widely used in sales, marketing, distribution, and finance; however, its implementation in supply chain management, specifically in purchasing and supply management (PSM), has been slow and uneven. This study investigates the impact of BDA on strategic PSM decisions and how it interacts with a company's absorptive capacity. We conducted a survey of 222 purchasing and supply chain managers in international companies across various industries. Using structural equation modeling, we found that the exploration, assimilation, and transformation capabilities of purchasing departments are crucial in facilitating the use of BDA for strategic decision-making in PSM. Companies that excel in BDA in the PSM space are better equipped to capitalize on new and existing knowledge sources, which improves their performance. However, only businesses with the right resources can fully leverage BDA for high-level strategic decision-making; when BDA is applied to operational PSM activities, the desired effects may not be achieved. © 2023 Elsevier Ltd",Absorptive capacity; Big data analytics; Knowledge management; Purchasing management; Supply chain management,Elsevier Ltd,scopus-big data,22,Not Identified,"['big data analytics', 'strategic PSM decisions', 'absorptive capacity', 'survey', 'purchasing departments', 'decision-making', 'performance']","The abstract discusses the impact of big data analytics on purchasing and supply management, focusing on strategic decision-making and absorptive capacity. However, it does not clearly align with the emotional understanding, automated processes, or targeted market analysis defined in the categories. The content primarily revolves around operational and strategic aspects of supply chain management rather than direct marketing applications.",0%,0%,0%,0%,100%
Bridging the marketing-finance divide: use of customer voice in managerial decision-making,Saxena D.; Brady M.; Lamest M.; Fellenz M.,2022,10.1108/QMR-09-2020-0113,"Purpose: This study aims to provide more insight into how customer voice is captured and used in managerial decision-making at the marketing-finance interface. This study’s focus is on understanding how the customer voice, often communicated through online and social media platforms, is used in high-performing hotels. Design/methodology/approach: This research is based on a case study of four high-performing Irish hotels. For each case, multiple informants, including marketing managers, general managers and finance managers, were interviewed and shadowed. Twenty seven decisions across the four cases were analysed to assess the use of customer voice in managerial decision-making. Findings: Social media provides a stage that has empowered the customer voice because of the public nature of the interaction and the network effect. Customer voice is incorporated in managerial decision-making in three distinct ways – symbolically as part of an early warning system, for action-oriented operational decisions and to some extent in the knowledge-enhancing role for tactical decisions. While there is a greater appreciation among senior managers and the finance and accounting managers of the importance of customer voice, this study finds clear limits in its utilisation and more reliance on traditional finance and accounting data, especially in strategic decision-making. Research limitations/implications: The cases belong to a highly visible open environment of hotels in an industry where customer voice has immediate and strong effects. The findings may not directly apply to industries characterised by a relatively more closed context such as banking or insurance. Moreover, the findings reflect the practices of high-performing hotels and do not necessarily capture the practices used in less successfully operating hotels. Practical implications: While marketers need to enhance their ability to create a narrative that links the customer voice to revenue generation, finance managers also need to develop a skillset and adopt a mindset that appropriately reflects the influential role for customer voice in managerial decision-making. Originality/value: Despite the linkage of marketing performance to business performance, there is limited research on the impact of customer information on managerial decision-making. This research provides insight into how customer voice is considered at the critical marketing-finance interface. © 2022, Deepak Saxena, Mairead Brady, Markus Lamest and Martin Fellenz.",Big data; Customer voice; Managerial decision-making; Marketing-finance interface; Service decisions; Social media,Emerald Group Holdings Ltd.,scopus-big data,5,Feeling AI,"['customer voice', 'managerial decision-making', 'emotional needs', 'social media', 'customer interaction']","The abstract discusses the importance of the customer voice in managerial decision-making, particularly at the marketing-finance interface, which aligns with the focus on understanding customer needs and wants. It emphasizes how customer feedback from social media is used to inform operational and tactical decisions, reflecting an understanding of customer emotions and preferences. This aligns closely with the 'Feeling AI' category which focuses on customer understanding and relationalization.",70%,10%,20%,0%,0%
A pricing optimization modelling for assisted decision making in telecommunication product-service bundling,Zakaria A.F.; Lim S.C.J.; Aamir M.,2024,10.1016/j.jjimei.2024.100212,"Product service bundle (PSB) is a marketing strategy that offers attractive product-service packages with competitive pricing to ensure sustained profitability. However, designing suitable pricing for PSB is a non-trivial task that involves complex decision-making. This paper explores the significance of pricing optimization in the telecommunication industry, focusing on product-service bundling (PSB). It delves into the challenges associated with pricing PSB and highlights the transformative impact of big data analytics on decision-making for PSB strategies. The study presents a data-driven pricing optimization model tailored for designing appropriate pricing structures for product-service bundles within the telecommunication services domain. This model integrates customer preference knowledge and involves intricate decision-making processes. To demonstrate the feasibility of the proposed approach, the paper conducts a case study encompassing two design scenarios, wherein the results reveal that the model offers competitive pricing compared to existing telecommunication service providers, facilitating PSB design and decision-making. The findings from the case study indicate that the data-driven pricing optimization model can significantly aid PSB design and decision-making, leading to competitive pricing strategies that open avenues for new market exploration and ensure business sustainability. By considering both product and service features concurrently, the proposed model provides a pricing reference for optimal decision-making. The case study validates the feasibility and effectiveness of the approach within the telecommunication industry and highlights its potential for broader applications. The model's capability to generate competitive pricing strategies offers opportunities for new market exploration, ensuring business growth and adaptability. © 2024 The Author(s)",Bundle pricing; Pricing decision; Product service bundle; PSB; Service design,Elsevier B.V.,scopus-big data,6,Mechanical AI,"['pricing optimization', 'product-service bundling', 'data-driven pricing', 'competitive pricing', 'customer preference knowledge']","The abstract discusses a data-driven pricing optimization model for product-service bundles in the telecommunication industry. This involves automated processes for setting competitive pricing and integrating customer preferences, aligning closely with the Mechanical AI category, which focuses on standardization and automation of pricing processes.",10%,70%,20%,0%,0%
"The impact of the decision-making role on perceived satisfaction, value for money, and reinvest intentions at varying levels of perceived financial performance in the context of Big Data Marketing Analytics",Haverila K.; Haverila M.; Rangarajan A.,2024,10.1080/10696679.2024.2305445,"Business resources and processes such as Big Data Marketing Analytics (BDMA) are becoming increasingly focused on meeting the needs and objectives of customers. Consequently, this research aims to use PLS-SEM to explain the interaction and relationships between the core user-centric performance measures of BDMA, such as user satisfaction, value for money and reinvestment intention. Also, the significance of the decision-making role was explored in this context. Finally, the impact of perceived financial performance was investigated to see its impact on the examined relationships. The impact of value for money on user satisfaction, the impact of the decision-making role on user satisfaction, and finally, the impact of the decision-making role on the reinvestment intentions were found to be significant for individuals who scored either low or high perceived financial performance. Furthermore, all the observed relationships in the dataset were positive, whereas only three were positive and significant for individuals who scored low on perceived financial performance. Overall, it is clear that perceived financial performance has a vital role in BDMA deployment, where understanding the influence of user authority in decision-making enables managers to design better organizational plans by integrating inputs from multiple organizational cross-layers. Also, the results indicate that a user’s decision-making role influences user-centric measures in BDMA deployment, which reveals how user perceptions and authority play a vital role in the context of BDMA in firms. © 2024 Taylor & Francis Group, LLC.",,Routledge,scopus-big data,1,Feeling AI,"['user satisfaction', 'value for money', 'decision-making role', 'perceived financial performance', 'customer needs', 'user perceptions', 'user-centric measures']","The abstract discusses the importance of user satisfaction and the influence of perceived financial performance on user-centric measures in Big Data Marketing Analytics (BDMA). It emphasizes understanding customer needs and the emotional aspects of user perceptions, aligning closely with the focus on customer understanding and relationalization found in Feeling AI. The analysis of user authority in decision-making also indicates a deeper emotional engagement with customers.",60%,10%,20%,0%,10%
USING BIG DATA TO MODEL TIME-VARYING EFFECTS FOR MARKETING RESOURCE (RE)ALLOCATION,Saboo A.R.; Kumar V.; Park I.,2016,10.25300/MISQ/2016/40.4.06,"Marketing resource allocation has been a topic of intense scrutiny, yet the literature on the topic has not paid adequate attention to the fact that the effectiveness of marketing-mix elements varies over time. Despite the fact that firms collect volumes of data on their customers, existing estimation approaches do not readily lend themselves to modeling the temporal variations for big data and provide little guidance to managers in terms of their resource allocation decisions. We address this gap and argue that marketing-mix effectiveness varies with the evolution of the consumer–brand relationship and explicitly model these temporal variations using a time-varying effects model (TVEM) that accounts for self-selection of customers into receiving marketing communications and endogeneity of the number of such communications. The proposed TVEM framework handles the complexities associated with big data analytics and provides novel insights for data-driven decision making. We combine transaction data from a Fortune 500 retailer with demographic information obtained from Acxiom Corp for over a quarter million customers to test our framework. The results provide strong support for our proposed framework. Specifically, we find that the influence of marketing mailers, other transaction characteristics (coupon redemption, returns, and cross-buy), and demographic factors (age, income, household size, and interests) on sales varies significantly over the customer life cycle and ignoring such temporal variations can lead to gross misallocation of marketing investments. Specifically, our results suggest that firms can increase their revenues by over 17 percent by just reallocating their resources based on the proposed framework. To facilitate adoption of our proposed framework, we provide guidance and actionable insights for managerial relevance. © 2016 University of Minnesota. All rights reserved.",big data; direct marketing; dynamic marketing resource allocation; dynamic models; marketing-mix effectiveness; time series models; Time-varying effect model; TVEM,University of Minnesota,scopus-big data,71,Thinking AI,"['marketing resource allocation', 'effectiveness', 'time-varying effects model', 'data-driven decision making', 'customer life cycle', 'revenue increase']","The abstract discusses the effectiveness of marketing mix elements over time and how this impacts resource allocation decisions. It emphasizes the use of a time-varying effects model (TVEM) to analyze marketing strategies based on transactional and demographic data, which aligns with the focus on market analysis and targeting in Thinking AI. The insights provided aim to enhance decision making and increase revenues, which also supports strategic analysis and competitive advantage.",0%,0%,100%,0%,0%
Mobile targeting in industrial marketing: Connecting with the right businesses,Feng X.; Li Y.; Lin X.; Ning Y.,2020,10.1016/j.indmarman.2019.06.007,"Although the existing literature has acknowledged the importance of mobile marketing, few scholars have examined the efficacy of mobile targeting. This paper contributes to the burgeoning literature on mobile targeting by investigating the effects of customer mobile habits and social capital on firm sales. Leveraging unique customer mobile browsing data from a major telecom service provider in China, we use a Bayesian SEM (structural equation modeling) approach to show that customer mobile habits and social capital exert significant influences on customers' purchase intentions. Specifically, customers who engage in more hedonic mobile behaviors, such as social networking, video browsing, and gaming are associated with a higher probability of purchasing, controlling for the usage of communications apps including messaging and emailing apps, and the usage of functional apps, such as maps, living services, and app market apps. Additionally, our research results reveal a significant positive effect of social capital on firms' sales performance. These findings offer important insights that are often missing from organizational targeting campaign designs in terms of targeting both the right customers and the right business alliance partners and enable a better understanding of managerial and decision-making implications in the context of the B2B market in general. © 2019 Elsevier Inc.",Bayesian SEM; Big data; Hedonic value; Mobile habits; Mobile targeting; Social capital,Elsevier Inc.,scopus-big data,15,Thinking AI,"['mobile habits', 'social capital', 'purchase intentions', 'sales performance', 'targeting', 'customer preferences']","The abstract discusses the effects of customer mobile habits and social capital on firm sales, suggesting a focus on market analysis and targeting strategies. It highlights how specific customer behaviors correlate with purchase intentions, aligning closely with the examples of using marketing analytics to identify the best target and competitive advantages. The findings emphasize managerial implications for targeting the right customers and business partners, which are key elements of the Thinking AI category.",10%,5%,85%,0%,0%
Soul and machine (learning),Proserpio D.; Hauser J.R.; Liu X.; Amano T.; Burnap A.; Guo T.; Lee D.D.; Lewis R.; Misra K.; Schwarz E.; Timoshenko A.; Xu L.; Yoganarasimhan H.,2020,10.1007/s11002-020-09538-4,"Machine learning is bringing us self-driving cars, medical diagnoses, and language translation, but how can machine learning help marketers improve marketing decisions? Machine learning models predict extremely well, are scalable to “big data,” and are a natural fit to analyze rich media content, such as text, images, audio, and video. Examples of current marketing applications include identification of customer needs from online data, accurate prediction of consumer response to advertising, personalized pricing, and product recommendations. But without the human input and insight—the soul—the applications of machine learning are limited. To create competitive or cooperative strategies, to generate creative product designs, to be accurate for “what-if” and “but-for” applications, to devise dynamic policies, to advance knowledge, to protect consumer privacy, and avoid algorithm bias, machine learning needs a soul. The brightest future is based on the synergy of what the machine can do well and what humans do well. We provide examples and predictions for the future. © 2020, Springer Science+Business Media, LLC, part of Springer Nature.",Knowledge; Machine learning; Marketing applications,Springer,scopus-big data,13,Thinking AI,"['machine learning', 'marketing decisions', 'predict consumer response', 'customer needs', 'personalized pricing', 'product recommendations']","The abstract discusses how machine learning can enhance marketing decisions by analyzing data to identify customer needs, predict responses to advertising, and personalize pricing and recommendations. These applications align closely with the 'Thinking AI' category, which focuses on market analysis, targeting, and personalization. The need for human insight to complement machine capabilities further emphasizes the strategic thinking involved in marketing.",15%,25%,60%,0%,0%
A dynamic capability view of marketing analytics: Evidence from UK firms,Cao G.; Duan Y.; El Banna A.,2019,10.1016/j.indmarman.2018.08.002,"While marketing analytics plays an important role in generating insights from big data to improve marketing decision-making and firm competitiveness, few academic studies have investigated the mechanisms through which it can be used to achieve sustained competitive advantage. To close this gap, this study draws on the dynamic capability view to posit that a firm can attain sustained competitive advantage from its sensing, seizing and reconfiguring capabilities, which are manifested by the use of marketing analytics, marketing decision-making, and product development management. This study also examines the impact of the antecedents of marketing analytics use on marketing related processes. The analysis of a survey of 221 UK firm managers demonstrates: (a) the positive impact of marketing analytics use on both marketing decision-making and product development management; (b) the effect of the latter two on sustained competitive advantage; (c) the indirect effect of data availability on both marketing decision-making and production development management; and (d) the indirect effect of managerial support on marketing decision-making. The research model proposed in this study provides insights into how marketing analytics can be used to achieve sustained competitive advantage. © 2018 Elsevier Inc.",Dynamic capability view; Marketing analytics; Marketing decision-making; Product development management; Sustained competitive advantage,Elsevier Inc.,scopus-big data,91,Thinking AI,"['marketing analytics', 'decision-making', 'competitive advantage', 'sensing capabilities', 'data availability', 'product development management', 'managerial support']","The abstract discusses the use of marketing analytics in enhancing marketing decision-making, product development management, and ultimately achieving sustained competitive advantage. This aligns closely with the focus of Thinking AI on market analysis and competitive advantages. The findings indicate the positive impact of marketing analytics on strategic processes, which is characteristic of Thinking AI applications.",0%,0%,100%,0%,0%
A hierarchical framework for ad inventory allocation in programmatic advertising markets,Li J.; Ni X.; Yuan Y.; Wang F.-Y.,2018,10.1016/j.elerap.2018.09.001,"Enabled by the big data driven user profiling and precision bidding techniques, online programmatic advertising markets have evolved from the traditional website-buying or ad-slot-buying models to a fine-grained and real-time trading model at the level of ad impressions (i.e., ad inventory). As a result, Web publishers are now facing a challenging decision of allocating the ad inventory across multiple advertising models, which has a direct and important influence on both their individual revenues, and the market-wide supply-demand balance. In this paper, we propose a novel hierarchical ad inventory allocation framework (AIAF), taking into consideration the possible scenarios of ad inventory allocation in programmatic advertising markets. AIAF explicitly captures the specific features of ad inventory allocation in each of three levels (i.e., channel level, market level and platform level), and also their influence-feedback effects. We present the general solution process for solving this model on the basis of its property analysis. An illustrative instantiation of our AIAF model is formulated to demonstrate its applications in supporting publishers’ decision-making on the ad inventory allocation. We also conduct experiments based on empirical data so as to validate the model and analysis. Our research findings indicate that 1) our AIAF model outperforms other single-level and two-level allocation strategies; 2) the fine-grained optimization is superior to that of the coarse-grained level; 3) allocation decisions should be made on the basis of the comparative marginal revenue instead of the absolute marginal revenue. © 2018 Elsevier B.V.",Ad inventory; Header bidding; Private marketplace; Programmatic advertising; Real-time bidding,Elsevier B.V.,scopus-big data,11,Thinking AI,"['ad inventory allocation', 'market-wide supply-demand balance', 'decision-making', 'optimization', 'marginal revenue']","The abstract discusses a model for optimizing ad inventory allocation in programmatic advertising markets, which involves market analysis and strategic decision-making. It focuses on the comparative analysis of revenue from different allocation strategies, indicating a strong emphasis on market analysis and targeting, which aligns with the definitions of Thinking AI.",0%,0%,100%,0%,0%
Dynamic cooperation strategies of the closed-loop supply chain involving the internet service platform,Xiang Z.; Xu M.,2019,10.1016/j.jclepro.2019.01.310,"In the age of “Internet+” many Internet service platforms (ISPs) in China have been widely introduced to the closed-loop supply chain (CLSC). To further study the role of the Internet service platform, this paper considers a CLSC composed of a manufacturer, a retailer and an Internet service platform who invests in research and development (R&D), advertising and Big Data marketing, and develops the goodwill dynamic model based on the differential game theory. The construction of a goodwill dynamic model has two purposes, namely, to increase sales and the return rate. The optimal decisions for 3 players under two different cooperative scenarios are obtained, namely, the retailer payment scenario (scenario D) and the manufacturer cost-sharing scenario (scenario S). The supply chain members gain more profit or achieve a higher level of goodwill for products under certain conditions, i.e., a high residual value from remanufacturing, a high sharing rate of residual value from the retailer's recycled products, and a low recycling cost. Interestingly, the wholesale price increases with the residual value of recycled products when goodwill effectiveness is low, while the price declines when goodwill effectiveness is high. After comparing two cooperative scenarios, the result shows that an Internet service platform will invest more in Big Data marketing under the manufacturer cost-sharing scenario, and cooperation between the manufacturer and the Internet service platform can help improve the goodwill of enterprises or products. Moreover, the manufacturer cost-sharing scenario is payoff-Pareto-improving in most cases through the coordination of a cost-sharing rate, and the effectiveness of Big Data marketing exerts a positive effect on goodwill and the development of the industry. In addition, the retailer has “free rider” tendencies in the manufacturer cost-sharing scenario. The results encourage more enterprises to enhance the value of goodwill through cooperation with Internet service platforms because Internet service platforms conveniently utilize Big Data marketing to increase the sales of products and the collecting rate of used products, which in turn helps environmental sustainability. © 2019 Elsevier Ltd",Big data marketing; Closed-loop supply chain; Differential game; Internet service platform,Elsevier Ltd,scopus-big data,70,Thinking AI,"['Big Data marketing', 'goodwill', 'market analysis', 'cooperation', 'manufacturer cost-sharing', 'retailer payment scenario', 'optimal decisions']","The abstract discusses the implementation of an Internet service platform within a closed-loop supply chain, focusing on decision-making processes related to marketing strategies, R&D investments, and cooperation between the manufacturer and retailer. It emphasizes the role of Big Data marketing in enhancing goodwill and sales, aligning with the market analysis and targeting aspects of Thinking AI. The mention of optimal decisions under different scenarios reflects strategic analysis rather than automated processes or emotional understanding.",0%,0%,100%,0%,0%
Perspectives on big data,Weinberg B.D.; Davis L.; Berger P.D.,2013,10.1057/jma.2013.20,"There is much hype associated with the term ‘Big Data’ (BD), and much opportunity in the data that are associated with that term, along with the tools and techniques in existence and being developed to leverage it for decision making and improving the condition of living beings, firms and society. However, many are not clear on what are, or what is meant by the term, ‘Big Data’. The focus of this research was to explore the meaning of BD and to identify important paths of research on BD. As part of this process, we called upon a diverse set of marketing scholars who possess expertise and special insights. We discovered that different communities have different perspectives. It could be argued that they are all correct as they reflect the preferred perspectives of different communities. We find it helpful to think of BD as a term that represents a period of time or era, a process, and data that are from a variety of sources, of various structures or forms, and in a variety of locations. Important research questions and issues related to BD are discussed. © 2013 Macmillan Publishers Ltd.",Big data; Marketing; Research opportunities,Palgrave Macmillan Ltd.,scopus-big data,29,Not Identified,"['Big Data', 'decision making', 'marketing scholars', 'perspectives', 'research questions']","The abstract discusses the concept of Big Data, its implications, and the varying perspectives of different communities, but it does not specifically align with the applications of AI in marketing as outlined in the defined categories. While it touches on decision-making and research questions relevant to marketing, it lacks a clear focus on automation, emotional understanding, or strategic analysis as defined in the categories. Therefore, it does not fit cleanly into any of the identified categories.",0%,0%,0%,0%,100%
Predictive analytics in employee churn: A systematic literature review,Ekawati A.D.,2019,,"The increase of capacity in the collection, storing, and analyzing the massive volume of data due to the rapid advancement of information technology has changed how the decision-makers in organizations approach their work. Human Resource Information Systems provide a lot of data on the employees, but there are still a few best practices on how to make use the abundant data for better decision making in Human Resources area. This limited implementation is mostly due to the decision making process in Human Resources is highly depended on the intuition, the use of advanced data analytics is still in the very early stage of implementation which is left behind in comparison to the use of advanced analytics in other areas such as Marketing, Sales or Finance. This article answers the question on how is the current implementation of predictive analytics in employee churn or employee turnover which is one of the most discussed topics in Human Resources Management, and which method of predictive analytics are better to use in predicting the employee churn. The answers of these questions are obtained from the result of a systematic literature review on the scholarly articles related to the topic published from 2000 to 2018 in major databases such as IEEE, ACM, Science Direct, Emerald and Willey Online. © 2019 Allied Business Academies.",Big data; Employees churn; Human resource analytics; Intelligent human resource systems; Predictive modeling,Allied Business Academies,scopus-big data,21,Not Identified,"['predictive analytics', 'employee churn', 'decision making', 'Human Resources', 'data analytics']","The abstract discusses the application of predictive analytics in Human Resources, particularly focusing on employee churn. While it touches on data collection and decision-making processes, it lacks a direct link to marketing-specific applications or customer-related emotional insights. The content is centered on organizational decision-making in HR rather than marketing strategies, thus it does not fit neatly into the defined categories.",0%,0%,0%,100%,0%
Big data-driven framework for viral churn prevention: A case study,Lucantoni L.; Antomarioni S.; Bevilacqua M.; Ciarapica F.E.,2020,10.24425/mper.2020.134930,"The application of churn prevention represents an important step for mobile communication companies aiming at increasing customer loyalty. In a machine learning perspective, Customer Value Management departments require automated methods and processes to create marketing campaigns able to identify the most appropriate churn prevention approach. Moving towards a big data-driven environment, a deeper understanding of data provided by churn processes and client operations is needed. In this context, a procedure aiming at reducing the number of churners by planning a customized marketing campaign is deployed through a data-driven approach. Decision Tree methodology is applied to drow up a list of clients with churn propensity: in this way, customer analysis is detailed, as well as the development of a marketing campaign, integrating the individual churn model with viral churn perspective. The first step of the proposed procedure requires the evaluation of churn probability for each customer, based on the influence of his social links. Then, the customer profiling is performed considering (a) individual variables, (b) variables describing customer-company interactions, (c) external variables. The main contribution of this work is the development of a versatile procedure for viral churn prevention, applying Decision Tree techniques in the telecommunication sector, and integrating a direct campaign from the Customer Value Management marketing department to each customer with significant churn risk. A case study of a mobile communication company is also presented to explain the proposed procedure, as well as to analyze its real performance and results. © 2020 Polish Academy of Sciences. All rights reserved.",Big Data Analytics; Customer Value Management; ICT sector; Machine Learning; Probability Estimation Trees,Polska Akademia Nauk,scopus-big data,1,Thinking AI,"['churn prevention', 'customer loyalty', 'marketing campaigns', 'customer profiling', 'decision tree', 'churn propensity', 'data-driven approach']","The abstract emphasizes the use of machine learning and data-driven methodologies to analyze customer behavior and develop targeted marketing campaigns aimed at preventing churn. This aligns closely with the definitions under the Thinking AI category, particularly in terms of market analysis and targeting, where the focus is on using analytics to identify customer needs and appropriate strategies. The project involves creating a customer churn model and profiling customers based on various data inputs, which directly relates to strategic analysis in marketing.",10%,20%,70%,0%,0%
"BBC Arabic, Social Media and Citizen Production: An Experiment in Digital Democracy before the Arab Spring",Gillespie M.,2013,10.1177/0263276413482382,"This article examines an innovative experiment in democratizing international broadcasting through embracing a participatory model of production. In spring 2010, a political debate television series was co-created by BBC Arabic and citizen producers, using social media tools. Based around interviews with prominent political and controversial public figures, the programme (G710) was broadcast weekly on satellite TV across the Middle East and the Arabic-speaking world. Combining collaborative ethnography with corporate ‘big data’ analysis, the research team followed the experiment from conception to premature closure. The article argues that the kinds of digital tools deployed in producing the programme, and used by BBC audience research to monitor user practices in real time, have become essential to corporate processes of BBC World Service governance and management procedures, business strategy, accountability measures, marketing practices and editorial decision-making. They act as change agents, presenting methodological problems and opportunities for the BBC's audience researchers and academic researchers, as well as symbolizing the contradictory logic of empowerment and surveillance. © 2013, SAGE Publications. All rights reserved.",Arab Spring; BBC Arabic; digital democracy; international broadcasting; real-time media monitoring; social media,,scopus-big data,17,Out of Scope,"['participatory model', 'social media tools', 'audience research', 'digital tools', 'corporate processes', 'governance', 'management procedures']","The abstract focuses on an innovative experiment related to international broadcasting and audience engagement rather than marketing directly. The themes of participatory media production, corporate governance, and the use of digital tools for research do not align with the marketing-centric applications of AI defined in the categories. The focus is more on media and communication rather than marketing strategies or customer engagement.",0%,0%,0%,100%,0%
Abuse of Dominance in Non-Negotiable Privacy Policy in the Digital Market,Wahyuningtyas S.Y.,2017,10.1007/s40804-017-0084-0,"Personal data and its use have become the front-line of businesses in the digital market. With the potential to be extracted for information, making this available for various purposes, big data transforms into a powerful tool for data controllers for effective marketing, defining strategic business decisions, and establishing a strong foothold in the market. The use of personal data for targeted marketing exemplifies this. While privacy has been subject to the regime of privacy protection, privacy violation might entangle competition law analysis when it involves abuse of market dominance. This paper addresses these problems by discussing three key issues: first, how competition law addresses the use of personal data as the new frontier of innovation and competition; second, whether big data plays a role to qualify dominance; and third, if non-negotiable policy on privacy infringes the prohibition of dominance abuse under competition law. © 2017, T.M.C. Asser Press.",Abuse of dominance; Competition law; Digital market; Non-negotiable privacy policy,Springer International Publishing,scopus-big data,1,Thinking AI,"['personal data', 'targeted marketing', 'big data', 'competition law', 'dominance', 'privacy violation']","The abstract discusses the use of personal data in marketing and how it affects competition law. It focuses on market analysis regarding the use of big data for strategic business decisions, which aligns with the Thinking AI category. The emphasis on competition and the role of personal data in defining market dominance suggests a focus on market analysis and targeting, rather than emotional engagement or automated processes.",0%,0%,100%,0%,0%
Increasing the effectiveness of procurement decisions: The value of big data in the procurement process,Moretto A.; Ronchi S.; Patrucco A.S.,2017,10.3233/RFT-171670,"Big data are a commonly discussed topic, and their value in marketing and sales has been thoroughly investigated. Although some authors have also discussed their relevance to purchasing and supply management, the literature on this topic remains scant. This paper aims to investigate the role of big data in supporting the procurement process and the implementation of procurement practices. The main benefits of such procurement practices for companies are highlighted. By presenting the results of a focus group of procurement professionals and experts and discussing four exploratory case studies (supported by secondary data analysis), the paper addresses 1) how (and in which format) big data affects different activities in the procurement process and 2) which benefits procurement professionals can expect from adopting big data. © 2017 - IOS Press and the authors. All rights reserved.",big data analytics; procurement process; Purchasing and supply management,IOS Press,scopus-big data,41,Out of Scope,"['big data', 'procurement process', 'purchasing', 'supply management', 'data analysis']","The abstract primarily discusses the role of big data in procurement and supply management, which are not directly related to marketing applications. The focus is on how big data supports procurement processes rather than any marketing-specific strategies such as customer engagement or targeting, thus falling outside the defined categories.",0%,0%,0%,100%,0%
Application of Customer Segmentation for Electronic Toll Collection: A Case Study,Qian C.; Yang M.; Li P.; Li S.,2018,10.1155/2018/3635107,"Applying big data technology, this study presents a customer segmentation method of Electronic Toll Collection (ETC) based on vehicle behavioral characteristics. A segmentation index system of ETC customers comprising Recency, Frequency, and Monetary is extracted and constructed using ETC data. The whole-sample clustering analysis of ETC customers is accomplished with the Clustering LARge Applications (CLARA) algorithm while overcoming the invalidation problem of big data clustering. A decision tree on ETC customer segmentation is constructed and transformed into a set of segmentation rules. Empirical results indicate that the proposed method is better able to analyze travel characteristics and to present values and appreciation potentials for ETC customer classification. This method provides an innovative idea for implementing precision marketing and establishing hierarchical discount rates for ETC customers. Furthermore, it provides theoretical support to increase the ETC customer scale and payment ratio, thus improving the decision-making level in expressway operation and management. © 2018 Chao Qian et al.",,Hindawi Limited,scopus-big data,8,Mechanical AI,"['customer segmentation', 'big data', 'clustering', 'ETC data', 'decision tree', 'segmentation rules', 'precision marketing']","The abstract discusses a method of customer segmentation for Electronic Toll Collection (ETC) using big data technology, focusing on data characteristics and clustering analysis. It emphasizes automating the process of analyzing customer behavior and creating segmentation rules. This aligns closely with the Mechanical AI category, which focuses on data collection, segmentation, and standardization of processes.",0%,80%,20%,0%,0%
Geospatial analytics for federally managed tourism destinations and their demand markets,Supak S.; Brothers G.; Bohnenstiehl D.; Devine H.,2015,10.1016/j.jdmm.2015.05.002,"Understanding geospatial demand for destinations can improve management decisions affecting destination planning, marketing, natural preservation, and resident as well as visitor experiences. Visualization and analysis of demand markets are significantly enhanced by the capabilities of Geographic Information System (GIS) technology and help to support management objectives. This study implements traditional desktop GIS as well as a free, web-delivered decision-support tool for tourism planning and marketing to assess ~7.5 million overnight accommodation reservations made for federal recreational facilities between 1999 and 2007. Visitor origin frequency and median travel distance for overnight accommodations are summarized by visitor zip code and by facility. National results indicate: (1) facilities in the west, the Great Lakes and the southern Appalachians regions draw overnight visitors from the greatest median distances; (2) residents in the Northeast have the lowest per-capita utilization; (3) residents within the south-central Midwest and central-west Southern States have the highest percapita utilization and tend strongly toward local overnight reservations. Three selected national park regions are used to illustrate destinations characterized by highly localized utilization (Hot Springs National Park, AR), both local and regional utilization (Yosemite National Park, CA) and regionally to nationally dispersed utilization with few local residents reserving overnight accommodations (Canyonlands National Park, UT). Market profiling derived from local, regional and national customer origin markets can help any tourism destination, including national parks and their gateway communities, make smarter management and marketing decisions. © 2015 Elsevier Ltd.",Big data analytics; Destination marketing; Geospatial supply and demand; GIS; National parks and gateway communities; Open source,Elsevier Ltd,scopus-big data,31,Thinking AI,"['geospatial demand', 'market profiling', 'tourism planning', 'marketing', 'visitor origin frequency', 'median travel distance']","The abstract discusses the use of Geographic Information System (GIS) technology to analyze geospatial demand for tourism destinations, which aligns with market analysis and targeting strategies. It emphasizes the understanding of visitor patterns and market profiling, enabling smarter management and marketing decisions, which are key aspects of Thinking AI. The focus is less on automation or emotional understanding, making this classification appropriate.",0%,0%,100%,0%,0%
Big data,Leddy P.E.,2015,,[No abstract available],,"Rodman Publishing, Corp.",scopus-big data,0,Not Identified,[],"The abstract does not provide any content to analyze or classify. Without specific information or context, it is impossible to determine any relevant keywords or categorize the article accordingly.",0%,0%,0%,0%,100%
Identifying influencers on social media,Harrigan P.; Daly T.M.; Coussement K.; Lee J.A.; Soutar G.N.; Evers U.,2021,10.1016/j.ijinfomgt.2020.102246,"The increased availability of social media big data has created a unique challenge for marketing decision-makers; turning this data into useful information. One of the significant areas of opportunity in digital marketing is influencer marketing, but identifying these influencers from big data sets is a continual challenge. This research illustrates how one type of influencer, the market maven, can be identified using big data. Using a mixed-method combination of both self-report survey data and publicly accessible big data, we gathered 556,150 tweets from 370 active Twitter users. We then proposed and tested a range of social-media-based metrics to identify market mavens. Findings show that market mavens (when compared to non-mavens) have more followers, post more often, have less readable posts, use more uppercase letters, use less distinct words, and use hashtags more often. These metrics are openly available from public Twitter accounts and could integrate into a broad-scale decision support system for marketing and information systems managers. These findings have the potential to improve influencer identification effectiveness and efficiency, and thus improve influencer marketing. © 2020 Elsevier Ltd",Big data; Influencers; Market mavens; Social media; Twitter,Elsevier Ltd,scopus-big data,140,Thinking AI,"['influencer marketing', 'market maven', 'big data', 'social media metrics', 'targeting', 'market analysis']","The abstract discusses how to identify market mavens using big data, which involves analyzing social media metrics to improve influencer marketing effectiveness. This aligns closely with the market analysis and targeting focus of Thinking AI, as it emphasizes the use of analytics to identify key influencers and enhance marketing strategies. The metrics proposed for identifying market mavens engage in strategic analysis of social media data rather than emotional understanding or automated processes.",0%,0%,100%,0%,0%
A new latent class model for analysis of purchasing and browsing histories on EC sites,Goto M.; Mikawa K.; Hirasawa S.; Kobayashi M.; Suko T.; Horii S.,2015,10.7232/iems.2015.14.4.335,"The electronic commerce site (EC site) has become an important marketing channel where consumers can purchase many kinds of products; their access logs, including purchase records and browsing histories, are saved in the EC sites' databases. These log data can be utilized for the purpose of web marketing. The customers who purchase many product items are good customers, whereas the other customers, who do not purchase many items, must not be good customers even if they browse many items. If the attributes of good customers and those of other customers are clarified, such information is valuable as input for making a new marketing strategy. Regarding the product items, the characteristics of good items that are bought by many users are valuable information. It is necessary to construct a method to efficiently analyze such characteristics. This paper proposes a new latent class model to analyze both purchasing and browsing histories to make latent item and user clusters. By applying the proposal, an example of data analysis on an EC site is demonstrated. Through the clusters obtained by the proposed latent class model and the classification rule by the decision tree model, new findings are extracted from the data of purchasing and browsing histories. © 2015 KIIE.",Aspect model; Big data; Business analytics; Customer segmentation; Latent class model; Web marketing,Korean Institute of Industrial Engineers,scopus-big data,18,Thinking AI,"['purchasing histories', 'browsing histories', 'market strategy', 'user clusters', 'data analysis']",The abstract discusses the analysis of customer purchasing and browsing histories to derive insights that inform marketing strategies. This aligns with the focus on market analysis and targeting found in Thinking AI. The proposal of a latent class model to understand customer behavior and the extraction of findings for strategic marketing purposes indicates a strong analytical approach to understanding market dynamics.,0%,0%,100%,0%,0%
Monetizing the iot revolution,Donner H.; Steep M.,2021,10.3390/su13042195,"Academics and businesses alike tend to fail at understanding how the IoT revolution is monetized. We outline three main categories of how IoT will impact business models: (a) improved customer matching and tracking of marketing returns, (b) individualized offers and pricing when consumer demand and price elasticities can be identified, and (c) smart device and usage monitoring that allows for outcome-based contracts and servitization. Data convergence creates context-based-intelligence, which enables a shift from using consumer profiles for targeted advertising to individualized offers and pricing. The required depth of both consumer data and understanding of context will require collaborative efforts between companies and blur the lines between industrial-and consumer-IoT applications. Outlining concerns for privacy and cybersecurity, we find that consumer demand for decision-simplicity and relevant content aligns with the business model of “free” services in return for data, despite consumer concerns relating to data collection. © 2021 by the authors. Licensee MDPI, Basel, Switzerland.",Big data; Business models; Consumer data; Internet of Things; Smart cities,MDPI,scopus-big data,2,Thinking AI,"['customer matching', 'tracking', 'individualized offers', 'pricing', 'consumer demand', 'price elasticities', 'context-based-intelligence']","The abstract discusses the impact of IoT on business models, focusing on improved customer matching, individualized offers, and outcome-based contracts, which align with market analysis and targeting aspects of Thinking AI. The concepts of analyzing consumer data and identifying price elasticities suggest a strategic analysis of customer behavior and preferences, consistent with the Thinking AI category.",0%,15%,85%,0%,0%
The value of field experiments,Li J.Q.; Rusmevichientong P.; Simester D.; Tsitsiklis J.N.; Zoumpoulis S.I.,2015,10.1287/mnsc.2014.2066,"The feasibility of using field experiments to optimize marketing decisions remains relatively unstudied. We investigate category pricing decisions that require estimating a large matrix of cross-product demand elasticities and ask the following question: How many experiments are required as the number of products in the category grows? Our main result demonstrates that if the categories have a favorable structure, we can learn faster and reduce the number of experiments that are required: The number of experiments required may grow just logarithmically with the number of products. These findings potentially have important implications for the application of field experiments. Firms may be able to obtain meaningful estimates using a practically feasible number of experiments, even in categories with a large number of products. We also provide a relatively simple mechanism that firms can use to evaluate whether a category has a structure that makes it feasible to use field experiments to set prices. We illustrate how to accomplish this using either a sample of historical data or a pilot set of experiments. We also discuss how to evaluate whether field experiments can help optimize other marketing decisions, such as selecting which products to advertise or promote. © 2015 INFORMS.",Big data; Field experiments; Promotions; Sparsity,INFORMS Inst.for Operations Res.and the Management Sciences,scopus-big data,24,Thinking AI,"['field experiments', 'pricing decisions', 'demand elasticities', 'market analysis', 'optimize marketing decisions']","The abstract discusses the use of field experiments to optimize marketing decisions, specifically in the context of category pricing and demand elasticity. This aligns closely with the focus on market analysis and optimization strategies found in the Thinking AI category. The findings suggest that firms can make informed pricing decisions using relatively few experiments, which is a strategic analytical approach rather than an automated or emotional one.",0%,0%,100%,0%,0%
Lifestyles in Amazon: Evidence from online reviews enhanced recommender system,Huang Y.; Liu H.; Li W.; Wang Z.; Hu X.; Wang W.,2020,10.1177/1470785319844146,"Online lifestyles have been shown to reflect and affect consumers’ preferences across a wide range of online scenarios. In the context of e-commerce, it still remains unclear whether online lifestyles are practically influential in predicting consumers’ purchasing preferences across different product categories, especially considering its potential influence over the widely used personality traits. In this study, we provide the first, to the best of our knowledge, quantitative demonstration of online lifestyles in predicting consumers’ online purchasing preferences in e-commerce by using a data-driven approach. We first construct an online lifestyles lexicon including seven distinct dimensions using text mining approaches based on consumers’ language use behaviors. We then incorporate the lexicon in a typical e-commerce recommender system to predict consumers’ purchasing preferences. Experimental results on Amazon Review Dataset show that online lifestyles and all its subdimensions significantly improve preference predicting performance and outperform the widely used Big Five personality traits as a whole. In addition, product types significantly moderate the influence of online lifestyle on consumer preference. The strong empirical evidence indicates that the big e-commerce consumer data facilitates more specialized market psychographic segmentation, which advances data-driven marketing decision-making. © The Author(s) 2019.",Amazon; big data-driven marketing; consumer preference prediction; lifestyles segmentation; personality; recommender system; text mining,SAGE Publications Ltd,scopus-big data,20,Thinking AI,"['online lifestyles', 'predicting purchasing preferences', 'market psychographic segmentation', 'data-driven marketing', 'consumer data']","The abstract discusses the use of online lifestyles as a predictive tool for consumer purchasing preferences, highlighting the reliance on data-driven approaches and market psychographic segmentation. This aligns closely with the characteristics of Thinking AI, particularly in market analysis and targeting, as it emphasizes understanding consumer behavior through analytics and improving prediction models for marketing decisions.",10%,20%,70%,0%,0%
New financial technologies - banking market in motion; [Neue finanztechnologien - bankenmarkt in bewegung],Paul S.; Rudolph B.; Zech S.; Oehler A.; Horn M.; Wendt S.; Jentzsch N.,2016,10.1007/s10273-016-2028-7,"Digitalisation opens new channels for fi nancial transactions. Crowdlending and Digital Advice offer additional opportunities for customers to manage their assets. In the banking market, “FinTechs” are the most notable example of what Schumpeter described as “creative destruction”. They could threaten the existence of established banks. Therefore the banks should use the FinTechs as a testing laboratory for customer behavior and testing ground for a more modern marketing policy. This environment gives rise to concerns that there may develop an unregulated area of shadow banks. But it should be considered that a level playing fi eld has to be ensured and that innovative processes and products are not stalled. A potential advantage of Digital Advice is that consumers can have the possibility to access the relevant information they need to make their fi nancial decisions. Consumers, in turn, are only able to benefi t from this advantage if competition between fi nancial service providers leads to a supply of clear and comprehensible information about fi nancial products and an appropriate degree of data security. The rise of Big Data analyses in retail banking allows a more precise estimation of creditworthiness risk as well as a consumer’s willingness-to-pay, propensity to switch and responsiveness to marketing offers. This not only impacts on competition, it represents major challenges for policymakers, authorities and consumers alike. © 2016 Springer Verlag. All rights reserved.",,Springer Verlag,scopus-big data,2,Out of Scope,"['financial transactions', 'FinTechs', 'digital advice', 'creditworthiness risk', 'data security']","The abstract discusses the impact of digitalization on the banking sector, specifically focusing on the emergence of FinTechs, crowdlending, and digital advice. It emphasizes the need for clear information and data security for financial decision-making but does not directly relate to marketing strategies or applications of AI in marketing. Instead, it addresses broader financial services and regulatory concerns, placing it outside the scope of marketing-focused AI applications.",0%,0%,0%,100%,0%
Role of big data in decision making,Jeble S.; Kumari S.; Patil Y.,2018,10.31387/oscm0300198,"Information systems coupled with internet, cloud computing, mobile devices and Internet of Things have led to massive volumes of data, commonly referred as big data. It includes mix of structured, semi-structured and unstructured real-time data, constituting of data warehouse, OLAP, ETL and information. Business firms and academicians have designed unique ways of tapping value from big data. There is a great scope of using large datasets as an additional input for making decisions. The aim of the paper is to explore the role of big data in these areas for making better decisions. Here we explore how big data can be used to make smart and real-time decisions for improving business results. The paper undergoes literature review and secondary data to provide a conceptual overview of potential opportunities of big data in decision making. The paper discusses the concept of big data, its role in decision making and also the competitive advantage of big data for different firms. The paper also discusses a framework for managing data in decision making. The topic must be addressed for taking better decisions for firms which will contribute to high quality knowledge. © Operations and Supply Chain Management. All rights reserved.",Big data; Big data analytics; Marketing analytics; Social media analytics,Operations and Supply Chain Management Forum,scopus-big data,64,Thinking AI,"['big data', 'decision making', 'competitive advantage', 'market analysis']","The abstract emphasizes the role of big data in enhancing decision-making processes within business firms, focusing on market analysis and competitive advantages derived from data. It discusses how businesses can leverage large datasets to make smarter, real-time decisions, which aligns closely with the 'Thinking AI' category that focuses on market analysis and targeting.",0%,0%,100%,0%,0%
An impulse to exploit: the behavioral turn in data-driven marketing,Nadler A.; McGuigan L.,2018,10.1080/15295036.2017.1387279,"Industry advocates argue that by tailoring services and commercial solicitations to match media users’ personal interests, data-driven marketing benefits both consumers and businesses. This article shows, however, that advertisers and marketers who are taking up ideas and techniques from behavioral economics tell their clients a very different story about the aims and use of digital marketing and consumer surveillance. Listening in on this discourse demonstrates that some digital marketers conceptualize their own practices as forms of social control, appropriating concepts from behavioral economics to identify consumers’ cognitive and affective biases and target their vulnerabilities. Behavioral economics recognizes that economic decisions are not simply dictated by rational self-interest; rather, such choices depend on cognitive heuristics and habits, and can be manipulated through the design of “choice architecture.” This article discusses implications of the behavioral turn in data-driven marketing for critical advertising scholars, public advocates, and regulators. © 2017 National Communication Association.",Behavioral economics; big data; consumer surveillance; digital marketing; political economy,Routledge,scopus-big data,46,Thinking AI,"['behavioral economics', 'consumer surveillance', 'cognitive biases', 'affective biases', 'choice architecture', 'target vulnerabilities']","The abstract discusses how marketers use principles from behavioral economics to understand consumer behavior, including cognitive and affective biases, to target and manipulate consumers effectively. This aligns with the definition of Thinking AI, particularly in the context of market analysis and targeting, as it emphasizes strategic insights into consumer behavior and decision-making processes rather than just mechanical data collection or emotional engagement.",10%,20%,70%,0%,0%
THE DATA HIERARCHY: factors influencing the adoption and implementation of data-driven decision making,Sleep S.; Hulland J.; Gooner R.A.,2019,10.1007/s13162-019-00146-8,"Marketing practitioners have access to a rapidly increasing quantity and variety of data from customers and other stakeholders. Managers use the term “Big Data” to describe this avalanche of information, which many view as critical to providing a better understanding of customers and markets. This research uses interviews with managers to examine the marketing function’s perspective on data-driven decision making within the firm. Based on informant responses, we develop a hierarchy of data-oriented decision making, describe the drivers that influence where a firm falls within this hierarchy, and detail several transition capabilities for marketing managers interested in becoming more data-driven. The key factors that influence the level of data driven decision making are: 1) firm environment; 2), competition, 3) executive commitment, 4) interdepartmental dynamics, and 5) organizational structure. This framework guides marketing managers both in evaluating the firm’s data capabilities and facilitating change. © 2019, Academy of Marketing Science.",Big data; Big data hierarchy; Data-driven decision making; Grounded theory,Springer,scopus-big data,12,Thinking AI,"['data-driven decision making', 'market analysis', 'executive commitment', 'firm environment', 'competition']","The abstract discusses the use of Big Data in marketing to improve understanding of customers and markets, emphasizing the importance of data-driven decision making, which aligns closely with the strategic analysis focus of Thinking AI. The hierarchy of data-oriented decision making and the factors influencing it suggest a focus on market analysis and competitive positioning.",0%,0%,100%,0%,0%
Establishing an automated brand index based on opinion mining: analysis of printed and social media,Nuortimo K.; Harkonen J.,2019,10.1057/s41270-019-00060-9,"This article analyses the potential of using opinion mining based on big data to calculate a brand index to reflect brand image in the media. The study is realised as a combination of analysing previous literature and applying a media monitoring tool to analyse editorial publications and social media to gain brand-related media sentiment. The potential of opinion mining and the use of vast amounts of data are demonstrated. The results indicate that sentiment analysis based on big data has potential for automating the calculation of brand indices. It seems that big data can be used to compare brands and the nature of their media visibility. Marketing research and the analytics domain can benefit from big data and their related meaningful applications. © 2019, Springer Nature Limited.",Big data; Brand image; Brand index; Data-driven decision-making; Marketing analytics; Media sentiment; Opinion mining,Palgrave Macmillan Ltd.,scopus-big data,7,Thinking AI,"['opinion mining', 'brand index', 'sentiment analysis', 'big data', 'media visibility', 'marketing research', 'analytics']","The abstract discusses the use of opinion mining and sentiment analysis based on big data to evaluate brand image, suggesting a strategic analysis of brands' media presence. This aligns closely with the 'Thinking AI' category, which focuses on market analysis and identifying competitive advantages. The emphasis on automating the calculation of brand indices also indicates a level of strategic thinking involved in understanding brand positioning in the market.",10%,20%,70%,0%,0%
Leveraging trends in online searches for product features in market response modeling,Du R.Y.; Hu Y.; Damangir S.,2015,10.1509/jm.12.0459,"Evolving tastes can change the relative importance of product features in shaping consumers' purchase decisions, which in turn can shift the relative attractiveness of products with different feature levels. The challenge lies in finding a reliable yet cost-effective way to monitor the weights consumers place on various product features. In the context of the U.S. automotive market, the authors explore the potential of using trends in online searches for feature-related keywords as indicators of trends in the relative importance of the corresponding features (e.g., fuel economy, acceleration, cost to buy, cost to operate, body type). By augmenting marketing-mix data with feature search data in a market response model, they show substantial improvements in goodness-of-fit both in and out of sample. The authors find empirical support for the hypothesis that feature search trends are positively correlated with feature importance trends. They discuss how managers may make better decisions by monitoring feature search trends and leveraging those trends strategically. © 2015, American Marketing Association.",Big data; Conjoint analysis; Google trends; Market response model; Product feature,American Marketing Association,scopus-big data,80,Thinking AI,"['consumer preferences', 'feature importance', 'market response model', 'online searches', 'trends']","The abstract discusses using online search trends to analyze and understand shifts in consumer preferences regarding automotive features. This aligns with the focus on market analysis and targeting in the Thinking AI category, as it shows how data can inform better marketing decisions and improve market response models. The study emphasizes analyzing data trends to enhance understanding of consumer behavior, which fits the application examples of using marketing analytics to identify competitive advantages.",0%,20%,80%,0%,0%
Data-Driven Precision and Selectiveness in Political Campaign Fundraising,Walker D.; Nowlin E.L.,2021,10.1080/15377857.2018.1457590,"The sophistication of political campaigns has dramatically increased over recent election cycles through the embracing of big data analytics. Collecting and storing information on actual and potential voters, volunteers, and donors has produced extensive databases that are then used to guide microtargeting efforts related to advertising, organizing, and fundraising efforts. But building, maintaining, and analyzing this data are costly in itself. This paper looks at two aspects of data-driven political fundraising: precision and selectiveness, with respect to the alignment of the ideology of potential donors and the ideology of the candidate. Specifically, the proposed model is used to determine the optimal precision in estimating a donor’s location on the political ideology spectrum and the optimal targeting decision for fundraising solicitations given that estimate. Analysis of the model produces guidance for changes in solicitation cost and donation size. The results produced by the model are considered in light of the 2016 U.S. Presidential election. The analysis suggests that the Clinton campaign’s larger donation size likely played a greater role than did the campaign’s higher solicitation cost in terms of targeting. The model is also consistent with the Clinton campaign’s higher expenditures on analytics, given their larger donation size and solicitation cost. © 2018, Copyright © Taylor & Francis Group, LLC.",Analytics; big data; data-driven marketing; direct marketing; fundraising; microtargeting; political campaigning,Routledge,scopus-big data,8,Thinking AI,"['data-driven', 'political fundraising', 'microtargeting', 'donor ideology', 'targeting decision', 'market analysis', 'donation size']","The abstract discusses the use of big data analytics in political campaigns, particularly focusing on the precision and selectiveness of targeting potential donors based on their political ideology. This aligns well with the 'Thinking AI' category, which emphasizes market analysis, targeting, and the recommendation of optimal targeting decisions. The analysis within the context of the 2016 U.S. Presidential election further supports this classification as it involves strategic analysis of campaign effectiveness and donor engagement.",10%,15%,75%,0%,0%
Widen the big tent for big data: Understanding business student perceptions of Tableau,Dent H.L.; White B.J.; Kapakos W.A.; Fulk H.K.,2021,10.48009/4_iis_2021_51-62,"Business majors will encounter big data, and many will use data visualization tools to gain valuable insights and make strategic business decisions. However, core information systems classes for all business majors focus on improving information literacy but rarely include exercises with data visualization tools like Tableau. This study seeks to understand the perceptions business students have of Tableau after using it for several activities during a semester-long core business class. Specifically, the study examines the effects of gender, age, and major to understand how each factor affects student perceptions of Tableau including how easy it is to use, its value in the workplace, and how it compares to Excel. Tableau appealed to females just as much as males and to older students just as much as younger students. Tableau engaged with some majors more than others and appealed to CIS, Finance and Entrepreneurship majors more so than Marketing and Management majors (which include Management, Sport Management, Hospitality and Tourism, and Business Law). All majors saw the value of Tableau in workplaces for their future careers. Complete Tableau lab assignments available upon request. © Issues in Information Systems.All rights reserved",Big Data; Data Visualization; Excel; Information Literacy; Tableau,International Association for Computer Information Systems,scopus-big data,1,Not Identified,"['data visualization', 'Tableau', 'perceptions', 'business students', 'strategic decisions', 'information literacy']","The abstract discusses the perceptions of business students regarding the data visualization tool Tableau and does not distinctly align with the emotional, automated, or strategic elements outlined in the categories. While it touches on the use of data visualization in making strategic business decisions, it lacks a clear focus on market analysis, targeting, customer emotions, or automated processes that would fit neatly into the defined categories. Thus, it does not meet the criteria for classification under the specified categories.",0%,0%,0%,0%,100%
"New B2B methods, techniques and technologies for capturing insights of major account managers: Developing B2B communities for energy supply",Sood S.C.; Pattinson H.M.,2014,10.1108/S1069-096420140000021008,"This chapter covers a diverse range of alternative methods for capturing deep major account insights online. Increasingly in the twenty first century, B2B decision-makers remain abreast of industry innovations and product information through participation in online communities. Through using social mobile technologies businesses exchange product and service experiences online amongst peers not just vendor organisations. A key aspect of this chapter shares rationale for selection of a marketing versus research community, community objectives, online techniques to gain major account insights using big data, resourcing, integration with existing marketing systems and budgeting for ongoing maintenance of marketing communities supporting B2B sales and marketing initiatives. This chapter focuses on the emerging area of B2B sales activities for creation and management of online communities for Major Account management of energy supply customers. A case-based research strategy specifically honed towards sensemaking of major account activities through using B2B online communities in conjunction with emerging research methods is outlined and critiqued. Copyright © 2014 by Emerald Group Publishing Limited.",Big data; Major account management; Netnography; Online communities; Sales; Sensemaking; Social media,Emerald Group Publishing Ltd.,scopus-big data,3,Thinking AI,"['B2B decision-makers', 'online communities', 'marketing communities', 'major account insights', 'big data', 'market analysis']","The abstract discusses methods for capturing insights in B2B marketing through online communities, emphasizing the analysis of data and community objectives. It focuses on the strategic analysis of B2B sales activities and the use of big data for decision-making, which aligns well with the 'Thinking AI' category that emphasizes market analysis and targeting.",10%,20%,60%,0%,10%
Big data in the Mexico City brand in the context of audience fragmentation; [Big data en la marca Ciudad de México ante la fragmentación de audiencias],Sánchez L.G.C.; Calderón C.I.G.; Contreras T.C.; León A.A.R.,2020,10.14198/INTURI2020.20.06,"The article analyzes economic behavior throughout the world in response to the media effort of tourist destinations in dispersed markets. The Internet has influenced communication and boosted new technologies, which have advanced dramatically in the first three decades of the twenty-first century. This has had an impact on the various economic activities, among which tourism is particularly salient. Consequently, consumers no longer have a receptive role. They have become decision makers with respect to the media material that they consume in addition to having the opportunity of being information providers. Mexico City (CDMX), as a tourism segment, is no exception. It depends on the communication of public and private actors, who, while having certain methodologies and tools to access their audiences, interact with an audience that decides on what it receives and gives its opinion on the web. Therefore, the objective of the research is to assess the associated concepts, pages and organizations related to tourism in CDMX on the website aimed at both a domestic and international audience, designed by the government and private sector together with the input of the audience as an information provider. Likewise, the study seeks to determine the countries with the greatest interest in Mexico City as a tourist destination, since this can be highly important for directing the marketing strategies. The methodology used to explore the phenomenon takes a documentary and quantitative form, since in a first stage it includes the documentary analysis and subsequently makes the mathematical exploration through the use of network analysis (ARS) to assess the role of Big data and Smart Data in the CDMX brand before the fragmentation of audiences. © 2020 Instituto Universitario de Investigaciones Turisticas. All rights reserved.",Audience fragmentation; BIG DATA; City Brand; Mexico City (CDMX); Smart Data,Universidad de Alicante. Instituto Universitario de Investigaciones Turísticas,scopus-big data,0,Thinking AI,"['economic behavior', 'media effort', 'tourism', 'consumer decision makers', 'information providers', 'marketing strategies', 'network analysis', 'Big data', 'Smart Data']","The abstract discusses the impact of media and communication on tourism in Mexico City, emphasizing the role of consumers as active decision-makers and information providers. It highlights the importance of analyzing economic behaviors and identifying target audiences to direct marketing strategies. This aligns with the 'Thinking AI' category, which focuses on market analysis and targeting. The mention of methodologies like network analysis and the goal of assessing tourism interest indicate a strategic approach typical of Thinking AI applications.",0%,0%,100%,0%,0%
Segmenting consumers based on willingness to share data for marketing purposes,Block M.P.; Schultz D.E.,2020,,"Despite new privacy rules and regulations, such as the European Union’s General Data and Protection Regulation and the pending California Consumer Protection Act, not all consumers feel the need for data protection. Recent research has shown that 20-25 per cent of the US adult population are willing to share their personal data with marketers they ‘trust’. The marketing challenge thus becomes how to identify these willing ‘data sharers’. Using a widely available data set, this study illustrates several ‘Big Data-based’ segmentation methodologies to screen this important segment out of the general population, ranging from factor analysis to chi-squared automatic interaction detector (CHAID) decision trees. The results of these analyses identify some unexpected potential segments among these ‘data sharer’ groups, most notably young men who participate in team sports. Thus, the paper argues that rather than looking at privacy regulation as a burden, marketers might well consider it a key element in their toolbox. © 2020, Henry Stewart Publications. All rights reserved.",Big data; Ccpa; Data privacy; Data-sharers; Gdpr; Market segmentation,Henry Stewart Publications,scopus-big data,1,Thinking AI,"['data protection', 'data sharing', 'segmentation', 'market challenge', 'trust', 'Big Data', 'targeting']","The abstract discusses the identification of a specific consumer segment ('data sharers') willing to share personal data for marketing purposes, emphasizing the use of data analytics and segmentation methodologies. This aligns with 'Thinking AI', which focuses on market analysis and targeting. The mention of unexpected segments also suggests strategic analysis of market opportunities.",0%,15%,85%,0%,0%
Bridging customer knowledge to innovative product development: a data mining approach,Zhan Y.; Tan K.H.; Huo B.,2019,10.1080/00207543.2019.1566662,"In the big data era, firms are inundated with customer data, which are valuable in improving services, developing new products, and identifying new markets. However, it is not clear how companies apply data-driven methods to facilitate customer knowledge management when developing innovative new products. Studies have investigated the specific benefits of applying data-driven methods in customer knowledge management, but failed to systematically investigate the specific mechanics of how firms realised these benefits. Accordingly, this study proposes a systematic approach to link customer knowledge with innovative product development in a data-driven environment. To mine customer needs, this study adopts the Apriori algorithm and C5.0 in addition to the association rule and decision tree methodologies for data mining. It provides a systematic and effective method for managers to extract knowledge ‘from’ and ‘about’ customers to identify their preferences, enabling firms to develop the right products and gain competitive advantages. The findings indicate that the knowledge-based approach is effective, and the knowledge extracted is shown as a set of rules that can be used to identify useful patterns for both innovative product development and marketing strategies. © 2019, © 2019 Informa UK Limited, trading as Taylor & Francis Group.",customer knowledge management; data mining; fast-cycle industry; product development,Taylor and Francis Ltd.,scopus-big data,46,Thinking AI,"['data-driven methods', 'customer knowledge management', 'innovative product development', 'Apriori algorithm', 'C5.0', 'decision tree', 'customer preferences', 'competitive advantages', 'knowledge extraction', 'marketing strategies']","The abstract discusses how firms can leverage customer data through systematic approaches and data mining techniques to enhance innovative product development and marketing strategies. This aligns closely with the 'Thinking AI' category, which focuses on market analysis and targeting by utilizing customer data to gain competitive advantages and identify customer preferences. The application of specific algorithms for data analysis further emphasizes the strategic analytical nature of this study.",0%,0%,100%,0%,0%
Real-time big data processing for instantaneous marketing decisions: A problematization approach,Jabbar A.; Akhtar P.; Dani S.,2020,10.1016/j.indmarman.2019.09.001,"The collection of big data from different sources such as the internet of things, social media and search engines has created significant opportunities for business-to-business (B2B) industrial marketing organizations to take an analytical view in developing programmatic marketing approaches for online display advertising. Cleansing, processing and analyzing of such large datasets create challenges for marketing organizations — particularly for real-time decision making and comparative implications. Importantly, there is limited research for such interplays. By utilizing a problematization approach, this paper contributes through the exploration of links between big data, programmatic marketing and real-time processing and relevant decision making for B2B industrial marketing organizations that depend on big data-driven marketing or big data-savvy managers. This exploration subsequently encompasses appropriate big data sources and effective batch and real-time processing linked with structured and unstructured datasets that influence relative processing techniques. Consequently, along with directions for future research, the paper develops interdisciplinary dialogues that overlay computer-engineering frameworks such as Apache Storm and Hadoop within B2B marketing viewpoints and their implications for contemporary marketing practices. © 2019",Batch processing; Big data; Decision making; Internet of things; Problematization; Programmatic marketing; Real-time processing; Social media,Elsevier Inc.,scopus-big data,108,Thinking AI,"['big data', 'programmatic marketing', 'real-time processing', 'decision making', 'market analysis', 'comparative implications']","The abstract discusses the use of big data and programmatic marketing in B2B industrial marketing, focusing on the analysis and decision-making processes involved when handling large datasets for online display advertising. This aligns closely with the Thinking AI category, which emphasizes market analysis, targeting, and the strategic use of data for competitive advantages. The mention of real-time processing also indicates a focus on analytical capabilities rather than emotional or automated processes.",0%,20%,80%,0%,0%
Using social media to identify tourism attractiveness in six Italian cities,Giglio S.; Bertacchini F.; Bilotta E.; Pantano P.,2019,10.1016/j.tourman.2018.12.007,"The technological revolution and the widespread of social media have allowed people to generate tremendous amounts of data every day. Social networks provide users with access to information. This paper aims to determine the attractiveness of various tourism sites by investigating the behaviour of users through social media. The database involves geo-tagged photos located in six cities serving as a relevant artistic and cultural hub in Italy. Photos downloaded from Flickr, a data-sharing platform. Data analysis was conducted using Mathematica and Machine Learning models approach. The results of our study show maps of the users’ behaviour identify the annual trend of photographic activity in cities and highlight the effectiveness of the proposed methodology that is able to provide with place and user information. The study underline how the analysis of social data can to create a predictive model to formulate tourism scenarios. At the end, general tourism marketing strategies are discussed. © 2018 Elsevier Ltd",Big data; City attractiveness; Decision support; Flickr geo-tags; Tourist behaviour,Elsevier Ltd,scopus-big data,152,Thinking AI,"['social media', 'user behavior', 'predictive model', 'tourism scenarios', 'data analysis']","The abstract discusses the analysis of user behavior through social media data to understand the attractiveness of tourism sites. It utilizes machine learning models and predictive analytics to formulate tourism scenarios, which aligns well with the market analysis focus of Thinking AI. The study emphasizes identifying trends and user behavior, which is fundamental in strategic marketing analysis.",0%,20%,80%,0%,0%
Contributions of academic articles to the practice of journalism and data management,Portilla I.,2018,10.15847/obsobs12320181245,"The increasing number of open data resources and the arrival of big data have boosted the data available as a source of news. Journalists need new skills for collecting the data and creating the news. In addition, all this data can also be used to provide new media services and to take media business decisions, and journalists need new skills related to data for these tasks. Taking into account these areas of knowledge required by journalists for the use of data, we perform a structured literature review (SLR) followed by a content analysis. The results confirm the relevance of data management in journalistic practice, requiring skills in statistics, data visualization, technology, but also in ethics, marketing or audience monitoring. © 2018 (Idoia Portilla).",Big data; Content analysis; Management; Skills; Visualization,Obercom,scopus-big data,2,Thinking AI,"['data management', 'statistics', 'data visualization', 'marketing', 'audience monitoring']","The abstract discusses the need for journalists to acquire new skills in data management, which aligns with market analysis and the understanding of audience needs—key aspects of Thinking AI. The emphasis on statistics and data visualization also suggests a strategic analysis of market data, fitting within the parameters of this category. Although there are elements of data collection and management, the focus remains on how to analyze and utilize this data for strategic media and business decisions.",0%,20%,80%,0%,0%
Dynamics of hotel website browsing activity: the power of informatics and data analytics,Chan I.C.C.; Ma J.; Law R.; Buhalis D.; Hatter R.,2020,10.1108/IMDS-12-2019-0709,"Purpose: This paper aims to investigate the temporal dynamics of users browsing activity on a hotel website in order to derive effective marketing strategies and constantly improve website effectiveness. Users' activities on the hotel's website on yearly, monthly, daily and hourly basis are examined and compared, demonstrating the power of informatics and data analytics. Design/methodology/approach: A total of 29,976 hourly Weblog files from 1 August 2014 to 31 December 2017 were collected from a luxury hotel in Hong Kong. ANOVA and post-hoc comparisons were used to analyse the data. Findings: Users' browsing behaviours, particularly stickiness, on the hotel website differ on yearly, monthly, daily and weekly bases. Users' activities increased steadily from 2014 to 2016, but dropped in 2017. Users are most active from July to September, on weekdays, and from noon to evening time. The month-, day-, and hour-based behaviours changed through years. The analysis of big data determines strategic and operational management and marketing decision-making. Research limitations/implications: Understanding the usage patterns of their websites allow organisations to make a range of strategic, marketing, pricing and distribution decisions to optimise their performance. Fluctuation of website usage and level of customer engagement have implications on customer support and services, as well as strategic partnership decisions. Originality/value: Leveraging the power of big data analytics, this paper adds to the existing literature by performing a comprehensive analysis on the temporal dynamics of users' online browsing behaviours. © 2020, Emerald Publishing Limited.",Browsing activity; Hotel website; Strategic and tactical management; Temporal analysis; Weblog data; Website stickiness,Emerald Group Holdings Ltd.,scopus-big data,13,Thinking AI,"['browsing activity', 'marketing strategies', 'data analytics', 'usage patterns', 'strategic management', 'customer engagement']","The abstract discusses the analysis of users' browsing behaviors on a hotel website over time, focusing on deriving marketing strategies and improving website effectiveness. This aligns with the 'Thinking AI' category, particularly in market analysis and strategic decision-making, as it utilizes big data analytics to understand user behavior and make informed marketing decisions based on temporal dynamics.",0%,0%,100%,0%,0%
The rediscovery of brand experience dimensions with big data analysis: Building for a sustainable brand,Oh J.; Connerton T.P.; Kim H.-J.,2019,10.3390/su11195438,"The brand experience research of Brakus et al. has provided new momentum in marketing literature with the concept of brand experience and predicting consumer behavior in 2009. Since then, brand experience has emerged as one of the solid academic constructs for branding and marketing scholars and practitioners who pursue this competitive strategy for sustainable growth in corporate management. The authors explore the new dimensions of brand experience with big data analytics for the first time in academic research. We propose a possible sixth dimension (""External"") of brand experience which includes sensory, affective, intellectual, behavioral, and social aspects drawn from previous studies. A new methodology for combining topic modeling and conjoint analysis is tested with big data-based multi-level compositions that overcome the limits of the traditional survey-based analysis. Moreover, the study reveals the decision-making frame which combines conjoint analysis and the dimensions of brand experience for practical implications. The novelty of this data-driven research and results contribute to new approaches in academia from the perspectives of brand experience dimensions, topic modeling, and conjoint analysis methodology development. Building sustainable brands, this study contributes to the ways of reading consumer behavior, evaluating the current status of the market and deciding the stimuli to affect consumer behavior. © 2019 by the authors.",Big data analysis; Brand experience; Brand experience dimensions; Conjoint analysis; Sustainable branding; Topic modeling,MDPI,scopus-big data,5,Feeling AI,"['brand experience', 'consumer behavior', 'emotional data', 'sensory', 'affective', 'intellectual', 'behavioral', 'social aspects']","The abstract focuses on the concept of brand experience and its dimensions, highlighting how emotional and sensory aspects influence consumer behavior. The mention of understanding consumer behavior and evaluating market status aligns closely with customer understanding and emotional data utilization, characteristic of Feeling AI. Additionally, the study contributes to meeting customer emotional needs and evaluating their preferences, indicating a strong connection to the Feeling AI category.",60%,10%,30%,0%,0%
Troubled waters: the transformation of marketing in a digital world,Quinn L.; Dibb S.; Simkin L.; Canhoto A.; Analogbei M.,2016,10.1108/EJM-08-2015-0537,"Purpose: This paper aims to establish how strategic target-market selection decisions are shaped, challenged and driven in response to the rapidly evolving technological landscape. The authors critically evaluate the implications of these changes for the role of marketers and the organizational function of marketing. Design/methodology/approach: The research uses qualitative methods. Key-informant interviews are conducted among senior organizational practitioners within client-side organizations, digital agencies and strategic marketing consultancies, seeking to contrast their views. Findings: The findings reveal an erosion of responsibility for the integrated strategic role of marketing decision-making. In particular, the authors reveal that the evolving digital landscape has precipitated a sense of crisis for marketers and the role of marketing within the firm. This extends beyond simply remedying a skills-gap and is triggering a transformation that has repercussions for the future of marketing and its practice, thus diminishing functional accountability. Research limitations/implications: The findings have long-term implications for marketing as a strategic organizational function of the firm and for marketing as a practice. Originality/value: The study considers an increasingly digitalized marketplace and the associated impact of big data for the function of marketing. It reveals the changing scope of strategic marketing practice and functional accountability. © 2016, © Emerald Group Publishing Limited.",Analytics; Big data; Digitalization; Target-Market strategy,Emerald Group Publishing Ltd.,scopus-big data,65,Thinking AI,"['strategic target-market selection', 'technological landscape', 'marketing decision-making', 'digital landscape', 'big data', 'strategic marketing practice']","The abstract discusses how the evolving technological landscape impacts strategic target-market selection and the decision-making process within marketing. It highlights issues related to market analysis, the implications of big data on marketing functions, and the changes in the scope of strategic marketing practice, which aligns with the definitions under Thinking AI, particularly in market analysis and targeting.",0%,0%,100%,0%,0%
Analytics in sport marketing,Mumcu C.; Fried G.,2017,10.1123/smej.2016-0019,"The use of analytics has been growing throughout the sport industry. Although the concepts of analytics and big data are frequently used in the sport industry and highlighted in numerous media outlets, sport management students often do not have a strong understanding of why and how analytics are important for their future career, especially as it relates to sport marketing. This case study describes a fictitious student`'s desire to be an intern in the analytics department at Major League Soccer and the student`'s interaction with an industry professional who is an expert on customer relationship management and marketing analytics in the sport industry. The study provides information on how and why analytics are used in sport marketing and how data can be used to make decisions. © 2017 North American Society for Sport Management.",Analytics; Segmentation; Sport marketing,Human Kinetics Publishers Inc.,scopus-big data,6,Thinking AI,"['analytics', 'customer relationship management', 'marketing analytics', 'sport marketing', 'data-driven decisions']","The abstract focuses on the application of analytics in the sport industry, particularly in marketing contexts. It discusses how analytics can inform decision-making and improve understanding of customer relationships, aligning with market analysis and targeting strategies. The emphasis on the interaction with an industry professional also suggests a focus on strategic analysis and competitive advantages, which are key aspects of Thinking AI.",10%,10%,80%,0%,0%
A multidisciplinary perspective of big data in management research,Sheng J.; Amankwah-Amoah J.; Wang X.,2017,10.1016/j.ijpe.2017.06.006,"In recent years, big data has emerged as one of the prominent buzzwords in business and management. In spite of the mounting body of research on big data across the social science disciplines, scholars have offered little synthesis on the current state of knowledge. To take stock of academic research that contributes to the big data revolution, this paper tracks scholarly work's perspectives on big data in the management domain over the past decade. We identify key themes emerging in management studies and develop an integrated framework to link the multiple streams of research in fields of organisation, operations, marketing, information management and other relevant areas. Our analysis uncovers a growing awareness of big data's business values and managerial changes led by data-driven approach. Stemming from the review is the suggestion for research that both structured and unstructured big data should be harnessed to advance understanding of big data value in informing organisational decisions and enhancing firm competitiveness. To discover the full value, firms need to formulate and implement a data-driven strategy. In light of these, the study identifies and outlines the implications and directions for future research. © 2017 Elsevier B.V.",Big data; Literature review; Management research,Elsevier B.V.,scopus-big data,163,Thinking AI,"['big data', 'data-driven strategy', 'market analysis', 'managerial changes', 'organisational decisions', 'firm competitiveness']","The abstract discusses the implications of big data in the management domain, emphasizing the importance of a data-driven strategy for organizational decisions and enhancing competitiveness. This aligns with the 'Thinking AI' category, focusing on market analysis and the strategic use of data to inform business practices. The mention of understanding big data's value in informing decisions further supports this classification.",0%,0%,100%,0%,0%
Analyzing user sentiment in social media: Implications for online marketing strategy,Micu A.; Micu A.E.; Geru M.; Lixandroiu R.C.,2017,10.1002/mar.21049,"This article examines restaurant customers’ online activity following visits to restaurants. Differences in customers’ opinions based on gender and location are discussed. Sentiment analysis was used to analyze customers’ social media behavior in terms of liking, rating, and reviewing restaurants. User-generated reviews and comments about experiences influence potential customers’ decisions. The results of this study show that gender and location of customers influence restaurant ratings. This article shows that sentiment analysis (using Natural Language Toolkit and TextBlob) can help marketers by providing a useful tool for big data analysis. Sentiment analysis can be used to interpret customer behavior and highlight how presales, sales, and after-sales strategies can be improved. © 2017 Wiley Periodicals, Inc.",online reputation management; sentiment analysis; social media marketing; targeting,Wiley-Liss Inc.,scopus-big data,87,Feeling AI,"['sentiment analysis', 'customer behavior', 'opinions', 'influence', 'emotional needs']","The abstract discusses the use of sentiment analysis to understand customer opinions and behaviors, particularly how gender and location influence restaurant ratings. This aligns with the focus on customer understanding and emotional data, making it relevant to Feeling AI. The emphasis on interpreting customer behavior and improving strategies based on emotional responses further supports this classification.",60%,20%,20%,0%,0%
Interaction of the social media and big data in reaching marketing success in the era of the fourth industrial revolution,Pranjić G.; Rekettye G.,2019,10.1504/IJBPM.2019.102015,"The contemporary economic environment is characterised by the economic megatrends that are (re)shaping economic practice in the 21st century. The most important megatrend is the digitalisation, which triggers a whole new economic revolution, so called ‘fourth industrial revolution’. In the situation with the new data source, new technological means for harvesting and processing of data, digitalisation and fourth economic revolution is very relevant not only for the operation but the marketing function as well. Social media represent an excellent source of data and channel of communication with the customer. Marketing spending on digital media platform soon will be no. 1, and it will overtake TV as the dominant marketing channel. Introducing the big data analytical capabilities, adjustment of overall organisation scheme and hiring competent personnel, the company will be in a position to save money for marketing spending, but in same time overall marketing performances will increase. Introducing big data analytical capabilities and efficient use of available social media platform is a challenging task that lay ahead of senior executives. Support from the highest management instances is the critical preconditions in reaching desired outcomes in the possible synergy between big data (BD) and social media marketing (SMM). Copyright © 2019 Inderscience Enterprises Ltd.",Analytics; BDA; Big data analytics; Business intelligence; Customer service improvements; Decision makers; Market intelligence; SMM; Social media marketing,Inderscience Publishers,scopus-big data,4,Thinking AI,"['digitalisation', 'big data', 'social media', 'marketing spending', 'market analysis', 'customer communication']","The abstract discusses the impact of digitalization and big data on marketing strategies, emphasizing the importance of market analysis, efficient use of social media, and targeting customers effectively. This aligns closely with the Thinking AI category, particularly in its focus on market analysis and targeting using analytics and data insights.",0%,20%,80%,0%,0%
"Prediction, pre-emption and limits to dissent: Social media and big data uses for policing protests in the United Kingdom",Dencik L.; Hintz A.; Carey Z.,2018,10.1177/1461444817697722,"Social media and big data uses form part of a broader shift from ‘reactive’ to ‘proactive’ forms of governance in which state bodies engage in analysis to predict, pre-empt and respond in real time to a range of social problems. Drawing on research with British police, we contextualize these algorithmic processes within actual police practices, focusing on protest policing. Although aspects of algorithmic decision-making have become prominent in police practice, our research shows that they are embedded within a continuous human–computer negotiation that incorporates a rooted claim to ‘professional judgement’, an integrated intelligence context and a significant level of discretion. This context, we argue, transforms conceptions of threats. We focus particularly on three challenges: the inclusion of pre-existing biases and agendas, the prominence of marketing-driven software, and the interpretation of unpredictability. Such a contextualized analysis of data uses provides important insights for the shifting terrain of possibilities for dissent. © 2017, © The Author(s) 2017.",Big data; dissent; predictive policing; protest; social media,SAGE Publications Ltd,scopus-big data,56,Out of Scope,[],"The abstract discusses the use of big data and algorithmic processes within police practices, particularly regarding protest policing. It does not relate to marketing or consumer behavior, focusing instead on governance, social problems, and law enforcement. Therefore, it falls outside the scope of marketing applications.",0%,0%,0%,100%,0%
A multi-level text classifier for feedback analysis using tweets to enhance product performance,Balusamy B.; Murali T.; Thangavelu A.; Venkata Krishna P.,2015,10.1504/IJEMR.2015.073455,"Big Data refers to the collection and storage of the enormous amount of data which is heterogeneous in nature. Data analysis is quite complex due to its enormous volume and its high generation speed. Big Data has many business applications such as in promotion, marketing either financially or by supporting in decision making. One such application is the sentiment analysis that paves the way for the business analysts to know the positive or negative impact over the product based on the tweets by the people. We propose a three-level text classifier with the first level as principal components analysis (PCA) followed by the support vector machine (SVM) and the conditional random fields (CRF) as the second and third level using the tweets collected. This feedback analyser would promote the sales of the product due to its high accuracy in feedback classification. Copyright © 2015 Inderscience Enterprises Ltd.",Big Data; Conditional random fields; CRF.; PCA; Principal components analysis; Support vector machine; SVM; Three-level text classifier,Inderscience Publishers,scopus-big data,2,Thinking AI,"['sentiment analysis', 'feedback classification', 'business applications', 'marketing', 'decision making']","The abstract discusses the application of sentiment analysis in marketing, which aligns with the focus on market analysis and targeting in the Thinking AI category. The use of techniques like PCA, SVM, and CRF for analyzing customer feedback from tweets indicates a strategic approach to understanding market sentiments and improving product sales. This aligns well with the examples of using marketing analytics to identify competitive advantages and recommend the best target.",0%,0%,100%,0%,0%
A sentiment classification on Indian government schemes using pyspark,Sujatha E.; Radha R.,2020,,"With the rapid growth of social media, millions of users share their opinions everyday about different issues such as services, products, persons, politics, events etc. By analysing these social user’s opinions the most valuable data can be obtained which is used for decision making in various domains. Sentiment Analysis in social media plays a vital role in monitoring of public opinion behind certain topics. Actually 92% of marketing professionals thought that social media has intense effect on their business. By doing an accurate sentiment analysis, winning might not be an impossible thing. Success does not depend only in the number of likes, comments or followers. It also depends in how much positive discussions have been held among the users of social media. The objective of this paper is to build a model that performs multi-class classification of Big data with improved accuracy. The proposed model uses a hybrid of Lexicon-based approach and Machine Learning based approach. In this paper, we have performed the sentiment analysis on the three Central Government Schemes namely Digital India, Swachh Bharat and Make-in India. The Apache Spark’s Machine Learning library, MLlib has been used in order to achieve better results in sentiment analysis for the Big Data. The AFINN dictionary was used to label the tweets and bigrams feature set was used. The Hashing TF-IDF method was used to extract the feature vectors from the raw feature set. These vectors were classified by Random Forest classifier to determine positive, negative and neutral sentiments of tweets. The result from this model was tested by using the various testing metrics like accuracy, precision, recall and f-score. The higher accuracy of 89.27% was obtained. © 2020, Research Trend. All rights reserved.",Digital India; Make-in India; PySpark; Random Forest classifier; Sentimental Analysis; Swachh Bharat; Twitter Data,Research Trend,scopus-big data,0,Feeling AI,"['sentiment analysis', 'public opinion', 'positive discussions', 'customer needs', 'customer engagement']","The abstract emphasizes the importance of sentiment analysis in understanding social media discussions and public opinion, which directly relates to customer understanding and emotional data. It highlights how analyzing user sentiments can provide insights into customer needs and wants, aligning closely with the Feeling AI category that focuses on emotional understanding and relationalization.",60%,20%,20%,0%,0%
Creating value from Social Big Data: Implications for Smart Tourism Destinations,Vecchio P.D.; Mele G.; Ndou V.; Secundo G.,2018,10.1016/j.ipm.2017.10.006,"This paper aims to demonstrate how the huge amount of Social Big Data available from tourists can nurture the value creation process for a Smart Tourism Destination. Applying a multiple-case study analysis, the paper explores a set of regional tourist experiences related to a Southern European region and destination, to derive patterns and opportunities of value creation generated by Big Data in tourism. Findings present and discuss evidence in terms of improving decision-making, creating marketing strategies with more personalized offerings, transparency and trust in dialogue with customers and stakeholders, and emergence of new business models. Finally, implications are presented for researchers and practitioners interested in the managerial exploitation of Big Data in the context of information-intensive industries and mainly in Tourism. © 2017 Elsevier Ltd",Big Data; Business analytics; Decision making; Smart tourism destination; Social media measurement; Value creation,Elsevier Ltd,scopus-big data,284,Thinking AI,"['Big Data', 'value creation', 'decision-making', 'marketing strategies', 'personalized offerings', 'transparency', 'trust', 'new business models']","The abstract discusses how Big Data can enhance decision-making and lead to personalized marketing strategies in tourism, which aligns with the focus on market analysis and targeting in Thinking AI. The emphasis on creating marketing strategies, understanding patterns, and improving offerings indicates a strategic analytical approach rather than mere data collection or emotional understanding.",10%,15%,75%,0%,0%
