Title,Authors,Year,DOI,Abstract,Keywords,Publisher,Source,Cited,classification,keywords,rationale,Feeling AI,Mechanical AI,Thinking AI,Out of Scope,Not Identified
Managerial applicability of graphical formats to support positioning decisions,Cornelius B.; Wagner U.; Natter M.,2010,10.1007/s11301-010-0061-y,"Issues of segmentation and positioning have always been at the heart of marketing management. In recent years, much methodological progress has been made in order to carry out these two tasks simultaneously, that is, to combine certain types of clustering algorithms with appropriate multidimensional scaling or unfolding procedures. When trying to provide managers with a tool to support marketing decision-making in segmentation and positioning, the ease of use and the visual quality of results must be emphasized. This paper provides a state-of-the-art review of alternative graphical formats designed to assist strategic management. It focuses on three aspects, namely, (I) representing competitive market structures, (II) illustrating preferences for product attributes, and (III) describing customer heterogeneity at the individual as well as segment-specific levels; this paper also explores the interrelations among these aspects. The benefits and limitations of different approaches are discussed, and graphical examples are provided. Advances in academic research are contrasted with the information requirements of marketing managers. Finally, recommendations on the applicability of these alternatives for practical use are offered, and issues for further research are specified. © Wirtschaftsuniversität Wien, Austria 2010.",Graphical formats; Managerial applicability; Multidimensional scaling; Positioning; Segmentation; Targeting; Unfolding,,scopus-recommendation,13,Thinking AI,"['segmentation', 'positioning', 'market analysis', 'customer preferences', 'strategic management', 'competitive market structures', 'product attributes', 'customer heterogeneity']","The abstract discusses the methodological advancements in segmentation and positioning within the marketing realm, emphasizing the application of clustering algorithms and multidimensional scaling. It focuses on providing tools for managers to support decision-making, showcasing elements of market analysis and competitive structures, which aligns closely with the definitions under Thinking AI. The paper's emphasis on analyzing customer preferences and competitive market structures further supports its classification in this category.",0%,0%,100%,0%,0%
Key success factors for obtaining a one Tambon One Product Food five-star rating in Phatthalung and Songkhla provinces,Noknoi C.; Boripunt W.; Lungtae S.,2012,,"The main purpose of the research is to study the key success factors for obtaining a One Tambon One Product (OTOP) food five-star rating, in terms of the characteristics of the community enterprise: management, marketing, production, product development, financial management and agency support. Data was collected from both the presidents and the customers of community enterprises in Phatthalung and Songkhla provinces whose products were selected as five-star food products of the OTOP project in 2011. In-depth interviews were used to collect data from 13 presidents of community enterprises. For consumers, 260 consumers (a group of 20 customers from each community enterprise) were selected to be the sample, and data was collected by both interview and questionnaire. Content analysis was used to analyse the qualitative data while means, standard deviation and percentage were used to analyse the quantitative data. In terms of management functions, most of the entrepreneurs carry out all management functions: planning, organizing, leading and controlling. On planning, the majority of the managers do all the planning for the enterprise. On organization, all responsibilities are divided between the staff according to their rates of pay. The president of the community enterprise leads the business. Morale has been built up to motivate the staff, and conflict has been eliminated within the operation. Monitoring the activities of the members, and training given by the organization itself or by a third party, were used as part of the controlling function. In terms of marketing, the majority of entrepreneurs focused on a marketing plan for distribution and promotion. They paid great attention to the quality of the product, and the price was set by considering relevant factors. Customers were attracted by various means, and the products were distributed at a place which was convenient for consumers to access. Sales promotions and advertising were used for the promotion mix. Competitors also sell similar products. In terms of production, the entrepreneurs used local raw materials from local or nearby suppliers under long-term contracts. Products were produced on demand using standard technology along with labour. Product quantity was fixed with the customer order. Most products were certified by the food agency. In order to enhance customer choice, most entrepreneurs have developed new products. In term of finances, most of the entrepreneurs have a financial plan in which the initial finance came from the owner or the president of the group. Working capital was allocated and the account was managed. Dividends were shared between all members, and the businesses have no outstanding debt. In terms of support, most of the enterprises were supported by government agencies, and only one enterprise was supported by a private agency. The main problems of production were the uncertainty of nature, the inadequacy of raw materials, delays in production during high season, the product reaching its expiry date, and a shortage of labour. The results from consumers indicated that the taste and cleanliness of the product were the factors that impact on their buying decision when the purpose of buying was to consume the product oneself. More than fifty per cent of customers bought the products more than twice. The purchasing motivation was the consumption of the product. The level of product satisfaction of the consumers was very high, while the levels of satisfaction with price, place and promotion were high. The recommendations are that the community enterprise should have 1) explicit planning of its operation, 2) a clear organization and allocation of responsibilities, 3) short and long term planning, 4) an emphasis on product development, 5) effective production planning, and 6) systematic accounting. Moreover, 7) the government should have a policy which practically supports the OTOP entrepreneurs.",,,scopus-recommendation,1,Feeling AI,"['customer satisfaction', 'taste', 'cleanliness', 'buying decision', 'emotional needs', 'product satisfaction']","The abstract discusses factors that impact customer buying decisions and satisfaction, particularly focusing on the emotional responses of consumers to the products, such as taste and cleanliness. It emphasizes understanding and meeting customer emotional needs, which aligns with the Feeling AI category. The importance of customer satisfaction and the role of emotions in purchasing behavior are central themes.",60%,20%,15%,0%,5%
Brand-building website design for independent hotels: A replicated model,Nassar M.; Abdou S.H.,2013,,"This paper aims to explore the opportunities that online marketing has to offer and contribute towards small independent hotels in view of the recent decline in hotel brand loyalty. This decline has been fuelled by consumer trends for ‘getting their money’s worth’ and the ability for the small or medium-sized hospitality establishments to reach consumers via Web Based Marketing Strategies. This has narrowed the competition gap with larger international hotel chains considerably. The paper includes a study which identifies the features of hotel websites that are essential to the building and structure of an effective hotel website. The six key elements identified in this paper are accessibility, information, credibility, e-commerce, customer relationship and immediacy. The reliability and validity of this six-element framework as a reflection of user requirements was ‘derived’ and established using empirical data from a survey. These six elements are established factors in granting online customer satisfaction and gaining customer loyalty. An important or crucial sector covered by this study is the Guest User Interface (GUI) of websites (accessibility). It has proven to be evident that attractive, easy to use or a user friendly interface is vital to keep consumers on the site without navigating them to another site long enough to make decisions. The conclusion of this paper is that independent hotels must leverage this opportunity by establishing a strong Web presence and capitalize on other sideline recommendations which include collaborations with third-party booking sites (such as Hotels.com) and developing informative, feature-rich websites of their own. © Mohamed Nassar, Sherif Hassan Abdou, 2013.",Branding; Hotels; Replicated model; Websites,LLC CPC Business Perspectives,scopus-recommendation,0,Thinking AI,"['customer satisfaction', 'user requirements', 'market analysis', 'customer loyalty', 'web presence', 'competitive advantage']","The abstract discusses the use of web-based marketing strategies by independent hotels to enhance customer satisfaction and loyalty in the face of declining brand loyalty. This involves analyzing market opportunities and identifying essential features for hotel websites, which aligns with the market analysis focus of Thinking AI. The emphasis on understanding user requirements and competitive advantages further supports this classification.",10%,15%,70%,0%,5%
International student destination choice: The influence of home campus experience on the decision to consider branch campuses,Wilkins S.; Huisman J.,2011,10.1080/08841241.2011.573592,"Previous research has found that the country and institution choices of international students are greatly influenced by recommendations they receive from others who have experience of undertaking higher education overseas. For Western universities, it is of utmost importance to satisfy their international students, who can then encourage the next generation of international students to attend those same institutions. However, student satisfaction is not the only factor at play. Using a framework of 'push and pull' factors, rooted in the international student choice literature, this exploratory study investigates the determinants of destination choice of international students who decided to study at a university in the UK and examines their attitudes toward international branch campuses. The survey results and analyses suggest that overseas campuses could pose a considerable threat to home campuses in the competition for international students in the future. ©2011 Taylor & Francis.",Competition; Higher education marketing; International branch campuses; Student choice; Student recruitment,,scopus-recommendation,84,Thinking AI,"['international students', 'destination choice', 'recommendations', 'satisfaction', 'push and pull factors', 'survey results', 'competition']","The abstract discusses the determinants of destination choice for international students, which involves market analysis of factors influencing their decisions. It also highlights the importance of student satisfaction and the competitive landscape between home and overseas campuses. This aligns with the category of Thinking AI, which focuses on market analysis and identifying competitive advantages.",10%,0%,90%,0%,0%
Imitation as the sincerest form of ignorance,Rotfeld H.J.,2008,10.1108/07363760810882443,"Purpose - This paper aims to note the imitation of apparently successful advertising as a replacement for thought by too many advertisers, misapplying the tactics of what seem to be past successes by other companies to current situations, sometimes not even attempting to find insight relevant to the current advertising situation. Imitation of what may be lucky accidents has become a tool for improper applications of old tactics to new problems. Design/methodology/approach - Noting the frequent pronouncements by business journalists that many businesses do things because they know they ""work,"" the reality is that even among marketing professionals, conventional wisdom is often, at best, an oxymoron. Findings - The pragmatic business need is to analyze new situations and consumer interests. Originality/value - The paper shows that, since advertising decisions are often the recommendations from outside suppliers, business managers who pay for this advice must realize that past success by others does not mean that an imitative effort will enjoy similar success. Without data on how or why the other effort might have been successful means that imitation could be borrowing the worst parts of the earlier ideas. © Emerald Group Publishing Limited.",Advertising; Marketing management; Politics,,scopus-recommendation,0,Thinking AI,"['imitation', 'advertising', 'analysis', 'consumer interests', 'tactics', 'past success', 'insight']","The abstract discusses the pitfalls of imitative advertising strategies without proper analysis of current situations and consumer interests. It emphasizes the need for marketers to analyze new contexts rather than rely on past successes, aligning with the focus on market analysis and targeting within Thinking AI. The mention of the importance of data and insight further supports this classification.",0%,0%,100%,0%,0%
Value-driven project and portfolio management in the pharmaceutical industry: Drug discovery versus drug development - Commonalities and differences in portfolio management practice,Bode-Greuel K.M.; Nickisch K.J.,2008,10.1057/jcb.2008.6,"The concept of portfolio management has been widely used in the pharmaceutical industry. It is used to evaluate the commercial value and the risk structure of development projects. The final goal is to select a portfolio of projects that addresses the strategic objectives of the organisation optimally and that leads to the highest overall portfolio value. Companies now start to apply the portfolio management concept on their research portfolios. Although the basic principle remains the same, the methodology applied has to be adapted to the greater uncertainty that early research projects carry. Commonalities and differences of the portfolio management process in research and development are described and recommendations are given how to harmonise the two different approaches.",,,scopus-recommendation,15,Out of Scope,"['portfolio management', 'pharmaceutical industry', 'commercial value', 'risk structure', 'development projects', 'strategic objectives', 'research portfolios', 'uncertainty', 'methodology']","The abstract discusses portfolio management in the pharmaceutical industry, focusing on project evaluation and strategic alignment. It does not involve marketing applications related to customer understanding, market analysis, or emotional engagement. Therefore, it falls outside the scope of marketing-related AI applications.",0%,0%,0%,100%,0%
Exploring geographic disparities in broadband access and use in rural southern Illinois: Who's being left behind?,Oyana T.J.,2011,10.1016/j.giq.2010.09.003,"Recent literature about broadband telecommunications reveals two major areas that are not only globally gaining prominence, but are also demanding urgent attention from a research perspective. One of the key areas is related to the need to spatially evaluate the availability and deployment of broadband services, especially among urban versus rural communities. Another area of interest falls under the need for enabling broadband policies and strategies that address existing geographic disparities. These motivating factors shaped this research and provided a basis for defining three specific objectives, namely: (1) to identify locations with or without broadband access, (2) to identify underserved rural and inner-city markets, and (3) to determine whether university and community college towns can be used in the adoption and dispersion of broadband technologies in southern Illinois. Supply-side and demand-side data were collected and inputted into a Geographic Information System (GIS). Supply-side data included cable modem, digital subscriber lines (DSL), wireless, and fiber optic lines, while demand data included reported broadband requests from individuals without access (n = 439), students (n = 45,866), and higher education workforce (n = 5419). Using the GIS and statistical techniques, insightful maps of broadband infrastructure were created to illustrate areas of supply and demand so that governments and businesses can address existing gaps in consumer needs. Specifically, different levels of broadband access and use were mapped; different under-served rural and inner-city markets were identified so as to emphasize the dramatic economic impact on the business opportunities available to small business entrepreneurs. Also, different geographies of use and accessibility of broadband connectivity in the study region were synthesized to support decision-making. The resulting maps provided supply and demand marketing intelligence based on the geographic analyses of residential and enterprise sectors. These data can be used as a model to develop specific policy recommendations for a knowledge-based economy, specifically for the southern Illinois region or other rural communities in the United States. © 2010 Elsevier Inc.",Broadband; Digital divide; GIS; ICT; Spatial analysis,,scopus-recommendation,22,Thinking AI,"['broadband access', 'market analysis', 'geographic disparities', 'supply and demand', 'economic impact', 'decision-making', 'policy recommendations']","The abstract discusses the spatial evaluation of broadband services and the identification of underserved markets, which aligns with market analysis and targeting in marketing. The use of Geographic Information System (GIS) to create maps that illustrate supply and demand indicates a focus on analyzing market conditions and making informed decisions. The intent to provide policy recommendations and insights for business opportunities further supports its categorization under Thinking AI.",0%,0%,100%,0%,0%
Referral equity and referral management: The supplier firm's perspective,Hada M.; Grewal R.; Lilien G.L.,2010,10.1108/S1548-6435(2010)0000007008,"From the supplier firm's perspective, a referral is a recommendation from A (the referrer) to B (the potential customer) that B should, or should not, purchase from C (the supplier firm). Thus, as referrals are for a specific supplier firm, they should be viewed as part of the supplier firm's marketing and sales activities. We recognize three types of referrals - customer-to-potential customer referrals, horizontal referrals, and supplier-initiated referrals - that have critical roles in a potential customer's purchase decision.We develop the concept of referral equity to capture the net effect of all referrals for a supplier firm in the market. We argue that supplier firms should view referral equity as a resource that has financial value to the firm as it affects the firm's cash flows and profits. We offer strategies firms can use to manage referrals and build their referral equity and suggest a research agenda. Copyright © 2010 by Emerald Group Publishing Limited.",,,scopus-recommendation,8,Thinking AI,"['referral', 'recommendation', 'purchase decision', 'referral equity', 'marketing activities', 'strategies']","The abstract discusses the concept of referrals in the context of supplier firms' marketing and sales activities. It emphasizes the importance of referrals in influencing purchase decisions and introduces the idea of referral equity as a valuable resource for firms. This aligns closely with market analysis and strategic targeting, as firms can leverage referrals to enhance their market position and financial outcomes.",10%,15%,75%,0%,0%
Limitations of European Union policy and law for regulating use of lead shot and sinkers: Comparisons with North American regulation,Thomas V.G.; Guitart R.,2010,10.1002/eet.527,"Extensive shooting and angling causes, indirectly, fatal lead poisoning of birds. European Union policy on this major source of pollution is inconsistent with its laws regulating other forms of lead in the environment. Only three countries have banned the use of lead shot completely in the European Union, despite availability of substitutes and evidence that their use is a major contributor to bird conservation. The European Commission uses the criterion of amount of lead deposited and corroded, and the concentration of lead in water and soil, as the basis of their decisions. The USA and Canada used the prevalence of lead poisoning among birds as the basis of policy and law allowing them to reduce lead use at the continental level. The EU and North American policies and law on lead reduction are compared in this study, on the basis of which recommendations are developed indicating how the EU could revise its approach and resolve this environmental problem. Reluctance to act on lead reduction by the European Parliament and its member states refl ects the current vested interests of the sporting communities. Companies in eight European countries already produce non-toxic materials for hunting and shooting, and are not the limiting factor in this issue. Copyright © 2009 John Wiley & Sons, Ltd and ERP Environment.",EU; Fishing; Lead poisoning; Marketing; Non-toxic substitutes; Policy; Shooting; US legislation,,scopus-recommendation,29,Out of Scope,[],"The abstract discusses environmental issues related to lead poisoning in birds and compares European Union and North American policies on lead reduction. It does not pertain to marketing applications or any related AI categories focused on market analysis, customer understanding, or automated processes. Therefore, it is classified as 'Out of Scope'.",0%,0%,0%,100%,0%
Decision Quality Measures in Recommendation Agents Research,Aksoy L.; Cooil B.; Lurie N.H.,2011,10.1016/j.intmar.2011.01.001,"Electronic recommendation agents provide a way for online marketers to gather information about consumer preferences and assess the quality of consumer decisions. Much of the literature on recommendation agents, however, employs divergent measures to assess consumer decision quality. Moreover, decision quality measures are dictated by the type of agent employed. This article provides a review of the decision quality measures used in the recommendation agent research to date and proposes novel measures. We classify and examine the assumptions of-and relationships among-preference-dependent, preference-independent, and subjective measures of decision quality. The analysis of data from an experiment that simulates a broad spectrum of recommendation agents shows that the relative utility and the sum of attribute values of the chosen alternative capture the majority of variance in objective decision quality. Although subjective decision quality measures turn out to be poor proxies for objective measures, they provide important incremental information. Managerial implications for deploying electronic recommendation agents to gather information and measure consumer decision quality under different conditions are discussed. © 2011 Direct Marketing Educational Foundation, Inc.",Decision making; Decision quality; Measurement; Online; Preferences; Recommendation agents,,scopus-recommendation,16,Thinking AI,"['recommendation agents', 'consumer preferences', 'decision quality', 'market analysis', 'managerial implications']","The abstract discusses the evaluation of electronic recommendation agents and the measurement of consumer decision quality, which aligns with market analysis and strategic assessment of consumer preferences. It focuses on how different measures of decision quality relate to the performance of recommendation agents, which is indicative of market analysis and targeting strategies in marketing.",0%,0%,100%,0%,0%
Investigating the critical success factors of corporate social responsibility implementation: Evidence from the Iranian banking sector,Kahreh M.S.; Mirmehdi S.M.; Eram A.,2013,10.1108/14720701311316661,"Purpose: The main purpose of this paper is to identify the critical success factors of corporate social responsibility (CSR). By illustrating the CSFs of CSR implementation, policy- and decision-makers can handle the business at a higher level of effectiveness and efficiency and will achieve sustainable development in a turbulent business environment. To achieve this purpose and to identify the CSFs of CSR implementation, evidence from the banking sector of Iran will be gathered. By using the experts in this field, the CSFs identified will be validated and then ranked. Design/methodology/approach: To achieve this purpose and to identify the CSFs of CSR implementation, evidence from the banking sector in Iran will be gathered. By using the experts in this field, the CSFs identified will be validated and then ranked. This research, implemented in the banking sector, is an innovative study that can contribute valuable insights for both academicians and professionals in the field. In the final section of this work, applied and theoretical recommendations will be presented. Findings: In this research the critical success factors for CSR implementation are identified and presented. For gathering data and sampling, the banking sector of Iran was selected as the case study of this research. Based on the viewpoint of the experts of this research, 23 CSFs for CSR implementation were identified and then the importance of these CSFs was determined. This is an innovative study in the field of CSR in the banking sector that presents a new category for critical success factors for CSR implementation. All the identified CSFs are categorized into the five main sections of the organizational functional areas. These functional areas include financial, marketing, environmental, strategic and human resources. Originality/value: This study first provides a framework for CSR implementation in the banking sector. Also the main CSFs are identified and ranked. By means of the results of this study, decision makers in the field will be more familiar with CSR and can make higher decisions for the chief departments of the organization. Finally academicians in the field can use the framework of this research and develop CSR for other organizations and sectors of business. © Emerald Group Publishing Limited.",Banking sector; Corporate social responsibility; Critical success factors; Financial services,,scopus-recommendation,15,Out of Scope,"['corporate social responsibility', 'critical success factors', 'banking sector', 'sustainable development', 'organizational functional areas']","The abstract focuses on identifying critical success factors for corporate social responsibility (CSR) implementation in the banking sector, which does not directly relate to marketing applications of AI. The content is primarily about CSR and its management within organizations, rather than marketing strategies or customer engagement.",0%,0%,0%,100%,0%
Conceptualizing landscape: An evidence-based model with political implications,Backhaus N.; Reichler C.; Stremlow M.,2008,10.1659/mrd.0939,"Alpine landscapes arouse emotions and yearnings: feelings of belongings, freedom, or holidays. Images and notions about Alpine landscapes not only influence landscape experiences, they also play an important role in decision-making processes and conflict mitigation. Different stakeholders - ie locals, tourists, tourist entreprenuers, politicians, farmers, hunters, etc - regard Alpine landscapes with different eyes, yet there are also connecting elements: these are referred to in tourism marketing and in political dialogue. The present article develops a conceptual model landscape perception consisting of 4 poles - 'nature' and 'culture' as well as 'individual' and 'society' - that contributes to a better understanding of the meanings that landscapes have for different people. The model helps to find existing commonalities among stakeholders and overcome obstacles. It is exemplified by 6 dimensions with distinct foci on landscapes through which researchers look at Alpine landscapes. The article concludes with recommendations for ethical landscape development practice and policy.",Alps; Culture; Landscape; Nature; Perception; Stakeholders; Switzerland,,scopus-recommendation,20,Feeling AI,"['emotions', 'landscape experiences', 'decision-making', 'stakeholders', 'ethical landscape development']","The abstract discusses how Alpine landscapes evoke emotions and feelings of belonging, freedom, and holidays, which directly relate to customer understanding and emotional needs. It also emphasizes the importance of understanding different stakeholders' perceptions and finding commonalities, aligning with the focus on relationalization in marketing. The conceptual model developed in the article aims to enhance understanding of emotional connections to landscapes, supporting the Feeling AI category.",70%,0%,30%,0%,0%
Deal breakers in the organ donation request process,Aldridge A.; Guy B.S.,2008,10.1080/07359680802131509,"Organ donation consent rates have stagnated at about 50%, while the need for transplantable organs continues to increase. This article focuses on consent rates of families who make a donation decision for a deceased loved one, and how social marketing efforts to increase organ donation can be enhanced by better understanding the decision-making process these families use. Three categories of factors bear significantly on that decision which, if not addressed properly, will very likely result in a refusal to donate. These deal breaker categories include (1) family predisposition and family care, (2) requestor characteristics, and (3) request dynamics. Recommendations are made toward developing best practices protocols which roughly parallel promotion activities and the selling process utilized in commercial marketing for overcoming these barriers.",Consent barriers; Consent rates; Organ donation; Request process; Transplantation,,scopus-recommendation,7,Feeling AI,"['consent rates', 'decision-making process', 'family predisposition', 'family care', 'requestor characteristics', 'request dynamics', 'best practices', 'overcoming barriers']","The abstract discusses the emotional and relational aspects surrounding the decision-making of families regarding organ donation. It emphasizes understanding the emotional needs and wants of families, which aligns with the focus of Feeling AI on customer understanding and relationalization. The mention of factors such as family predisposition and the characteristics of the requestor indicates an understanding of emotional dynamics at play in the decision process. Additionally, the recommendations for developing best practices to enhance these social marketing efforts further highlight the need to resonate emotionally with potential donors and their families.",70%,0%,30%,0%,0%
Can automated group recommender systems help consumers make better choices?,Hennig-Thurau T.; Marchand A.; Marx P.,2012,10.1509/jm.10.0537,"Because hedonic products consist predominantly of experience attributes, often with many available alternatives, choosing the ""right"" one is a demanding task for consumers. Decision making becomes even more difficult when a group, instead of an individual consumer, will consume the product, as is regularly the case for hedonic offerings such as movies, opera performances, and wine. Noting the prevalence of automated recommender systems as decision aids, the authors investigate the power of group recommender systems that consider the preferences of all group members. The authors develop a conceptual framework of the effects of group recommenders and empirically examine these effects through two choice experiments. They find that automated group recommenders offer more valuable information than single recommenders when the choice agent must consume the recommended alternative. However, when agents choose freely among alternatives, the group's social relationship quality determines whether group recommenders actually create higher group value. Finally, group recommenders outperform decision making without automated recommendations if the agent's intention to use the systems is high. A decision tree model of recommender usage offers guidance to hedonic product managers. © 2012, American Marketing Association.",Agents; Group decisions; Hedonic products; Joint consumption; Recommender systems; Social relationship quality,,scopus-recommendation,60,Thinking AI,"['group recommender systems', 'decision making', 'preferences', 'choice experiments', 'automated recommendations']","The abstract discusses the use of automated group recommender systems to aid decision making for hedonic products, highlighting the analysis of consumer preferences and the effectiveness of these systems compared to single recommenders. This aligns with the Thinking AI category, which focuses on market analysis and decision support systems that enhance targeting and personalization based on group dynamics. The emphasis on empirical examination and choice experiments also suggests a strategic analysis of consumer behavior.",15%,5%,75%,0%,5%
The emergence of electronic word-of-mouth as a marketing channel for the digital marketplace,Sharma R.S.; Morales-Arroyo M.; Pandey T.,2011,,"This study investigates the contribution of electronic word-of-mouth (eWOM) to the sales of music albums. We conducted an empirical investigation of twenty-two music albums for a period of eleven consecutive weeks. eWOM was identified as an uncertainty-reducing element in consumer decision-making. Generally, the research hypotheses were partially supported using a multivariate linear regression model. We also found a stronger correlation between some eWOM channels and sales compared to other channels. eWOM has traditionally been considered an un-structured and ad-hoc source of sentiment. Our results suggest that eWOM generated in social networking when analysed appropriately is a fairly reliable predictor of market success. It is effective as a tacit suggestion, recommendation, or referral element with viral network effects. The intended contribution of this work is in identifying eWOM as a significant information contributor in the digital marketplace.",Digital economy; E-business uncertainty; Latency window; Music albums; Music distribution; Social media; Word of mouth marketing,,scopus-recommendation,11,Feeling AI,"['eWOM', 'consumer decision-making', 'recommendation', 'referral', 'market success', 'digital marketplace']","The abstract discusses how electronic word-of-mouth (eWOM) serves as a significant factor in consumer decision-making, helping to reduce uncertainty and acting as a form of tacit suggestion or recommendation. This aligns well with the focus of Feeling AI on customer understanding and relationalization, as it emphasizes emotional data and insights into customer preferences through social networking channels.",70%,10%,20%,0%,0%
Country-of-origin (COO) brand preferences and associated knowledge levels of Japanese wine consumers,Bruwer J.; Buller C.,2012,10.1108/10610421211253605,"There has been no significant research undertaken in the Japanese market on wine knowledge level and its relationship with brand loyalty and preference for specific country-of-origin (COO) wine brands. This exploratory study seeks to investigate these aspects and how wine knowledge is acquired and used in buying decisions. A highly structured, self-administered questionnaire in the Japanese language was used to collect data over a three-week period. Data include consumers from six of the eight major regional divisions across Japan. The sample population was female-weighted with moderate levels of education and medium income. A ten-item objective wine knowledge scale was developed to measure consumers' knowledge levels and to form the basis for segmentation. Japanese wine consumers with higher levels of objective knowledge were shown to use more intrinsic cues than extrinsic cues in their purchase decisions, with the importance attributed to intrinsic cues increasing as objective knowledge increases. The study showed consumers with higher levels of objective knowledge do not use the COO cue more than consumers with lower knowledge. Wine consumers view taste, variety and price as the most important buying cues and are influenced by the recommendations of people around them. This research provided insights into the Japanese wine market and the nature of the Japanese wine consumer. It is recommended that wine exporters focus greater marketing efforts on Japanese women, including greater wine education. This study is of value to academic researchers, wine educators, industry practitioners such as restaurant owners/sommeliers and wine exporters alike, as it provides insights into the direction and extent of COO preferences and hence wine (country) brand loyalty. It has a specific focus on wine knowledge and the educational aspect thereof highlighting how this can be used for the benefit of stakeholders. © 2012, Emerald Group Publishing Limited",Brand loyalty; Brand preference; Consumer behaviour; Country of origin; Japan; Market segmentation; Objective knowledge; Subjective knowledge; Wines,,scopus-recommendation,60,Thinking AI,"['wine knowledge', 'brand loyalty', 'country-of-origin', 'purchase decisions', 'market analysis', 'consumer preferences']","The abstract discusses an exploratory study on wine knowledge and its impact on brand loyalty and consumer preferences in the Japanese market. The focus on how wine knowledge influences purchasing decisions aligns with market analysis and targeting strategies, making it relevant to the Thinking AI category. While it touches on consumer understanding, the primary emphasis is on strategic analysis of consumer behavior and preferences rather than emotional data or automated processes.",15%,10%,75%,0%,0%
"Do links matter? An investigation of the impact of consumer feedback, recommendation networks, and price bundling on sales",Hu N.; Tian G.; Liu L.; Liang B.; Gao Y.,2012,10.1109/TEM.2010.2064318,"Link structures among items within an E-commerce Web site can be regarded as a potential recommendation that helps new consumers quickly locate relevant products. In this paper, combining a modified version of Googles PageRank method with economic analysis of word of mouth, we investigate whether a products position within a network composed of recommendation links is incrementally informative about its future sales. Based on data from Amazon.com, we document that with consumer word of mouth and other product characteristics controlled, the position of a product within a recommendation network does influence consumers purchase decisions, and models incorporating link structure have a higher incremental predictive power of future sales than models without. In addition, as time elapses, the relative weights consumers placed on recommendations with price discount and those without are different. Last, we develop a learning mechanism through which we find the optimal damping value of the PageRank IR model in the Amazon context. Our results show that compared to general Internet surfing behavior, consumer consumption on Amazon is less random. We conclude that even though the product position within a recommendation network does influence customers purchase behaviors, product sales are still mainly driven by their own product characteristics. © 2012 IEEE.",Collaborative-filtering cross sale; marketing strategy; online word of mouth (WOM); PageRank; price strategy,,scopus-recommendation,12,Thinking AI,"['recommendation links', 'consumer purchase decisions', 'predictive power', 'word of mouth', 'product characteristics']","The abstract discusses how the position of products within a recommendation network influences consumer purchase decisions, which aligns with market analysis and the use of marketing analytics to predict future sales. The incorporation of a modified PageRank method indicates a strategic analysis of consumer behavior and market dynamics, fitting the 'Thinking AI' category. The focus on understanding how recommendations impact sales decisions also suggests a targeting aspect.",10%,10%,80%,0%,0%
Blockbuster culture's next rise or fall: The impact of recommender systems on sales diversity,Fleder D.; Hosanagar K.,2009,10.1287/mnsc.1080.0974,"This paper examines the effect of recommender systems on the diversity of sales. Two anecdotal views exist about such effects. Some believe recommenders help consumers discover new products and thus increase sales diversity. Others believe recommenders only reinforce the popularity of already-popular products. This paper seeks to reconcile these seemingly incompatible views. We explore the question in two ways. First, modeling recommender systems analytically allows us to explore their path-dependent effects. Second, turning to simulation, we increase the realism of our results by combining choice models with actual implementations of recommender systems. We arrive at three main results. First, some well-known recommenders can lead to a reduction in sales diversity. Because common recommenders (e.g., collaborative filters) recommend products based on sales and ratings, they cannot recommend products with limited historical data, even if they would be rated favorably. In turn, these recommenders can create a rich-get-richer effect for popular products and vice versa for unpopular ones. This bias toward popularity can prevent what may otherwise be better consumerproduct matches. That diversity can decrease is surprising to consumers who express that recommendations have helped them discover new products. In line with this, result two shows that it is possible for individuallevel diversity to increase but aggregate diversity to decrease. Recommenders can push each person to new products, but they often push users toward the same products. Third, we show how basic design choices affect the outcome, and thus managers can choose recommender designs that are more consistent with their sales goals and consumers' preferences. © 2009 INFORMS.",Advertising and media; Application contexts/sectors; Electronic commerce; It impacts on industry and market structure; It policy and management; Marketing,,scopus-recommendation,496,Thinking AI,"['recommender systems', 'sales diversity', 'consumer preferences', 'market analysis', 'product recommendations']","The abstract discusses the effects of recommender systems on sales diversity and how these systems can influence consumer behavior. It highlights the analytical modeling and simulation of recommender systems, which aligns with the focus on market analysis and targeting in Thinking AI. The findings indicate how different designs of recommender systems can affect sales goals and consumer preferences, emphasizing a strategic approach to leveraging AI for marketing purposes.",0%,0%,100%,0%,0%
A multicountry advertising research framework: Lessons learned from testing global consumer culture positioning,Okazaki S.; Mueller B.; Diehl S.,2011,10.1108/S1474-7979(2011)0000022007,"Purpose - This chapter presents a framework useful in conducting multicountry marketing and advertising research. For the purpose of illustrating the series of steps involved in conducting such investigations, a six-country study examining global consumer culture positioning (GCCP) is presented. The suggested steps are relevant for the exploration of a wide variety of marketing- and advertising-related topics. Methodology/approach - Steps essential to a well-planned research design are addressed in detail, including: theory identification, stimuli selection, hypotheses formulation, measurement development, country selection, fictitious ad development, survey design, cross-national data equivalence, and hypotheses testing. Particular attention is given to construct specification (in this case for soft-sell and hard-sell advertising appeals) and fictitious ad development. General consumers in six countries responded to the ads. Specific procedures for validating formative constructs and testing their cross-country equivalency are suggested. Findings - The chapter provides practical recommendations for conducting cross-cultural research. These recommendations are likely to prove useful to both researchers conducting multicountry investigations, and to instructors teaching graduate-level courses in international marketing and advertising research. Originality/value of paper - Multicountry research requires a series of challenging decisions. Although a well-planned research design is particularly essential in a cross-cultural setting, little attention has been given in providing researchers and instructors with methodological recommendations. This chapter is intended to be a useful reference for these audiences. © 2011 by Emerald Group Publishing Limited.",Construct specification; Cross-country equivalency; Fictitious ad development; Global advertising strategy; Global consumer culture positioning; Multicountry research; Research framework; Soft-sell/hard-sell appeals; Validation of formative constructs,,scopus-recommendation,2,Thinking AI,"['cross-cultural research', 'hypotheses formulation', 'market research', 'advertising appeals', 'consumer culture']","The abstract discusses a framework for conducting multicountry marketing and advertising research, emphasizing the importance of a well-planned research design and methodology for hypothesis testing. This aligns with the focus on market analysis and strategic decision-making found in Thinking AI. The mention of consumer responses and the development of advertising appeals further supports this classification.",0%,0%,100%,0%,0%
The pharmacist's role in the Egyptian pharmaceutical market,Taher A.; Stuart E.W.; Hegazy I.,2012,10.1108/17506121211243068,"Purpose: Pharmaceutical companies' marketing strategies have traditionally targeted only physicians and, more recently, consumers. The purpose of this paper is to explore the role of the pharmacist as prescriber, influencer, switcher, and dispenser of pharmaceutical drugs in one developing country, Egypt. Design/methodology/approach: The authors surveyed pharmacists in Cairo, Egypt. The pharmacists were asked to estimate the percentages of patients who came in with a prescription, with only a box or a recommendation for a medicine and with only symptoms, and whether he/she switched the patient to another medicine. Pharmacies were classified as to the social class of the pharmacy neighborhoods. Cluster analysis was used to further classify pharmacists as ""Influencers"" and ""Non-influencers"". Findings: Overall the pharmacists influence 39 percent of all purchase decisions for pharmaceuticals with higher levels of influence in lower social class neighborhoods. Approximately one out of four pharmacists was classified as an Influencer. Practical implications: In developing countries, the pharmacist plays a key role in which medicines patients ultimately purchase. Marketing activities directed toward the pharmacist may provide an important opportunity to maximize the pharmaceutical firms' return on marketing investment. Originality/value: Few studies have looked at the marketing of pharmaceutical drugs in developing countries. This paper is unique in that it examines the role of the pharmacist in these markets, thus providing an important addition to the understanding of the challenges to the industry in these countries and important implications for pharmaceutical marketing strategies. © Emerald Group Publishing Limited.",Developing countries; Egypt; Expert power; Influence; Marketing strategy; Pharmaceutical marketing; Pharmaceutical products; Pharmacists,,scopus-recommendation,18,Thinking AI,"['pharmacist', 'influence', 'purchase decisions', 'marketing strategies', 'target', 'market analysis']","The abstract discusses the role of pharmacists in influencing pharmaceutical purchase decisions in Egypt, which involves a level of market analysis and targeting specific demographics (e.g., social classes). The mention of survey data and cluster analysis aligns with the use of marketing analytics to understand competitive advantages and customer behavior. This indicates a focus on strategic analysis rather than mechanical processes or emotional understanding.",10%,20%,70%,0%,0%
A portfolio-based analysis for green supplier management using the analytical network process,Zhu Q.; Dou Y.; Sarkis J.,2010,10.1108/13598541011054670,"Purpose: The purpose of this paper is to present the development of a methodology to evaluate suppliers using portfolio analysis based on the analytical network process (ANP) and environmental factors. Design/methodology/approach: The authors develop a three-step process, first by evaluating influence/power and performance scores of suppliers using ANP. They include environmental dimensions in this analysis, then map these suppliers onto a portfolio grid. Recommendations are also made on how to manage suppliers depending on what part of the portfolio they appear based on the scores. Findings: The technique is useful and versatile. The paper clearly discerns various characteristics of the suppliers and produced recommendations on supplier management for an exemplary case scenario. Research limitations/implications: The technique was applied for an illustrative example. Validation and application in a real world setting is required. There are many additional opportunities to further integrate other modeling tools into this process. Practical implications: Managers can use this technique to help them more effectively deal with suppliers. The portfolio is a good tool for operational and strategic management of suppliers. Originality/value: This tool is the first to apply ANP to supplier portfolio analysis. It is also the first tool to integrate and apply the portfolio supplier management approach to an environmentally oriented decision environment. © Emerald Group Publishing Limited.",Analytical hierarchy process; Benchmarking; Environmental management; Green marketing; Supplier relations,,scopus-recommendation,170,Thinking AI,"['supplier evaluation', 'portfolio analysis', 'analytical network process', 'environmental factors', 'supplier management']","The abstract discusses a methodology for evaluating suppliers using portfolio analysis and the analytical network process (ANP), which aligns with market analysis and strategic management. The focus is on analyzing supplier performance and influence, which is a critical aspect of market analysis and competitive advantage identification. It emphasizes the practical implications for managers in dealing with suppliers effectively, fitting into the 'Thinking AI' category.",0%,0%,100%,0%,0%
A critical comparative study of visitor motivations for attending music festivals: A case study of glastonbury and v festival,Gelder G.; Robinson P.,2009,10.3727/152599509790029792,"A global industry of festivals and events has evolved and developed rapidly since the early 1900s. This phenomenal growth, coupled with increased consumer awareness and choice, requires sustained development and growth in the future. Music festivals are unique events that attract audiences for a variety of reasons; however, while music-based events are an extremely popular form of entertainment, research exploring the motivations of music festival audiences is sparse, especially from a UK perspective. Crompton and McKay contend that event managers should strive to better understand the motives of festival attendance in order to design better products and services for them and because motives are a precursor of satisfaction and a factor in decision making, this in turn can lead to greater attendance. This study critically compares the visitor motivations for attending two UK-based music festivals to challenge and ultimately support existing ideas developed from similar research overseas. The article establishes some of the first research into this area within the UK and challenges common assumptions from those in industry. A range of secondary research was considered and a review of existing literature on the subject was undertaken. Although the sample size was relatively small, the results showed that socializing with friends and family was a primary motive. Most importantly, the article supported the notion that multiple motivations come into play and it suggests that it is risky for festival managers to rely solely on the theme of the event itself. It is equally important to create a fun and festive atmosphere that offers ample opportunity to socialize and have new and nonmusical experiences. Several recommendations were made for existing and future managers including focusing on realigning marketing and service strategies. Recommendations were also made for future research in terms of adopting new methodological approaches including the use of multiple means of analysis. The article finally challenges the nature of the underpinning theory and questions the reason that so much of what is understood is still based in the field of sociology in tourism, with very little underpinning theory dedicated to the events industry, despite its emergence as an academic field over a decade ago. © 2009 Cognizant Comm. Corp.",Atmosphere; Event; Festival; Glastonbury; Methodology; Motivation; Music; Sociology; V festival,,scopus-recommendation,82,Feeling AI,"['motivations', 'socializing', 'customer understanding', 'emotional experiences', 'fun atmosphere']","The abstract focuses on understanding the motivations of music festival audiences, which aligns with customer understanding. It emphasizes the importance of socializing and creating a fun atmosphere, which are emotional aspects that resonate with attendees. The study's recommendations for festival managers to realign marketing strategies further suggest a focus on meeting emotional needs and enhancing customer engagement.",60%,10%,30%,0%,0%
Management indecision,Brooks M.E.,2011,10.1108/00251741111130788,"Indecision is not the hallmark of a great manager, but what do we know about when and why managers avoid or postpone decisions? The purpose of this paper is to discuss the limited research on indecision. This article reviews research from judgment and decision making, psychology, management, and marketing literatures to assemble what we already know about indecision. The review spans situational and personal determinants of indecision, highlighting what we know about when and why people experience indecision as well as who is predictably indecisive. Decisions are avoided when people are asked to justify them, when options are similar in attractiveness, and when there are a large number of options to consider. Indecision may sometimes be a result of systematic biases (i.e. omission bias and status quo bias), and indecisive people may be more prone to confirmation bias. Finally, indecisiveness is related to numerous other individual differences, many of which are negative. Specific recommendations for managers include evaluating options separately rather than comparing options, structuring incentive systems to reward decisive action, and explicitly considering the risk of lost opportunity when deciding whether to put off making a decision. The literature reviewed in this paper spans diverse disciplines and perspectives. This paper provides a starting point for managers and researchers interested in understanding indecision: when and why it occurs, who is likely to be most indecisive, and what we might do to counter indecision. © 2011, Emerald Group Publishing Limited",Decision making; Leadership; Managers,,scopus-recommendation,30,Not Identified,"['indecision', 'decision making', 'manager', 'options', 'bias', 'recommendations']","The abstract discusses indecision among managers and its determinants, focusing on psychological and situational factors rather than directly relating to marketing applications or AI classifications. It lacks specific references to customer understanding, automated processes, or strategic marketing analysis as defined in the categories.",0%,0%,0%,0%,100%
Predictors of terrorism-related air travel reductions and associated tourism impacts,Stickel E.A.,2011,10.3727/108354211X13202764960861,"This study observes the potential decrease in air travel as a result of terrorist attacks in relation to individuals' sociodemographic variables and media usage. Drawing from a sample of 2,023 respondents in the 2008 General Social Survey data set, this study seeks to identify market segments that have been most significantly impacted by terrorism events since September 11, 2001. Data are analyzed through direct logistic regression, resulting in a statistically significant model, χ2 (10, N = 685) = 25.40, p = 0.005. Results show two significant predictors of a terrorist-based decision to reduce air travel: occupational prestige and gender. Conclusions reveal the sociodemographic profile defining the market segment that has reduced air travel because of terrorist activity. Finally, recommendations are provided for enhancing and delivering marketing advertisements to this market segment. © 2011 Cognizant Comm. Corp.",Sociodemographic market segmentation; Terrorism; Tourism,Cognizant Communication Corporation,scopus-recommendation,2,Thinking AI,"['market segments', 'sociodemographic profile', 'targeting', 'marketing advertisements']","The study conducts market analysis by examining how sociodemographic variables and media usage impact individuals' decisions regarding air travel in the context of terrorism. It identifies specific market segments affected by these events and provides recommendations for targeting and delivering marketing advertisements to those segments, which aligns closely with the focus on market analysis and targeting in the Thinking AI category.",0%,0%,100%,0%,0%
Are they listening? Designing online recommendations for today's consumers,Lepkowska-White E.,2013,10.1108/JRIM-07-2012-0027,"Purpose: The purpose of this paper is to study the use of online recommendation systems on e-commerce sites is which becoming more common as marketers recognize their potential to improve their own operations as well as consumers' shopping experiences. Since some consumers question the credibility of these systems, this study compares responses to such systems (classified based on their source into seller and third party systems) with responses to recommendations coming directly from other consumers. The latter may also be better suited for consumers today since many of them utilize direct information from social media on a daily basis. Past research indicates that reactions to such recommendations may depend on the types of goods they describe and therefore this study also tests whether consumer responses vary with types of goods. The study examines consumer reactions to recommendations designed for search, experience, and credence goods. Finally, this study also explores the most desired features of recommendations to help marketers come up with the most effective recommendations that help facilitate purchasing decisions. Design/methodology/approach: The study surveys a convenience sample of 202 undergraduate students to test these objectives. It was a 3 (product types) by 3 (recommendation types) factorial design with multiple dependent variables and three covariates. Findings: The study reveals that, irrespective of the product type, consumers react differently to the three types of recommendations that are tested. This study shows that consumers have the most positive attitudes and most frequently utilize recommendations coming directly from other consumer. This suggests that more attention should be directed to these recommendations in marketing theory and practice. Consumers also hold more positive attitudes towards third-party recommendation systems than recommendation systems coming from the seller. They also have more positive reactions toward recommendations designed for search and experience goods rather than credence products. Finally, the study also examines the usefulness of different characteristics of these recommendations to help online managers develop most effective recommendations online and finds that it varies with different types of recommendations and products for which recommendations are used. Originality/value: In addition to the recommendation systems that have been explored in the past (seller and third party systems), the study examines reactions to recommendations coming directly from other consumers, as these recommendations may be better suited for today's audiences. The study shows which recommendation type is best received and most frequently used online. It also tests reactions to recommendations designed for different types of goods. This study includes credence goods, in addition to search and experience products, since consumer reactions to recommendations designed for credence goods have not been yet explored in the past research. It also found that recommendations are better received for goods with a higher number of search features. Finally, the study explores the specific features of different recommendation types and based on the findings proposes how these online recommendations should be structured to be most effective. © Emerald Group Publishing Limited.",Advertising; Internet advertising; Internet marketing; Marketing communication; Online shopping; Young consumers,,scopus-recommendation,19,Feeling AI,"['consumer reactions', 'attitudes', 'credibility', 'recommendations', 'emotional preferences']","The abstract focuses on understanding consumer reactions to different types of recommendations in e-commerce, emphasizing emotional responses, credibility, and the importance of recommendations coming from other consumers. This aligns with the 'Feeling AI' category, which centers on understanding customer emotional needs and preferences, as well as developing positions that resonate with them. The study's findings suggest a deep exploration of consumer attitudes and emotional responses to recommendations, particularly highlighting the effectiveness of peer recommendations, which is a core aspect of customer understanding.",70%,10%,20%,0%,0%
Do males and females differ in how they perceive and elaborate on agent-based recommendations in Internet-based selling?,Doong H.-S.; Wang H.-C.,2011,10.1016/j.elerap.2010.12.005,"Managers are eager to know whether they should use gender-specific strategies to communicate with male and female consumers differently to recommendation services in Internet-based selling, as both groups are worthwhile and profitable to target. This issue has been overlooked in the literature, despite its importance and the fact that recommendations have become a major online advertising tactic in recent years. This study is diverse from existing studies in three ways: testing recommendation agent acceptance in the information context, revealing gender effects and applying a new lens of cognition-conation. By proposing a theoretical model based on the advertising hierarchy of effects model, this study investigated consumers' elaboration processes towards recommendation agent advices. Based on 432 members randomly selected from a database of a well-known Internet-based sellers, the study finds that women consider perceived usefulness of recommendation agent advices to a greater extent than men while making decisions about the usefulness of recommendations. Further, consumers' perceived usefulness is more strongly influenced by their perceived shopping task uncertainty than by involvement, while more-involved consumers have lower levels of perceive shopping task uncertainty. © 2011 Elsevier B.V. All rights reserved.",Advertising hierarchy of effects model; Empirical research; Perceived usefulness; Product involvement; Recommendation agents; Shopping task uncertainty,,scopus-recommendation,21,Feeling AI,"['gender-specific strategies', 'perceived usefulness', 'shopping task uncertainty', 'elaboration processes', 'consumer decisions']","The abstract examines how gender influences consumer decision-making processes in the context of online recommendation services. It identifies emotional factors, such as perceived usefulness and shopping task uncertainty, that significantly impact women's decision-making more than men's. This aligns closely with the focus of Feeling AI on understanding customer emotional needs and tailoring communication based on those preferences.",60%,10%,30%,0%,0%
Markets of high-technology products - Selected implications for market orientation; [Rynki produktów opartych na nowoczesnych technologiach - Wybrane implikacje dla orientacji rynkowej],Nowak M.W.,2006,,"Today's information-intensive economy places increased importance on high-technology products, and this is shown in high-tech firms' increasingly expanded role in the global economy. Markets of high-technology products are characterized by a combination of the specific attributes. As a result of these characteristics, marketing management should be adapted to effectively handle the complicated environment in which customer decisions, and the firm's marketing decisions are made. Especially marketing must be effectively integrated with other managerial areas. In this context the paper focuses on the value of being market-oriented in high-tech markets. The need for integration marketing function with other management areas is formulated and explained. The conclusions are added to provide some recommendations for high-tech companies how to integrate marketing with other management areas.",,,scopus-recommendation,0,Thinking AI,"['market-oriented', 'integration', 'marketing management', 'high-tech markets', 'customer decisions', 'recommendations']","The abstract discusses the importance of being market-oriented in high-tech markets and emphasizes the need for integrating marketing with other management areas. This aligns with the focus of Thinking AI on market analysis and targeting, as it involves analyzing market dynamics and making strategic recommendations for high-tech companies. The mention of adapting marketing management to complex environments suggests a need for analytical thinking about customer decisions, which further aligns with the characteristics of Thinking AI.",10%,10%,70%,0%,10%
Assessing Technological Forecasts for the Fiber Optic Communications Market,Merino D.N.,1990,10.1109/17.45269,"A key issue in engineering management is how technological forecasting impacts marketing and planning decisions [1]. Because published market forecasts influence both supplier and customer decision making, there is a need to understand the factors influencing these forecasts. Completing the management cycle requires analysis of the results and recommendations to change the original plan. In this case a postaudit of the forecasts was made to determine past performance. Recommendations were made to standardize the terminology so that future market forecasts could be better understood, analyzed, and postaudited. A comprehensive literature search of publicly available forecasts for the United States fiber optic communications market was made. The research indicated that two major trends within the fiber optic communications industry are expected to develop. The two major trends are continued growth and the shift of emphasis from long-haul to shorthaul systems. Growth will he driven hy cost effectiveness. © 1990 IEEE",communications; consumption/ sales forecast; Fiber optics; market demand/ forecast; market survey; postaudit marketing forecasts; technoIogicaVbusiness factors; technological marketing/forecasting,,scopus-recommendation,3,Thinking AI,"['technological forecasting', 'market forecasts', 'analysis', 'recommendations', 'market analysis', 'performance']","The abstract discusses technological forecasting and its impact on marketing and planning decisions, emphasizing the need for analysis of past performance and recommendations for future forecasts. This aligns with the Thinking AI focus on market analysis, as it involves using analytics to understand and improve market strategies based on data-driven insights.",0%,0%,100%,0%,0%
Identification of the decision maker for a patient's hospital choice: Who decides which hospital?,Sloane G.; Tidwell P.; Horsfield M.,1999,10.1300/J043v13n01_04,"If marketers wish to communicate the positive characteristics of purchasing the private hospital experience, the marketers need to be able to identify which of the participants in the purchasing process is acting in the role of decision maker. Research was undertaken of doctors in the rural setting. Potential respondents were selected from Orange to Broken Hill; from Coonabarabran to Young. Two private hospitals are known to be located within this region - one in Orange and one in Dubbo. In most cases, patients in the rural setting are having the final say as to which hospital to attend. They are filling the role of decision maker. The factors that potential patients are considering in their decision include the services provided by the hospital - specifically factors relating to accommodation, services and cost. These observations are those as interpreted by the doctors who see these patients. Based on the findings of the survey a number of recommendations have been made: (1) Any marketing communication by hospitals should target primarily patients and then doctors. (2) Further research should be undertaken to attempt to accurately determine what characteristics are considered when patients and doctors refer to hospital services. (3) Research should be undertaken to determine the identity of all parties involved in the purchasing decision process. (4) Further research should be undertaken of the general population to determine what factors relating to a hospital are considered when making the hospital purchasing decision. (5) Further in depth analysis should be conducted with the raw data.",,,scopus-recommendation,15,Thinking AI,"['decision maker', 'patients', 'doctors', 'marketing communication', 'factors', 'services', 'recommendations', 'research']","The abstract discusses the decision-making process of patients in selecting private hospitals and highlights the need for targeted marketing communications toward both patients and doctors. This aligns with the Thinking AI category, which focuses on market analysis and targeting strategies. The recommendations made in the abstract suggest an analysis of customer preferences and the identification of decision-makers in the purchasing process, which indicates a strategic approach to marketing.",0%,0%,100%,0%,0%
Developing an outcomes report card for hospitals: A case study and implementation guidelines,Slovensky D.J.; Fottler M.D.; Houser H.W.,1998,10.1097/00115514-199801000-00005,"The report card concept does not connote a single instrument used for a single purpose, or for all instances of outcomes data reporting. Uniquely defined report cards can be useful to organizations and their stakeholders. Health care executives competing for marketshare in an era of negotiated prices and payor-controlled access to healthcare services must provide information about clinical outcomes, cost-effectiveness, and organizational performance to those who are responsible for selecting health providers or health plans. The organization's leaders must view the reporting process as important from a strategic perspective, and establish processes and allocate resources to produce a report in an efficient and cost-effective manner that will meet the information needs of key stakeholders. Developing useful outcomes report cards will require collaboration among many individuals in an organization, and perhaps collaboration among organizations in a market area. Expected benefits to the organization include improvement in stakeholder relationships, which might be measured through increased market share. The proposed implementation model is based on a synthesis of processes and recommendations reported in the literature extended by information from an in-depth case study. Problematic issues with outcomes data and public reporting have been considered. Although the model is derived from a conceptual and research base, it is both pragmatic in design, and solution- centered. Research questions for future empirical research might include the following: Which stakeholders are appropriate recipients of what types of information? How do different stakeholders evaluate the relative importance of each type of information? Which reporting formats are more appropriate for which stakeholders? What effect does a truncated decision-making process (such as the one described here) have on the effectiveness of the decision- making process? How effective are report cards in marketing the institution's services (i.e., to what degree to stakeholders respond to the data)?.",,Foundation of the American College of Healthcare Executives,scopus-recommendation,17,Out of Scope,"['health care', 'clinical outcomes', 'cost-effectiveness', 'organizational performance', 'stakeholders']","The abstract primarily discusses the development and implementation of report cards in healthcare, emphasizing strategic analysis, stakeholder relationships, and the efficiency of reporting processes. This context relates to healthcare rather than marketing applications of AI, particularly as it focuses on outcomes data reporting in a competitive healthcare market. Thus, it does not fit within the defined marketing AI categories.",0%,0%,0%,100%,0%
An examination of buying centres in Irish biotechnology companies and its marketing implications,Howard P.; Doyle D.,2006,10.1108/08858620610681579,"Purpose This research is a qualitative study which aims to investigate the intricacies of organisational buying behaviour in the context of the Irish biotechnology industry. Particularly the research seeks to focus on the phenomenon of buying centres as the core decision-making unit in an organisation and examines the functionality of such a process. The main aims of the research study is to examine key influencers, as well as to examine the decision process itself so as to fully comprehend modern organisational buyer behaviour and to discuss these issues from a practical viewpoint beneficial to both the marketing and purchasing functions. Design/methodology/approach The research process was conducted through qualitative methods, which formed a combination of focus group and key respondent interviewing. A triangular approach of data was also used to obtain quality information and to achieve a platform upon which to base accurate conclusions. A small number of organisations from industry participated in this study, which was deemed sufficient as the purpose of the study was gaining insight as opposed to proving or disproving previous theories. Findings It was discovered that users were key influencers in the decision process as were quality control personnel. In addition the business functions were found to be the decision makers in a highly dynamic buying centre process, which is constantly changing in terms of numbers, participation, and structure. Based on the finding of the research newer models of organisation buying behaviour were developed in addition to appropriate marketing strategies being put forward in order to better represent the realities of modern business-to-business marketing. This is where the real benefits of this research will be seen as marketing organisations become more efficient, buying organisations develop best practice procedures, and academics can build on this research base to further enhance marketing knowledge. Originality/value The paper examines buying centres in Irish biotechnology companies and offers recommendations for future research. © 2006, Emerald Group Publishing Limited",Biotechnology; Buying behaviour; Ireland,,scopus-recommendation,16,Thinking AI,"['buying behaviour', 'decision-making unit', 'key influencers', 'decision process', 'marketing strategies', 'business-to-business marketing']","The abstract focuses on understanding organizational buying behavior and the decision-making process within the Irish biotechnology industry. It discusses the influences on purchasing decisions and proposes newer models of organizational buying behavior and marketing strategies, which aligns with the strategic analysis focus of Thinking AI. The emphasis is on market analysis and understanding buyer behavior rather than on automation or emotional engagement.",0%,0%,100%,0%,0%
"Online peer and editorial recommendations, trust, and choice in virtual markets",Smith D.; Menon S.; Sivakumar K.,2005,10.1002/dir.20041,"This research examines the influence of recommendations on consumer decision making during online shopping experiences. Evidence from two empirical studies suggests that many online consumers seek and accept recommendations in order to effectively manage the amount of information available during online search processes. These findings suggest that consumers use the mere availability of peer recommendations as a decision-making heuristic, irrespective of the peer recommender's personal characteristics. Findings also suggest that consumer preference for peer versus editorial recommendations depends on the specific nature of the consumer's shopping goal: utilitarian or hedonic Finally, results from this study indicate that consumers prefer peer and editorial recommendations over other types of effort-reducing cues that might be available during online search. As such, retailers must consider a number of factors including recommender characteristics, shopping goals, and product characteristics in their bid to provide consumers with the appropriate type of recommendation for their respective decision-making task. © 2005 Wiley Periodicals, Inc. and Direct Marketing Educational Foundation, Inc.",,Elsevier Inc.,scopus-recommendation,461,Feeling AI,"['consumer decision making', 'peer recommendations', 'shopping goals', 'utilitarian', 'hedonic', 'emotional preferences']","The abstract discusses how consumers rely on peer recommendations and editorial recommendations based on their shopping goals, indicating an understanding of consumer emotions and preferences. It emphasizes the importance of aligning recommendations with consumer emotional needs and decision-making processes. This aligns closely with the 'Feeling AI' category, which focuses on customer understanding and meeting emotional needs.",80%,10%,10%,0%,0%
"Market situation interpretation and response: The role of cognitive style, organizational culture, and information use",White J.C.; Varadarajan P.R.; Dacin P.A.,2003,10.1509/jmkg.67.3.63.18654,"Improving marketing decision making requires a better understanding of the factors that influence how managers interpret and respond to a market situation. Building on extant literature, the authors develop a model that delineates antecedents of and responses to the interpretation of a market situation. Using case-scenario methodology, the authors test the model in the context of a marketing decision (annual advertising and promotion budget recommendation) with data collected from a nationwide sample of hospital marketing executives. The results of the partial least squares analysis show that (1) cognitive style, organizational culture, and information use affect the extent to which managers perceive a given market situation as one in which they can control the outcomes of their decision; (2) the more managers perceive a situation as controllable, the more they appraise that situation as an opportunity; and (3) the more managers appraise a situation as an opportunity, the greater is the magnitude of their response.",,,scopus-recommendation,281,Thinking AI,"['cognitive style', 'organizational culture', 'information use', 'market situation', 'controllable outcomes', 'opportunity appraisal', 'managerial response']","The abstract discusses how cognitive style, organizational culture, and information use influence managers' perceptions and responses to market situations. This aligns with the Thinking AI category, which focuses on market analysis and strategic decision-making based on insights derived from data. The emphasis on interpreting market situations and making budget recommendations showcases analytical thinking in marketing, rather than mechanical processes or emotional understanding.",10%,0%,90%,0%,0%
The Mannmaven: An agent for diffusing market information,Wiedmann K.-P.; Walsh G.; Mitchell V.-W.,2001,10.1080/13527260127413,"With the growing competition and complexity of marketing information,interpersonal communication is becoming increasingly important to marketers and consumers (mavens) who can act as disseminators of marketing communications and play an important role. Previous research, which has found that mavens are more likely to be female, has ignored the way in which these consumer communicators make decisions and process information. As male product markets grow and gender roles in shopping become blurred, identifying male mavens could be a useful promotional tool. Sixty male and 78 female market mavens were identified from a survey of 455 German consumers, which differed only marginally in terms of age and education. The prime decision-making traits of male mavens differed from females and were related to brand consciousness, shopping avoidance/satisficing, impulsiveness, speedy fashion seeking, perfectionism, price–value consciousness, confused by overchoice and quality brand loyal. Implications and recommendations for marketers targeting male product markets in Germany are discussed. © 2001 Taylor & Francis Group, LLC.",Gender Differences In Decision Making; Male Market Mavens; Word-OF-MOUTH Communication,,scopus-recommendation,79,Feeling AI,"['interpersonal communication', 'decision-making traits', 'brand consciousness', 'price–value consciousness', 'quality brand loyal']","The abstract discusses the role of market mavens, particularly focusing on their decision-making traits and interpersonal communication as it relates to marketing. These aspects align closely with the 'Feeling AI' category, which emphasizes understanding customer needs and wants, as well as developing positioning that resonates with customers. The insights into male and female mavens suggest an emotional understanding of consumer behavior and preferences, which is central to the 'Feeling AI' focus.",70%,10%,20%,0%,0%
Attracting foreign investment? The role of investment incentives in the ASEAN operations of transnational corporations,Yeung H.W.,1996,10.1080/09512749608719201,"Policymakers in many developing Asian countries have commonly relied on investment incentives as a major policy instrument to attract foreign investment. Using comparative case studies of Asian transnational corporations (TNCs) in Southeast Asia, this paper argues that investment incentives per se are ineffective in attracting foreign investment. The paper first examines the role of government incentives in the inflow of foreign investment, with particular reference to the Southeast Asian region. It then provides a comparative study of Hong Kong and Taiwanese investments. Hong Kong TNCs are shown to have invested in Southeast Asia because of market or market‐related reasons, not investment incentives per se. To these firms from Hong Kong, investment incentives are more a kind of post hoc rationalization of their decision making. For the Taiwanese investors in Malaysia, government incentives are less important than the existence of market access and the friendly host country environment. The paper also suggests some implications and specific policy recommendations for policymakers in host country governments. Instead of over‐reliance on investment incentives, host country governments should be more concerned with: 1) a commitment to internationalization through the promotion and marketing of international images; 2) the upgrading of domestic resources through continuous training and development; 3) a more efficient allocation of resources; 4) supra‐national coordination and promotion. © Routledge 1996.",,,scopus-recommendation,11,Out of Scope,[],"The abstract discusses investment incentives and foreign investment policy in Southeast Asia, which does not relate to marketing or AI applications in marketing. It focuses on macroeconomic policy and international business rather than customer engagement, emotional understanding, or marketing strategies.",0%,0%,0%,100%,0%
"Tourists' satisfaction, recommendation and revisiting Singapore",Hui T.K.; Wan D.; Ho A.,2007,10.1016/j.tourman.2006.08.008,"This study assesses the satisfaction of different tourist groups using a conceptual model that combines the concepts of the Expectancy Disconfirmation Paradigm [Oliver, R.L. (1980). A cognitive model of the antecedents and consequences of satisfaction decisions. Journal of Marketing Research, 17, 460-469] and Service Quality framework [Parasuraman, A., Zeithaml, V.A., & Berry, L.L. (1985). A conceptual model of service quality and its implications for future research. Journal of Marketing, 49, 41-50; Cronin, J.J., & Taylor, S.A. (1992). Measuring service quality: A re-examination and extension. Journal of Marketing, 56, 55-68]. A sample of 424 tourists departing from Singapore Changi International Airport was surveyed with a structured questionnaire. A series of analyses were performed on the segmented groups-Europe, Asia, Oceania and North America. In both the disconfirmation and perceptions-only models used in this study, it was consistently found that 'Price' was insignificant in shaping overall satisfaction levels for all groups of tourists. 'Accommodation and Food' was significant for the North Americans' overall satisfaction. 'Attractions' was significant for the European and Asian tourists while 'Culture' was significant for the Oceania tourists. There was no single factor that appealed to all the groups of travellers. It was also found that all tourists were willing to recommend Singapore to their relatives and friends and they were willing to revisit Singapore in the future. © 2006 Elsevier Ltd. All rights reserved.",Hotelling's T<sup>2</sup>; Paired t-test; Recommendation and revisiting; Satisfaction,Elsevier Ltd,scopus-recommendation,477,Feeling AI,"['satisfaction', 'emotional needs', 'willing to recommend', 'cultural appeal']","The abstract discusses the satisfaction levels of different tourist groups and highlights specific factors that contribute to their overall satisfaction, such as 'Accommodation and Food' and 'Attractions'. This indicates an understanding of customer emotional needs and preferences based on their experiences. The willingness of tourists to recommend Singapore and revisit also points to an emotional connection with the destination, aligning closely with the goals of Feeling AI.",60%,10%,20%,5%,5%
Credit analysis and its influence on the customer's potential creditability: A field study on commercial Jordanian Banks,Tarawneh M.,2003,,"The main objective of this study is to determine the credit evaluation indicators which influence the credit decision making process in the commerical Jordanian banks. In addition, the study aims to show the relative importance for the evaluation indicators which are used by the Jordanian banks. The findings of the study showed that the Jordanian commercial banks realy use financial, marketing, and economic indicators, in addition to other indicators which are mentioned in the study. Also, the results showed that the relative importance of these credit evaluation indicators were varied regarding the credit analysis process. The most important credit evaluation indicators were the financial indicators. Results of testing the hypotheses provide evidence to reject all null hypotheses. Moreover, the results indicated that there is a significant and positive relationship between the credit evaluation indicators and the customer potential creditbility and his ability to pay his loans. Finally, the study provides some recommendations for commercial banks in order to inhance their credit decisions.",Credit analysis; Credit loans; Customer potential creditability; Doubtful debt accounts; Economic indicators; Financial indicators; Marketing indicators,,scopus-recommendation,0,Out of Scope,"['credit evaluation', 'credit decision making', 'financial indicators', 'customer potential creditability']","The abstract discusses credit evaluation indicators and decision-making processes in commercial banks, which is primarily focused on financial services rather than marketing strategies. The content does not relate to marketing applications of AI, such as customer understanding, market analysis, or automation of marketing processes.",0%,0%,0%,100%,0%
Factors affecting trust in on-line prescription drug information and impact of trust on behavior following exposure to DTC advertising,Huh J.; DeLorme D.E.; Reid L.N.,2005,10.1080/10810730500326716,"Despite growing concerns about the quality and accuracy of Internet-based prescription drug information, there has been very little empirical research on consumers' perceptions of the trustworthiness of on-line drug information. In this article, we report on a study modeled after that of Menon, Deshpande, Perri, and Zinkhan (2002) in Health Marketing Quarterly that reexamines how key demographic, predispositional, and media factors are associated with consumer trust in on-line prescription drug information and the impact of trust in on-line drug information on ad-promoted behavior following exposure to direct-to-consumer (DTC) advertising. Four major findings are reported: (1) on-line drug information is not highly trusted; (2) trust in on-line drug information is not differentially affected by consumer demographic or predispositional characteristics; (3) trust in the traditional media of DTC advertising is predictive of trust in on-line drug information; and (4) trust in on-line drug information is associated directly with specific types of ad-promoted behavior following exposure to DTC advertising. Implications and recommendations are offered based on the results. Copyright © Taylor & Francis Inc.",,,scopus-recommendation,90,Thinking AI,"['trustworthiness', 'consumer perceptions', 'ad-promoted behavior', 'DTC advertising', 'media factors']","The abstract discusses consumer trust in online prescription drug information and its relation to direct-to-consumer advertising, which aligns with market analysis and targeting strategies. The findings suggest that understanding trust levels can influence marketing strategies, making it relevant to market analysis in the context of advertising effectiveness. This aligns closely with the Thinking AI category, which focuses on market analysis and targeting.",0%,0%,100%,0%,0%
Smart versus knowledgeable online recommendation agents,Punj G.N.; Moore R.,2007,10.1002/dir.20089,"This paper studies how smart recommendation agents (those that filter and integrate information and offer feedback to customers) influence consumer decision making in online stores, in comparison to recommendation agents that are merely ""knowledgeable"" of the alternative options that exist in a product assortment. The cognitive cost model is used to propose hypotheses that link information search and alternative evaluation with two shopping environment influences that are typical of online settings. A study that simulates search and evaluation in a Web-based choice environment is conducted to test the hypotheses. The results offer insights into how the ""feedback"" provided by a recommendation agent on the product options available may have an effect on search and evaluation in an online store. © 2007 Wiley Periodicals, Inc. and Direct Marketing Educational Foundation, Inc.",,Elsevier Inc.,scopus-recommendation,26,Thinking AI,"['recommendation agents', 'consumer decision making', 'information search', 'alternative evaluation', 'feedback', 'online store']","The abstract discusses how smart recommendation agents influence consumer decision making in online stores by filtering and providing feedback on product options. This aligns with the Thinking AI category, particularly in terms of market analysis and targeting through personalized recommendations. The focus on evaluation and search processes indicates a strategic approach rather than an emotional or purely mechanical one.",10%,10%,80%,0%,0%
Stiftung Warentest and the pharmaceutical market,Glaeske G.,1989,10.1007/BF00412141,"For a couple of years now, the Stiftung Warentest and its magazine test have informed the FRG consumer about groups of drugs primarily administered through self-medication (Over-The-Counter drugs = OTC). These reports are based on descriptions and assessments of drugs available on the market. test's ongoing effort in this field is unique on the European consumer scene. So far 500 - primarily OTC - drugs related to 24 fields of application were discussed in test. Only less than half of the drugs received the positive recommendation ""suitable for therapy."" The enclosed package leaflet was examined with respect to the comprehensiveness and intelligibility of the statements made. The results obtained were similar. The reports are a permanent reminder of the regulatory deficit of the German Federal Health Office (Bundesgesundheitsamt = BGA) whose decisions frequently show no evidence of an active stance in favour of consumer interests. Another aim is to reduce the drug producers' information and marketing monopoly. Basically, the test reports constitute an attempt to introduce more rationality into the drug area and thereby to improve the consumer's drug safety. © 1989 Kluwer Academic Publishers.",,Kluwer Academic Publishers,scopus-recommendation,0,Out of Scope,"['self-medication', 'OTC drugs', 'consumer interests', 'drug safety', 'regulatory deficit']","The abstract discusses the evaluation of over-the-counter drugs and their safety for consumers, focusing on regulatory issues and consumer protection rather than marketing strategies or applications. The content pertains more to healthcare and drug assessment rather than marketing AI applications, which is why it falls under 'Out of Scope.'",0%,0%,0%,100%,0%
Travel motivations of package tour travelers,Chang J.C.,2007,,"Managers in the travel industry are keen to know what influences customer decision-making and how customers make their decisions. Travel motivation reflects one's needs and wants and can be viewed as a critical variable in relation to their purchase decisions. Travel motives for joining group travel may be different from those of free independent travelers. This study examined travel motives as well as travel decision-making of Taiwanese travellers with a group package tour abroad. The qualitative approach - participant observation first and telephone interviews with tour participants later - was conducted for data collection. It was found that socio-psychological needs were an important motivation for travel, and socio-economic considerations were regarded as a crucial motivation for travel decision-making. Furthermore, their decision-makings are also strongly influenced by their social relationships - friends/relatives' recommendations. The results also revealed that Taiwanese travelers' travel motivations are considerably related to the price paid. The 'push factor' appeared to have much more impact than the 'pull factor' for impelling Taiwanese travelers in the pursuit of a holiday. Since the source of information for taking a vacation plays an important role for decision-making, this research suggested that the travel agency should put more efforts on nurturing a positive corporate image in order to gain consumers' trust. Other recommendations were proposed for the travel service providers to enhance their marketing strategies, particularly for female travelers.",Decision-making; Motivation; Taiwanese; Travel agency; Traveler,Institute for Tourism,scopus-recommendation,34,Feeling AI,"['travel motivation', 'customer decision-making', 'socio-psychological needs', 'social relationships', ""friends/relatives' recommendations"", 'corporate image', 'female travelers']","The abstract discusses the motivations behind travel decisions, emphasizing the emotional and social factors that influence Taiwanese travelers. The focus on socio-psychological needs and the importance of social relationships indicates an understanding of customers' emotional needs. Additionally, recommendations for nurturing a positive corporate image to gain consumer trust further align with the objectives of Feeling AI, which aims to understand and meet customer emotional needs and tailor communication accordingly.",70%,10%,20%,0%,0%
High-tech or high-touch positioning for the regional business market: The case of County Community Bank,Kennett P.A.; Sneath J.Z.; Borders A.L.,2004,10.1108/08858620410564427,"County Community Bank (CCB), the largest community bank in the state of Mississippi, built its success in the regional business market through relationship marketing and a high-touch approach. However, by the mid-1990s, CCB management began to believe that its image as ""a small town bank"" would be detrimental to future success. To be better aligned with new national competition, an image change was undertaken whereby the bank shifted its competitive advantage to include the area of technology, eventually becoming one of the most technologically aggressive banks in the state, and even the region. Had CCB become too product-driven in its business-to-business marketing decisions, or were they still customer-driven? Had the changes resulted in the intended outcomes? Consequently, CCB commissioned a market research study in which current business customers were surveyed. The results of this study are presented. This case ends with discussion questions that will assist in guiding the instructor and students in the interpretation of the research results and, ultimately, in making recommendations to the bank regarding how best to attract and manage business customers.",Banking; Product positioning; Services,,scopus-recommendation,2,Feeling AI,"['relationship marketing', 'customer-driven', 'business customers', 'customer needs', 'manage business customers']","The abstract emphasizes the importance of understanding customer needs and preferences, particularly in the context of relationship marketing and ensuring that the bank's positioning resonates with customers. The focus on surveying current business customers to gather insights aligns with the goals of feeling AI, which is centered around customer understanding and emotional engagement.",70%,10%,20%,0%,0%
Managing price expectations through product overlap,Gourville J.T.; Moon Y.,2004,10.1016/j.jretai.2004.01.002,"How should a retailer think about the decision to carry, price, and promote products that overlap with another store when such overlap is predicted to intensify price competition and drive down product prices? The existing research suggests that retailers should look to carry an ever-increasing percentage of unique or non-overlapping products [J. Marketing 61 (1997) 38; Marketing Sci. 19 (2000) 83], thereby eliminating the ability to compare prices across stores.We challenge this recommendation, arguing that overlapping products allow one type of retailer-the higher end retailer-to signal the fairness of its prices and foster a more favorable price image than might otherwise exist. In a laboratory study, we show that, for higher end stores, the existence of overlapping products can significantly increase perceptions of pricing fairness and subsequent store choice, even when those overlapping products are no cheaper in the focal store than in a competing store. © 2004 New York University. Published by Elsevier. All rights reserved.",Price expectations; Product overlap; Retail competition,,scopus-recommendation,22,Feeling AI,"['pricing fairness', 'store choice', 'customer perception']","The abstract discusses how overlapping products in a retail environment can affect customer perceptions of pricing fairness and influence store choice. This aligns closely with the 'Feeling AI' category, which focuses on understanding customer emotions and preferences. The study shows that higher-end retailers can leverage overlapping products to enhance their price image, indicating a deep understanding of customer emotional responses to pricing strategies.",70%,10%,20%,0%,0%
Informal and formal care for the elderly: Decision determinants and their implications,Mundt J.; Lusch R.F.,1997,10.1300/J026v14n03_05,"In this article, a model is developed of the determinants of elderly health care choice between the options of informal care (i.e., provided by family and friends) and formal care (i.e., care provided via the market). These determinants are: Expertise Capacity, Resource Capacity, Time Capacity, Economic Rewards, Psychic Rewards, Trust, and Control. This model is based on the theoretical work of Lusch, Brown, and Brunswick (1992) in the marketing literature and a variety of empirical findings in health care literature. The Lusch et al. (1992) framework models the general determinants of an entity's choice between fulfilling needs on their own (i.e., internal exchange or self-production) or going to the market to fulfill their needs (i.e., external exchange). The goal of this article is to develop understanding of formal care and informal care use decisions, and to create managerial recommendations based on a sound theoretical understanding of the issues. © 1997 Taylor & Francis Group, LLC.",,,scopus-recommendation,3,Out of Scope,"['elderly health care', 'informal care', 'formal care', 'determinants', 'trust', 'economic rewards']","The abstract discusses a model related to health care choices made by the elderly between informal and formal care. The focus is on health care determinants rather than marketing applications. Therefore, it does not fall under any marketing-related AI categories.",0%,0%,0%,100%,0%
Customizing promotions in online stores,Zhang J.; Krishnamurthi L.,2004,10.1287/mksc.1040.0055,"The main objective of this paper is to provide a decision-support system of micro-level customized promotions, primarily for use in online stores. Our proposed approach utilizes the one-on-one and interactive nature of the Internet shopping environment and provides recommendations on when to promote how much to whom. We address the issue by first constructing a joint purchase incidence-brand choice-purchase quantity model that incorporates how variety-seeking/inertia tendency differs among households and change over time for the same household. Based on the model, we develop an optimization procedure to derive the optimal amount of price discount for each household on each shopping trip. We demonstrate that the proposed customization method could greatly improve the effectiveness of current promotion practices, and discuss the implications for retailers and consumer packaged goods companies in the age of Internet technology.",Brand choice; Customized promotions; Decision support system; Econometric models; Inertia; Internet marketing; Personalized marketing; Profit optimization; Purchase incidence; Purchase quantity; Variety-seeking,,scopus-recommendation,137,Thinking AI,"['decision-support system', 'customized promotions', 'recommendations', 'optimization procedure', 'price discount']","The abstract discusses the development of a decision-support system aimed at optimizing promotional strategies for online stores. The focus on making recommendations for personalized promotions based on the modeling of consumer behavior aligns closely with the 'Targeting' and 'Personalization' aspects of Thinking AI. The approach analyzes consumer tendencies and seeks to improve marketing effectiveness through data-driven insights, which is characteristic of market analysis.",0%,20%,80%,0%,0%
The U.S. infant formula industry: Is direct-to-consumer advertising unethical or inevitable?,Cutler B.D.; Wright R.F.,2002,10.1300/J026v19n03_04,"Throughout their history, U.S. based infant formula companies have promoted their products as though they required a prescription. This form of marketing is called “ethical” promotion, which focuses on gaining a physician to parent recommendation for a brand of infant formula. Until Nestle's entry into the U.S. infant formula market in 1988, there was little direct-to-consumer promotion of infant formula. This article provides a background on the history of infant formula practices in the United States and then focuses on a descriptive model to explain how mothers' make their infant formula selection. Finally, we offer suggestions for the “ethical” marketers of infant formula. © 2002 Taylor & Francis Group, LLC.",Breast feeding; Direct-to-consumer advertising; Ethical promotion; Infant formula; Managed care; WIC,,scopus-recommendation,4,Feeling AI,"['ethical promotion', 'physician to parent recommendation', ""mothers' selection"", 'customer needs']","The abstract discusses how infant formula companies engage in ethical promotion by focusing on recommendations from physicians to parents, which aligns with understanding customer needs and preferences. It also emphasizes the decision-making process of mothers, indicating a focus on emotional and relational aspects of marketing, thus fitting into the Feeling AI category. The suggestions for ethical marketers imply a need to resonate with customers on an emotional level.",70%,10%,20%,0%,0%
Self-reliance of community enterprise: A case study of a Thap Lan Woman's Weaving Group in Prachin Buri Province,Poosiri P.,2007,,"The objective of this study was to study factors involving a self-reliance of agriculturist group. The selected group of the study was the Thap Lan woman's weaving group in Prachin Buri province. The study was carried out by collecting a primary data from interviewing group committees and group members. The secondary data were also collected from various documents. The study found that there are four internal factors: local wisdom, knowledge management, group management, marketing, and three external factors: community contexts, network, and government policies that has influence on self-reliance of the group. Besides, the group could be self-reliant by having five components: appropriate technology, circulated capital, sufficient raw materials in the locality, enthusiastic group leaders, and helpful group members. The recommendations from the study were five aspects to manage group. They were: 1) to conserve Lan palm trees for long run weaving usage; 2) to circulate functions within groups to attain new generation leadership; 3) to encourage members to participate in the group activities; 4) to perform continuous training for members to uplift their spirits and upgrade their work in order to set up their thoughts and speed up decision making by themselves; and 5) to develop a marketing management for the market enlargement. The suggestions for network were supporting productive information, managing, and accounting. The suggestions for further research were: 1) to study the factors which influence on the Thap Lan woman's weaving group; 2) to study and develop a Lan palm leaves drying machine for using in the rainy season.",Lan palm tree; Local wisdom; Self-reliance; Woman group,,scopus-recommendation,3,Out of Scope,"['self-reliance', 'community contexts', 'government policies', 'marketing management']","The abstract discusses the self-reliance of a women's weaving group, focusing on internal and external factors that help them achieve this goal. While there are mentions of marketing management and group activities, the primary focus is on community and resource management rather than the application of AI in marketing. Therefore, it does not fit into the defined categories related to AI applied to marketing.",0%,0%,0%,100%,0%
Demographic and psychographic variables associated with Hispanic business majors intending to pursue graduate studies: Marketing implications,Adams R.; Kalliny M.; Saran A.; de los Santos G.,2005,10.1140/epje/e2005-00012-3,"Increasing shifts in population proportions have led to an increasing demand on education institutions to recruit Hispanics. A random and stratified national sample was used to answer the following questions: (1) What are the psychographic typologies that are likely to identify Hispanic students by their desire to pursue or not to pursue graduate education? (2) What relationship, if any, does income of the parents play in a Hispanic student's decision to pursue graduate education? (3) Is there a direct relationship between the parents' level of education and Hispanic students' decision to pursue graduate work? This paper attempts to dissolve myths about the variables associated with Hispanics' participation in graduate education, and to make recommendations for effective appeals to encourage Hispanic students to attend graduate programs. Copyright © 2005 by The Haworth Press, Inc. All rights reserved.",Demographic variables; Graduate studies; Higher education; Hispanics; Marketing; Psychographic variables; VALS,,scopus-recommendation,2,Feeling AI,"['Hispanic students', 'graduate education', 'psychographic typologies', ""parents' income"", ""parents' education"", 'myths', 'effective appeals']","The abstract focuses on understanding the decision-making process of Hispanic students regarding graduate education. It emphasizes psychographic typologies and the influence of emotional factors such as parental income and education levels on students' aspirations. The goal is to dissolve myths and provide insights for effective appeals, which aligns with understanding customer emotional needs and developing resonant positioning.",70%,10%,20%,0%,0%
Effect of Clothing Masculinity on Perceptions of Managerial Traits: Does Gender of the Perceiver Make a Difference?,Forsythe S.M.,1988,10.1177/0887302X8800600202,"Four groups of marketing students (N=91) viewed color videotapes of four women interviewing for a middle management position, rated each applicant on five management characteristics, and made hiring recommendations for each applicant. The four applicants were videotaped in each offour costumes representing four levels of masculinity. Analysis of variance was used to estimate the effect of costume, person, gender of the respondent, and possible interactions on perception of management characteristics and on hiring decisions. The results showed that masculinity of clothing had a positive effect on (a) the perception of management characteristics, and (b) favorability of hiring decisions. Although gender differences were not statistically significant, females tended to rate the applicants as more forceful and self-reliant and were more likely to hire than were males. © 1988, Sage Publications. All rights reserved.",,,scopus-recommendation,16,Feeling AI,"['masculinity', 'perception', 'management characteristics', 'hiring decisions', 'gender differences', 'forceful', 'self-reliant']","The abstract discusses how the clothing (representing masculinity) influenced the perception of management characteristics and hiring decisions by the respondents. This indicates an understanding of customer (in this case, the hiring managers') emotional responses to the applicants based on their appearance. The findings suggest that emotional data and gender perceptions play a significant role in the hiring process, aligning closely with the focus on customer understanding and relationalization in the Feeling AI category.",70%,0%,30%,0%,0%
Narrowing the skills gap for marketers of the future,Dacko S.G.,2006,10.1108/02634500610665736,"Purpose - The purpose of the research is first, to understand, explain, and evaluate the nature and extent of marketing skill development in MBA programmes relative to the needs and desires of practitioners and students, and second, to present findings and recommendations for increasing the effectiveness of skill development in MBA programmes for the benefit of both marketing practitioners and academics. Design/methodology/approach - The research design/methodology is based primarily on survey research on skill development in MBA programmes from the perspectives of both graduates and marketing practitioners. Findings - This research suggests that six important skill weaknesses - decision making, leadership, problem formulation, persuasion, creativity, and negotiation - need to be developed among future marketers and that a marketing education framework should be based on the pillars of a project and dissertation, classroom debate and discussion, and oral presentations. Research limitations/implications - Future research should focus on understanding and explaining to an even greater extent how marketing education can make more effective use of interactive, hands-on learning approaches typified by a project and dissertation, classroom debates and discussions, and oral presentations. Practical implications - Implications for practice include the suggestion that practitioners must also assume responsibility for developing initiatives that facilitate marketing skill development as well. Originality/value - The new and original value and contribution of the research is that it extensively characterises and quantifies the extent of a marketing skill development gap - the gap between what marketing skills are being developed in MBA programmes and what practitioners want and need in marketers of the future in addition to providing recommendations to close the marketing skills gap. © Emerald Group Publishing Limited.",Education; Marketing; Master of business administration; Skills; Skills shortages,,scopus-recommendation,18,Not Identified,"['marketing skill development', 'MBA programmes', 'practitioners', 'students', 'decision making', 'leadership', 'creativity', 'negotiation']","The abstract discusses the evaluation of marketing skill development in MBA programs and identifies necessary skills for future marketers. It does not clearly align with defined categories of AI applications in marketing such as Mechanical AI, Thinking AI, or Feeling AI. The content is more focused on educational methods and skill gaps rather than direct applications of AI in marketing.",0%,0%,0%,0%,100%
Conceptualization and measurement of relationship quality: Linking relationship quality to actual sales and recommendation intention,Huntley J.K.,2006,10.1016/j.indmarman.2005.05.011,"Following over a decade of relationship marketing, this paper re-visits the notion of relationship quality to determine relational drivers of account profitability. Customer executives from multiple industries are interviewed to identify critical success factors in buyer-seller relationships. Based on their responses, a ""back-to-the-basics,"" grass roots approach to the measurement of relationship quality is offered. To further demonstrate its value for marketing practice, this measure of relationship quality is administered to a nationwide sample of key customer decision-makers to determine its link to profitable outcomes. The results support this measure as a driver of actual sales and recommendation intention. © 2005 Elsevier Inc. All rights reserved.",Account growth; B2B relationships; Buyer-seller relationships; Relationship marketing; Relationship quality; Technology-intensive industry,,scopus-recommendation,196,Feeling AI,"['relationship quality', 'buyer-seller relationships', 'customer decision-makers', 'profitable outcomes', 'sales', 'recommendation intention']","The abstract focuses on the relational drivers of account profitability, emphasizing the importance of relationship quality in buyer-seller interactions. It highlights the understanding of customer needs and the emotional aspects of relationships that lead to profitable outcomes, thereby aligning closely with the tenets of Feeling AI. The exploration of critical success factors in relationships and their impact on sales and recommendations further supports this classification.",70%,10%,20%,0%,0%
Business and HE links: The search for meaningful relationships in the placement marketplace - part two,Ellis N.; Moon S.,1998,10.1108/00400919810247186,"Second part of a two-part article. Draws on the conclusions of the first part (Vol. 40 No. 5) with regard to a study of the buying behaviours exhibited by UK organisations in the use of placement services from higher education (HE). Explains that results showed clear differences among employers regarding frequency of interaction between university and host organisation, stages in the buying process, selection criteria used and the number of people involved in the decision. Discusses issues of service quality and relationship management. Compares findings to earlier research into placements and other education/business links. Examines the major themes which emerge from several perspectives: those of relationship marketing, stakeholders and key account management. Makes recommendations for the careful management of HE/business relationships in order to ensure the successful formation of new links and the development of lasting partnerships. © 1998, MCB UP Limited",,,scopus-recommendation,4,Feeling AI,"['relationship management', 'service quality', 'stakeholders', 'key account management']","The abstract discusses the management of relationships between higher education institutions and businesses, focusing on understanding the different perspectives and needs involved in these interactions. This aligns closely with the Feeling AI category, which emphasizes customer understanding and relationalization. The mention of service quality and relationship management indicates a focus on meeting emotional needs and fostering lasting partnerships.",60%,10%,30%,0%,0%
Computer-based advertising budgeting practices of leading U.S. consumer advertisers,Lancaster K.M.; Stem J.A.,1983,10.1080/00913367.1983.10672857,"Advertising budgeting theory suggests a number of important components of that decision-making process, many of which are examined in this article from the perspective of leading U.S. consumer advertisers. Sixty marketing, advertising and financial executives provide detailed information concerning the general characteristics of their company’s advertising budgeting models, the use of computers and software packages and suppliers, variables and data bases typically analyzed and the perceived performance of their budgeting procedures, among other factors. Although most executives indicate that computers are used in the advertising budgeting process, only about one third of them also analyze advertising-sales response functions. The majority of all executives believe that their company’s advertising budgeting procedures need “some” or “much” improvement and many offer recommendations. © 1983 Taylor and Francis Group, LLC.",,,scopus-recommendation,21,Thinking AI,"['advertising budgeting', 'market analysis', 'performance', 'data bases', 'variables']","The abstract discusses the decision-making process in advertising budgeting from a strategic perspective, focusing on how executives analyze advertising models and perceived performance. This aligns with the category of Thinking AI, particularly in market analysis and evaluation of competitive advantages related to advertising effectiveness. While there are mentions of data collection and analysis, the core focus is on strategic analysis of budgeting procedures.",10%,20%,70%,0%,0%
Functionality of riparian forest ecotones in the context of former Soviet Union and Swedish forest management histories,Lazdinis M.; Angelstam P.,2005,10.1016/S1389-9341(03)00069-8,"Forest management in Central and Eastern Europe, under direct or indirect Soviet influence, for a long time followed different management objectives and strategies as compared to the forest management in countries with market economies in Western Europe located in the same biogeographic zones. In the light of the appearing paradigms of natural disturbance regimes and ecosystem-based forest management we evaluate forest management in the former Soviet Union and Sweden with respect to conservation of riparian forest ecotones. We studied the site and forest age class distribution both along watercourses and at randomly selected locations in the surrounding terrain in managed landscapes in Sweden and the former Soviet Union, respectively. Along watercourses in the former Soviet Union 20% of the overall forest cover was classified as old-growth compared with 6% in the surrounding landscape. By contrast, although the proportion of site type distribution was similar, such forests were neither found along watercourses nor in the surrounding landscape in Sweden. The results hence show that the Soviet management policy resulted in better conditions from the biodiversity conservation perspective. We conclude that the forestry decision-making environment does matter for practical forest conservation. We also make the following recommendations to forest and environmental planners and decision-makers: (1) protect existing and restore and re-create riparian corridors in general; (2) maintain riparian forests along streams of all orders, because small rivers are as important for conservation of biodiversity as large rivers; (3) designate riparian corridors for protection not focusing on a single width, but rather based on vegetation site type appropriate for stand types with a continuous forest cover. © 2003 Elsevier B.V. All rights reserved.",Forest management; Land use history; Riparian ecotones,,scopus-recommendation,32,Out of Scope,[],"The abstract discusses forest management practices and biodiversity conservation in Central and Eastern Europe and the former Soviet Union, which is unrelated to marketing or any AI applications within marketing contexts. It focuses on ecological management strategies rather than any marketing-related activities such as customer understanding, analysis, or segmentation.",0%,0%,0%,100%,0%
The development of a marketing strategy by Centurion Community Services; [Die ontwikkeling van 'n bemarkingstrategie vir centurion gemeenskapsdiens],Naudé M.C.; Terblanche L.S.,2004,,"Centurion Community Services (CCS), a social service agency situated in Lyttelton, Pretoria, was founded in February 1999. The geographical area where services were rendered over the past four years has been transformed from a once quiet rural scene to a densely populated urban area. The founding of CCS testifies to a pro-active step to address anticipated social problems associated with urbanisation. A qualitative study was launched with the aim to assess the community's perception concerning CCS and whether this service is able to fulfil the needs and wants of the community with a view of development of guidelines for a consumer-based marketing strategy. A schedule covering the seven critical areas of decision-making in a marketing strategy had been developed and utilised as a data collection instrument to collect data from respondents, who have all been beneficiaries in one way or another of this service. It was found that a strategic planning process should be implemented in order to obtain clarity regarding the vision and mission of the organization; a marketing plan (which includes the strategic analysis, the SWOT analysis, marketing objectives and marketing strategy) should be applied extensively. A number of recommendations regarding critical decision making areas were also formulated.",,,scopus-recommendation,1,Thinking AI,"['community perception', 'marketing strategy', 'strategic analysis', 'SWOT analysis', 'marketing objectives']","The abstract discusses the assessment of community perception concerning CCS and the development of a consumer-based marketing strategy. This involves elements of market analysis, such as strategic and SWOT analysis, which are aligned with the Thinking AI category. The focus is on understanding the community's needs and how to strategically address them, rather than on mechanical processes or emotional understanding.",0%,0%,100%,0%,0%
Managing piracy: Pricing and sampling strategies for digital experience goods in vertically segmented markets,Chellappa R.K.; Shivendu S.,2005,10.1287/isre.1050.0069,"Digital goods lend themselves to versioning but also suffer from piracy losses. This paper develops a pricing model for digital experience goods in a segmented market and explores the optimality of sampling as a piracy-mitigating strategy. Consumers are aware of the true fit of an experience good to their tastes only after consumption, and as piracy offers an additional (albeit illegal) consumption opportunity, traditional segmentation findings from economics and sampling recommendations from marketing, need to be revisited. We develop a two-stage model of piracy for a market where consumers are heterogeneous in their marginal valuation for quality and their moral costs. In our model, some consumers pirate the product in the first stage allowing them to update their fit-perception that may result in re-evaluation of their buying/pirating decision in the second stage. We recommend distinct pricing and sampling strategies for underestimated and overestimated products and suggest that any potential benefits of piracy can be internalized through product sampling. Two counterintuitive results stand out. First, piracy losses are more severe for products that do not live up to their hype rather than for those that have been undervalued in the market, thus requiring a greater deterrence investment for the former, and second, unlike physical goods where sampling is always beneficial for underestimated products, sampling for digital goods is optimal only under narrowly denned circumstances due to the price boundaries created by both piracy and segmentation. © 2005 INFORMS.",Digital products; Experience goods; Piracy; Pricing; Sampling; Vertical segmentation,INFORMS Inst.for Operations Res.and the Management Sciences,scopus-recommendation,184,Thinking AI,"['pricing model', 'segmented market', 'optimality of sampling', 'heterogeneous consumers', 'marginal valuation', 'moral costs', 'market analysis']","The abstract discusses a pricing model for digital experience goods in a segmented market, which involves analyzing consumer behavior, their valuation of quality, and the strategic implications of piracy on purchasing decisions. This aligns with the focus on market analysis, as it seeks to understand competitive dynamics and the impact of piracy on pricing and sampling strategies, making it fit into the Thinking AI category.",10%,10%,70%,0%,10%
Patient sources of information and decision factors in selecting cosmetic surgeons,Nowak L.I.; Washburn J.H.,1998,10.1300/J026v15n04_03,"This paper presents the results of an exploratory study designed to examine influential information sources and decision factors in the selection of plastic surgeons for cosmetic versus medical procedures. Physician referrals were found to be the most influential sources of information for both groups. Word-of-mouth and magazine and newspaper articles were also important information sources for cosmetic patients. Primary selection factors were significantly different between groups, with board certification the most influential for cosmetic patients and recommendation by physician most influential for medical patients. [Article copies available for a fee from The Haworth Document Delivery Service: 1-800-342-9678. E-mail address: Getinfo@haworthpressinc.com]. © 1998 by The Haworth Press, Inc. All rights reserved.",,,scopus-recommendation,17,Out of Scope,"['physician referrals', 'board certification', 'cosmetic patients', 'medical patients']","The abstract discusses the selection of plastic surgeons based on various information sources and decision factors related to cosmetic and medical procedures. This is fundamentally related to healthcare services rather than marketing applications. Thus, it does not align with the marketing-related categories provided.",0%,0%,0%,100%,0%
The relationship between marketing strategies and performance in an economic crisis,Köksal M.H.; Özgül E.,2007,10.1108/02634500710754574,"Purpose - To examine how companies are affected by economic crises, to assess the effects of marketing strategies on company performance in such conditions, and to identify those that can help companies to maintain successful performance despite turbulence in the operational environment. Design/methodology/approach - A structured questionnaire contained questions relating to 21 marketing strategies, associated with the elements of the marketing mix, plus a ""general marketing strategies"" category. It was completed by 172 Turkish companies, drawn from a national frame of 1,000. Data were analysed by factor analysis, with performance criteria set as the dependent variable. Results are reported for each of the elements of the marketing mix. Findings - Companies that modify their strategies appropriately can maintain or improve their performance in times of crisis. Conclusions and recommendations identify the strategic changes most likely to achieve that outcome, measured mainly in terms of sales, market share and profitability. Research limitations/implications - Subjective measures of performance were used because of practical obstacles to obtaining objective financial data from the sample, which would have severely reduced the response rate. Future studies should include such data in the analysis. They might also cross-index findings by company size, industry sector and market scope, and take account of company resources and skills. Practical implications - The findings provide valuable insights for decision makers and marketing planners in times of economic crisis, specifically in the Turkish context but potentially in general. Originality/value - Adds a specific focus on marketing strategies to existing studies of general measures taken by companies during economic crises.",Company performance; Economic cycles; Marketing mix; Marketing strategy; Turkey,,scopus-recommendation,56,Thinking AI,"['marketing strategies', 'company performance', 'economic crises', 'market share', 'sales', 'profitability']","The abstract focuses on how companies can adjust their marketing strategies to maintain or improve performance during economic crises. This aligns closely with the 'Thinking AI' category, particularly in the aspects of market analysis and targeting. The study aims to identify effective strategies and their impact on performance metrics like sales and market share, indicative of strategic analysis rather than automated processes or emotional understanding.",0%,0%,100%,0%,0%
"Deworm in winter, spring, summer, or fall? Developing successful internal parasite control programs",Craig T.M.,1997,,"During the past several years, there has been a myriad of recommendations for strategies to control internal parasites of beef cattle. The problem is not so much that many approaches exist but that management strategies for beef cattle vary dramatically throughout North America. The variations in climate, forages, classes of cattle raised, seasonally of breeding, calving, and marketing all contribute to management decisions made by the livestock producer and veterinarian. Thus, no one approach best serves the needs of all livestock producers. In this column, geography and climate, class of cattle raised, and general management schemes are used as the basis for developing guidelines for rational parasite control programs for cattle. The selection of anthelmintic varies based on a number of considerations. The primary species of parasite and the stage of development are the most important criteria. In older cows that have acquired immunity, the relative efficacy of a drug is not as important as it is in naive replacement heifers. The ease of administration, cost of the drugs, and additional benefits (such as ectoparasite control) may aid in determining the best choice of anthelmintic for a particular situation. Controlling Ostertagia ostertagi should be the focus of a beef cattle parasite control program. Other important gastrointestinal nematodes are Cooperia species and Haemonchus. These gastrointestinal nematodes plus the lungworm Dictyocaulus and liver flukes are the most economically important parasites of cattle in North America.",,,scopus-recommendation,1,Out of Scope,"['internal parasites', 'beef cattle', 'management strategies', 'veterinarian', 'anthelmintic', 'Ostertagia ostertagi', 'gastrointestinal nematodes', 'economic importance']","The abstract discusses management strategies for controlling internal parasites in beef cattle, focusing on veterinary practices and agricultural management. These topics are primarily related to livestock health and management rather than marketing applications. Therefore, it does not align with any of the specified marketing AI categories.",0%,0%,0%,100%,0%
The future of marketing scholarship: Recruiting for marketing doctoral programs,Davis D.F.; McCarthy T.M.,2005,10.1177/0273475304268783,"As demand for business education is rising, the production of business doctorates continues to fall. Between 1995 and 2001, new business doctorates declined 18%, dropping to the lowest point since 1987. In the same time frame, new marketing doctorates dropped by 32%. This article reports the results of a study designed to (1) assess enrollment trends and recruiting practices for marketing doctoral programs, (2) examine decision-making processes of prospective marketing doctoral students, and (3) develop a set of recommendations for improving recruiting in marketing doctoral programs. Results of surveys of marketing doctoral program coordinators, marketing Ph.D. students, and MBA students are reported. © 2005 Sage Publications.",Business education; Doctoral education; Marketing doctorates; Student recruiting; Trends,,scopus-recommendation,8,Not Identified,"['business education', 'enrollment trends', 'recruiting practices', 'decision-making processes', 'marketing doctoral programs']","The abstract discusses trends and practices related to the recruitment and decision-making of prospective students in marketing doctoral programs. It does not focus on AI applications in marketing, customer emotions, automated processes, or strategic analysis. Therefore, it does not fit into any of the specified categories directly.",0%,0%,0%,0%,100%
Who is the decision-maker: The parents or the child in group package tours?,Wang K.-C.; Hsieh A.-T.; Yeh Y.-C.; Tsai C.-W.,2004,10.1016/S0261-5177(03)00093-1,"Family decision-making research has frequently examined role relationship between husband and wife across stages and subdecisions. In contrast to previous researches, this study examines how family role relationships, inclusive of parents and children, vary over decision-making stages for the group package tour (GPT). A total of 240 different families (mother or father as respondents) purchasing GPTs were surveyed, among them, 35 families also included children. Results indicated that family has a tendency to make a joint decision in problem recognition and the final decision stages, and wives were found to play a dominant role in the information search stage. This study broadens the theoretical domains used in understanding family decision-making for the GPT. For practitioners, marketing implications are provided and recommendations for future research are also discussed. © 2003 Elsevier Ltd. All rights reserved.",Decision-making; Family travel; Group package tour (GPT),Elsevier Ltd,scopus-recommendation,162,Feeling AI,"['family decision-making', 'joint decision', 'dominant role', 'information search', 'emotional needs', 'family dynamics']","The abstract discusses family decision-making dynamics, particularly how emotions and relationships within the family influence various stages of the decision process for group package tours. It highlights the importance of understanding customer emotional needs and roles within the family context, which aligns well with the objectives of Feeling AI in understanding and meeting customer emotional needs and preferences.",70%,10%,20%,0%,0%
"When do you want it? Time, decisions, and public policy",Lynch Jr. J.G.; Zauberman G.,2006,10.1509/jppm.25.1.67,"Most consumer decisions involve trade-offs of costs and benefits over time. The research literature on ""intertemporal choice"" examines behavioral regularities in how people think about such decisions, drawing from marketing, psychology, and behavioral economics. This diverse literature is relevant to the analysis of public policy issues related to consumers' discounting of future outcomes ""too much"" compared with sooner outcomes. A stream of outcomes can be viewed as occurring in three temporal regions: the present, the near future, and the more distant future. Somewhat different research streams have developed around the topic of underweighting outcomes in the distant (compared with the near) future and of overweighting outcomes in the present compared with any point in the future. The authors review key concepts from the literature on underweighting the distant future versus the near-term future to analyze policy issues related to consumers' saving for retirement and their response to rebates. The authors review key concepts from the literature on impulsive behavior and present-biased preferences to analyze the problems of self-control that people have in their consumption of ""sin"" products that are proximate and that affect rewards in the present. The authors critique current information and incentive remedies that ignore behavioral principles from the literature, focusing their recommendations on policy interventions designed to influence eating habits and obesity and on cooling-off laws that govern return policies for consumers' big-ticket purchases. © 2006, American Marketing Association.",,American Marketing Association,scopus-recommendation,100,Thinking AI,"['intertemporal choice', 'consumer decisions', 'self-control', 'policy interventions', 'behavioral principles', 'impulsive behavior']","The abstract discusses consumer behavior in the context of time-sensitive decisions, particularly regarding saving for retirement and responding to rebates. It emphasizes the analysis of behavioral regularities and policy issues, which aligns with market analysis and targeting, making it fit within the Thinking AI category.",10%,5%,85%,0%,0%
Supply chain choice on the internet,Netessine S.; Rudi N.,2006,10.1287/mnsc.1060.0512,"Internet companies extensively use the practice of drop-shipping, where the wholesaler stocks and owns the inventory and ships products directly to customers at retailers' request. Under the drop-shipping arrangement, the supply chain benefits from risk pooling because the inventory for multiple retailers is stocked at the same location, the wholesaler's. Another more traditional channel alternative on the Internet is one in which retailers stock and own the inventory. These two supply chain structures, which predominate on the Internet, result in different inventory risk allocation, stocking decisions, and profits for channel members. Moreover, the two channel alternatives can be combined into a dual strategy whereby the retailer uses local inventory as a primary source and relies on drop-shipping as a backup. We model the dual strategy as a noncooperative game among the retailers and the wholesaler, analyze it, and obtain insights into the structural properties of the equilibrium solution to facilitate development of recommendations for practicing managers. Finally, we characterize situations in which each of three channels is preferable by specifying appropriate ranges of critical parameters, including demand variability, the number of retailers in the channel, wholesale prices, and transportation costs. © 2006 INFORMS.",Competition; Drop-shipping; E-commerce; Equilibrium; Fulfillment; Supply chain,,scopus-recommendation,124,Thinking AI,"['drop-shipping', 'supply chain', 'risk pooling', 'inventory risk allocation', 'market analysis']","The abstract discusses the comparison between drop-shipping and traditional inventory models in the context of supply chain management. This involves strategic analysis of inventory risk allocation, stocking decisions, and profitability for various channel members, which aligns with market analysis and targeting strategies. The focus on modeling a dual strategy as a noncooperative game among retailers and the wholesaler indicates a strong emphasis on analytical decision-making related to the marketing strategies employed by these entities.",0%,0%,100%,0%,0%
"Lines have been drawn: Gender gaps in merchandising, retailing and consumer behavior publications",Kotsiopulos A.,2000,10.1177/0887302X0001800311,"Historical documentation of the role of women in retail development has been limited. While the Department of Commerce reports that women now own 40 percent of all service sector businesses, women remain underrepresented in significant ways. Many of the publications we utilize to educate and communicate with those studying merchandising, retailing and consumer behavior, are not inclusive. In this day and age it is difficult to believe that the lines which have been drawn are unintentional rather than purposeful, however, the author remains hopeful. In order to earn respect for our contributions to business development and the discipline, people must be aware of, and value, what has been accomplished. This article presents several recommendations for strengthening our communication with key writers and decision makers in business, industry and education in an attempt to close the gap.",Equity; Gender; Inclusion; Retailing,International Textile and Apparal Association,scopus-recommendation,2,Feeling AI,"['women', 'underrepresented', 'contributions', 'respect', 'communication', 'emotional needs']","The abstract discusses the representation of women in retail and the need for their contributions to be recognized and respected. This aligns with the focus on customer understanding and relationalization in Feeling AI, as it emphasizes emotional engagement and the need to communicate effectively to bridge gaps in representation. The recommendations for strengthening communication with key writers and decision-makers also reflect an understanding of emotional needs and the importance of recognition.",60%,0%,40%,0%,0%
Examining the nature and dynamics of At-destination recommendations: The local experts' perspective,Wang Y.; Severt D.; Rompf P.,2006,10.1300/J150v13n03_08,"At-destination referrals from local experts play a critical and complementary role in information sourcing and venue decision strategies by visitors of a destination. This context-specific form of word-of-moulh communication is widely practiced, yet remains an under-researched phenomenon when taking into consideration the broad range of locals utilized by visitors when making at-destination decisions on travel-related services. Most word-of-mouth studies have examined its influence on consumer's purchase behavior, but few attempts have been made to investigate the local experts' perspective. This exploratory study attempts to contribute to the understanding of the phenomenon from the local experts' perspective from two aspects: (1) examining the nature and significance of at-destination recommendations; and (2) developing and testing a motivational construct of locals making recommendations. The results provide further evidence of a broad range of residents within a community being involved in the provision of venue information and direct property referrals. A test of motivational scale items reveals that five themes emerge as the underlying constructs driving the local experts' referral behavior. Discussion and implications are also provided based on the study results. © 2005 by The Haworth Press, Inc. All rights reserved.",At-destination referrals/recommendations; Destination marketing; Referrer motivations; Tourism marketing; Word-of-mouth,,scopus-recommendation,5,Feeling AI,"['at-destination referrals', 'local experts', 'word-of-mouth', 'recommendations', 'motivational construct', 'community involvement', 'residents', 'venue information']","The abstract discusses the emotional and relational aspects of recommendations provided by local experts to visitors. It focuses on understanding the motivations behind locals' referrals and the significance of these at-destination recommendations, indicating an emphasis on customer understanding and relationalization. The themes driving local experts' behavior reflect emotional engagement and the desire to assist visitors, aligning closely with the definitions of Feeling AI.",70%,10%,20%,0%,0%
"Ethical myopia: The case of ""framing"" by framing",Singer A.E.; Lysonski S.; Singer M.; Hayes D.,1991,10.1007/BF00383690,"The behavioural decision-theoretic concepts of mental accounting, framing and transaction utility have now been employed in marketing models and techniques. To date, however, there has not been any discussion of the ethical issues surrounding these significant developments. In this paper, an ethical evaluation is structured around three themes: (i) utilitarian justification (ii) the strategic exploitation of cognitive habits, and (iii) the claim of scientific status for the techniques. Some recommendations are made for ethical practices. © 1991 Kluwer Academic Publishers.",,Kluwer Academic Publishers,scopus-recommendation,14,Not Identified,"['ethical evaluation', 'cognitive habits', 'mental accounting', 'framing', 'transaction utility']","The abstract discusses the ethical evaluation of behavioral decision-theoretic concepts applied in marketing, but does not clearly align with the defined categories of Mechanical AI, Thinking AI, or Feeling AI. It focuses on ethical implications rather than specific marketing strategies or applications that involve emotional understanding, automated processes, or strategic analysis.",0%,0%,0%,0%,100%
"The impact of outcome, competency and affect on service referral",Johnson M.; Zinkhan G.M.; Ayala G.S.,1998,10.1108/08876049810235432,"Proposes a model to explain consumers' willingness to recommend a service provider. The model considers four predictors of this phenomenon: affect, outcome, competency and courtesy. In a laboratory setting, subjects read and responded to a scenario describing a service encounter of a fictitious individual with a dry cleaner and/or an attorney. The subjects were later asked how likely they were to recommend this service provider to a friend experiencing a similar problem. Separate path analyses were performed to analyze each type of service encounter; and in both scenarios, outcome, competency, courtesy, joy and disgust were found to influence the likelihood that the consumer would recommend a particular service provider. The proposed model accounts for more than 72 percent of the variation in the subjects' decision to recommend. © 1998, MCB UP Limited",Consumer behaviour; Marketing strategy; Recommendations; Service quality; Services marketing,,scopus-recommendation,26,Feeling AI,"['willingness to recommend', 'affect', 'joy', 'disgust', 'customer emotional needs', 'service encounter']","The abstract discusses a model that explains consumers' willingness to recommend a service provider, focusing on emotional factors such as joy and disgust as well as other predictors like affect and courtesy. This aligns closely with the 'Feeling AI' category, which emphasizes understanding customer emotions and needs. The analysis of emotional responses and their influence on recommendations indicates a strong focus on customer understanding and relationalization.",80%,10%,5%,0%,5%
"Social marketing: achieving changes in nutrition behaviour, from household practices to national policies",Griffiths M.,1993,,"A case is made for bringing behavioural concerns onto a par with epidemiological, economic, and clinical considerations in nutrition programming. Several successful programme examples demonstrate the key role that family behaviour plays in nutrition-status outcome and how modifications in family practices can result in improved nutrition status. By ensuring that the voice of the client is heard in programme decisions, social marketing assists in bringing programmes closer to community needs and thus enhances the potential for success. A list of recommendations is included for putting a behaviour-change focus into nutrition planning. -from Author",,,scopus-recommendation,6,Not Identified,"['behavioural concerns', 'nutrition programming', 'family behaviour', 'improved nutrition status', 'voice of the client', 'community needs', 'behaviour-change focus']","The abstract discusses the importance of behavioral concerns in nutrition programming and emphasizes community engagement and family practices. While it touches upon aspects of customer understanding (through 'voice of the client'), it does not align clearly with any of the defined categories of AI applications in marketing. The focus is more on public health and nutritional strategies rather than marketing strategies or AI applications.",0%,0%,0%,100%,0%
The impact of customer relationship characteristics on customer switching behavior: Differences between switchers and stayers,Pablo Maicas Lopez J.; Polo Redondo Y.; Sese Olivan F.J.,2006,10.1108/09604520610711909,"Purpose The purpose of this research is to show how relationship marketing has recognized the importance of building long-term relationships in increasing firms' profitability and guaranteeing their future viability. Owing to the damaging effects that customer switching behavior could have on the development of successful relationships, understanding customers' switching decisions can represent a key step in the process of establishing, developing and maintaining successful relational exchanges. The current study aims to contribute in this direction by introducing the heterogeneity of customers in their relationship characteristics depth, length and breadth into the analysis of customers' propensity to switch service providers. Design-methodology-approach The data set used to carry out this study has been obtained from a panel survey Home Online of technology users in the United Kingdom, and the proposed hypotheses are tested on the fixed-line telephone sector using logistic regression. This technique associates the relationship characteristics with the probability that a switch in suppliers will take place. Findings The results obtained show that the length, depth and breadth of relationships help to determine customers' propensity to switch fixed-telephone suppliers. Customers who maintain a long-lasting relationship with the firm length, use the service more depth, and invest in complementary services breadth will be less predisposed to switch. Practical implications With regard to recommendations for practitioners, the paper highlights the need for firms to renew both acquisition and retention strategies in order to take individual customer information into account. This should help them to identify and retain the most valuable customers and to optimally allocate marketing resources from switching-prone to non-switching-prone customers. Originality-value The main contribution of the paper is to consider relationship characteristics in the analysis of customer switching behavior. This research shows that the heterogeneity observed in the depth, length and breadth of customer-firm relationships explains the differences in the propensity to switch service providers. © 2006, Emerald Group Publishing Limited",Customer relations; Relationship marketing; Servicing; Suppliers,,scopus-recommendation,54,Feeling AI,"['relationship marketing', 'customer switching behavior', 'long-term relationships', 'customer-firm relationships', 'emotional needs']","The abstract discusses the importance of building long-term relationships in marketing and explores how the depth, length, and breadth of these relationships affect customer switching behavior. This aligns with the Feeling AI category, which focuses on customer understanding and relationalization, as the study emphasizes understanding customers' emotional connections with firms and their propensity to switch based on relationship characteristics.",60%,10%,30%,0%,0%
Consumer decision making in online shopping environments: The effects of interactive decision aids,Häubl G.; Trifts V.,2000,10.1287/mksc.19.1.4.15178,"Despite the explosive growth of electronic commerce and the rapidly increasing number of consumers who use interactive media (such as the World Wide Web) for prepurchase information search and online shopping, very little is known about how consumers make purchase decisions in such settings. A unique characteristic of online shopping environments is that they allow vendors to create retail interfaces with highly interactive features. One desirable form of interactivity from a consumer perspective is the implementation of sophisticated tools to assist shoppers in their purchase decisions by customizing the electronic shopping environment to their individual preferences. The availability of such tools, which we refer to as interactive decision aids for consumers, may lead to a transformation of the way in which shoppers search for product information and make purchase decisions. The primary objective of this paper is to investigate the nature of the effects that interactive decision aids may have on consumer decision making in online shopping environments. While making purchase decisions, consumers are often unable to evaluate all available alternatives in great depth and, thus, tend to use two-stage processes to reach their decisions. At the first stage, consumers typically screen a large set of available products and identify a subset of the most promising alternatives. Subsequently, they evaluate the latter in more depth, perform relative comparisons across products on important attributes, and make a purchase decision. Given the different tasks to be performed in such a two-stage process, interactive tools that provide support to consumers in the following respects are particularly valuable: (1) the initial screening of available products to determine which ones are worth considering further, and (2) the in-depth comparison of selected products before making the actual purchase decision. This paper examines the effects of two decision aids, each designed to assist consumers in performing one of the above tasks, on purchase decision making in an online store. The first interactive tool, a recommendation agent (RA), allows consumers to more efficiently screen the (potentially very large) set of alternatives available in an online shopping environment. Based on self-explicated information about a consumer's own utility function (attribute importance weights and minimum acceptable attribute levels), the RA generates a personalized list of recommended alternatives. The second decision aid, a comparison matrix (CM), is designed to help consumers make in-depth comparisons among selected alternatives. The CM allows consumers to organize attribute information about multiple products in an alternatives X attributes matrix and to have alternatives sorted by any attribute. Based on theoretical and empirical work in marketing, judgment and decision making, psychology, and decision support systems, we develop a set of hypotheses pertaining to the effects of these two decision aids on various aspects of consumer decision making. In particular, we focus on how use of the RA and CM affects consumers' search for product information, the size and quality of their consideration sets, and the quality of their purchase decisions in an online shopping environment. A controlled experiment using a simulated online store was conducted to test the hypotheses. The results indicate that both interactive decision aids have a substantial impact on consumer decision making. As predicted, use of the RA reduces consumers' search effort for product information, decreases the size but increases the quality of their consideration sets, and improves the quality of their purchase decisions. Use of the CM also leads to a decrease in the size but an increase in the quality of consumers' consideration sets, and has a favorable effect on some indicators of decision quality. In sum, our findings suggest that interactive tools designed to assist consumers in the initial screening of available alternatives and to facilitate in-depth comparisons among selected alternatives in an online shopping environment may have strong favorable effects on both the quality and the efficiency of purchase decisions - shoppers can make much better decisions while expending substantially less effort. This suggests that interactive decision aids have the potential to drastically transform the way in which consumers search for product information and make purchase decisions.",Consideration sets; Consumer behavior; Decision aids; Decision making; Electronic commerce; Information processing; Information search; Online shopping; Recommendation agents,Institute for Operations Research and Management Sciences,scopus-recommendation,1150,Thinking AI,"['interactive decision aids', 'recommendation agent', 'comparison matrix', 'consumer decision making', 'purchase decisions', 'search for product information', 'consideration sets', 'decision quality']","The abstract discusses the effects of interactive decision aids (Recommendation Agent and Comparison Matrix) on consumer decision making in online shopping environments. It focuses on how these tools enhance the efficiency and quality of purchase decisions, aligning with the 'Thinking AI' category which emphasizes market analysis, targeting, and personalization. The investigation into consumer behavior and decision-making processes fits well within the strategic analysis aspect of Thinking AI.",0%,0%,100%,0%,0%
Choice goal attainment and decision and consumption satisfaction,Heitmann M.; Lehmann D.R.; Herrmann A.,2007,10.1509/jmkr.44.2.234,"Several individual, social-setting, and choice-set factors have been shown to be related to satisfaction. This article argues that these factors operate through a set of choice goals. Using panel data on purchasers of consumer electronics, the authors examine how five goals (justifiability, confidence, anticipated regret, evaluation costs, and final negative affect) drive decision and consumption satisfaction, which in turn determine loyalty, product recommendations, and the amount and valence of word of mouth. © 2007, American Marketing Association.",,American Marketing Association,scopus-recommendation,228,Feeling AI,"['satisfaction', 'goals', 'confidence', 'anticipated regret', 'negative affect', 'loyalty', 'word of mouth']","The abstract focuses on factors that influence consumer satisfaction and emotional responses to purchasing decisions. It discusses how goals related to emotions—such as justifiability, confidence, and anticipated regret—affect satisfaction, loyalty, and recommendations. This aligns closely with the objectives of Feeling AI, which emphasizes understanding customer emotions and tailoring experiences based on emotional data.",70%,10%,20%,0%,0%
Influences on consumer use of word-of-mouth recommendation sources,Duhan D.F.; Johnson S.D.; Wilcox J.B.; Harrell G.D.,1997,10.1177/0092070397254001,"This article reports the development and testing of a theoretical model of the initial stages of recommendation-based decision making by consumers. Although consumers use a variety of recommendation sources, they have different motivations for the use of different sources. The model focuses on the factors that influence the likelihood of consumers using strong-tie sources (e.g., friends and family) and weak-tie sources (e.g., acquaintances or strangers) of recommendations. The factors used in the model are the prior knowledge level of the consumer about the product being considered, the perceived decision task difficulty level, and the type of evaluative cues sought by the consumer. Hypotheses are tested using data collected in an extensive field study with consumers. Two paths or routes of influence on the use of recommendation sources are proposed and confirmed in the study. Copyright © 1997 by Academy of Marketing Science.",,Springer New York LLC,scopus-recommendation,342,Thinking AI,"['recommendation sources', 'consumer motivations', 'prior knowledge', 'decision task difficulty', 'evaluative cues']","The abstract discusses a theoretical model of decision making in consumers that involves understanding the motivations behind the use of different recommendation sources. This aligns with the Focus on Market analysis and Targeting in Thinking AI, as it involves analyzing consumer behavior and preferences to determine the best sources of recommendations. The emphasis on factors influencing decision-making reflects strategic analysis rather than emotional understanding or automated processes.",0%,0%,100%,0%,0%
Building models for marketing decisions: Improving empirical procedures,Brodie R.J.; Danaher P.J.,2000,10.1016/s0167-8116(00)00013-6,"Three studies that have summarised different aspects of the marketing science literature are used to examine whether the discipline is paying enough attention to its empirical foundations. Recommendations are made about encouraging the publication of more studies that use strong competing hypotheses rather than dominant hypotheses, studies that involve replication and extensions, and studies that use exploratory data analysis. Recommendations are also made about the more detailed reporting of results about model validation and not always requiring statistically significant results when accepting papers for publication. © 2000 Elsevier Science B.V.",Empirical generalisations; Hypothesis testing; Meta-analysis; Model validation; Price elasticities; Principles; Replication; Statistical testing,Elsevier,scopus-recommendation,8,Not Identified,"['empirical foundations', 'strong competing hypotheses', 'replication', 'exploratory data analysis', 'model validation', 'statistically significant results']","The abstract discusses the need for stronger empirical foundations in marketing science literature and makes recommendations for publication practices, such as focusing on competing hypotheses and detailed reporting of results. However, it does not explicitly relate to any specific applications of AI in marketing, such as data collection, market analysis, customer understanding, or emotional engagement. Therefore, it does not fit well into the defined categories.",0%,0%,0%,0%,100%
The use of emetrics in strategic marketing decisions: a preliminary investigation,Weischedel B.; Matear S.; Deans K.R.,2005,10.1504/ijima.2005.007507,"Companies operating on the internet need appropriate metrics to support strategic marketing decisions. These metrics may relate to traditional performance measures but have the potential to include new metrics or new ways of collecting existing metrics. This paper addresses the question of how web-based companies can use emetrics for strategic marketing decisions. Specifically, it identifies some aspects of the current use of emetrics in strategic marketing decisions within the web environment. In a preliminary investigation, interviews with web-based business units revealed that companies currently measure website performance and consumer behaviour online but are uncertain how best to use those metrics to inform strategic marketing decisions. The findings suggest that businesses are looking for recommendations regarding management and choice of emetrics that will increase comparability among companies as well as overcome current data limitations. © 2005 Inderscience Enterprises Ltd.",emetrics; internet; marketing strategy; New Zealand; performance metrics; strategic decisions,,scopus-recommendation,18,Thinking AI,"['metrics', 'strategic marketing decisions', 'website performance', 'consumer behaviour', 'recommendations', 'comparability', 'data limitations']","The abstract discusses how web-based companies can utilize metrics (emetrics) to make informed strategic marketing decisions. This aligns closely with the focus on market analysis and targeting found in the Thinking AI category, as it emphasizes the need for effective use of data for competitive advantage and strategic decision-making. The mention of uncertainty around metric usage also suggests a need for analytical frameworks and recommendations, further supporting its classification in Thinking AI.",0%,0%,100%,0%,0%
Tour operators and destination safety,Cavlek N.,2002,10.1016/S0160-7383(01)00067-6,"Tour operators today play a very important role in creating the images of destinations. In this global capacity, they can significantly influence international tourism flows towards a country hit by safety and security risks. Even decisions of individual tourists on where to spend a holiday very often depend on the attitude and practice of tour operators towards a particular destination. This paper analyzes the significance of tour operators on the recovery of destinations hit by crisis. Recommendations are offered of the steps that can be taken by the destination itself to become re-established on the international market. © 2002 Elsevier Science Ltd. All rights reserved.",Crisis in Croatia; Managing crisis; Safety and security crisis; Tour operators,,scopus-recommendation,222,Thinking AI,"['tour operators', 'destination recovery', 'international tourism flows', 'crisis', 'market re-establishment']","The abstract discusses the role of tour operators in influencing tourism flows and the recovery of destinations after crises, which aligns with market analysis and strategic recommendations for targeting and positioning in the tourism market. There is a focus on how tour operators' attitudes can affect tourists' decisions, indicating a need for analyzing competitors and identifying advantages for destinations, which is a key aspect of Thinking AI.",0%,0%,100%,0%,0%
The impact of choice factors on international students’ loyalty mediated by satisfaction,Amaro D.M.; Marques A.M.A.; Alves H.,2001,10.1007/s12208-019-00228-0,"The presence of international students is a valuable input for Higher Education Institutions (HEI) at all levels. Thus, it is critical to understand not only how students make their decisions and what factors and sources of information provided by the HEI most influence them, but also to evaluate students’ satisfaction and loyalty with the choice made, in order to define the most suitable and competitive marketing strategies to attract and retain international students. Based on the information gathered through a questionnaire with a sample of 190 international students studying at a Portuguese HEI, a quantitative, cross-sectional and causal study was conducted using the estimation of a structural equation model calculated through PLS, in order to investigate the impact of choice factors and information sources on international students’ loyalty, mediated by satisfaction with the choice made. The findings indicate that the choice factors with the greatest impact on satisfaction of the international students were: the perception of the country, the environment and location of the HEI, and the sources of information provided by the HEI. It was also concluded that a positive global perception of the HEI influences the recommendation from significant others, and increases the satisfaction and loyalty of all the international students. Thus, HEI managers should account for these factors when making strategic marketing decisions to increase the number of international students. © 2019, Springer-Verlag GmbH Germany, part of Springer Nature.",Choice factors and information sources; International students; Loyalty; PLS; Satisfaction,Springer,scopus-recommendation,8,Feeling AI,"['satisfaction', 'loyalty', 'customer understanding', 'perception', 'recommendation', 'emotional needs']","The abstract emphasizes understanding international students' satisfaction and loyalty, which aligns closely with the 'Feeling AI' category focused on customer understanding and the emotional aspects of marketing. The study investigates how factors such as perception of the HEI and recommendation from significant others influence satisfaction and loyalty, highlighting an emotional connection and relationalization with customers. This aligns with the 'Feeling AI' focus on understanding and meeting customer emotional needs. While there are elements of market analysis present, the primary focus remains on customer emotions and satisfaction.",70%,10%,20%,0%,0%
Consumers of clothing from alternative trading organizations: Societal attitudes and purchase evaluative criteria,Dickson M.A.; Littrell M.A.,1997,10.1177/0887302X9701500103,"Consumers of ethnic clothing from alternative trading organizations (ATOs) were compared with non-purchasers on their values and attitudes. Additionally, a more detailed analysis was undertaken to identify the evaluative criteria used by ethnic clothing consumers as they make decisions to buy from ATOs. Clothing Purchasers (n = 192), Other Product Purchasers (n = 100), and Non-Purchasers (n = 84) from the mailing list of Pueblo to People (PTP), an ATO that imports handcrafted products from Latin America, completed a self-administered mail questionnaire. Multiple discriminant analysis identified that the variable most differentiating the three groups was quality. Compared with Non-Purchasers and Other Purchasers, Clothing Purchasers described Pueblo to People's clothing as being higher quality. Additionally, Clothing Purchasers had stronger belief in the work performed by ATOs, were more concerned about Latin American people, had traveled more extensively in Latin America, and were more highly educated than Non-Purchasers and Other Purchasers. Recommendations were made on strategies that ATOs might use to increase sales. Finally, many research topics, aimed toward thoroughly examining the alternative trading marketing system, were proposed.",Alternative trading organizations; Altruism; Attitudes; Consumer behavior; Ethnic apparel; Evaluative criteria; Latin America; Risk; Social responsibility; Values,SAGE Publications Inc.,scopus-recommendation,31,Feeling AI,"['values', 'attitudes', 'belief', 'concern', 'emotional needs', 'customer engagement']","The abstract discusses consumer values and attitudes towards ethnic clothing from alternative trading organizations, emphasizing the emotional connection consumers have with the work done by these organizations and their concern for Latin American people. This aligns closely with the focus of Feeling AI, which involves understanding customer emotional needs and building relational connections. The emphasis on the evaluative criteria and the personal beliefs of the consumers also indicates a focus on customer understanding and positioning that resonates emotionally.",70%,10%,20%,0%,0%
Catering to the healthy-living vacationer,Hallab Z.,2006,10.1177/1356766706059043,"An essential function that is recommended for destinations and tourism and hospitality organizations to undertake is to learn about developments in the external environment that may have a substantial impact on the competitiveness of their business. The healthy-living lifestyle has been gaining momentum in the USA and in various parts of the world; more than ever, programs, products, and regulations are being developed and implemented to cater to members of the mentioned lifestyle and to support the overall well being of societies. In the field of travel and tourism, health has been approached from the angle of tourism experiences' effects on an individual's well being. There has been no attempt to explore the characteristics of a healthy-living market segment and its travel motivational characteristics. This article presents the findings of a research project that aimed at unveiling the travel motivational characteristics of the healthy-living market segment along with its socio-demographic characteristics. In today's competitive environment, it has become a must to learn about a specific segment's characteristics. Destinations as well as tourism/hospitality organizations cannot afford to waste their resources on decisions taken based on personal opinions and not hard intelligence on specific markets of interest. Using the findings as guidelines, recommendations are presented on possible public and private sectors' roles in supporting the development and marketing of hospitality and tourism products and services positioned to cater to vacationers who have a healthy-living oriented lifestyle. © SAGE Publications.",healthy-living; lifestyle; pull factors; push factors; segmentation; tourist behavior; travel motives,SAGE Publications Ltd,scopus-recommendation,24,Thinking AI,"['healthy-living market segment', 'travel motivational characteristics', 'socio-demographic characteristics', 'competitive environment', 'market analysis', 'customer preferences']","The abstract focuses on understanding the characteristics and motivations of the healthy-living market segment within the tourism and hospitality sector. This aligns closely with the 'Thinking AI' category, as it emphasizes the importance of market analysis and understanding specific customer segments to make informed decisions. The research aims to provide insights that can guide organizations in targeting and developing products tailored to this market, which is a strategic analysis rather than emotional understanding or mechanical data processing.",0%,0%,100%,0%,0%
Value creation: The impact of strategic alliance on customer loyalty,Yoo M.; Bai B.,2007,10.1300/J162v08n02_03,"The most essential theory of loyalty marketing is that a small increase in loyal customers can bring a significant increase in profitability to a business. Recently, businesses in various industries have turned single-brand loyalty programs into corporate-wide loyalty programs across different brands. The purpose of the study was to examine the effect of strategic alliance on customer loyalty in the hotel industry. Results of the study indicate that there is a positive relationship between strategic alliance and customer loyalty, and that value-creation from strategic alliance is only one element in the decision-making process of loyal customers. Managerial implications, limitations, and recommendations for future research were discussed. © 2007 by The Haworth Press, Inc. All rights reserved.",Customer loyalty; Hotel; Strategic alliance; Value creation,,scopus-recommendation,4,Thinking AI,"['customer loyalty', 'strategic alliance', 'value-creation', 'decision-making']","The abstract discusses the positive relationship between strategic alliances and customer loyalty, indicating an analysis of market dynamics and customer behavior. This aligns with the focus on market analysis and targeting within the Thinking AI category. The study's purpose of examining how strategic alliances affect customer loyalty reflects a strategic analysis of market conditions. The emphasis on managerial implications further supports the classification in this category.",0%,0%,100%,0%,0%
Supermarket buyer evaluations of hypothetical new products: An empirical analysis,Rao V.R.; McLaughlin E.W.; Hawkes G.F.,1995,10.1002/1520-6297(199501/02)11:1<21::AID-AGR2720110104>3.0.CO;2-X,"Despite large increases in the number of new consumer product introductions, little attention has been paid to the integral role of the buyer intermediary. Although previous research by the authors has confirmed various hypotheses on the influence of relevant variables on channel intermediaries' decisions to accept a new product, it could not capture the range of options of a new product's decision environment. This article augments past research by analyzing buyers' accept/reject recommendations for a large number of hypothetical new products. Logistic regression analyses of these data confirmed certain past results: product decisions are found to vary as a function of buyer/product category, gross margin, and product uniqueness. New findings, however, suggest that overall vendor marketing strategy encompasses the most important set of individual attributes influencing buyers' decisions. Manufacturers would increase the probability of having new products accepted by selecting the optimal levels of the various marketing strategy variables. © 1995 by John Wiley & Sons, Inc. Copyright © 1995 Wiley Periodicals, Inc., A Wiley Company",,,scopus-recommendation,9,Thinking AI,"['buyer intermediary', 'vendor marketing strategy', 'accept/reject recommendations', 'market analysis', 'product decisions', 'gross margin', 'product uniqueness']","The abstract discusses the factors influencing buyer decisions regarding new products, emphasizing the importance of vendor marketing strategy and various attributes that affect product acceptance. This aligns with the market analysis and targeting focus of Thinking AI, as it involves analyzing decision-making processes and optimizing marketing strategies to increase product acceptance.",0%,0%,100%,0%,0%
Marketing to public- and private-sector companies in emerging countries: A study of Indian purchasing managers,Karande K.; Shankarmahesh M.N.; Rao C.P.,1999,10.1177/1069031x9900700306,"Existing literature provides little guidance to international managers for selling to public-and private-sector companies in emerging countries. This research attempts to fill this gap using the context of India. The study focuses on the criteria used by industrial buyers to evaluate suppliers. Four hypotheses related to the differences in the importance placed on economic criteria, familiarity with the supplier, reliability of the supplier, and other capabilities of the supplier by purchasing managers from public-and private-sector companies in India are proposed and tested. Purchasing managers from private-sector organizations place more importance on economic criteria and other capabilities of the supplier than do purchasing managers from public-sector organizations. However, there is no difference in the importance placed on the reliability of the supplier by public-and private-sector purchasing managers. Also, no differences in the perception of familiarity as a supplier evaluation dimension are found. Specific recommendations are made on the basis of the findings that can aid managers in making marketing strategy decisions, including positioning, pricing, product, promotion, and distribution decisions. Finally, limitations of the study and extensions for further research are provided.",,American Marketing Association,scopus-recommendation,30,Thinking AI,"['international managers', 'industrial buyers', 'supplier evaluation', 'economic criteria', 'capabilities', 'marketing strategy decisions']","The abstract focuses on understanding the criteria used by purchasing managers in evaluating suppliers within the context of marketing strategies in India. This aligns with the Thinking AI category, which emphasizes market analysis and targeting. The study's findings help in making strategic marketing decisions, which directly relates to market analysis and competitive advantages. There are no significant emotional or automated process elements present, which shifts the classification away from Feeling AI or Mechanical AI.",0%,0%,100%,0%,0%
Destination marketing: Measuring the effectiveness of brochures,Zhou Z.,1997,10.1300/J073v06n03_09,"This article reports the findings of an exploratory study defining effectiveness for assessing impacts of brochures. Using data collected from 2,400 information-inquirers of a destination, five major variables are identified to be important for measuring effectiveness: readership, on-site consultation of brochure, influence on decision-making, influence on spending, prior experience of the destination. Implications and recommendations are discussed for developing quality brochures and marketing strategies. © 1997, Taylor & Francis Group, LLC. All rights reserved.",,,scopus-recommendation,35,Thinking AI,"['effectiveness', 'readership', 'influence', 'decision-making', 'spending', 'marketing strategies']","The abstract discusses the assessment of brochure effectiveness, focusing on variables that impact decision-making and spending related to a destination. This aligns with the Thinking AI category, as it emphasizes market analysis and understanding the influence of marketing materials on consumer behavior.",0%,0%,100%,0%,0%
Approaching the millennium: The report the AACP Janus Commission,Bootman J.L.; Hunter R.H.; Kerr R.A.; Lipton H.L.; Mauger J.W.; Roche V.F.,1997,,"The Janus Commission was established by 1995-96 AACP President Mary-Anne Koda-Kimble to scan the health care environment and to identify, analyze, and predict those changes within the environment likely to profoundly influence pharmacy practice, pharmaceutical education, and research; and to alert the academy to both threats and opportunities that such environmental changes present. Throughout its deliberations, the Commission was drawn repeatedly to the pervasive influence of a changing, more intensively integrated and managed health care system on both pharmaceutical education and pharmacy practice. This fundamental change in health care has been the primary influence in the Commission's thinking and recommendations. The Commission believes that a revised model for pharmaceutical education is needed to meet the challenges presented by the changing health care system. In particular, schools and colleges of pharmacy must become true ""activists"" in health care policy, services delivery, and research in order to effectively achieve their missions in professional education. Employing the analogy of the pharmaceutical industry, the Commission suggests the following fundamental areas of emphasis for schools and colleges: • the need for enhanced research and development activities related to the provision of, compensation for, and outcomes of pharmaceutical care; • sustained curricular reform efforts that assure successful ""manufacturing"" of competent and caring pharmaceutical care providers; • aggressive ""marketing"" programs, working in collaboration with the profession of pharmacy, that promote the delivery of pharmaceutical care and foster enhanced practice/education partnerships; and • enhanced interaction with the ""product"" of professional education programs, the pharmacist, to assure that graduates can and will continue to provide effective clinical, humanistic, and economic outcomes in the course of their professional careers. Finally drawing upon the previous works of the Pew Health Professions Commission and the AACP Commission to Implement Change in Pharmaceutical Education, the Janus Commission believes that fundamental actions must be taken immediately within the academy to assure the future success of our professional programs and graduates within the evolving health care system. Among these are: • completion of the evolution of the ""values system"" of pharmaceutical education toward producing graduates who are patient-centered providers of pharmaceutical care; • active involvement by administrators and faculty of colleges and schools of pharmacy in health care system decision-making, policy determinations, and research activities; and • creation by colleges and schools of action-oriented business plans that result in effective partnerships with practice organizations and health care delivery systems. The Commission encourages a thorough and critical reading of its report and looks forward to a very healthy, lively, and productive dialogue within the academy over the next several months.",,American Association of Colleges of Pharmacy,scopus-recommendation,12,Out of Scope,"['pharmaceutical education', 'health care policy', 'pharmacy practice', 'health care system', 'research activities', 'curricular reform', 'pharmaceutical care']","The abstract primarily discusses the evolution of pharmaceutical education and the role of pharmacy in the changing health care environment. It does not focus on marketing strategies, customer preferences, or emotional data analysis, which are central to the categories defined for AI applications in marketing. Instead, it emphasizes the need for action within the pharmaceutical education system and health care policy, placing it outside the realm of marketing applications.",0%,0%,0%,100%,0%
Integrated system design and operational decisions for service sector outlets,Banker R.D.; Morey R.C.,1993,10.1016/0272-6963(93)90035-N,"Effective system design for service sector outlets requires the explicit consideration of the interconnectedness of its myriad elements. Facility design decisions as well as tactical, operational choices must recognize the marketing environment, including competitive and demographic factors, and their interactions. The particular design and operational features selected for a given retail service outlet will affect its sales, fixed and variable costs, service levels, efficiency, and profits. We consider a fast food chain contemplating acquiring, building, and operating a new outlet at a particular candidate site, with its own particular environment. We offer a normative approach for this type of decision, which arrives endogenously at the best choices for both design and operational features for the site. The final decision as to whether or not to actually acquire, build, and operate the outlet at the candidate site thus depends on several complex connected choices. Our implementable approach integrates the non-parametric allocative data envelopment analysis methodology with parametric regression analysis to yield a mathematical programming optimization model. We illustrate the approach with actual data from Hardee's, a fast food chain with over 3100 outlets, and an actual candidate site. The recommendations from the approach are compared with those from the conventional approach. A key advantage of our approach is its contrast to conventional approaches for site selection which ignore the more detailed design and operational choices. Additionally, the conventional approaches do not recognize the real possibility that labor and material costs might be affected by these choices. In conventional approaches, two types of errors can occur: (i) an incorrect ""go/no-go"" decision could be recommended for the site in question, and (ii) even if the optimal design choices are coincidentally identified, the forecasted level of annualized profits could be quite different, leading to an incorrect decision or priority about acquiring, building, and operating the candidate outlet. Other key advantages of our suggested approach are that: (i) various substitution possibilities (between more or less capital, labor, material, etc.) are considered, (ii) not only is the best configuration identified, but also a ranking of the possible configurations is available to help in sensitivity analyses and answering ""what-if"" questions, (iii) other specific sites (which serve as the basis for the recommendations) are identified, thereby enabling management (through site visits) to isolate the actual processes and procedures to be employed at the candidate site, and (iv) identify economies of scale possible. In summary, our approach identifies the chain's best practices in different environments, thereby enabling management to factor out poor performances due to flawed installation, lack of proper worker incentives, etc. Also, while the illustration is for a fast food outlet, the approach is equally appropriate for other service outlets, e.g., banks, hospitals, or pharmacies. © 1993.",,,scopus-recommendation,14,Thinking AI,"['system design', 'service sector', 'marketing environment', 'operational choices', 'sales', 'costs', 'efficiency', 'profits', 'site selection', 'data analysis', 'optimization']","The abstract discusses a normative approach for decision-making regarding the design and operation of a retail service outlet, emphasizing the interconnectedness of various factors in the marketing environment. It highlights the use of data envelopment analysis and regression analysis to optimize site selection and operational features, which aligns closely with the market analysis and targeting focuses of Thinking AI. The approach aims to identify competitive advantages and make informed decisions based on complex interconnected choices, making it fit for the Thinking AI category.",0%,0%,100%,0%,0%
Reactance to Recommendations: When Unsolicited Advice Yields Contrary Responses,Fitzsimons G.J.; Lehmann D.R.,2004,10.1287/mksc.1030.0033,"Recommendations often play a positive role in the decision process by reducing the difficulty associated with choosing between options. However, in certain circumstances recommendations play a less positive and more undesirable role from the perspectives of both the recommending agent or agency and the person receiving the recommendation. Across a series of four studies, we explore consumer response when recommendations by experts and intelligent agents contradict the consumer's initial impressions of choice options. We find that unsolicited advice that contradicts initial impressions leads to the activation of a reactant state on the part of the decision maker. This reactance, in turn, leads to a behavioral backlash that results not only in consumers ignoring the agents' recommendations but in intentionally contradicting them.",Decision support systems; Intelligent agents; Internet marketing; Recommendations,INFORMS Inst.for Operations Res.and the Management Sciences,scopus-recommendation,396,Feeling AI,"['recommendations', 'reactance', 'consumer response', 'initial impressions', 'behavioral backlash']","The abstract focuses on how consumer reactions to recommendations can lead to emotional responses, particularly reactance, which is an emotional state where individuals feel their autonomy is being threatened. This aligns with the category of Feeling AI, which emphasizes understanding customer emotions and tailoring interactions based on those emotions. The mention of behavioral backlash further indicates a focus on customer understanding and relationalization.",70%,0%,30%,0%,0%
Advertising Budgeting and Sales Forecasting: The Timing Relationship,West D.C.,1995,10.1080/02650487.1995.11104598,"This article examines company practice and the advertising budgeting—sales forecasting timing relationship, assessing the key company and organizational variables involved. The data were obtained from a four-page questionnaire mailed to 900 senior marketing executives. Just under three-quarters of companies were found to set their budgets prior or simultaneous to their sales forecasts. The investigation of the remaining companies, those setting their advertising budgets after their forecasts, indicated that the key variables were company size, product category, functional involvement and management process. Taken as a whole, the results suggest that company size and the fragmentation of the budgeting and forecasting decisions may be the most important factors in why some companies set their budgets after the forecast. The main recommendations are that larger companies should strive to link or integrate budgeting—forecasting decisions and that further research should be undertaken to help improve company practices in this respect. © 1995, Advertising Association. All rights reserved.",,,scopus-recommendation,5,Thinking AI,"['advertising budgeting', 'sales forecasting', 'company size', 'product category', 'market analysis', 'organizational variables']","The abstract discusses the relationship between advertising budgeting and sales forecasting, focusing on market analysis aspects like company size, product category, and decision-making processes. It emphasizes understanding and improving practices through analysis, aligning with the Thinking AI category which focuses on market analysis and strategic decision-making.",0%,0%,100%,0%,0%
"An aid in selecting the brand, size and other strategic choices for a hotel",Morey R.C.; Dittman D.A.,1997,10.1177/109634809702100107,"The “go/no-go” decision for a candidate property, i.e., whether or not to actually acquire the site, choose the brand (flag), build and operate the hotel, requires the explicit consideration of the interconnectedness of the many myriad elements affecting the property's potential profits. The many facility design decisions (number and mix of rooms, capacity for F&B operations etc.) as well as other strategic choices (e.g., size of marketing program, level of service aimed for) must recognize the site's competitive features and interactions with the above. Also, the particular design and operational features for a given property will affect its different revenue streams, fixed and variable costs, efficiency and profits. The authors consider developers contemplating acquiring a given site, choosing a brand, building and operating a new hotel. They offer a normative approach for this type of decision which arrives endogenously at possibly attractive options for the brand, design and strategic choices for the site. The final decision as to which option to actually use, if any, should be based on subjecting the above identified scenarios, as well as others, to traditional feasibility analyses where judgment and expert opinion are applied. The authors' implementable approach integrates a “best practices” benchmarking methodology with regression analysis to yield a mathematical programming optimization model. A key advantage of this approach lies in its contrast to conventional approaches for site selection which often ignore the more detailed design and strategic choices. The approach deals explicitly with the complex interfaces between marketing and operations management as the endogenous site and competitive environmental factors interact with the endogenous brand and facility design choices. By identifying attractive options to be further explored (that might otherwise be overlooked), several types of errors are avoided: i) an incorrect “go/no go” decision could be recommended for the site in question; ii) even if the right decision to proceed is made, the forecasted level of annualized profits could be in error, leading to an incorrect priority for the activity; iii) the incorrect brand and facility design choices could be made for the site. Other key advantages of the suggested approach are that 1) various substitution possibilities (between more or less capital, labor, materials etc.) are considered; 2) not only is the best brand and configuration identified, but also a ranking of other brands is available if the “best” brand is not available; 3) the “best practices” at other specific sites (which serve as the basis for the recommendations) are identified, thereby enabling management (possibly through site visits) to isolate the actual cultures, processes and procedures to be transported and emulated at the candidate site. This paper illustrates the approach for two different sites. © 1997, ICHRIE. All rights reserved.",,,scopus-recommendation,18,Thinking AI,"['market analysis', 'competitive features', 'strategic choices', 'feasibility analyses', 'brand and facility design choices']","The abstract discusses a decision-making approach for acquiring properties and operating hotels, emphasizing the analysis of interconnected elements affecting profitability. This aligns with the 'Market analysis' focus of Thinking AI, as it involves identifying competitive advantages and making strategic recommendations based on detailed evaluations of site and brand choices.",0%,0%,100%,0%,0%
An integrative theory of strategic quality management: A cost-benefit framework for evaluating quality improvement programmes,Wacker J.G.,1989,10.1080/00207548908942530,"Most American firms are concerned with improving their quality. Unfortunately, the current literature does not give a comprehensive theoretical model in order to evaluate each recommendation economically. Because of the lack of a theoretical model and the complexity of quality improvement systems, integrative efforts coordinating marketing and production have been largely ineffective in the strategies of firms, since they have not been subject to traditional cost-benefit analysis. This study develops an integrative strategic quality management theory and a cost-benefit model which put quality improvement programmes into the traditional decision-making framework. Conclusions of this study suggest that quality improvement programmes benefits are cumulative and costs are static. Consequently, evaluation of quality improvement programmes must be dynamic and integrative if they are to be properly evaluated. © 1989 Taylor & Francis Group, LLC.",,,scopus-recommendation,17,Thinking AI,"['quality improvement', 'cost-benefit analysis', 'strategic quality management', 'evaluation', 'dynamic', 'integrative']","The abstract discusses the development of an integrative strategic quality management theory and a cost-benefit model, which aligns with the market analysis and strategic evaluation focus of Thinking AI. It emphasizes the need for evaluating quality improvement programmes within a traditional decision-making framework, which relates to market analysis and decision-making strategies. The emphasis on economic evaluation and cumulative benefits suggests a strategic approach to identifying advantages in quality management.",5%,10%,75%,5%,5%
An integrated design for personal computers in the marketing curriculum,Dyer R.F.,1987,10.1007/BF02723398,"This article discusses the role of personal computer applications in courses throughout the marketing curriculum. Learning theory suggests that PC applications be introduced in modules over the entire marketing program and not concentrated in just one or two courses. The final capstone course in marketing is seen as the logical place for a culminating, integrative learning experience with software applications. Software recommendations are provided for each typical marketing course and a decision support exercise is described for the capstone course. © 1987 Academy of Marketing Science.",,Springer-Verlag,scopus-recommendation,14,Not Identified,[],"The abstract discusses the use of personal computer applications in marketing education, focusing on the integration of software in the marketing curriculum and specific course recommendations. There are no clear applications or discussions directly related to emotional understanding (Feeling AI), automated processes (Mechanical AI), or strategic analysis (Thinking AI) in the context of marketing. The content is primarily educational rather than directly applicable to the defined AI categories.",0%,0%,0%,0%,100%
Retention: Rhetoric or realistic agendas for the future of higher education,Rowley J.,2003,10.1108/09513540310487578,"Proposes the use of relationship management as a perspective on student retention management in higher education. ""Good practice"" that might aid in the management of student engagement with learning is hungrily shared, but there are some inherent contradictions amongst these recommendations. Previous work on withdrawal identifies some of the factors that influence the withdrawal decision; this approach aligns with transaction based marketing and study of consumer behaviour. This article proposes that the relationship marketing and management approach that focuses on customer loyalty and commitment may offer different insights. This model is used to describe the development of the relationship between the student and their college or university. An important facet of this relationship development is that it needs to be maintained by different ""service agents"" through different stages of the relationship, and therefore communication, and student record systems that share student knowledge across the university are crucial. © MCB University Press.",Customer retention; Higher education; Relationship marketing; Students,Emerald Group Publishing Ltd.,scopus-recommendation,46,Feeling AI,"['relationship management', 'student engagement', 'customer loyalty', 'commitment', 'communication', 'service agents']","The abstract emphasizes the importance of relationship management in student retention, highlighting the emotional aspects of customer loyalty and commitment. It discusses the development and maintenance of relationships between students and educational institutions, which aligns with understanding and meeting emotional needs. The focus on communication and the role of service agents further supports the classification under Feeling AI, as it relates to tailoring experiences and interactions based on customer emotional preferences.",70%,10%,20%,0%,0%
The dual role of informational social influence: Implications for marketing management,Rosen D.L.; Olshavsky R.W.,1987,10.1016/0148-2963(84)90044-4,"Evidence is presented from a laboratory study to support the seeking of both recommendations and attribute-value information from information sources during purchase decisions. Emphasis on recommendation information is associated with a broader view of consumer decision making including the subcontracting of brand choice to others and a hybrid decision making strategy under conditions of high perceived risk and high time cost in search. The shift in choice strategy is accompanied by a decrease in the extent of attribute-value information search, a finding which is the opposite of that expected on the basis of previous research and theory in the area. Managerial implications of these choice strategies and associated information use are discussed. © 1987.",,,scopus-recommendation,43,Thinking AI,"['recommendations', 'purchase decisions', 'consumer decision making', 'choice strategy', 'attribute-value information']","The abstract discusses consumer decision making, particularly the search for recommendations and attribute-value information during purchases. This aligns with the focus on market analysis and targeting in Thinking AI, as the study explores how consumers adjust their choice strategies based on perceived risks and costs, which is pertinent to understanding competitive advantages and refining marketing strategies.",10%,5%,85%,0%,0%
An integrated framework for recommendation systems in e-commerce,Shih T.K.; Chiu C.-F.; Hsu H.-H.; Lin F.,2002,10.1108/02635570210445853,"The Internet has become a popular medium for information exchange and knowledge delivery. Several traditional social activities have moved to the Internet, such as distance learning, tele-medical system and. traditional buying and selling activities. Online merchants must know what users want, so providing recommendation services is an important strategy. Analyzes users' on-line behavior and interests, and recommends to them new or potential products. The analysis mechanism is based on the correlation among customers, product items, and product features. An algorithm is developed to classify users into groups and the recommendation is based on the classification. The system can help merchants to make suitable business decisions and provide personalized information to the customers. A generic mobile agent framework for e-commerce applications is proposed. The aforementioned collaborative computing architecture for the recommendation system is based on the framework.",Agents; Computer user groups; Electronic commerce; Internet; Recommendations,,scopus-recommendation,25,Mechanical AI,"['recommendation services', 'user behavior', 'classification', 'business decisions', 'personalized information']","The abstract discusses the development of an algorithm to analyze users' online behavior and classify them into groups for providing recommendations, which aligns with the focus on segmentation and data collection in Mechanical AI. The emphasis on automated analysis of user interests and behaviors for the purpose of making business decisions further supports this classification.",0%,70%,20%,0%,10%
Explaining and evaluating the implementation of organizational relationship marketing in the banking industry: Clients' perception,Ricard L.; Perrien J.,1999,10.1016/S0148-2963(97)00226-9,"This article presents the results of a study of the evaluation by more than 300 bank decision-makers of relationship marketing strategies used by their suppliers. The research identifies both explanatory and normative /actors of relationship marketing and its successful implementation. The main contingency factors are related to salesperson's knowledge of the customer, the existence of an atmosphere of trust and, the presence of a customer-oriented culture in the supplier company. Dimensions of relationships important for relationship marketing are relationship length, the customer's ability to adapt within the relationship, as well as the perceived fairness of the relationship, and this is reflected in findings where durability, adaptability, and equity explain supplier performance as measured by their client's satisfaction and recommendations. This article contributes to our understanding of relationship marketing and the contexts in which it is most appropriately implemented, J BUSN RES 1999. 45.199-209. © 1999 Elsevier Science Inc. All rights reserved.",,Elsevier Inc.,scopus-recommendation,36,Feeling AI,"['relationship marketing', 'trust', 'customer-oriented culture', 'customer satisfaction', 'perceived fairness', 'adaptability']","The abstract discusses the importance of relationship marketing in understanding customer needs and the emotional aspects of the relationship, such as trust and fairness. These elements align closely with the focus of Feeling AI, which emphasizes customer understanding and relationalization. The mention of customer satisfaction and the need for a customer-oriented culture further supports this classification.",70%,10%,20%,0%,0%
Managing information systems to support functional business requirements in China,Franz C.R.; Wynne A.J.; Fu J.H.,1991,10.1016/0268-4012(91)90033-9,"An important problem for organizations is managing information systems (IS) to support important business functions. The purpose of this research was to investigate and determine the extent, if any, that perspectives of IS planning and management advocated in the US literature could be found in practice in Chinese business organizations. Semi-structured interviews with general managers and IS directors in five Chinese business organizations were conducted to address this problem in the four areas of IS planning support, IS planning methodologies, data resource management, and the IS manager's role. The results reveal that Chinese 4business organizations do not automate administrative and business record keeping activities as their first step. Instead, they place highest priority on implementing systems that provide information to support management control decision making in meeting planned business performance objectives, such as achieving sales quotas or filling customer contracts on time. The results of this study show that the five Chinese businesses aligned their IS applications with a specific few business functions that were critical to successful achievement of their goals. The IS manager served as a manager of technical issues, which reinforced a technical database modelling approach to managing the data resources for IS applications. Implications and recommendations for incorporating IS into business activities are discussed and presented at the end of the paper for multinational business organizations interested in conducting business in China. An appendix briefly discusses the role that Chinese political, environmental and marketing factors play in affecting the management and use of IS in Chinese businesses. © 1991.",,,scopus-recommendation,12,Out of Scope,"['information systems', 'business functions', 'management control', 'data resource management', 'IS applications']","The abstract primarily discusses information systems planning and management within Chinese business organizations, focusing on the alignment of IS applications with business functions and the role of IS managers. It does not directly relate to AI applications in marketing such as customer understanding, market analysis, or automated processes for marketing purposes. Therefore, it is classified as 'Out of Scope'.",0%,0%,0%,100%,0%
Demographic and psychographic variables associated with hispanic business majors intending to pursue graduate studies: Marketing implications,Adams R.; Kalliny M.; Saran A.; Santos De G.L.,2005,10.1300/J050v15n01_05,"Increasing shifts in population proportions have led to an increasing demand on education institutions to recruit Hispanics. A random and stratified national sample was used to answer the following questions: (1) What are the psychographic typologies that are likely to identify Hispanic students by their desire to pursue or not to pursue graduate education? (2) What relationship, if any, does income of the parents play in a Hispanic student's decision to pursue graduate education? (3) Is there a direct relationship between the parents' level of education and Hispanic students' decision to pursue graduate work? This paper attempts to dissolve myths about the variables associated with Hispanics' participation in graduate education, and to make recommendations for effective appeals to encourage Hispanic students to attend graduate programs. © 2005 Taylor and Francis Group, LLC.",Demographic variables; Graduate studies; Higher education; Hispanics; Marketing; Psychographic variables; Vals,,scopus-recommendation,2,Thinking AI,"['psychographic typologies', 'graduate education', 'income', ""parents' level of education"", 'Hispanic students', 'recommendations']","The abstract discusses the analysis of factors influencing Hispanic students' decisions to pursue graduate education, including psychographic typologies and parental education levels. This aligns with market analysis and targeting, as it seeks to understand the demographics and motivations of a specific group. The focus on recommendations for effective appeals to encourage enrollment also suggests a strategic approach to marketing, which fits within the Thinking AI category.",10%,0%,90%,0%,0%
Underlying Dimensions and Communications Strategies of the Advertising Agency-Client Relationship,Beltramini R.F.,1991,10.1080/02650487.1991.11104445,"Borrowing concepts from both services and industrial marketing, this paper examines the advertising agency-client relationship, revealing that active relationship management today requires more effort than the traditional account manager-advertising department linkage. Understanding the types of advertising tasks and the roles played by decision-makers allows todays managers to develop appropriate communication strategies important in maintainingthis service relationship. Managerial implications and recommendations for other service agencies are discussed as well. © 1991, Taylor & Francis Group, LLC. All rights reserved.",,,scopus-recommendation,26,Feeling AI,"['advertising agency-client relationship', 'active relationship management', 'communication strategies', 'managerial implications']","The abstract discusses the dynamics of the advertising agency-client relationship, emphasizing the importance of managing this relationship actively and understanding the roles of decision-makers. This aligns closely with the Feeling AI category, which focuses on customer understanding and relationalization. The need for appropriate communication strategies to maintain service relationships suggests an emphasis on understanding and meeting emotional needs, which is central to Feeling AI.",70%,10%,20%,0%,0%
Strategies for seeking mental health services,Lipscomb T.J.; Root T.; Shelley K.,2004,10.1300/J396v25n04_01,"With dramatic changes in the policies and practices of marketing healthcare to the public, providers of mental health services are being forced to consider strategies for more effectively and competitively promoting their services. Little empirical information relating to the manner in which prospective clients choose such services in a competitive, and often confusing, marketplace is currently available. The purpose of this study was to explore search strategies that might be used by consumers to identify potential providers of mental health services. In the present study, young adults were asked to rate the likelihood of using each of 19 empirically-derived sources of information in selecting a mental health provider. Factor analysis, as well as descriptive item analyses, suggest that, as is the case with certain other health care decision-making situations, consumers are most likely to depend on personal sources of information such as physician referrals and recommendations from friends and co-workers. In addition, several sources converge to suggest the importance to providers of establishing relationships with other professionals and with institutions in order to successfully market their services. Patterns of responses, including gender differences related to the likelihood with which certain search strategies would be utilized, have implications for model development and marketing strategy. © 2004 Taylor & Francis Group, LLC.",Consumer decision-making; Help-seeking; Mental health; Services marketing; Therapist,,scopus-recommendation,9,Feeling AI,"['consumer needs', 'personal sources of information', 'relationships', 'gender differences', 'marketing strategy']","The abstract discusses how consumers, particularly young adults, utilize personal sources of information, such as physician referrals and recommendations from friends and co-workers, to choose mental health services. This focus on understanding consumer preferences and how emotional and personal connections influence decision-making aligns closely with the Feeling AI category, which emphasizes customer understanding and relationalization. Furthermore, the mention of gender differences in search strategies suggests a nuanced understanding of customer emotional needs.",70%,0%,30%,0%,0%
Toward a model of new product preannouncement timing,Lilly Bryan; Walters Rockney,1997,10.1016/S0737-6782(96)00092-6,"For products and services ranging from software to the latest motion picture, the use of new product preannouncements (NPPAs) has become commonplace. However, despite the key role that NPPAs play in the successful release of new products, almost no research has been conducted to explore the proper timing for such communications. This work provides a starting point for these investigations, by describing the elements of an NPPA and presenting a model of the factors that influence NPPA timing. Drawing on existing research and interviews with managers from firms in a wide range of industries, insights are offered into the nature and timing of NPPAs. Furthermore, recommendations are given for improving the effectiveness of NPPAs.",,Elsevier Science Inc,scopus-recommendation,67,Thinking AI,"['new product preannouncements', 'timing', 'factors', 'market', 'insights', 'recommendations']","The abstract discusses the strategic timing of new product preannouncements (NPPAs) and how various factors influence this timing. This indicates an analysis of market strategies and timing, aligning it closely with the Thinking AI category, which focuses on market analysis and targeting. The insights and recommendations provided for improving NPPA effectiveness further support this classification.",0%,0%,100%,0%,0%
Hospitality crisis management practices: The Israeli case,Israeli A.A.; Reichel A.,2003,10.1016/S0278-4319(03)00070-7,"This study attempts to examine hospitality crisis management practices within the context of the Israeli hospitality industry. The study develops a questionnaire that evaluates the importance and usage of four categories of practices: marketing, hotel maintenance, human resources, and governmental assistance. The findings illustrate which practices managers consider important and which practices managers actually use during an industry crisis. The paper concludes with recommendations for future research and management of crises. © 2003 Elsevier Ltd. All rights reserved.",Crisis management; Hospitality; Multi-attribute decision-making,,scopus-recommendation,107,Out of Scope,[],"The abstract focuses on hospitality crisis management practices within the Israeli hospitality industry, emphasizing the evaluation of various practices such as marketing, hotel maintenance, human resources, and governmental assistance. While marketing is mentioned, the context does not directly relate to the applications of AI in marketing as defined in the categories. Instead, it appears to be more about operational management rather than AI-driven marketing strategies.",0%,0%,0%,100%,0%
The need for hybrid decision systems in complex marketing domains: HYMS,Burrell P.; Duan Y.; Boskovic A.,1995,10.1080/12460125.1995.10511662,"The complexity of strategic market planning is well known to those working in this area. It requires many expert and intuitive judgements based on a number of interrelated, yet diverse, market factors. It would seem that expert systems and decision support systems might have a large impact in this area but the development of such systems has proven difficult with results, so far, less than originally conceived. This paper describes a hybrid expert system HYMS for strategic marketing planning. HYMS aims to provide a structured marketing planning process, guide a user through this process, offer expert advice at key stages and finally make recommendations for users in setting objectives and strategies. It combines the advantages of the expert system and decision support system technology in order to enhance its effectiveness. The paper first presents a brief review on expert systems and decision support systems in marketing. It also discusses the selection of a strategic marketing planning model for HYMS and a method by which structure and objectivity are introduced into the, largely subjective, process of assigning importance to various marketing factors. Finally, it describes the architecture of the prototype system and concludes with remarks from expert users in this field. © 1995 Taylor & Francis Group, LLC.",Analytic hierarchy process; Decision support; Expert system; Marketing; Strategic management,,scopus-recommendation,1,Thinking AI,"['strategic market planning', 'expert advice', 'recommendations', 'objectives', 'strategies', 'market factors', 'decision support systems']","The abstract discusses the development of a hybrid expert system aimed at enhancing strategic marketing planning through structured processes, expert advice, and recommendations. This aligns closely with the 'Thinking AI' category, which focuses on market analysis, targeting, and making strategic recommendations based on data and insights.",0%,0%,100%,0%,0%
