Title,Authors,Year,DOI,Abstract,Keywords,Publisher,Source,Cited,classification,keywords,rationale,Feeling AI,Mechanical AI,Thinking AI,Out of Scope,Not Identified
"Communication channels consumption across awareness building, information search and school choice-perspectives from the VET sector in Kosovo",Shala A.; Sopi X.,2022,10.54609/reaser.v23i1.206,"This study aims at understanding the channels through which the students have become aware, the channels which they used to search for information on the schools, and the key factor that pushed them to apply for a given school. Through primary data research with n=788 respondents who are currently enrolled in VET across eight schools in Kosovo, the study has identified the critical importance of word-of-mouth through family & relatives, and friends in generating awareness for a given school and sharing information on the school offering. As critical elements to decide to apply for the school have been considered the applicants visit directly to the school to get informed more on the offering and the desire to get equipped with the given qualification the school offers. It is important to note the impact that parents have across all levels from brand awareness development to information search and decision making. The study provides pragmatic recommendations to school management on better optimizing their marketing efforts from a communication channel perspective, such as the importance of the open-days events of the school and the usage of the social media channels (especially Facebook) to communicate their offering. © 2022, Pro Global Science Association. All rights reserved.",Communication channels; Education; Marketing; School Choice,Pro Global Science Association,scopus-recommendation,0,Feeling AI,"['word-of-mouth', 'family', 'friends', 'parents', 'communication', 'emotional needs', 'decision making']","The abstract emphasizes the importance of word-of-mouth and the influence of family and friends on students' awareness and decision-making regarding schools. This indicates a focus on customer understanding and relationalization, as it highlights how emotional connections and personal recommendations impact choices. The mention of parents influencing brand awareness and decisions further aligns with understanding and meeting emotional needs. Therefore, this study fits well within the Feeling AI category.",60%,10%,30%,0%,0%
Post-COVID-19 crisis travel behaviour: towards mitigating the effects of perceived risk,Matiza T.,2022,10.1108/JTF-04-2020-0063,"Purpose: The purpose of this paper is to provide insight into the on-going COVID-19 pandemic and its potential influence on tourist behaviour in the short- to medium-term. While the influence of the pandemic on tourist’s perceived risk and its impact on their future travel behaviour is understandably yet to be established, the present paper discusses the potential nexus. Additionally, this paper provides tourism practitioners with some recommendations for mitigating the effect of potential heightened perceived risk on travel and tourism decision-making post the COVID-19 crisis. Design/methodology/approach: The present paper synthesises contemporary academic literature on perceived risk and post-crisis tourism with emerging information associated with the unfolding COVID-19 crisis. Findings: This paper draws empirical evidence from studies related to previous health crises and their impact on tourism, as well as tourist behaviour. By discussing previous studies within the context of the on-going COVID-19, it is possible to anticipate the influence that perceived risk associated with the pandemic may have on the post-crisis behaviour of tourists. Also, short-term measures to mitigate the effects of risk on tourism are posited to guide practitioners in the future recovery of the sector. Research limitations/implications: The COVID-19 pandemic is an unprecedented and on-going crisis for the global tourism industry. Hence, the present paper serves as a primer to a broader discussion within the tourism discourse and provides theoretical direction for future tourism research. Practical implications: Key to the recovery of the global tourism industry will be encouraging both domestic and international tourism activity. However, while the impact of the COVID-19 crisis on tourist behaviour is yet to be substantiated, previous research predicts a situation of heightened perceived risk and the potential cognitive dissonance that may negatively influence tourist decision-making. To mitigate this potential effect, governance, augmented immigration policy, destination media profiling, recovery marketing and domestic tourism will be critical interventions. Originality/value: This paper is one of the first to discuss the potential influence of the COVID-19 pandemic on the post-crisis decision-making process of tourists and their conative behaviour. As a primer to further empirical research, this paper sets a pertinent research agenda for academic inquiry within an evolving and increasingly uncertain global tourism market. © 2020, Tafadzwa Matiza.",COVID-19 pandemic; Perceived risk; The future of tourism; Tourism; Tourism recovery; Travel behaviour,Emerald Group Holdings Ltd.,scopus-recommendation,182,Feeling AI,"['perceived risk', 'tourist behaviour', 'cognitive dissonance', 'emotional needs', 'decision-making']","The abstract discusses the impact of perceived risk on tourist behavior post-COVID-19 and emphasizes understanding customer emotional reactions and decision-making processes in the context of tourism. This aligns closely with the Feeling AI category, which focuses on customer understanding and the emotional aspects of customer behavior. The insights provided in the paper are aimed at understanding how emotional factors influence tourism decisions, especially in a crisis context.",60%,10%,30%,0%,0%
The dissemination and impacts of deceptive eWOM: a dynamic process perspective,Shih C.-F.; Huang S.-L.; Huang H.-C.,2023,10.1080/0144929X.2022.2063759,"To minimise risk, consumers seek out eWOM, recommendations, and reviews from others before making purchasing decisions. However, it is not uncommon to see companies masterminding deceptive eWOM, disguising promotional messages as user-generated product reviews to attract and retain consumers. The extant literature is extremely limited regarding deceptive eWOM and its long-term effects. Ours is the first longitudinal study to examine consumers’ belief and attitude changes in the context of deceptive eWOM. This study found that, in a herding situation, deceptive eWOM can strongly influence changes in consumers’ beliefs and attitudes, whether in the early phase or mainstream phase, at the pre-adoption stage. If deceptive eWOM emerges earlier, it has a more powerful influence later. At the post-adoption stage, once they have used it, consumers may change their evaluations of a new product. However, this new evaluation is still subject to the initial anchoring effect brought by deceptive eWOM. If consumers sense deceptive eWOM and attribute it to a certain responsible party, the anchoring effect will be weakened. These findings provide further knowledge and understanding of the effects of deceptive eWOM, with implications for firms seeking to develop more effective eWOM marketing strategies. © 2022 Informa UK Limited, trading as Taylor & Francis Group.",And phrases: deceptive eWOM; fake review; herd behaviour; information cascade; longitudinal study,Taylor and Francis Ltd.,scopus-recommendation,2,Feeling AI,"['eWOM', 'deceptive', 'belief changes', 'attitude changes', 'consumer evaluation', 'emotional needs']","The abstract discusses how deceptive eWOM influences consumer beliefs and attitudes, indicating a deep understanding of customer emotions and perceptions. This aligns closely with the Feeling AI category, which emphasizes customer understanding and emotional engagement. The findings suggest that consumer reactions to deceptive eWOM can alter their evaluations of products, reflecting an understanding of emotional responses. The impact of perceived deception on consumer attitudes further supports this classification.",70%,10%,20%,0%,0%
Green marketing innovation: Opportunities from an environmental education analysis in young consumers,Prieto-Sandoval V.; Torres-Guevara L.E.; García-Díaz C.,2022,10.1016/j.jclepro.2022.132509,"As a society, we are aiming to achieve the Sustainable Development Goals (SDGs) by 2030, and one of the most important challenges is fostering responsible production and consumption. Green marketing campaigns and instruction in university curricula are an opportunity to influence producers' and consumers' decision-making process in a positive way. This research aims to understand the instructional effects of non-compulsory university courses linked to sustainability and the circular economy (SCE) on students' motivations and behavior. We analyze students' proclivities to consume products and develop more sustainable habits before and after enrolling in SCE courses. Results confirm that the courses impacted students' propensities toward sustainable consumption. Therefore, the biggest changes in the six dimensions underlying green consumption reveal four key recommendations for developing a green marketing strategy. We recommend firms to 1) engage in green education, 2) create community, 3) be aware of consumer diversity, and 4) not differentiate by gender. For this reason, we argue that university education may greatly influence students' mindset concerning sustainable behavior. Results also revealed no significant gender differences, which contrasts with the differentiated behavior found in extant studies on older populations. © 2022 The Authors",Circular economy; Green marketing innovation; SDGs; Sustainable development; Young consumer behavior,Elsevier Ltd,scopus-recommendation,37,Feeling AI,"['sustainable consumption', 'student motivations', 'behavior change', 'green marketing', 'community', 'consumer diversity']","The abstract focuses on the impact of university courses on students' motivations and behaviors regarding sustainable consumption. It emphasizes understanding customer needs and promoting sustainable practices, which align with the emotional and relational aspects of marketing. The findings suggest a need to connect with consumer emotions around sustainability, making it relevant to Feeling AI, which deals with understanding customer emotional needs and wants.",70%,10%,20%,0%,0%
From Mix-and-Match to Head-to-Toe: How Brand Combinations Affect Observer Trust,Engeler I.; Barasz K.,2021,10.1093/jcr/ucab041,"Consumers use brands in many combinations, from mixing-and-matching multiple brands (e.g., Nike shoes, Puma shirt, and Asics shorts) to using products primarily or solely from one brand (e.g., Nike shoes, shirt, and shorts). This work explores how such combinations affect observers’ trust in another consumer’s recommendations. Comparing two combination types—mixed-brand combinations (where all/most branded products are from different brands) and dominant-brand combinations (where all/most branded products are from the same brand)—nine studies establish that observers tend to have less trust in recommendations from those who use dominant-brand combinations (studies 1A–1C). This is driven by inferences about how the products were chosen: observers believe others who use dominant-brand combinations placed relatively greater importance on the brand—a feature that often serves as a mental shortcut for choices—and therefore infer these consumers made quicker, less thoughtful decisions (studies 2A and 2B). While the effect diminishes when observers hold particularly favorable attitudes toward the focal brand (study 3), it can alter observers’ own downstream behaviors (e.g., social media following intentions, information seeking, and recommendation taking; studies 4A–4C). Together, the findings confirm that brand combinations elicit responses distinct from single brands, offering fruitful avenues for future research. © The Author(s) 2021. Published by Oxford University Press on behalf of Journal of Consumer Research, Inc. All rights reserved.",advocacy and influencer marketing; brand combinations; choice inferences; consumer trust; decision thoughtfulness; social influence,Oxford University Press,scopus-recommendation,13,Feeling AI,"['trust', 'recommendations', 'brand combinations', 'emotional reactions']","The abstract focuses on how brand combinations influence observers' trust in consumer recommendations, which aligns with understanding customer emotions and perceptions. It discusses how observers make inferences based on brand choices, indicating a need to understand emotional responses and preferences. The findings suggest that trust can alter downstream behaviors, reinforcing the importance of emotional data in marketing decisions.",70%,0%,30%,0%,0%
Marketing strategy of characteristic agricultural products under the background of ‘internet +’,Xiong Y.,2023,10.1080/09537287.2023.2169649,"At the beginning of 2020, affected by the COVID-19 epidemic, large-scale gathering activities and offline purchasing activities are difficult to operate normally. As a result, the contactless online sales model of farm produce e-business has attracted wide attention of consumers because it avoids direct contact between people and reduces the risk of infection among users. The E-Marketing link of characteristic farm produce can reflect the good advantages of ‘Internet +’ era. For merchants, they can provide better services to customers through the Internet, thus enhancing their purchasing power. According to the unique attributes and categories of farm produce and other labels, combined with KNN (K-nearest neighbour) algorithm, this paper builds a marketing model of characteristic farm produce to improve the accuracy of farm produce recommendation, so as to realise the accurate marketing of characteristic farm produce under the background of ‘Internet +’. Experimental results show that the recall rate of the algorithm is 97.21% and the accuracy rate is 95.34%. Therefore, the precision marketing system model of e-business farm produce designed in this paper has high precision in predicting consumers’ purchase intention, and can be used as decision-making basis for enterprises in its precision marketing. © 2023 Informa UK Limited, trading as Taylor & Francis Group.",Characteristic farm produce; precision marketing; recommend agricultural products,Taylor and Francis Ltd.,scopus-recommendation,0,Thinking AI,"['online sales model', 'purchase intention', 'recommendation', 'accuracy', 'decision-making']","The abstract discusses the development of a marketing model for characteristic farm produce that utilizes the KNN algorithm to improve the accuracy of recommendations and predict consumer purchase intentions. This aligns with the focus on market analysis and targeting in the Thinking AI category, as it aims to analyze data for better decision-making in marketing strategies.",0%,0%,100%,0%,0%
UNDERSTANDING THE CRITICAL FACTORS DRIVING EVENT LEVERAGING: PERSPECTIVES FROM SMALL AND MEDIUM-SIZED ENTERPRISES,Son I.S.; Huang S.,2023,10.3727/152599522X16419948695242,"This study aims to understand tourism and hospitality small and medium-sized enterprises’ (THSMEs) decision making about event leveraging, specifically by exploring the critical factors that drive THSMEs to engage in event leveraging. By examining event leveraging from the entrepreneurial process perspective, this study provides new understanding of evaluating and interpreting local businesses’ event leveraging. The results from semistructured interviews with THSMEs’ owners and managers revealed four critical factors affecting THSMEs’ decision making regarding event leveraging. Information availability, which refers to obtaining information about upcoming events in a timely manner and acquiring know-how in event leveraging, was found to be the most critical factor. This factor was found to influence another three factors, namely, business strategy, internal resources, and attitude and belief toward event leveraging. Based on the findings of this study, practical recommendations are provided for destination marketing organizations and local business associations to better support THSMEs to benefit through events. © Copyright 2023 Cognizant, LLC. All Rights Reserved.",Entrepreneurial opportunity; Event leveraging; Festival; Regional event; Small and medium-sized enterprises (SMEs),Cognizant Communication Corporation,scopus-recommendation,2,Thinking AI,"['decision making', 'event leveraging', 'business strategy', 'internal resources', 'information availability']","The abstract discusses the decision-making process of small and medium-sized enterprises (SMEs) in the tourism and hospitality sector regarding event leveraging. It emphasizes critical factors such as business strategy and information availability, which align with the market analysis and strategic targeting aspects of Thinking AI. The focus on understanding the factors influencing THSMEs reflects a deeper market analysis rather than emotional or automated transactional processes.",0%,0%,100%,0%,0%
Social commerce and buying intention post COVID-19: Evidence from a hybrid approach based on SEM – fsQCA,Elshaer I.A.; Alrawad M.; Lutfi A.; Azazz A.M.S.,2024,10.1016/j.jretconser.2023.103548,"In the post COVID-19 era, social commerce witnessed significant growth due to increasing numbers of consumers choosing online channels as their preferred means of shopping. Consumer attitude and trust are key factors influencing customers purchase decision of buying products and services marketed through online platforms such as social commerce. A positive consumer attitude towards a brand or product can lead to greater level of perceived trust and, hence, increase the likelihood of purchasing. Further, a negative consumer attitude or low trust may deter individuals from purchasing, even if they are interested in the product. This study aims at investigating the mediating role of customers attitude and perceived trust on the relationship the relationship between social commerce and buying intention post-COVID-19 pandemic. Using a full-structured questionnaire directed to 570 e-commerce consumers, the obtained data were analyzed by hybrid approach based on PLS-SEM and fsQCA. The study results may help understand the variables that can affect consumer behavior in the post-COVID-19 era, and businesses can better modify their marketing strategies and fulfill the customers’ needs. © 2023 Elsevier Ltd",Attitude; Consumer buying intention; fsQCA; Ratings and reviews; Recommendation and referrals; Social commerce; Trust,Elsevier Ltd,scopus-recommendation,34,Feeling AI,"['consumer attitude', 'trust', 'buying intention', 'customer behavior', 'marketing strategies']","The abstract discusses the impact of consumer attitudes and trust on purchasing decisions in the context of social commerce post-COVID-19. This aligns with the Feeling AI category as it focuses on understanding customer emotional needs and preferences, particularly how positive or negative perceptions influence buying behavior. The study aims to provide insights that can help businesses develop marketing strategies that resonate emotionally with consumers, which is a key aspect of Feeling AI.",70%,10%,20%,0%,0%
Impact and engagement of sport & fitness influencers: A challenge for health education media literacy,Moreno D.R.; Quintana J.G.; Riaño E.R.,2023,10.30935/ojcmt/13309,"Influencers of physical activity and sport have acquired an important role in the promotion of health and well-being through digital social networks such as Instagram. The purpose of this study is to obtain a detailed view of the use that sports and physical activity influencers make of the Instagram social network, its reach and impact on the audience. This study monitored and collected data from the channels of ten Spanish Sport & Fitness influencers who projected their activity towards 6,804,930 followers on the social platform Instagram. In addition, the content of the biography and most popular publications of each influencer was analysed, considering the visual aspects, codes and digital languages. The results obtained show a commitment of the influencers to motivate and excite their audience to lead an active life, a healthy lifestyle and to perform a variety of exercises to increase their muscular strength, flexibility and cardiorespiratory resistance, among others. They also offer practical nutrition advice, performance-enhancing recommendations, and individualized training programs. All this through a style and strategies typical of digital marketing and influence to gain trust and credibility, achieve engagement and a positive impact on their audiences, even influencing the decision to purchase services and products from commercial brands. This scenario highlights the importance of media literacy for citizens towards a responsible use of the Internet and social networks, especially towards the consumption of content related to physical activity and sports, thus developing critical thinking to evaluate the information that can influence our decisions and perceptions about health and physical well-being. © 2023 by authors; licensee OJCMT by Bastas, CY.",health education; influencers; Instagram; media literacy; physical activity; social media,Bastas,scopus-recommendation,5,Feeling AI,"['influencers', 'motivate', 'excite', 'trust', 'credibility', 'engagement', 'impact', 'customer needs', 'health', 'well-being']","The abstract emphasizes the role of influencers in understanding and meeting the emotional needs of their audience regarding health and fitness. It discusses how influencers motivate and engage their followers through relatable content, practical advice, and personalized programs, which aligns with the focus of Feeling AI on customer understanding and relationalization.",60%,10%,20%,5%,5%
FACTORS AFFECTING FEMALE ONLINE PURCHASE DECISION,Allan M.S.; Ashour M.L.; Ali N.N.; Al Warasneh A.N.,2022,10.22495/jgrv11i1siart14,"This study enhances the existing literature on female online buying decisions by evaluating the factors shaping women‘s clothing purchase decision-making. Hence, it investigates the influence of social media interactive marketing activities, i.e., electronic advertising (e-Ads), electronic word of mouth (e-WOM), interaction (Int.), and content credibility (CC), on female purchase decisions. The study adopted the logic of quantitative approach using an e-questionnaire as a main data collection tool targeting online female consumers. Data were collected from 388 female social media users, and regression analysis was applied. The results of the study confirmed the association between a firm‘s use of and female activities and applications interactive marketing purchase decisions. In addition, the results pointed out the electronic interactive activities of social media platforms such as e-Ads, CC, and e-WOM as powerful tools that support firm‘s marketing strategies via their positive influence on female purchase decisions. The result is consistent with previous research (Park, Hyun, & Thavisay, 2021; Tran, 2017). The study provides several implications and recommendations for practice: focusing on content credibility, enriching the interactive content of brand name page, providing more details about offerings, and the continuous development of advertising, contents, and techniques. And for future research, as this study derived its findings from an evaluation carried out in the Jordanian clothing market, it is recommended to extend this evaluation to be conducted in other contexts and to consider other demographical and economic variables. © 2022 The Authors.",Female Purchase Decision; Interactive Marketing Activities; Social Media Platforms,Virtus Interpress,scopus-recommendation,1,Feeling AI,"['female purchase decisions', 'social media', 'content credibility', 'electronic word of mouth', 'emotional needs']","The study focuses on understanding how social media interactive marketing activities influence female purchase decisions, which aligns with the 'Feeling AI' category that emphasizes customer understanding and emotional factors in decision-making. The mention of content credibility and electronic word of mouth suggests a consideration of emotional and relational aspects in marketing strategies.",70%,10%,20%,0%,0%
The changing roles of mass media amidst the growth of the digital media,Hongcharu B.,2024,10.1080/23311886.2023.2297721,"Mass media have been a significant element in society. However, as people have more access to information and communication technology, they spend more time on digital media than on mass media. Thus, we explore this issue along with the factors and implications that this trend might bring about. This is the first study to conduct an in-depth comparative analysis along with literature review to understand this major change in media consumption. The paper first analyzes the characteristics and the communication process of mass and digital media. Then, we compare mass media and digital media’s usage, the numbers of Internet and digital media’ users in the United States along with global social media users. We discover the usage per day for digital media has increased while that for mass media declined. We explore the reasons behind this change and identify factors affecting the marketers’ decisions to change the ways they spend marketing communications’ budget on both types of media. We are also interested in the roles of mass media in the era when digital media gain more popularity. Implications and recommendations for marketers to cope with this major change are discussed including the impact on target market selection, marketing communications budget planning, functions of the media, behavioral transactions of both types of media, new supporting roles of the mass media and the roles of both types of media in supporting integrated marketing communications’ campaigns. © 2024 The Author(s). Published by Informa UK Limited, trading as Taylor & Francis Group.",digital media; marketing communications; Mass media; media time spending; media usage; mobile phones; smartphones; the internet,Cogent OA,scopus-recommendation,2,Thinking AI,"['digital media', 'mass media', 'marketing communications', 'target market selection', 'marketing budget planning']","The abstract discusses the comparative analysis of mass and digital media consumption and its implications for marketers. It highlights the need for marketers to adapt their strategies based on changing media usage patterns, which falls under market analysis and targeting. The focus on how marketers should adjust their communications budget and target markets aligns closely with the Thinking AI category, which emphasizes market analysis and targeting.",0%,0%,100%,0%,0%
"Electronic nicotine and non-nicotine delivery systems, a global and comparative overview of the tax systems designs and rates, legislative framework, Big Tobacco’s marketing strategies, and case studies",Tanca C.; Carrington D.; Dauchy E.; Skipalskyi A.; Bakhturidze G.,2023,10.18332/TPC/172623,"Introduction Electronic nicotine and non-nicotine delivery systems (ENDS/ ENNDS) are attracting new nicotine users, particularly nonsmokers, and youth. Although the long-term health effects are uncertain, ENDS contain nicotine—a highly addictive product, and most of the existing evidence on ENDS/ENNDS shows that they are not without risks. Moreover, youth and non-smokers using e-cigarettes are more likely to initiate conventional cigarettes and start at earlier ages. Furthermore, ENDS are not very effective as cessation aids and are often used in combination with conventional tobacco products. The taxation of ENDS/ENNDS remains a challenge for most governments, especially in light is the tradeoff between, on the one hand, the potential that smokers would use ENDS to quit conventional cigarettes successfully and, on the other hand, the new health risks that these products pose and the uptake of use by young people and non-smokers. Objective About ENDS/ENNDS, this session will examine, globally and comparatively, three key areas critical for advocacy: taxation, legal (non-tax and price) frameworks, and communications used by manufacturers and vendors. Material and Methods First, it will present and evaluate the tax systems used currently in countries that manufacture or sell ENDS/ENNDS and compare these systems based on their tax burdens and designs. Second, it examines the various legal (non-tax and price) frameworks used in these countries and compares them with conventional cigarettes. Third, it will present the media used by manufacturers and vendors of ENDS/ENNDS, the messages, and the audience they use to promote them. Finally, the session will present and compare case studies to provide concrete examples. Results There is a significant variation in the types of tax systems used for ENDS/ENNDS, and most countries impose very low tax rates on these products compared to cigarettes. As WHO has concluded, e-cigarettes are “harmful” and countries that have not banned e-cigarettes should ensure that “their tobacco control laws and regulations are comprehensive enough to regulate all forms of novel and emerging nicotine and tobacco products.” E-cigarette manufacturers, including the major tobacco companies, are spending millions of dollars on lobbying decision-makers in countries around the world to seek favorable e-cigarette regulation. Further, the industry targets non-smokers and young people through product design, nicotine delivery, flavorings, and by marketing on social media. Conclusions Encourage countries to follow WHO recommendations and impose high taxation for ENDS/ENNDS and regulations that match those of conventional cigarettes. © (2023), (European Publishing). All Rights Reserved.",,European Publishing,scopus-recommendation,0,Out of Scope,"['electronic nicotine delivery systems', 'taxation', 'youth', 'health risks', 'advocacy', 'legal frameworks', 'communications', 'manufacturers', 'vendors']","The abstract discusses the implications of electronic nicotine delivery systems (ENDS) and their regulation, focusing on taxation, legal frameworks, and marketing strategies used by manufacturers. These topics are more aligned with public health and regulatory policy rather than direct marketing applications, placing the content outside the defined marketing categories.",0%,0%,0%,100%,0%
Social Media Marketing during COVID-19: Behaviors of Jordanian Users,Alghizzawi M.; Al-Ameer A.; Habes M.; Attar R.W.,2023,10.11114/smc.v11i3.5980,"Social media marketing is an important concept and influences the behavior of individuals and the change of their habits, based on evidence and marketing campaigns that target people to raise awareness and improve the course of their behavior for the better. This study aims to demonstrate the impact of social media marketing on the behavior of Jordanian citizens in light of the events of the spread of the Corona virus, and that by relying on a study and comparison of previous scientific studies that showed that social media marketing helps in modifying behaviors through the extent of the advantage of marketing campaigns, and in light of the spread of this epidemic some habits need to be modified by the Jordanian citizen. the study recommends decision-makers in Jordan must employ social media marketing in all its dimensions to influence the behavior of the Jordanian citizen to adhere to the new instructions that limit It is dangerous to spread this deadly disease and dispense with some traditional behaviors that contradict the recommendations of the World Health Organization regarding the behavior of individuals with each other. Thus, by keeping in view the study findings, the researchers recommended more studies addressing the use of Social Media marketing to spread Health crisis awareness to increase healthy behavior and mitigate its effects. © 2022 Studies in Media and Communication. All rights reserved.",consumer behavior; COVID-19; Jordan; marketing; social media,Redfame Publishing Inc.,scopus-recommendation,26,Feeling AI,"['behavior', 'habits', 'awareness', 'impact', 'health crisis', 'emotional needs']","The abstract discusses the influence of social media marketing on the behavior of individuals, particularly within the context of a health crisis (the spread of the Corona virus). It emphasizes the need to understand and modify the behaviors and habits of Jordanian citizens to align with health recommendations. This aligns with the 'Feeling AI' category, which focuses on customer understanding and emotional needs. It highlights the importance of understanding how marketing can resonate with customers on an emotional level to drive behavior change.",70%,10%,20%,0%,0%
INFLUENCE OF SELECTED DETERMINANTS ON THE PERCEPTION OF BEACHES AS A TOURISM PRODUCT,Magaš D.,2022,10.20867/thm.28.3.15,"Purpose Beaches are icons of summer tourism and a strong motivating factor for the arrival of tourists in the sun and sea tourism destinations. Spending time on the beach is one of the most popular forms of tourism leisure worldwide. Beaches serve both as recreational areas of coastal cities, and valuable ecosystems that provide natural and protective functions. The Croatian coast is relatively rich in this valuable tourism resource, but the management of beaches as a tourist product has not reached significant progress. This dissertation aims to contribute to the sustainable management of beaches as a tourism product and recognises the possibility of involving all stakeholders in this process by studying socio-demographic factors, preferences, satisfaction, and future behavioural intentions of beach visitors. This knowledge can make an important contribution to the beach management process because it can be used to make more informed management decisions. Which characteristics of a particular beach need to be improved, what facilities should be introduced or discontinued, beach managers can find out through social science research methods that can encourage participation of all stakeholders, increase visitor satisfaction and destination competitiveness, and thus lay the groundwork for more sustainable development of beaches as tourism products. The purpose of this doctoral dissertation is to develop a cognitive-affective-conative model of beach visitor satisfaction. This dissertation developed, validated, and tested an empirical model of beach visitor satisfaction by combining the sustainable development framework, international coastal zone management protocols, and national legislation with theories of satisfaction, quality, and consumer behaviour. The empirical model includes measures of beach visitor satisfaction levels with natural beach features, beach facilities, overall beach experience, emotional experience and their future behavioural intention. Methodology The study follows a mixed method design, employing both quantitative and qualitative research methods. The structural equation modelling (PLS-SEM) method was used for the purpose of testing the links between model constructs. Kruskal Wallis and Mann-Whitney U tests were used in analyses of socio-demographic variable influences of beach visitors. Data was collected through a semi-structured questionnaire on three separate beach locations in the Primorsko – goranska county littoral during the summer of 2021, with the paper assisted personal interview (PAPI) technique. A 5-point Likert scale was used in attribute level satisfaction and importance performance measurements. Qualitative methods include investigation by an unstructured inquiry of importance, concerning beach attributes not mentioned in the structured part of the questionnaire, as an opening of an unstructured interview with the beach visitor. Findings of the qualitative analysis have shown that beach visitors also value cultural factors and place high importance on beach sediment quality. Findings The findings of the descriptive statistical analyses concerning socio-demographic characteristics of beach visitors indicate that on average, women (59.4%) visit the beach more than men (40.6%). The most frequent age group of beach visitors is in between 45-54 years old (25.7%), followed by visitors in between 15-24 (21%) years old. Regarding education levels, on average most visitors have finished high school (54.6%) followed by visitors with university level education (43.5%). Foreign tourists make up most of beach visitors (60.2%) while domestic tourists are second most represented (20.7%), followed by local residents (17.2%) and season residents (1.9%). Concerning the habits of beach visitors, they are most likely to visit the beach as a family with children (31.3%), as a couple (26.8%) or with friends (26.3%). Beach visitors will most likely use a car to get to the beach (77.7%), go on foot (12.5%) or use public transport (8.8%). Concerning the time they spend on the beach, most visitors stay in between 3-5 hours long (39.5%), followed by stays in between 1-3 hours long (38.2%) and stays over 5 hours long (21.2%). The descriptive statistical analyses of structural model independent variable constructs for the whole sample of all three beaches, indicates that regarding beach natural characteristics, beach visitors are most satisfied with beach scenery = 4.57, cleanliness of the sea = 4.47 and texture of beach sediment = 4.06. Beach visitors are somewhat satisfied with the opportunities to observe maritime species = 3.42. The least levels of beach visitor satisfaction are with available shade on the beaches = 2.82. Concerning beach visitor satisfaction with beach facilities, all average values of individual attributes are below 4, which indicates that beach visitors are on average more satisfied with the natural beach attributes than facilities available at the beaches. In the overall sample, beach visitors are satisfied the least with lifeguard and/or medical service = 2.90, accessibility to the beach and sea for persons with disabilities = 2.97, rental service of water sport and recreation equipment = 3.12, parking space availability = 3.12, shower availability = 3.13, toilet cleanliness = 3.15 and toilet availability = 3.24. Beach visitors are satisfied the most with bar and restaurant service on the beaches = 3.99, clearly designated safe swimming areas in the sea = 3.88, litter bin availability = 3.88 and with areas for sport, recreation, and children play on the beaches = 3.81. Concerning the descriptive analyses of beach visitor emotional experiences, measured on the Destination Emotion Scale (DES), on average beach visitors feel joy = 4.21 the most, followed by the emotion of love = 3.84 and positive surprise = 3.69. Beach visitor satisfaction with the overall experience at the beaches is on average relatively high = 4.29, as are the intention of revisit = 4.49, and the intention of recommending the beach = 4.35 The results of the bivariate statistical analysis show significant statistical differences in overall experience satisfaction regarding visitor type, while no differences were found by age or gender. Domestic tourists are least satisfied on average, while season residents are satisfied the most. The results partially support hypothesis H1. Significant statistical differences were found in the construct of intention of recommendation by gender and age. Women have a higher intention to recommend the beach than men. Age groups of 15-24 years of age tend to recommend the beach the least, while age groups of 45-54 and 55-64 have the highest levels of recommendation intention. These results partially support hypothesis H2, as no differences were found by beach visitor type. Women also have a higher intention of revisit the beach then men, while local residents and season residents have significantly higher intention of revisit than tourists, partially supporting hypothesis H3, as no differences by age were found. Lastly, the results of multivariate statistical analysis show that satisfaction with natural beach characteristics affects satisfaction with the overall experience at the beach (β=0.529, p<.01), intention to revisit (β=0.37, p<.01) and intention to recommend (β=0.497, p<.01). Thus, confirming hypothesis H4, H5 and H6. Satisfaction with beach facilities affects the overall experience satisfaction with the beach (β=0.189, p<.01), the intention to revisit (β=0.146, p<.01) and the intention to recommend the beach (β=0.106, p<.01) confirming hypotheses H7, H8 and H9. Concerning the impact of beach visitor emotions on the overall beach experience, the results show that joy (β=0.437, p<.01), love (β=0.203, p<.01) and positive surprise (β=0.105, p<.05) have a significant impact. Confirming in this way hypothesis H10. The impact of emotions on revisit intention is also statistically significant for joy (β=0.442, p<.01) and love (β=0.266, p<.01), while positive surprise is not related to revisit intention (β=0.061, p=0.271). By this, hypothesis H11 is partially confirmed. Concerning the effect of emotions on recommendation intention, both joy (β=0.445, p<.01) and love (β=0.27, p<.01) affect recommendation intention, while the relationship with positive surprise is not statistically significant (β=0.047, p=0.333). The results confirm partially hypothesis H12. Satisfaction with overall beach experience is significantly related to the intention of revisit (β=0.585, p<.01) and with the intention of recommendation (β=0.597, p<.01) confirming hypothesis H13 and H14 respectively. Mediation analysis results indicate that emotions partially mediate the relationship between satisfaction with natural beach characteristics and overall experience at the beach, while complete mediation of emotions is established between satisfaction with beach facilities and overall experience satisfaction. Finally, confirming hypothesis H15 and H16 respectively. Originality of the research In an innovative approach, while responding to the calls of several authors from the literature of tourism and marketing for the creation of integrative models of satisfaction with both cognitive and affective components, the Destination Emotion Scale (DES) is used in the context of modelling overall beach visitors’ satisfaction affective component. Furthermore, by assessing the importance of beach facilities at the natural beach, opposed to satisfaction with beach facilities on beaches in urban areas at the same time, an innovative integral assessment of wider coastal area beaches is enabled no matter the beach type. This is achieved by the combination of satisfaction and importance measurements of beach facilities in the overall beach sample. In this manner, the importance of facilities at the natural beach, becomes a control variable, and the results of independent variable attribute level statistical significance measurements may be interpreted as significant, controlling for the fact that beach visitors may have different priorities regarding facilities on the natural beach in a rural setting, than visitors of beaches in urban settings. This dissertation establishes the applicative, theoretical, and empirical validity of the observation of beaches as tourism products. Furthermore, it is demonstrated how this approach incorporates the principles of sustainable development while simultaneously being oriented towards some of the most important theoretical determinants of successful business operations – visitor satisfaction and future behavioural intentions. By assessing the reliability and validity of the empirical model and testing the proposed scientific hypotheses, new insights into the area of beach visitor satisfaction have been explored and revealed, these insights establish emotions as a reliable predictor of beach visitor satisfaction and future behavioural intentions and include different emotional experiences of visitors on a natural beach in a rural environment. © 2022, University of Rijeka. All rights reserved.",beach visitors; behavioural intentions; emotions; satisfaction,University of Rijeka,scopus-recommendation,0,Feeling AI,"['satisfaction', 'emotional experience', 'visitor satisfaction', 'future behavioral intentions', 'joy', 'love', 'positive surprise']","The abstract focuses heavily on understanding beach visitors' emotional experiences and satisfaction levels, which are crucial for improving tourism management. It employs emotional data to analyze visitor satisfaction and future behavioral intentions, making it directly relevant to customer understanding and relationalization in marketing. The emphasis on emotional components, including joy and love, aligns the study with the objectives of 'Feeling AI', which aims to understand and meet customer emotional needs.",70%,10%,20%,0%,0%
The role of satisfaction in the relationship between destination image and behavioral intention: a case study of Vietnamese visitors to Thailand,Luong T.-B.,2023,10.1080/19407963.2023.2231475,"Destination image constructs, including international marketing and tourism, have received sustained interest over the past decades. In this study, a conceptual framework designed to examine the correlation between Thailand's destination image and Vietnamese behavioral intentions is developed and tested. Additionally, satisfaction is discussed as a mediator in these proposed relationships. Structural equation modeling (SEM) was adapted to analyze the data of 510 Vietnamese tourists. An outcome of the study presented that destination image and satisfaction correlate with revisit intentions. Positive word-of-mouth recommendations are completely influenced by only satisfaction when destination image is considered. Tourist behavioral intentions and destination image are significantly mediated by satisfaction. The study's implications benefit both researchers and practitioners in destination marketing and management, as they provide important insights into the factors that influence tourist behavior and decision-making in the context of urban tourism destinations. © 2023 Informa UK Limited, trading as Taylor & Francis Group.",behavioral intention; Destination image; satisfaction; Thailand tourism; Vietnamese tourists,Routledge,scopus-recommendation,6,Feeling AI,"['destination image', 'satisfaction', 'behavioral intentions', 'positive word-of-mouth', 'tourist behavior', 'decision-making']","The abstract discusses the relationship between destination image, satisfaction, and tourists' behavioral intentions, indicating an understanding of customer emotions and their influence on decision-making in tourism. The emphasis on satisfaction as a mediator and its impact on positive word-of-mouth further aligns this study with the principles of Feeling AI, which focuses on customer understanding and emotional needs.",70%,10%,20%,0%,0%
Adaptive Sequential Experiments with Unknown Information Arrival Processes,Gur Y.; Momeni A.,2022,10.1287/msom.2022.1116,"Problem definition: Sequential experiments that are deployed in a broad range of practices are characterized by an exploration-exploitation trade-off that is well understood when in each time period feedback is received only on the action that was selected in that period. However, in many practical settings, additional information may become available between decision epochs. We study the performance that one may achieve when leveraging such auxiliary information and the design of algorithms that effectively do so without prior knowledge of the information arrival process. Methodology/results: Our formulation considers a broad class of distributions that are informative about rewards from actions and allows auxiliary observations from these distributions to arrive according to an arbitrary and a priori unknown process. When it is known how to map auxiliary observations to reward estimates, we characterize the best achievable performance as a function of the information arrival process. In terms of achieving optimal performance, we establish that upper confidence bound and Thompson sampling algorithms possess natural robustness with respect to the information arrival process, which uncovers a novel property of these popular algorithms. When the mappings connecting auxiliary observations and rewards are a priori unknown, we characterize a necessary and sufficient condition under which auxiliary information allows performance improvement and devise an adaptive policy (termed 2UCBs) that guarantees near optimality. We use a data set from a large media site to analyze the value that may be captured by leveraging auxiliary observations in the design of content recommendations. Managerial implications: Our study highlights the importance of utilizing auxiliary information in the design of sequential experiments and characterizes how salient features of the auxiliary information stream impact performance. Our study also emphasizes the risk in processing auxiliary information using nonadaptive approaches that are predicated on correct interpretation of this information, as opposed to deploying flexible, adaptive methods. © 2022 INFORMS.",experiments; OM-marketing interface; pricing and revenue management; service operations; stochastic methods,INFORMS Inst.for Operations Res.and the Management Sciences,scopus-recommendation,2,Thinking AI,"['sequential experiments', 'exploration-exploitation trade-off', 'auxiliary information', 'reward estimates', 'content recommendations', 'market analysis', 'adaptive policy']","The abstract discusses the use of auxiliary information in sequential experiments, particularly in the context of content recommendations on a media site. This aligns with the focus of Thinking AI on market analysis and targeting, as it utilizes data to optimize decision-making and improve performance based on feedback and auxiliary observations. The study emphasizes the importance of leveraging information to enhance strategies, which is a key aspect of Thinking AI.",0%,0%,100%,0%,0%
RATIONALIZING FICTION CUES: PSYCHOLOGICAL EFFECTS OF DISCLOSING ADS AND THE INACCURACY OF THE HUMAN MIND WHEN BEING IN PARASOCIAL RELATIONSHIPS,Degen J.L.,2023,10.28945/5108,"Aim/Purpose Parasocial relationships are today established on social media between influenc-ers and their followers. While marketing effects are well-researched, little is known about the meaning of such relationships and the psychological mecha-nisms behind them. This study, therefore, explores the questions: “How do fol-lowers on Instagram interpret explicit fiction cues from influencers?” and “What does this reveal about the meaning of parasocial attachment?” Background With a billion-dollar advertising industry and leading in influencing opinion, In-stagram is a significant societal and economic player. One factor for the effec-tive influence of consumers is the relationship between influencer and follower. Research shows that disclosing advertisements surprisingly does not harm credi-bility, and sometimes even leads to greater trustworthiness and, in turn, willing-ness to purchase. While such reverse dynamics are measurable, the mechanisms behind them remain largely unexplored. Methodology The study follows an explorative approach with in-depth interviews, which are analyzed with Mayring’s content analysis under a reconstructive paradigm. The findings are discussed through the lens of critical psychology. Contribution Firstly, this study contributes to the understanding of the communicative dy-namics of influencer-follower communication alongside the reality-fiction-gap model, and, secondly, it contributes empirical insights through the analysis of 22 explorative interviews. Findings The findings show (a) how followers rationalize fiction cues and justify compul-sive decision-making, (b) how followers are vulnerable to influences, and (c) how parasocial attachment formation overshadows rational logic and agency.Rationalizing Fiction Cues 86 The findings are discussed with regard to mechanisms, vulnerabilities, rationali-zations and cognitive bias, and the social self, as well as the ethics of influencer marketing and politics. Recommendations for Practitioners The paper has relevance for professionals working with children, the youth, and adults, in understanding their relationships and their meaning both on the indi-vidual and societal level. Such improve insights and adequate measures in peda-gogy, education, health, and therapy. Furthermore, critical perspectives on par-asociallity and its mechanisms can contribute to ethical policymaking. Recommendations for Researchers The contribution is relevant to relationship research, group dynamics and socie-tal organizing, well-being, identity, and health perspectives, within psychology, sociology, media studies, and pedagogy to management. Impact on Society This paper contributes to comprehending nowadays relationships and processes of identification through a systemic lens and develops a critical reflection on current conditions in life. Future Research Future research might seek to understand more about (a) quantifiable vulnera-bilities, such as attachment styles, dispositions, and demographics, (b) usage pat-terns and possible factors of prevention, (c) cognitive and emotional mecha-nisms involved with larger samples, (d) the impact on relationships and well-be-ing, and (e) possible conditions for the potential of parasocial attachment. © 2023, Informing Science. All Rights Reserved.",bias; bonding; human mind; intimate relationships; parasocial relationships; rationalization; social me-dia advertisement; social media; social media communica-tion,Informing Science Institute,scopus-recommendation,1,Feeling AI,"['parasocial relationships', 'emotional needs', 'vulnerabilities', 'attachment', 'justification', 'rationalization']","The abstract focuses on the emotional dynamics of parasocial relationships between influencers and their followers on social media, particularly Instagram. It highlights how followers interpret fiction cues, rationalize their decisions, and form attachments that influence their purchasing behavior. These elements align closely with the goals of Feeling AI, which emphasizes understanding customer emotions and developing communication that resonates with them. The findings also discuss the ethical implications of influencer marketing, which ties into understanding emotional needs and relational aspects of marketing.",80%,10%,10%,0%,0%
Opera participants’ perceptions of brand resonance,Hall E.; Menzies J.; Zutshi A.; Creed A.,2022,10.1111/ijcs.12743,"Brand resonance is a marketing concept under-explored in the performing arts context. This paper responds by analysing focus group findings from a large Opera group, “Big Opera[1]” (For research integrity and anonymity requirements of focus group research, the company pseudonym is Big Opera) on how decision-makers can enhance brand resonance. Opera patronage was dwindling before the COVID-19 pandemic, which was further crystallized during the pandemic. As the performing arts sector tries to revive, it is useful to understand how brand resonance concepts can be used to reinvigorate patronage at the opera. A qualitative study of four opera focus groups, which included 24 participants with varying levels of attendance was conducted to examine brand resonance. The study reveals that when customers have brand attachment and love, developed through intense experiences at the opera, facilitated by engagement with the brand, and community, then brand loyalty develops for the opera by intention to re-purchase. The paper contributes to the literature by making recommendations on how to enhance brand resonance thereby increasing attendance. Intense experiences at the opera and engagement can be enhanced by offering packaged deals, such as accommodation and dinner, or drinks and canapés packages, backstage access, the development of a social club, social media brand community and loyalty programs to increase brand loyalty. © 2021 John Wiley & Sons Ltd.",attendance; brand resonance; focus group; opera; performing arts,John Wiley and Sons Inc,scopus-recommendation,8,Feeling AI,"['brand resonance', 'customer attachment', 'intense experiences', 'engagement', 'brand loyalty', 'community']","The abstract focuses on enhancing brand resonance in the performing arts sector, specifically through emotional connections such as brand attachment and love. It highlights the importance of intense experiences and engagement with the brand to foster brand loyalty. The recommendations for packaged deals and social community initiatives aim to meet emotional needs and enhance customer engagement, aligning closely with the objectives of Feeling AI.",70%,10%,20%,0%,0%
"Vietnamese Postgraduate Students’ Choices for Higher Education: Exploring How Marketing and Communication, Social, and Economic Factors Influence Their Decision-Making",Duong M.-Q.; Le T.-P.; Bach T.-N.-D.; Le M.-T.,2023,10.13187/ejced.2023.4.1198,"Several factors have contributed to a downward trend in postgraduate education enrollment in Vietnamese higher education. Understanding postgraduate students’ university choice criteria is crucial for developing effective marketing strategies in higher education settings. The purpose of this study was to investigate postgraduate students’ perceptions of their university choices and to evaluate the correlations between their marketing and communication, social support, and economic factors and their university choices. A survey consisting of 401 questionnaires and 05 semi-structured interviews was conducted at some of the most prestigious multidisciplinary universities in Ho Chi Minh City, Vietnam. The findings reveal that postgraduate students generally show a high degree of agreement in their university choice decisions. Additionally, differences in demographic characteristics, such as family income and father's education, were found to influence their preferences. Furthermore, the study suggests that marketing and communication, social support, and economic factors have varying and significant impacts, both positive and negative, on their decisions. The results of this study hold theoretical and practical implications for Vietnamese higher education. Recommendations for university administrators and other stakeholders are also discussed. © (2023) by Cherkas Global University.",economic factor; marketing and communication; social support; university choice decision; Vietnamese postgraduate student,Cherkas Global University Press,scopus-recommendation,1,Thinking AI,"['university choice criteria', 'marketing strategies', 'perceptions', 'demographic characteristics', 'economic factors', 'social support']","The abstract discusses the investigation of postgraduate students' perceptions and the factors influencing their university choices, which aligns with market analysis and targeting in marketing. The research aims to understand the impact of various factors on decision-making, thus utilizing marketing analytics to evaluate university choice criteria. This corresponds closely with the 'Thinking AI' focus of market analysis and targeting.",10%,10%,80%,0%,0%
THE POSITION OF THE BRAND AND ITS MARKETING COMMUNICATION IN THE CRISIS PERIOD,Prikrylová J.; Pátík L.,2022,,"In recent years, the world has gone through, and continues to go through, periods that no one anticipated, and on the contrary, society excluded as even possible. In 2019, COVID-19 and its global pandemic appeared. In 2022, the war in Ukraine began. The whole world and society in particular, is thus facing a completely new reality and the changes that this reality brings. More than ever, human values and psychological aspects are coming into the centre of interest and attention. Within companies and business, especially marketing and marketing communication must react and adapt to these changes and trends. Their importance is growing primarily as tools for achieving company goals. The branding phenomenon is closely linked to marketing and communication. The brand, its image, persona, values, opinions, attitudes, but also its emotional state and archetype, these are the key factors for its current success and its power. The aim of our study is to describe the current state and trends in the field of marketing and marketing communication in close connection with the brand, which is essential for the success of the company. In the next part our study focuses on the brand primarily from a psychological point of view. The theoretical part is followed by the research part, in which we analyse in detail the studies by Kantar agency, which were focused, on the one hand, on the consumers, changes in their behaviour and decision-making, and on the other hand on the brand, its position and communication in times of crisis. Our objective was to identify key factors and recommendations for these areas that are appropriate and beneficial to apply in business practice. © 2022, Communication Today. All Rights Reserved.",brand; consumer behaviour; COVID-19; crisis; strategy,"University of SS. Cyril and Methodius, Faculty of Mass Media Communication",scopus-recommendation,1,Feeling AI,"['human values', 'psychological aspects', 'emotional state', 'consumer behavior', 'decision-making', 'brand image', 'brand communication']","The abstract emphasizes the importance of human values and psychological aspects in marketing, particularly in relation to consumer behavior and brand perception during crises. It discusses how brands need to connect emotionally with consumers and adapt communication strategies based on psychological insights, which aligns closely with the objectives of Feeling AI. The focus on understanding customer emotional needs and the development of brand positioning resonates with the applications of Feeling AI.",60%,10%,30%,0%,0%
"Exploring the Effect of Social Networking Service on Homestay Intention in Vietnam by GM(1, N) and Multiple Regression Analysis",Chiu K.-C.; Lai C.-S.; Chu H.-H.; Thi D.T.; Chen R.-C.,2022,10.6688/JISE.202205_38(3).0003,"A significant area of Social Computing is the Social Network Service (SNS), known as Social Network Applications. In recent years, researchers have commonly used SNS as an instrument for linking and communicating. Homestay travel has been prevalent for a long time with the rise of social media. The goal of this study is to examine the influence of Social Network Service functions on homestay travel intention in Vietnam. Fourteen Social Network Service functions were summarized from the literature review and used as the variables influencing the purpose of homestay travel to develop a five-point Likert scale questionnaire for convenience sampling to perform an online survey. For further study, two hundred and twenty valid respondents were included. The GM(1, N) analysis showed interest sharing, photo sharing, and video sharing as the first to third most principal factors in their highly seasoned weighting towards homestay travel intention. On the other side, helping decision, helping interaction, and helping planning as the last three lists of weighting scores. Besides, multiple regression analysis shows that offering recommendations, helping planning, and sharing interest simultaneously predict homestay travel intention while the others don’t. That means consumers would heavily rely upon the functions of sharing interest of social network services to evaluate their traveling options. It is proposed that homestay traveling vendors should pay more attention to the marketing of previous travelers’ experiential interests to provoke the awareness of customers. © 2022 Institute of Information Science. All rights reserved.","GM(1, N); homestay intention; multiple regression analysis; social computing; social networking service",Institute of Information Science,scopus-recommendation,1,Feeling AI,"['Social Network Service', 'homestay travel intention', 'interest sharing', 'photo sharing', 'video sharing', 'experiential interests']","The abstract discusses how various functions of Social Network Services influence consumer intentions towards homestay travel, emphasizing the importance of sharing interests and the emotional engagement resulting from personal experiences. This aligns closely with the Feeling AI category, which focuses on customer understanding and relationalization. The study highlights how consumers rely on emotional and experiential data from previous travelers to make decisions, indicating a strong connection to their emotional needs and preferences.",70%,10%,20%,0%,0%
To go or not to go: multiple identities and the effects of ambivalence,Yu Q.; Huang Y.-A.; Li X.; Ren Z.,2023,10.1080/13683500.2022.2077180,"This study unpacks how a person’s multiple identities affect their decision making when selecting a tourism destination. We propose that different aspects of identity yield distinct yet competing emotions. For instance, perceived social audience admiration combined with animosity might produce ambivalence, leading to greater decision-making uncertainty. Findings show that tourists with greater ambivalence towards particular destination countries are more likely to cancel or postpone their travel decisions. Additionally, the destination country’s economic development and a tourist’s pursuit of material happiness interact as moderators in the relationships between identities, emotions, and travel intention. Recommendations are provided for tourism product development and marketing communications for destination countries. © 2022 The Author(s). Published by Informa UK Limited, trading as Taylor & Francis Group.",ambivalence; emotions; Multiple identities; travel intention,Routledge,scopus-recommendation,1,Feeling AI,"['multiple identities', 'decision making', 'emotions', 'ambivalence', 'travel intention', 'customer understanding']","The abstract discusses how various aspects of identity influence emotions and decision-making in the context of tourism. It highlights the emotional complexities (such as ambivalence) that tourists experience, which aligns with the focus of Feeling AI on understanding customer emotional needs and wants. The study's findings and recommendations target emotional responses and customer engagement strategies, further solidifying its connection to this category.",70%,0%,30%,0%,0%
DO SOCIAL AND COMMERCIAL DESIRES INFLUENCE THE PURCHASING INTENTIONS OF GENERATION Z IN ONLINE SOCIAL SHOPPING?,Leong T.K.; Huam H.T.,2023,10.47263/JASEM.7(1)05,"It is already a fact that young people are addicted to social networks, particularly, generation Z. This social-savvy netizen uses social networks extensively to engage with socially connected people, but also actively interacts with online retailers and brands through social networks. This suggests that generation Z consumers seamlessly involve their connected social community to obtain reviews and recommendations, and then use this information to guide their purchasing decisions. This study argued that desire is the leading predictor influence online social shopping purchase intention. We applied the Model of Goal-directed behaviour to examine the influence of social desire and commercial desire on online social shopping purchase intention. At the same time, it attempts to examine whether social desire and commercial desire play a mediator role. This study, which is confined to Kuala Lumpur and Selangor, focuses on generation Z consumers aged 17 to 26 years old. A total of 288 samples were collected using the purposive sampling technique and analysed using the partial least square structural equation modelling (PLS-SEM) technique. The findings revealed that social attitude influences social desire and commercial attitude influenced commercial desire. Lastly, online social shopping purchase intention was influenced by both social desire and commercial desire. It indicates that both social desire and commercial desire play a mediating role. The results provide valuable insight for online social retailers, online social shopping platform operators, and marketers to develop a balanced social marketing strategy and to entice online social shopping purchase intention through social and commercial activity engagement. © 2023 Journal of Applied Structural Equation Modeling.",Commercial attitude; Commercial Desire; Model of Goad-directed Behaviour; Online Social shopping purchase intention; Social attitude; Social Desire,Sarawak Research Society,scopus-recommendation,2,Feeling AI,"['social desire', 'commercial desire', 'online social shopping purchase intention', 'engagement', 'consumer needs', 'recommendations']","The abstract emphasizes the importance of social and commercial desires in influencing online shopping behavior among Generation Z consumers. It discusses how these desires mediate the relationship between attitudes and purchase intentions, indicating an understanding of customer emotional needs and wants. This aligns closely with the focus of Feeling AI on customer understanding and relationalization in marketing strategies.",70%,10%,20%,0%,0%
Consumer self-construal modulates the relevance of E-tail socialness,Aljukhadar M.; Senecal S.,2023,10.1108/BJM-10-2022-0397,"Purpose: The growth in social content such as video facilitates consumer exposure to social information at e-tail settings. Research has recommended enhancing the e-store socialness. Focusing on focal consumer outcomes (flow and purchase intentions), the current research delineates a boundary condition, proposing that e-tail socialness improves outcomes when the consumer interdependent self, rather than the independent self, is activated. Design/methodology/approach: The experimental approach is employed to test the research thesis. Two experiments (N1 = 303 Females 42.4%; N2 = 387 Females 51.4%) that used different manipulation for socialness and sample frames (USA and Canadian) are performed. Analysis of variance was applied. Findings: The results generally support the research thesis, suggesting that e-tail socialness enhances consumer flow and purchase intentions when the interdependent self is activated. The effect, however, is marginal for segments with high brand preference. Practical implications: As more information increase overload and reduce decision quality, e-tail practitioners should focus on providing social information predominately for consumers whose interdependent self is activated. This recommendation is particularly relevant for segments with low brand preference. Originality/value: So far, studies recommend enhancing the e-store socialness, or increasing the social volume, to achieve better outcomes. Such research stream is giving rise to the “social is better in e-tail” conventional wisdom. The current work contributes by delineating a boundary condition based on consumer self-construal. This work suggests that the use of online socialness is fruitful predominantly for interdependent consumers. © 2023, Emerald Publishing Limited.",Digital marketing; E-store socialness; Etsy; Flow; Purchase intentions; Social cues,Emerald Publishing,scopus-recommendation,1,Feeling AI,"['consumer exposure', 'social information', 'interdependent self', 'flow', 'purchase intentions', 'brand preference', 'customer needs']","The abstract focuses on how e-tail socialness impacts consumer outcomes like flow and purchase intentions, particularly when the interdependent self is activated. This aligns closely with the 'Feeling AI' category, which emphasizes understanding customer emotional needs and tailoring experiences to enhance engagement. The study explores emotional aspects of consumer behavior and how socialness can resonate with different consumer self-construals, indicating a deep understanding of customer emotions and preferences.",60%,10%,20%,0%,10%
A phenomenological exploration of technology start-up failure in Sri Lanka,Wimal K.; Ajendra S.,2023,10.7341/20231932,"PURPOSE: The main purpose of this qualitative study was to explore tech start-up failures in Sri Lanka to emerge themes that explain the critical factors that are impacting failures of Sri Lankan tech start-ups and also to identify recommendations that could help evade those factors. The paper also presents the finding to enrich tech entrepreneurs to build their strategies with an understanding of factors that leads to failure and to make well-educated decisions. METHODOLOGY: The study is based on a qualitative research approach that helps to present findings in a theoretical way. A phenomenological analysis has been used to identify, understand, and analyze the phenomena of tech start-up failures. Twelve start-up leaders participated in this study and shared their lived experiences of tech start-up failures in Sri Lanka. Interviews were conducted with them based on twelve interview questions and twelve core themes emerged based on the participants’ lived experiences. In analyzing data, the modified Van Kaam approach was used, utilizing a seven-step framework that considers the structural and textual aspects of experiences, as well as the perceptual characteristics of the phenomenon. FINDINGS: The themes answered the key research question of the study: What are the critical factors that are impacting on failures of tech start-ups in Sri Lanka? The cause of tech start-up failures according to the current study varied including, financial uncertainty, no market research, no product–market fit, paranoid behaviors of innovators, lack of timely response to changing conditions, and location of the venture. IMPLICATIONS: The paper concisely presents twelve critical reasons for tech start-up failures. The results of the research will enable Sri Lankan tech start-ups to identify key factors of failure for the growth of their surviving strategies. Identifying secret obstacles in the industry helps entrepreneurs prepare for pitfalls and provides guidelines for policymakers to make informed choices when implementing national policies. More importantly, it has been discovered that the major areas that require more attention are leadership, funding, marketing, and innovation. Finally, four groups of recommendations have been discussed under financing, market research, leadership, and inventors. ORIGINALITY AND VALUE: The comparison of the current study themes with the findings of related studies is inconclusive because the literature on tech start-up failures in other countries and in Sri Lanka is minimal. Some of the themes align with the findings of research conducted in other countries, although there were some themes that were explored uniquely. © 2023, Cognitione Foundation for the Dissemination of Knowledge and Science. All rights reserved.",critical success factors; entrepreneurship; software start-up; start-up failure; survival strategies; tech entrepreneur; technology start-up,Cognitione Foundation for the Dissemination of Knowledge and Science,scopus-recommendation,1,Thinking AI,"['market research', 'financial uncertainty', 'product-market fit', 'leadership', 'marketing', 'innovation']","The abstract discusses critical factors impacting tech start-up failures, emphasizing the importance of market research, understanding competitive advantages, and making informed strategic decisions. This aligns closely with the 'Thinking AI' category, which focuses on market analysis and targeting. The study provides insights that help entrepreneurs analyze their market and competitive landscape, thus fitting well into the Thinking AI framework.",0%,0%,100%,0%,0%
The role of creative accounting in increasing the marketing of shares and their profits in the Iraqi stock exchange,AL-Khafaji A.A.K.; Mustangs R.F.; Alsaalim F.H.A.J.,2022,10.21533/pen.v10i2.2886,"As a result of creative accounting, many firms in the Iraqi stock market are able to achieve two very significant goals: first, to boost the market value of their shares and thus gain the biggest trading volume in shares, and second, to lower their earnings in order to decrease the tax burden. First by growing its profits, then by evading taxes and denying the state its right to its money. Using this research, we hope to demonstrate how financial institutions that use innovative accounting tools in the preparation of their financial statements impact trade activity. Trading volume is critical to accurately forecasting stock price patterns, allowing investors to maximize their wealth. So, without accounting information, the financial markets can't play their function in drawing in investment, ensuring a well-balanced use of resources, and making reasonable economic decisions, because they don't have the accounting knowledge to do so. There were four sections to the research, which included a look at the research methodology and previous studies, a look at creative accounting practices, and an analysis of the financial statements for the top and bottom ten companies in terms of trading volume using Miller's model to detect profit manipulation that occurred in those companies. The final section contained the most significant findings and recommendations. © The Author 2022. This work is licensed under a Creative Commons Attribution License (https://creativecommons.org/licenses/by/4.0/) that allows others to share and adapt the material for any purpose (even commercially), in any medium with an acknowledgement of the work's authorship and initial publication in this journal.",Creative accounting; Iraqi stock exchange; Shares,International University of Sarajevo,scopus-recommendation,1,Out of Scope,"['creative accounting', 'financial statements', 'trading volume', 'profit manipulation', 'tax burden']","The abstract discusses creative accounting practices in the context of the Iraqi stock market and their implications for financial reporting and trading activities. While it involves financial analysis and manipulation, it does not relate to marketing applications or strategies, hence it is classified as 'Out of Scope'.",0%,0%,0%,100%,0%
The impact of influencers' multi-SNS use on followers’ behavioral intentions: An integration of cue consistency theory and social identity theory,Hsieh J.-K.,2023,10.1016/j.jretconser.2023.103397,"The considerable marketing potential brought by the rapid growth of social media has been extensively examined in the literature, particularly in terms of the impact of influencers' recommendations on their followers' decisions. However, little attention has been given to how the individual influencers' use of multiple social networking sites affects their followers' behavioral intentions. Hence, this academic gap warrants further exploration. Drawing on cue consistency theory, social identity theory, and stimulus-organism-response framework, this research proposes three research questions and constructs an integrated research model to explore how the influencers' cue consistency affects the social identification of their followers, subsequently influencing their behavioral intentions. A structural equation modeling technique is performed to analyze the data of 510 valid respondents. The findings show that influencers' consistent cues (i.e., information and image consistency) across social media have positive impacts on followers' cognitive and affective identification toward the influencers. Furthermore, the determinants for followers' purchase intention and electronic word-of-mouth intention are affirmed to serve as both cognitive and affective identification. Especially, the results indicate that the relationships between followers’ social identifications and behavioral intentions are moderated by the type of influencer (i.e., lifestyle vs. review). Accordingly, the results indicate how the use of multiple social networking sites by influencers impacts the behavioral intentions of their followers. The findings offer new insights into influencer marketing and provide important lessons for marketers. © 2023 Elsevier Ltd",Cue consistency theory; Influencer marketing; Multi-SNS usage; Social identity theory; Social networking site (SNS); Stimulus-organism-response (S-O-R) model,Elsevier Ltd,scopus-recommendation,33,Feeling AI,"['influencers', 'behavioral intentions', 'social identification', 'cognitive identification', 'affective identification', 'emotional data']","The abstract discusses how influencers' consistent cues across social media platforms affect their followers' cognitive and affective identification, which in turn influences their behavioral intentions. This aligns with the 'Customer understanding' focus of Feeling AI, as it involves understanding the emotional responses and social identification of followers towards influencers. Additionally, the research highlights the importance of emotional engagement and relational dynamics in influencer marketing, which is a core aspect of Feeling AI.",60%,10%,30%,0%,0%
"May I have your attention, please? An investigation on opening effectiveness in e-mail marketing",Chaparro-Peláez J.; Hernández-García Á.; Lorente-Páramo Á.-J.,2022,10.1007/s11846-022-00517-9,"Academic research has yet to provide a comprehensive view on how to capture individuals’ attention when a promotional e-mail reaches their inbox. This study investigates the variables that influence consumers’ attention toward promotional e-mails, operationalized as open rates, and proposes an integrative model that combines and integrates visible, temporal, and contextual elements. The empirical analysis uses ordinary least squares linear regression to validate the model with data obtained from a multinational sample. The dataset, which is global in nature, comprises 5765 different promotional e-mails sent between 2013 and 2018 by different multinational companies to 455 million users located in 73 countries. The analysis provides information about the relative importance of the variables that influence individuals’ decisions to open a promotional e-mail and shows that the frequency of mailing and the use of segmentation techniques significantly affect the individual’s attention to e-mail marketing communications. The results also show a non-transparent opportunity cost associated with every e-mail sent and give advice on how to control that virtual cost. The research provides further recommendations to marketing professionals to improve the effectiveness of e-mail marketing campaigns. © Springer-Verlag GmbH Germany, part of Springer Nature 2022.",Attention; Digital marketing; E-mail marketing; Effectiveness; Online communication; Open rate,Springer Science and Business Media Deutschland GmbH,scopus-recommendation,8,Thinking AI,"['promotional e-mail', 'open rates', 'variables', 'market analysis', 'segmentation techniques', 'effectiveness', 'recommendations']","The abstract focuses on analyzing factors that influence consumer attention to promotional e-mails, which aligns with market analysis and targeting strategies. It emphasizes the importance of segmentation and the effectiveness of email marketing campaigns, indicating a strategic approach to understanding and optimizing marketing efforts. The empirical analysis using data from a global sample further supports its classification under Thinking AI, as it employs analytical methods to draw insights.",0%,0%,100%,0%,0%
The Importance of Social Influencer-Generated Contents for User Cognition and Emotional Attachment: An Information Relevance Perspective,Zhang X.; Choi J.,2022,10.3390/su14116676,"It has become a marketing trend for marketers to use influencers to advertise and sell products because influencers can affect the attitudes and decision-making of other social media users. Most previous research on influencer marketing has concentrated on its effectiveness as a promotional tool. In contrast, there have been limited studies on the influencer-social media user relationship. The relationship that influencers have with other social media users is the foundation for the success of influencer marketing. Therefore, it is critical to investigate the factors that affect the influencers’ relationships with other users. In accordance with the concept of information relevance, this study presents a model relating the various attributes of influencer-generated content with emotional attachment and information quality to examine the relationship between influencers and other social media users. The findings of a survey of 280 respondents indicate that the interestingness, novelty, reliability, and understandability of influencer-generated content can effectively increase users’ emotional attachment to influencers. Reliability and understandability can also have a significant positive impact on information quality. This eventually inclines social media users to follow or recommend influencers to others, which can increase the popularity of influencers. This study helps researchers and marketers advance their understanding of influencers’ relationships with other social media users and offers management-related recommendations for influencers and marketers. © 2022 by the authors. Licensee MDPI, Basel, Switzerland.",emotional attachment; influencer marketing; information relevance; social media influencer,MDPI,scopus-recommendation,29,Feeling AI,"['emotional attachment', 'information quality', 'reliability', 'understandability', 'user engagement']","The abstract discusses the emotional attachment users have to influencers and how various attributes of influencer-generated content can affect this attachment. This aligns closely with the focus of Feeling AI, which emphasizes understanding customer emotions and relationalization. The study examines how influencer content quality impacts emotional connections, which is a key aspect of customer understanding and engagement.",70%,0%,30%,0%,0%
A Dual Process Model of the Influence of Recommender Systems on Purchase Intentions in Online Shopping Environments,Xu L.; Roy A.; Niculescu M.,2023,10.1080/15332861.2022.2049113,"Whereas much research has looked at how recommendation systems influence online purchase intentions, this article illustrates the dual process model by which they occur. Using two studies, we fill the research void in interactive marketing by demonstrating how the dual processes of social proof and risk avoidance mediate the impact of recommendation labels on consumer decision-making contingent upon their level of involvement. Study 1 (n = 73), used a mixed-subjects design with a college student sample to demonstrate that both types of recommendation labels will lead to higher purchase intentions in an online setting. Most importantly, it provides evidence for the main effect of our theoretical model across different product categories. Study 2 (n = 160) provides support for our remaining four hypotheses by demonstrating the underlying process through which recommendation labels have a two-fold effect on purchase intentions. Specifically, the recommendation label increased the risk avoidance effect for high-involvement consumers and enhanced the social proof effect for low-involvement consumers. In both cases, the recommendation labels increased purchase intentions. Implications of our findings for theoretical and practical contributions and future directions are also explored. © 2022 Taylor & Francis Group, LLC.",Low and high involvement; online purchase intention; recommendation label; risk avoidance; social proof,Routledge,scopus-recommendation,3,Thinking AI,"['recommendation systems', 'purchase intentions', 'social proof', 'risk avoidance', 'consumer decision-making', 'involvement']","The abstract discusses the impact of recommendation labels on consumer decision-making and purchase intentions, emphasizing the analytical understanding of how different psychological processes (social proof and risk avoidance) influence purchasing behavior based on consumer involvement. This aligns with the 'Market analysis' and 'Targeting' focuses of Thinking AI, which deals with understanding competitive advantages and recommending targets based on consumer insights.",0%,0%,100%,0%,0%
Joint market participation choices of smallholder farmers and households’ welfare: evidence from Senegal,Camara A.; Goundan A.; Henning C.; Savard L.; Beye A.,2023,10.1108/JADEE-08-2021-0201,"Purpose: There is much evidence in the literature showing the benefits of input market participation on farmers’ welfare. The same is true for participation in marketing. However, there are very few studies on the expected benefit of input market participation and marketing. This study fills this gap by examining the issue in the Senegalese context for food and cash crops. Design/methodology/approach: The authors estimate a multinomial endogenous switching regression using a highly detailed 2017 agricultural survey in Senegal. They first identify factors that shape farmers’ decision to participate in the input market and marketing and then assess the impact of market participation choices on farmers’ profits. Findings: The results show that the most profitable market participation regime depends on the crop under consideration. For food crops, joint participation in markets maximizes profit per hectare, while for groundnuts, the main cash crop in Senegal, participation in the input market is not necessary to maximize farm profit. Research limitations/implications: Using panel data would improve the quality of estimations (time-variant effects) and help to consider the role of risk in output and input markets. Originality/value: This paper helps to characterize different profiles of farmers based on their market participation and crop choices and provide policymakers with recommendations for maximizing farmers’ profit. © 2022, Emerald Publishing Limited.",Agricultural market participation; Farm household model; Multinomial endogenous switching regression,Emerald Publishing,scopus-recommendation,7,Thinking AI,"['market participation', ""farmers' profits"", 'crop choices', 'marketing', 'input market']","The abstract discusses the analysis of farmers' market participation and its impact on profits, which aligns with the focus on market analysis and targeting in Thinking AI. The study examines factors that influence farmers' decisions and the profitability of different participation regimes, indicating a strategic analysis of market conditions and competitive advantages. There is no mention of emotional data or automated processes for customer engagement, which rules out Feeling AI and Mechanical AI.",0%,0%,100%,0%,0%
FACTORS EFFECTING E-PURCHASE VALUE AND E-PURCHASE INTENTION IN THE DIGITAL ERA,Mabkhot H.; Alawad W.A.,2023,10.34109/ijebeg.2023150221,"This research aims to identify and analyse the significant characteristics that influence E-Purchase Value and E-Purchase Intention in the digital era. This study aims to gain insights into the evolving dynamics of consumer decision-making in online environments by analysing the factors that impact and the relationships between these variables. The study employs a quantitative research method to investigate the relationship between E-Purchase Value and Intention. The sample is comprised of 239 online shoppers from the previous three months. Stratified random sampling ensures a well-rounded demographic representation. Analysing the collected data involved using Amos, a tool for Structural Equation Modelling (SEM). This study reveals key factors that influence the value of online purchases and the intention to make online purchases in the current digital age. The preliminary results suggest a complex relationship between website design, social media engagement, discount offers, customer reviews, personalised suggestions, and their impact on perceived value and purchase intentions in digital transactions. This study provides a thorough analysis of the significance and relative influence of each factor, contributing to a better understanding of online consumer behaviour. This study offers practical insights into enhancing digital platforms and marketing techniques to boost perceived value and encourage purchase intentions. In addition, the findings offer valuable insights for researchers, enhancing the current understanding of consumer behaviour in the digital era. The identified factors and their impact on E-Purchase Value and E-Purchase Intention contribute to the advancement of theoretical frameworks, offering avenues for further research and enhancement. This study stands out due to its comprehensive analysis of various factors that contribute to a deeper understanding of E-Purchase Value and E-Purchase Intention. © (2024), (Social Sciences Research Society). All rights reserved.",Customer Review; Discount Offer; E-Perceived Valu; E-Purchase Intent; Personalized Recommendation; Social Media Engagemen; Website Design Qualit,Social Sciences Research Society,scopus-recommendation,0,Thinking AI,"['E-Purchase Value', 'E-Purchase Intention', 'consumer decision-making', 'website design', 'social media engagement', 'discount offers', 'customer reviews', 'personalised suggestions', 'market analysis']","The abstract focuses on analyzing significant characteristics that influence E-Purchase Value and E-Purchase Intention in online environments, which aligns with market analysis and consumer behavior insights. The use of quantitative research and Structural Equation Modelling indicates a strategic analysis of data to understand consumer decision-making, which is characteristic of Thinking AI. The identified factors and their impact on purchase intentions suggest a clear application of marketing analytics to enhance digital platforms and marketing techniques.",10%,5%,85%,0%,0%
The Influence of Internet Celebrities on Consumers' Purchase Intention and Its Educational Significance,Hu J.; Bin Sidek S.; Rahman A.A.; Yusof R.N.R.; Chen Y.,2023,,"University students in China are increasingly embracing the use of celebrity endorsement in teaching. Celebrities are now able to rapidly and easily reach a huge audience because of the growth of social media platforms like WeChat, Weibo, and Douyin, which makes them an appealing marketing tool for educational institutions. The potential advantages of leveraging celebrity endorsements to advertise their programs and draw students have been acknowledged by educational institutions in China. In addition to examining educational celebrity endorsement and educational purchase intention attainment, the study examines students' desire to act as moderators and planned behavior theory in Chinese universities. 440 students from various Chinese universities participated in an online and in-person survey that collected the data for the analysis. According to the findings of structural equation modeling (SEM), teaching strategies have a positive impact on students' desires. The study's results also showed a connection between achieving educational purchase intentions and celebrity endorsement of educational products, student consumer choice, and student desire. Cross-sectional analysis, close-ended questions, and quantitative research are all used in the current study. In light of this, it is deemed crucial to use creative and engaging teaching strategies in the higher education sector. Educational institutions can create marketing plans that boost students' purchasing intentions and enrollment levels by focusing on attitudes, arbitrary standards, and perceived behavioral control. To demonstrate the relationships between the constructs under consideration, future research on this topic should involve longitudinal or field testing. There are major policy recommendations, calls for future research, and recommended theoretical and practical implications. © 2023, Auricle Global Society of Education and Research. All rights reserved.",Educational Celebrity Endorsement; Educational Purchase Intention Attainment; Planned Behaviour Theory; Student's Consumer decision-making; Students Desire,Auricle Global Society of Education and Research,scopus-recommendation,2,Feeling AI,"['celebrity endorsement', 'educational purchase intention', 'student desire', 'attitudes', 'perceived behavioral control']","The abstract discusses how celebrity endorsements can influence students' desires and purchasing intentions in educational contexts. This aligns with the emphasis on understanding customer emotions and needs, which is a focus of Feeling AI. The mention of attitudes and behavioral control further supports the emotional and relational aspects of the marketing strategies discussed.",60%,10%,30%,0%,0%
A social identity theory perspective on sustainable brand recommendation: The case of professional service providers,Stoica M.; Hickman T.M.,2023,10.69554/krlg1918,"The purpose of this study is twofold. Firstly, the paper calls attention to a unique subset of professional service providers (PSPs) who have obvious product expertise related to their profession yet are only minimally involved in the sales process. Despite this, they are considerably influential in regard to their clients’ brand decision-making process. Examples of these include veterinarians recommending a given pet food brand and dentists recommending a brand of dental floss. Secondly, since environmental sustainability is an important facet of corporate social responsibility, we considered factors that help predict PSPs’ propensity to recommend environmentally friendly brands to their clientele.The conceptual model argues that PSPs’ degree of identification with their profession, self-assessed knowledge in environmental concerns and expectation that sustainable brands will engage in eco-based marketing are all positive influences on PSPs’ likelihood to recommend sustainable brands and generate positive word of mouth. Responses from 467 veterinarians, representing this unique class of PSPs were analysed, and structural equation modelling determined that identification with the profession was a motivating factor in learning more about sustainability. In turn, self-assessed expertise in environmental issues was shown to increase the likelihood that PSPs would recommend sustainable brands. © HENRY STEWART PUBLICATIONS.",brand recommendation; corporate social responsibility; professional service provider; social identity theory; sustainability; word of mouth,Henry Stewart Publications,scopus-recommendation,0,Out of Scope,"['professional service providers', 'brand decision-making', 'environmentally friendly brands', 'sustainable brands', 'corporate social responsibility']","The abstract discusses the influence of professional service providers on brand recommendations, particularly in relation to sustainability and environmental concerns. While it touches on aspects of marketing, it primarily focuses on professional services such as veterinary care and dentistry, which are not directly related to marketing practices. Therefore, it is classified as 'Out of Scope' as it pertains more to healthcare and professional services rather than marketing applications.",0%,0%,0%,100%,0%
I'll have what she's having: (Social) Perceptions of default options and implications for marketing and decision making,Buchanan T.M.; Buchanan J.; Diedericks D.; Davis L.,2023,10.1111/ijcs.12847,"The power that default options have in shaping choice has been well established, yet relatively little is known about how decision makers experience and interpret such preselected options. Research suggests that individuals assume defaults represent a recommended course of action, yet the basis for this recommendation is unclear. Across two experimental studies, we explored consumer theories of default recommendations, examining spontaneous and experimentally manipulated perceptions of the basis of the default, and the impact on decision making across different contexts. Evidence across diverse populations and tasks shows that options were retained to a greater extent when represented as the default, consistent with classic default effects. Furthermore, a significant default effect emerged when the decision context was framed as complex. In line with research on social influence, defaults were most effective when they were presumed to reflect the most popular option (regardless of context). Interestingly, participants rated defaults as being more likely to represent the most popular option, regardless of decision context or default explanation provided to them. These findings highlight the importance of understanding the contexts in which default choices are relied upon and how those defaults are perceived by decision makers. © 2022 John Wiley & Sons Ltd.",decision making; default; nudge; perceptions; social psychology,John Wiley and Sons Inc,scopus-recommendation,2,Feeling AI,"['default options', 'decision making', 'consumer theories', 'perceptions', 'recommended course of action', 'popular option']","The abstract discusses how consumers interpret default options and the emotional implications of those interpretations in decision-making processes. It highlights the human tendency to view defaults as recommendations or popular choices, indicating an understanding of customer emotional responses and perceptions. This aligns closely with the 'Feeling AI' category, which focuses on customer understanding and emotional needs.",70%,10%,20%,0%,0%
Antecedents of intention to use electronic auctions in Jordan: Empirical study on the mediating role of users' attitudes,Almajali M.R.; Almajali D.; Majali T.; Masa’deh R.; Al-Okaily M.,2023,10.5267/j.ijdns.2023.7.024,"The present study attempted to determine the elements affecting users' opinions about using electronic auctions in Jordan. The study's target audience was Jordanian university students. We ran-domly selected 600 students from three public universities in Jordan after 600 users from each of the three universities responded to the surveys. The primary data for this study were gathered using a specially created questionnaire that was based on earlier research. SEM software (smart PLS 4.0.8.3) was employed in the evaluation of data. This study looked into the factors that led Jordanians to use electronic auctions and found four indirect significant relationships and ten direct significant relationships. First, user attitudes and independent variables (usefulness, aware-ness, ease of use, and techno trust) are directly significant antecedents of utilizing e-auctions in Jordan. The use of e-auctions is related to the independent variable in five direct and significant ways: usefulness, awareness, ease of use, digital divide, and techno trust. Thirdly, there are direct and statistically significant correlations between user attitudes and the independent variables (use-fulness, awareness, ease of use, and techno trust). Fourthly, there appears to be a clear and significant link between user attitudes and the intention to use e-auctions. Fifth, there are four mediated meaningful indirect correlations between the intention to use e-auctions and the independent var-iable. The findings of the current study are based on a number of factors that affect the demand for e-commerce in Jordan. They also include some recommendations for academics and decision-makers in e-marketing affairs. The current study also contributes in identifying challenges and suggestions that would overcome obstacles related to shopping operations through e-auctions. The factors examined in this study have been the subject of prior research. The data gathered in this study are valuable to Jordanian decision-makers and web developers, as the data can be used to create efficient policies and strategies to launch work on electronic auction platforms. © 2023 by the authors; licensee Growing Science, Canada.",Awareness; Digital divide; Perceived Ease of Use; Perceived usefulness; User Attitude,Growing Science,scopus-recommendation,1,Thinking AI,"['user attitudes', 'usefulness', 'awareness', 'ease of use', 'techno trust', 'intention to use', 'e-commerce', 'market analysis', 'strategies']","The study focuses on understanding the factors influencing user attitudes towards electronic auctions, analyzing direct and indirect relationships between variables like usefulness, awareness, and techno trust. This aligns with market analysis and targeting, as it aims to inform decision-makers in e-marketing by identifying significant relationships that can help tailor strategies for engaging users and enhancing their experience with e-auctions.",10%,15%,75%,0%,0%
Who are voice users? The contributions of decision-making conflict theory,Berriche A.; Benavent C.; Constantinides E.,2022,10.1108/JCM-04-2021-4584,"Purpose: This paper aims to categorize users of voice assistants and analyze decision-making conflicts to predict intention to adopt voice commerce (v-commerce). Design/methodology/approach: This exploratory study used expert survey-based data collection founded on data saturation. Findings: This study identifies three forms of voice systems based on senses aroused (screen first, voice only and voice first) and four profiles of voice users (passive resistant, hedonistic adopter, utilitarian adopter and active resistant), each with a different appraisal of the benefits and costs of v-commerce adoption and the experiences (positive or negative) felt during the shopping experience. This study proposes a conceptual model to predict intention to adopt v-commerce depending on voice-system and -user characteristics. Practical implications: Learning from this study can help improve the marketing strategies and actions put in place by voice-assistant brands and advertisers by providing insights for adapting product recommendation algorithms to meet the needs of the identified profiles. Originality/value: This paper provides an answer to the limits of classical approaches based on “one-size-fits-all” strategy by showing how voice-assistant users have different profiles that span a gradient of advance in technology adoption. © 2022, Emerald Publishing Limited.",Decision conflict; Digital marketing; Emotional conflict; V-commerce; Voice assistant; Voice user,Emerald Publishing,scopus-recommendation,3,Feeling AI,"['decision-making conflicts', 'user profiles', 'emotional experiences', 'shopping experience', 'intention to adopt', 'customer needs']","The abstract discusses the categorization of voice assistant users based on their emotional experiences and conflicts during the decision-making process related to voice commerce adoption. It highlights the importance of understanding different user profiles and their emotional reactions to v-commerce experiences, aligning closely with the focus on customer understanding and relationalization in the Feeling AI category.",60%,20%,20%,0%,0%
YouTube It Before You Buy It: The Role of Parasocial Interaction in Consumer-to-Consumer Video Reviews,Penttinen V.; Ciuchita R.; Čaić M.,2022,10.1177/10949968221102825,"Consumer-to-consumer (C2C) online reviews are important sources of information that help consumers decide which products and services to buy. Although C2C reviews in video format (e.g., on YouTube) have become increasingly popular, research remains focused primarily on textual reviews. This article emphasizes the importance of C2C video reviews in influencing consumer outcomes through parasocial interaction, a special—albeit one-sided—connection with reviewers. Interactivity and self-disclosure are suggested as online communication techniques reviewers can use to foster parasocial interaction with their viewers in a single encounter. Parasocial interaction is further established as a psychological mechanism that underlines the impacts of interactivity and self-disclosure on source credibility, leading to improved consumer purchase intentions. The authors also propose that strong parasocial interaction with reviewers exerts a particularly powerful influence on the purchase decisions of consumers who experience low levels of decision confidence, while arguing for the importance of C2C video reviews in guiding the decisions of various consumer groups. Research recommendations reveal how managers can encourage consumers to create and share video reviews on different platforms and offer guidance on the ways companies can foster parasocial interaction through firm-related marketing communications. © The Author(s) 2022.",C2C reviews; interactivity; parasocial interaction; self-disclosure; video reviews,SAGE Publications Ltd,scopus-recommendation,25,Feeling AI,"['C2C video reviews', 'parasocial interaction', 'self-disclosure', 'source credibility', 'consumer purchase intentions']","The abstract discusses how consumer-to-consumer video reviews foster emotional connections (parasocial interaction) between reviewers and viewers. This emotional engagement influences consumer behavior and purchase intentions, aligning with the Feeling AI category, which focuses on customer understanding and relationalization. The emphasis on consumer emotions and psychological mechanisms in the decision-making process further supports this classification.",70%,10%,20%,0%,0%
The impact of Danmu technological features on consumer loyalty intention toward recommendation vlogs: a perspective from social presence and immersion,Yang T.; Yang F.; Men J.,2022,10.1108/ITP-01-2021-0008,"Purpose: This study investigates how Danmu (danmaku) technological features (DTFs) of recommendation vlogs (rec-vlogs) impact consumer experiences and decisions. Design/methodology/approach: The authors adopt the partial least squares structural equation modeling (PLS-SEM) technique with a sample of 422 viewers of Danmu-enabled rec-vlogs to examine the proposed model. Findings: The DTFs positively affect consumer loyalty intentions through the mediation of social presence and immersion. Also, vlogger-product congruency significantly moderates the relationship between social presence and immersion. Originality/value: With the increasing popularity of vlogs, retailers have adopted the vlog as a new marketing channel to connect with consumers. Although a growing body of studies focuses on this phenomenon, little is known about how DTFs help to increase consumer loyalty toward using rec-vlogs as product information sources. Anchored on the stimulus–organism–response framework, this study investigates how pseudo-synchronicity, Danmu-content congruency and parallelism, three DTFs used in rec-vlogs, impact consumer experiences of social presence and immersion, eventually influence the consumers' loyalty intentions toward rec-vlogs. The authors also examine whether the effect of social presence on immersion is contingent on vlogger-product congruency. These findings have implications for both researchers and practitioners to understand the effect of DTFs in the context of rec-vlogs. © 2021, Emerald Publishing Limited.",Danmu technological features; Immersion; Loyalty intention; Recommendation vlog; Social presence; S–O–R framework; Vlogger-product congruency,Emerald Group Holdings Ltd.,scopus-recommendation,26,Feeling AI,"['consumer loyalty', 'social presence', 'immersion', 'vlogger-product congruency']","The abstract focuses on how Danmu technological features enhance consumer experiences in the context of recommendation vlogs, emphasizing emotional engagement through social presence and immersion. These elements are crucial for understanding customer needs and building loyalty, aligning closely with the goals of Feeling AI to understand and meet customer emotional needs.",70%,10%,20%,0%,0%
The role of social marketing in achieving the planet sustainable development goals (SDGs),Rodriguez-Sanchez C.,2023,10.1007/s12208-023-00385-3,"Changing the way citizens behave toward sustainability is essential to achieve the SDGs. Citizens can help create a more prosperous planet for future generations by making sustainable decisions and engaging in environmentally friendly behaviors. This position paper draws attention to how social marketing can encourage pro-environmental behavior conducive to achieving the environmental Sustainable Development Goals (SDGs) set by the United Nations (UN) as part of the 2030 Agenda. The paper also offers critical analysis of earlier studies employing a social marketing approach to influence participants’ behavior in favor of environmental sustainability. Recommendations for social marketing practitioners and researchers are provided. These recommendations center on two issues: how to develop and implement successful environmental social marketing programs and how to use communication more effectively. © 2023, The Author(s).",Communication; Interventions; Pro-environmental behavior; Social marketing; Sustainable development goals (SDGs),Institute for Ionics,scopus-recommendation,12,Feeling AI,"['sustainability', 'pro-environmental behavior', 'social marketing', 'engagement', 'communication']","The abstract discusses how social marketing can be used to influence pro-environmental behaviors, which aligns with the focus on customer understanding and the emotional aspects of driving sustainable actions. The recommendations to effectively communicate and engage with citizens also highlight the need to understand emotional preferences and reactions, which is a key aspect of Feeling AI.",70%,10%,20%,0%,0%
Market access for medicines treating rare diseases: Association between specialised processes for orphan medicines and funding recommendations,Fontrier A.-M.,2022,10.1016/j.socscimed.2022.115119,"Access to medicines treating rare diseases (‘orphan medicines’) has proven challenging due to high prices and clinical uncertainty. To optimise market access to these medicines, some healthcare systems are implementing specialised pathways and/or processes during marketing authorisation (MA) and/or health technology assessment (HTA). Comparing one setting where these medicines are classed as “orphan” (Scotland) to another where they considered “non-orphan” (Canada), this study aims to explore whether the presence of specialised pathways and processes at MA and HTA levels is associated with more favourable funding recommendations and faster time to market access. A matched sample of 116 medicine-indication pairs with MA approval from 2001 to 2019 in Europe and Canada was identified, and publicly available sources were used for data extraction. Descriptive statistics were used for data analysis. All medicines were commercially marketed in both countries, except one instance in Scotland. In Scotland, more orphan medicines (68.1%) had a favourable HTA recommendation than in Canada (60.4%), while Canada issued more negative HTA recommendations (20.7%) than Scotland (15.5%). Low levels of agreement on HTA recommendations and the main reasons driving recommendations were found between settings. In both countries, medicines with specialised MA approval were less likely to receive negative HTA recommendations than medicines with standard MA. Time to market access was faster in Canada than Scotland, though medicines with specialised MA approval had slower timelines than medicines with standard MA approval in both countries. However, it is unclear whether the presence of orphan designation and HTA specialised processes alone could result in favourable funding recommendations without accounting for other healthcare system-related factors and differences in the decision-making processes across settings. Holistic approaches and better alignment of evidentiary requirements across regulators are needed to optimise access to orphan medicines. © 2022",Access; Health technology assessment; HTA; Marketing authorisation; Orphan medicines; Rare diseases; Specialised pathways; Specialised processes,Elsevier Ltd,scopus-recommendation,6,Out of Scope,"['orphan medicines', 'health technology assessment', 'market access', 'funding recommendations']","The abstract discusses the challenges of accessing orphan medicines in healthcare systems, focusing on regulatory processes rather than marketing applications. It examines the market access and funding recommendations for medicines but does not relate to marketing strategies or customer-related data analysis typically associated with the defined AI categories.",0%,0%,0%,100%,0%
Exploring crucial social media marketing factors for improving customer satisfaction and customer loyalty in bed and breakfast sectors in Taiwan,Nalluri V.; Yang K.-F.; Chen L.-S.; Yang T.-Y.K.,2023,10.1108/IJTC-10-2022-0230,"Purpose: The Bed and Breakfast (B&B) enterprises generally lack sufficient human resources and time to conduct research on important social media marketing factors for visitors’ satisfaction and visitors’ intentions. Therefore, this study aims to provide crucial social media marketing and factors and service quality elements for improving customer satisfaction and customer loyalty in B&B sectors. This study also provides some recommendations for attracting more visitors and increasing customer satisfaction and customer loyalty through social media. Design/methodology/approach: First, social media marketing factors and service quality elements were identified through the systematic literature review. Then these identified factors and elements were used to design a survey questionnaire for collecting data. The research data included responses of 64 B&B enterprises and 625 customers. The collected data was analyzed by feature selection approaches including Decision Tree algorithm and Information Gain to identify the key factors for improving customer satisfaction and customer loyalty. Findings: The findings of this study determined that featured choice is an important social media marketing factor, and assurance is the common service quality element for both B&B enterprises and their customers in terms of satisfaction and loyalty. Originality/value: This study adds a value to the growing literature on customer satisfaction and loyalty in B&B sectors by exploring key social media marketing factors and service quality elements. The study reveals several implications for theories and practices. The findings hopefully help B&B enterprises better social media marketing with less workforce and budget. © 2023, Emerald Publishing Limited.",B&B enterprises and customers perspectives; Bed and breakfast sectors; Feature selection; Service quality elements; Social media marketing,Emerald Publishing,scopus-recommendation,6,Feeling AI,"['customer satisfaction', 'customer loyalty', 'social media marketing', 'service quality']","The abstract discusses the importance of social media marketing factors and service quality elements in improving customer satisfaction and loyalty within the B&B sector. This focus on understanding customer needs and enhancing their experience aligns with the objectives of Feeling AI, which centers around customer understanding and relationalization. The study aims to identify emotional and relational factors that can enhance customer engagement, which is a key aspect of Feeling AI. Additionally, it implies tailoring communications and strategies based on customer preferences and emotional responses.",70%,10%,20%,0%,0%
Experiential Marketing as a Mechanism to Deliver Value for Mobile Network Operators,Yiadom M.B.; Tait M.,2022,10.31920/1750-4562/2022/V17N3A5,"Experiential marketing is being considered by researchers and marketers as an alternative solution to traditional marketing for achieving the best results for organisational lifetime value. However, network operators are preoccupied with traditional marketing programmes and strategies, which have produced limited results (value). This study sought to utilise experiential marketing as a tool to create value for mobile network operators, as well as provide recommendations to avoid future gaps. This study utilised a positivistic paradigm and a quantitative approach through a self-administered, structured hard copy questionnaire for data collection. Stratification and convenience sampling techniques were used to select participants from each of the regional offices of the network operators in Ghana. The database of the national communication authority (NCA) of Ghana was accessed to identify the number of registered operators and the associated subscribed customers in the country. A total of 415 customers responded to the survey. The study concluded that experiential marketing had a positive and sustainable influence on value (business value). It is envisaged that this study could assist network operators and other businesses to create value by understanding the factors influencing experiential marketing, thereby assisting in the formulation of effective and efficient strategies and decisions. Furthermore, this study offers practical recommendations that could strengthen businesses when establishing experiential marketing programmes. Additionally, this study enhances the body of knowledge regarding experiential marketing and value creation in the context of mobile network operators. © 2022 Adonis and Abbey Publishers Ltd. All rights reserved.",Experiential Marketing; Experiential Mix; Ghana; Mnos; Mobile Mix; Mobile Network Operators; Value,Adonis and Abbey Publishers Ltd,scopus-recommendation,0,Feeling AI,"['experiential marketing', 'customer needs', 'value creation', 'customer engagement']","The abstract focuses on the use of experiential marketing to create value for mobile network operators by understanding customer needs and preferences. It emphasizes emotional and experiential aspects of marketing, aligning well with the Feeling AI category, which focuses on customer understanding and relationalization. The study's recommendations for businesses to enhance their strategies based on customer insights further support this classification.",70%,10%,20%,0%,0%
Consumer logics and the relational performance of selling high-risk goods: the case of elective cosmetic surgery,Au A.,2023,10.1108/IJSSP-07-2022-0180,"Purpose: This article investigates how medical specialists as professionals and elective cosmetic surgery tourists as consumers relationally negotiate decisions within the cosmetic surgery clinic. Drawing on a Goffmanian approach, this article explores the processual social structures that shape consumer logics in the clinic as a social space and as a type of professional institution. Design/methodology/approach: This article is based on ethnographic fieldwork in cosmetic surgery clinics in South Korea. Findings: This article identifies two genres of professional strategies (spatial arrangements and dramaturgical performances) that are leveraged by medical specialists to assert control over and persuade consumers to purchase cosmetic surgery. Research limitations/implications: The valorization of surgery captured in this article suggests that surgical modifications may serve as another vehicle for entrenching class inequality between those able and those unable to afford surgery. Practical implications: This article offers recommendations for future policymaking in terms of the regulatory oversight of the consumer profiles eligible for surgery and the marketing practices of clinics. Originality/value: This article offers a micro-level account of how the high-risk good of cosmetic surgery is sold by medical specialists in charismatic and affective bids to enhance their legitimacy, authority and trust. © 2022, Emerald Publishing Limited.",Clinics; Economic sociology; Ethnography; Professions and organizations; South Korea,Emerald Publishing,scopus-recommendation,1,Out of Scope,"['cosmetic surgery', 'medical specialists', 'consumer logics', 'class inequality', 'regulatory oversight']","The abstract focuses on the dynamics of decision-making in cosmetic surgery clinics, examining the interactions between medical professionals and consumers within a healthcare context. The findings relate to the regulation of cosmetic surgery practices and the implications for class inequality, which are not directly related to marketing strategies or AI applications in the marketing domain. Therefore, it is classified as 'Out of Scope'.",0%,0%,0%,100%,0%
How does electronic word of mouth on Instagram affect travel behaviour in Indonesia: A perspective of the information adoption model,Silaban P.H.; Chen W.-K.; Sormin S.; B. P. Panjaitan Y.N.; Silalahi A.D.K.,2023,10.1080/23311886.2022.2163525,"Today, electronic word-of-mouth (eWOM) is considered one of tourism businesses’ most effective forms of communication. Using eWOM on social media as an alternative decision aid can benefit consumers. This study examines the information adoption model to determine how consumers adopt eWOM on Instagram, and the subsequent influence on their travel behaviour. This study identifies the need for information as a predictor of information usefulness, converted to adoption and visit intentions. To test the research hypotheses, 263 respondents who had visited destinations based on eWOM recommendations on Instagram participated in the experiment. The data were analysed using a structural equation modelling approach using Smart-PLS 3.0. The findings indicate that the need for information is the most significant factor affecting the usefulness of the information. Furthermore, source credibility and argument quality are critical factors in enhancing the information’s usefulness. Thus, this study has significantly contributed to the theory by adding the need of information to predict visit intentions in the IAM model. Consumers are more likely to adopt high-quality information and convert it into a visit intention. This study provides practical guidelines for tourism managers who wish to utilise social media platforms (e.g., Instagram) as marketing communication tools to encourage eWOM about their destinations. © 2023 The Author(s). This open access article is distributed under a Creative Commons Attribution (CC-BY) 4.0 license.",consumer behaviour; electronic word of mouth; information adoption model; Instagram; internet/digital marketing/e-marketing; marketing communications; need for information; travel behaviour; visit intention,Cogent OA,scopus-recommendation,10,Feeling AI,"['eWOM', 'information adoption', 'source credibility', 'argument quality', 'travel behaviour', 'customer needs']","The abstract discusses how consumers adopt electronic word-of-mouth (eWOM) on social media, emphasizing the importance of the need for information, source credibility, and argument quality. These aspects relate to understanding customer needs and preferences, which aligns with the 'Customer understanding' focus of Feeling AI. The findings suggest that emotional and qualitative aspects of information significantly influence consumer behavior, highlighting the importance of meeting emotional needs in marketing strategies.",70%,0%,30%,0%,0%
AN AGENT-BASED MODEL OF CONSUMER CHOICE. AN EVALUATION OF THE STRATEGY OF PRICING AND ADVERTISING,Kot M.,2022,10.37190/ord220104,"The authors develop an agent-based model of the market where firms and consumers exchange products. Consumers in the model are heterogeneous in terms of features, such as risk-aversion or owned assets, which impact their individual decisions. Consumers constantly learn about products' features through personal experience, word-of-mouth, or advertising, update their expectations and share their opinions with others. From the supply-side of the model, firms can influence consumers with two marketing tools: advertising and pricing policy. Series of experiments have been conducted with the model to investigate the relationship between advertising and pricing and to understand the underlying mechanism. Marketing strategies have been evaluated in terms of generated profit and recommendations have been formulated. © 2022 Published by Scientific Scholar on behalf of Journal of Clinical Imaging Science",agent-based model; consumer choice; learning consumers,Wroclaw University of Science and Technology,scopus-recommendation,0,Thinking AI,"['agent-based model', 'market', 'firms', 'consumers', 'advertising', 'pricing policy', 'experiments', 'profit', 'marketing strategies']","The abstract describes an agent-based model focusing on the interactions between firms and consumers, emphasizing the analysis of marketing strategies through experiments. This aligns with the 'Thinking AI' category, particularly in market analysis and understanding the relationship between advertising and pricing strategies to generate profit. The consumers' learning process and firms' influence through marketing tools further suggest a focus on strategic analysis rather than mere data collection or emotional understanding.",0%,0%,100%,0%,0%
Marketing or methodology? Exposing the fallacies of PLS with simple demonstrations,Rönkkö M.; Lee N.; Evermann J.; McIntosh C.; Antonakis J.,2023,10.1108/EJM-02-2021-0099,"Purpose: Over the past 20 years, partial least squares (PLS) has become a popular method in marketing research. At the same time, several methodological studies have demonstrated problems with the technique but have had little impact on its use in marketing research practice. This study aims to present some of these criticisms in a reader-friendly way for non-methodologists. Design/methodology/approach: Key critiques of PLS are summarized and demonstrated using existing data sets in easily replicated ways. Recommendations are made for assessing whether PLS is a useful method for a given research problem. Findings: PLS is fundamentally just a way of constructing scale scores for regression. PLS provides no clear benefits for marketing researchers and has disadvantages that are features of the original design and cannot be solved within the PLS framework itself. Unweighted sums of item scores provide a more robust way of creating scale scores. Research limitations/implications: The findings strongly suggest that researchers abandon the use of PLS in typical marketing studies. Practical implications: This paper provides concrete examples and techniques to practicing marketing and social science researchers regarding how to incorporate composites into their work, and how to make decisions regarding such. Originality/value: This work presents a novel perspective on PLS critiques by showing how researchers can use their own data to assess whether PLS (or another composite method) can provide any advantage over simple sum scores. A composite equivalence index is introduced for this purpose. © 2022, Mikko Rönkkö, Nick Lee, Joerg Evermann, Cameron McIntosh and John Antonakis.",Composites; Measurement; Model testing; Partial least squares; Structural equation models; Theory testing,Emerald Publishing,scopus-recommendation,17,Not Identified,"['partial least squares', 'marketing research', 'scale scores', 'regression', 'composites', 'research problem']","The abstract discusses the methodological critiques of partial least squares (PLS) in marketing research and does not directly relate to any of the specified categories such as Mechanical AI, Thinking AI, or Feeling AI. It focuses on the evaluation and recommendations for a statistical method, rather than marketing strategies or AI applications.",0%,0%,0%,0%,100%
Esports in Emerging Markets: A Balanced Scorecard Approach to LAN Gaming Centers in Iran,Abdolmaleki H.; Pizzo A.D.; Baker B.J.; Mahmoudi A.; Ghahfarokhi E.A.,2023,10.1080/24704067.2023.2261444,"Esports, competitive video gaming competitions, are becoming increasingly popular worldwide, with their growth in emerging markets contingent on local area network (LAN) gaming centers. LAN gaming centers are integral in emerging economies as they provide access to gaming technology and infrastructure that may be otherwise unavailable. Given their importance, the purpose of our study is to identify characteristics relevant to LAN gaming center operations within the context of an emerging market. We conducted a two-phase, multimethod analysis of LAN gaming centers in Iran, an emerging yet dynamic market. In the first phase, we used a balanced scorecard (BSC) approach to identify business factors salient to LAN gaming center operations. In the second phase, we collected data from LAN gaming center consumers (N = 330) to rank the factors by importance using a multi attribute decision-making (MADM) model. We found that business factors relevant to LAN gaming centers operations include: offering a variety of services, providing attractive and modern facilities, employing sports marketing methods, monitoring competition, and developing multiple streams of revenue. via the BSC, our research offers strategic recommendations for LAN gaming centers. LAN gaming centers provide access to modern gaming technology and help consumers overcome technological limitations by providing a physical space for esports. LAN gaming centers help create a sense of community and social connection for players and fans alike and facilitate how consumers in emerging markets connect with the global esports community. © 2023 Global Alliance of Marketing & Management Associations (GAMMA).",balanced scorecard; emerging markets; Esports; Fuzzy Delphi; strategy,Routledge,scopus-recommendation,1,Thinking AI,"['market analysis', 'competitive advantages', 'business factors', 'consumer preferences', 'strategic recommendations']","The abstract discusses the analysis of LAN gaming centers in an emerging market, focusing on identifying relevant business factors that influence operations and consumer preferences. The use of a balanced scorecard (BSC) approach and a multi-attribute decision-making (MADM) model aligns closely with market analysis and competitive advantage identification, which are key aspects of Thinking AI. The emphasis on strategic recommendations for improving LAN gaming centers also supports this classification.",20%,10%,70%,0%,0%
Sustainability process innovations resulting in new value-added byproducts: principal lessons from second-order system-dynamics engineering (SOSDE),Shamsuddoha M.; Woodside A.G.,2023,10.1108/JBIM-05-2022-0193,"Purpose: Second-order system-dynamics engineering (SOSDE) involves constructing and running enterprise manufacturing simulation models with new proposals for operational processes, byproducts, supply chain and/or downstream marketing designs. This paper aims to describe sustainability the principal lessons from enacting SOSDE research for achieving goals in large manufacturing firms. Design/methodology/approach: This study is a case research commentary in the agricultural industry that contributes abductively derives six principal lessons from SOSDE research on introducing sustainability-focused manufacturing and product innovations. Operational processes in large-scale poultry processing plants in an emerging market represent the specific industry and firm domain of this case study. Alternative SOSDE simulation models of decisions, materials flow and outcomes with versus without operational innovations were constructed following one-to-one interviews with experienced farm managers and entrepreneurs. Findings: The principles demonstrate how large farms in a developing nation (i.e. Bangladesh) go about adopting radically innovative manufacturing, supply chain and marketing operations to improve traditional operations. This study confirms and expands on the general observation that SOSDE can help achieve sustainability and environmental, social and governance goals, contribute new value outcomes by converting unused production wastes into valuable byproducts and introduce design efficiencies in production, supply chain and marketing processes. SOSDE complements, while being a revolutionary departure from, “six sigma management programs” that focus on achieving exceptional and near mistake-free manufacturing operations. Both represent distinct philosophies and sets of actions that sometimes can conflict with one another. Embracing both successfully in the same enterprise is a goal that may appear unreachable, seemingly impossible to achieve and yet represents a manufacturing/marketing epitome that is observable in exceptional enterprises. Research limitations/implications: This paper may generate controversy as well as advance interest in applying SOSDE in introductions of improved manufacturing, supply chain and marketing operations aiming to accomplish radical improvements in sustainability goals. Practical implications: This commentary describes how using SOSDE and running alternative production simulations with versus without including superior, radically new, process innovations enable the firm to find and eliminate glitches in system changes and reduce the fear associating with breakdowns and financial losses due to inadequate knowledge of operating new industrial procedures and outcomes. Social implications: Introductions of superior radically new innovations in industrial manufacturing and marketing via SOSDE frequently include manufacturing firms embracing new environment sustainability objectives and additional marketable byproducts from the firm's main productions lines. This commentary offers details on how this process is enacted in poultry manufacturing in an economically emerging nation. Originality/value: Running simulations in SOSDE research offers a low-cost, fast and in-depth method to test “what-if” impacts of enhanced and radical innovations into product/service manufacturing operations – benefits supporting the recommendation to apply systems dynamics in business and industrial marketing. © 2023, Emerald Publishing Limited.",Radical innovation; SOSDE; Supply chain; Sustainability; System dynamics,Emerald Publishing,scopus-recommendation,3,Out of Scope,"['sustainability', 'manufacturing', 'supply chain', 'marketing operations', 'system dynamics']","The abstract primarily discusses the application of second-order system-dynamics engineering (SOSDE) in improving manufacturing processes, supply chain management, and sustainability efforts within large agricultural firms. While it touches upon operational innovations and the potential for marketable byproducts, it does not specifically address marketing strategies, customer interactions, or emotional engagement typical of the AI marketing categories. Therefore, it is classified as 'Out of Scope' since the focus is on manufacturing and operational processes rather than direct marketing applications.",0%,0%,0%,100%,0%
The Impact of the Use of Augmented Reality on Online Purchasing Behavior Sustainability: The Saudi Consumer as a Model,AL Hilal N.S.H.,2023,10.3390/su15065448,"This study aimed to examine the impact of augmented reality (AR) on the purchasing behavior of Saudi customers using analytic–descriptive methods and data from a snowball sample of 812 online buyers. Positive correlations were found between AR factors (hermeneutic, embodiment, and background) and dimensions (quality, fun, and creativity) and the purchase experience. Young women aged 17–26 mainly use AR for buying clothes and accessories, and the majority of the sample shops are available locally through mobile apps. The findings indicate that AR has a significant influence on buying decisions and suggest its potential use in marketing communications. The results also reveal that gender, social status, education level, and monthly income have an impact on participants’ responses to AR, with women and those who are married having more favorable views. Clothing and accessories were found to be the most frequently purchased products through AR. There were no significant differences based on age or the number of family members. Participants reported positively about their AR experience, and their concerns and anxiety did not affect their purchasing experience. Based on the main study’s results, a number of recommendations can be made: Saudi businesses need to use AR in their marketing communication strategies to meet consumer needs and trends. To maximize the benefits of brand awareness, they should use AR techniques and adopt this technology for products that depend on design in their production. When using AR in general and in light of the theories that have been studied, it is important to think about the cultural traits and dimensions of Saudi consumers and conduct further exploratory research before implementation. © 2023 by the author.",advertising; augmented reality (AR); marketing communications; online buying; purchasing decisions,Multidisciplinary Digital Publishing Institute (MDPI),scopus-recommendation,9,Feeling AI,"['augmented reality', 'purchasing behavior', 'customer experience', 'gender', 'social status', 'education level', 'monthly income', 'emotional needs', 'cultural traits']","The study examines the influence of augmented reality (AR) on the purchasing behavior of Saudi customers, focusing on customer experiences, emotional responses, and the social factors affecting their views on AR. The positive correlation between AR factors and dimensions of the purchasing experience indicates an understanding of customer emotional needs and preferences. Recommendations for businesses to incorporate AR into marketing strategies also suggest a focus on relationalization and personalized experiences, aligning closely with the principles of Feeling AI.",60%,10%,30%,0%,0%
MANAGING CUSTOMER SATISFACTION WITH METROPOLITAN PUBLIC TRANSPORT SERVICES BASED ON PERCEIVED QUALITY ASSESSMENTS,Timokhina G.; Mkhitaryan S.; Skorobogatykh I.; Ivashkova N.; Shirochenskaya I.,2022,10.15549/jeecar.v9i3.789,"The purpose of this research is to study consumer satisfaction with the perceived quality of ground public transport (GPT) services in the Moscow metropolitan area. The methodology used includes identification of the quality attributes of GPT services relevant to consumers which affect consumer satisfaction, the choice of alternative transport modes, and the competitiveness of GPT services. Study reliability is ensured by a representative sample which included the results of an online survey of 1517 respondents, cluster analysis and the employment of the CHAID decision tree method. The authors formulated and confirmed 4 hypotheses. Thirty-two attributes influencing consumer satisfaction with GPT services were obtained; clusters with different degrees of satisfaction were identified; and attributes of perceived quality which are important for consumers when choosing transportation modes were revealed. Recommendations for marketing and management solutions to improve the competitiveness of urban GPT services in relation to substitutes in order to increase the mobility of the population and reduce the environmental pollution of the metropolis were proposed. © 2022, Institute of Eastern Europe and Central Asia. All rights reserved.",attributes of service quality; Ground Public Transport (GPT); marketing solutions; metropolis; passenger’s satisfaction,Institute of Eastern Europe and Central Asia,scopus-recommendation,0,Thinking AI,"['consumer satisfaction', 'quality attributes', 'competitiveness', 'market analysis', 'transportation modes']","The abstract focuses on analyzing consumer satisfaction with ground public transport services and identifying quality attributes that influence this satisfaction. The methodology includes market analysis techniques such as cluster analysis and CHAID decision trees, which align with the goals of identifying competitors and competitive advantages. Additionally, the recommendations for marketing and management solutions to improve competitiveness suggest a strategic analysis approach. Therefore, the content fits best within the Thinking AI category.",15%,10%,65%,0%,10%
Cashless economy – the nexus of COVID-19 and E-wallet usage intentions: a multi-group analysis between formal and informal sector workers in Ghana,Amankwa E.; Amissah G.; Okoampa-Larbi R.,2023,10.1108/JSTPM-09-2021-0137,"Purpose: The purpose of this study is to offer a conceptual model that bridges gaps in the current research by combining constructs from the health belief model (HBM) and theory of planned behaviour (TPB). Furthermore, the researchers applied the constructed model to analyse the determinants of workers’ intentions to use e-wallet payment options for business transactions rather than physical currency during the ongoing COVID-19 pandemic. Finally, the paper examines whether there are any significant variations in the usage intentions of Ghanaian workers in the formal and informal sectors. Design/methodology/approach: The non-probability convenience sampling technique was used to compile the primary respondents among Ghanaian users of e-wallets. Based on constructs derived from the HBM and TPB, an online survey involving the use of a questionnaire was administered to collect quantitative data from 285 formal and informal sector workers in Ghana. Data collected was analysed using the partial least squares-structural equation modelling approach involving the measurement, structural model tests, hypothesis tests and multi-group analysis (MGA) tests. Findings: This study reveals that workers’ attitudes, subjective norms and perceived susceptibility as the main determinants of intentions to use e-wallets, as the analysis of data lends support to hypotheses involving these constructs. Perceived behavioural control was however not supported by the data analysis as a determinant of workers’ intention. Finally, there were no significant differences between e-wallet usage intentions of formal and informal sector workers in Ghana. Research limitations/implications: Given the ongoing pandemic, the study recommends that governments of emerging economies should formulate policies that promote the use of e-wallets, to reduce the spread of COVID-19 and at the same time contribute to the quest for a cashless economy. However, the results of the study are only based on data collected from workers in Ghana. Therefore, practitioners should apply the recommendations with discretion and make modifications where necessary. The results of the study also provide evidence from the context of a developing country that can support future academic pursuits. Practical implications: This study provides evidence that influences practitioners’ decisions and practices regarding the design and implementation of e-wallet services and innovations among workers in the formal and informal sectors of the economy. Originality/value: This study provides useful business insights to user acquisition managers, marketing managers and business development managers during the formulation of policies, strategies and approaches for their mobile wallet subscriber base. Moreover, to the best of the authors’ knowledge, this study is one of the first to apply the constructs of the HBM (mainly applied in health research) to the study of workers’ intentions to use e-wallets. It, therefore, makes a significant contribution to the existing literature by examining the combined effects of the constructs of the HBM and the TPB on workers’ intention to use e-wallets. © 2023, Emerald Publishing Limited.",Attitude; Cashless economy; COVID-19; E-wallet; Intentions; Mobile money; Perceived severity; Perceived susceptibility; Subjective norm; Theory of planned behaviour,Emerald Publishing,scopus-recommendation,3,Thinking AI,"['intentions', 'determinants', 'e-wallets', 'workers', 'COVID-19', 'policies', 'strategies']","The abstract discusses the analysis of workers' intentions to use e-wallets, which is a strategic analysis of market behavior influenced by various factors such as attitudes and social norms. It examines the implications for practitioners in terms of formulating strategies and policies, aligning with the focus on market analysis and targeting. The application of health belief model (HBM) and theory of planned behaviour (TPB) indicates a deeper analytical approach rather than just data collection or emotional understanding.",0%,0%,100%,0%,0%
Financial Literacy of Customers of the Selected Slovak Bank as a Basis for Managerial Decision-Making,Kicova E.; Ponisciakova O.; Rosnerova Z.,2023,10.2478/jec-2023-0008,"Research purpose. The main goal of the article is to determine the current level of financial literacy among clients of the selected bank in Slovakia. This finding will be compared with the average level in the country. In the survey, we focused on determining their financial literacy level. Currently, a lot of attention is paid to the issue of financial literacy. In connection with financial literacy, a lot is said about education. Therefore, in the paper, we focused on finding out the relationship between financial literacy and the level of education as such. We also compared the financial literacy of the survey sample with the overall financial literacy in Slovakia. Design / Methodology / Approach. For the purposes of this article, an anonymous online questionnaire survey focused on the financial literacy of customers of the selected bank was conducted. By analysing theoretical knowledge and existing surveys, we established hypotheses, which we subsequently verified statistically. When analysing theoretical knowledge and surveys in the Slovak Republic, we found that there is a large number of surveys focused on financial literacy. The output and support of each of them are primarily focused on increasing financial literacy through education. We, therefore, assumed, given that financial literacy has been in the curriculum of primary and secondary schools for several years, that financial literacy is related to the availability of goods. We also assumed that financial literacy in the Slovak Republic is increasing. To verify the hypothesis, we used two statistical methods - the Chi-Square test and the Mean Congruence Test. The reason for choosing customers of a specific bank for the purposes of our survey was the number of respondents' answers. We managed to collect the most answers for the bank mentioned. Findings. Through the selected statistical method, we found that in our survey, the number of correct answers is not affected by the level of education. It was also interesting to find that the level of financial literacy of the selected region in 2022 is not higher than the overall level of financial literacy of the Slovak Republic determined on the basis of a survey from 2012. Originality / Value / Practical implications. The proposals and recommendations that emerged from the survey relate to increasing the financial literacy of customers of the selected bank. We focused our recommendations on education and conducting surveys, both for customers and for the bank's management. The bank can use these recommendations as a basis for managerial decisions. It is necessary to increase the financial literacy of customers. It is also necessary to support the field of marketing, especially communication with customers. It is only up to the management of the bank to decide which customers it will have and how it will retain or expand them.  © 2023 Eva Kicova et al.",Customer; Financial literacy; Management; Managerial decision-making,Sciendo,scopus-recommendation,0,Out of Scope,"['financial literacy', 'education', 'bank management', 'customer survey']","The abstract discusses financial literacy among bank clients in Slovakia, focusing on survey results and educational implications rather than marketing strategies or customer engagement tactics that would fall under the specified AI categories. The content primarily pertains to financial education and analysis rather than AI applications in marketing.",0%,0%,0%,100%,0%
"The application of an innovative model to measure university brand image. Differences between English, Spanish and Portuguese undergraduate students",Alcaide-Pulido P.; O’Sullivan H.; Chapleo C.,2024,10.1080/08841241.2021.1977450,"Research on the role brand image plays in higher education (HE) suggests that it is crucial to understand students’ perceptions of their university. This study builds on existing empirical work by Alcaide-Pulido, Alves, and Gutierrez-Villar (2017) exploring themes of national and international recognition, economic value, university campus facilities, and external communications and values. It employs a structural equation modelling approach with Partial Least Squares (PLS) and Decision Trees Analysis through a sample of 624 undergraduate students from England, Spain, and Portugal. The findings highlight areas of commonality as well as differences between the different cultures and nationalities examined as part of the study. They show areas that brand managers from each country should concentrate on, making recommendations that could help to shape the marketing direction of universities in each of the nations included in the research. The English and Portuguese should prioritise communication to students through their institutional website, whereas Spaniards should attend to ethical values and social responsibility. Economic value is an aspect that Spanish and English universities should focus on. Spaniards and English agree that campus facilities are important, whereas class size is key for Portuguese. Finally, Portuguese students’ highly value the national recognition of their university. © 2021 Informa UK Limited, trading as Taylor & Francis Group.",Brand image; cross-cultural framework; decision trees; Higher Education; PLS multigroup analysis; quantitative analysis,Routledge,scopus-recommendation,9,Thinking AI,"['brand image', 'student perceptions', 'market direction', 'cultural differences', 'communication', 'economic value']","The abstract focuses on understanding students' perceptions of their university brand image and identifies specific marketing recommendations for universities based on cultural differences. This aligns with the 'Market analysis' and 'Targeting' aspects of Thinking AI. The findings suggest strategic directions for university marketing, indicating a strong emphasis on analysis and targeting customer needs rather than on automation or emotional engagement.",10%,15%,65%,0%,10%
The effect of marketing deception on consumer purchasing decisions-an analytical study of the opinions of a sample of baghdad university students,Al-Heali A.N.,2020,,"The study aims to discover the effect of marketing deception practised by mobile phone companies in after-sales services, whether they are providing guarantee services, after-sales service price, promotion or distribution regarding the decision for consumer purchase. A descriptive analytical method has been selected. Data was collected through a questionnaire that was distributed electronically to random individual samples, represented by graduate students in both the Institute of Genetic Engineering and Biotechnology for Post-graduate studies and the Higher Institute for Financial and Accounting Studies / University of Baghdad. The sample size consisted of (60) students while the data analysis showed that there is a correlation between marketing deception of after-sales service and consumer purchasing decision. Marketing deception related to price significantly affects consumer purchase decisions, however marketing deception in service, promotion and distribution does not significantly affect consumer sparks decision. This result is due to the nature of consumer culture, the studied sample and the extent of their understanding of the questions. Amongst the most important recommendations of the study is the necessity of working to activate the role of the Consumer Protection Association to monitor the market in the after-sales services sector by conducting awareness campaigns for consumers of their rights to enhance their ability to test the quality of services provided to them and impose penalties on marketing companies that demonstrate the practice of marketing deception in order to reduce unethical practices.  © 2020 Primrose Hall Publishing Group.",Analytical study; Consumer purchasing decision; Marketing deception,Primrose Hall Publishing Group,scopus-recommendation,1,Thinking AI,"['marketing deception', 'consumer purchasing decision', 'after-sales service', 'data analysis', 'consumer culture']","The abstract discusses the effect of marketing deception on consumer purchasing decisions, indicating a focus on market analysis and understanding consumer behavior. It employs data analysis to uncover correlations between marketing practices and consumer choices, aligning well with the Thinking AI category, which emphasizes market analysis and targeting strategies. The mention of the Consumer Protection Association also suggests a strategic approach to improve market practices, further supporting this classification.",10%,5%,75%,0%,10%
Role of packaging in consumer buying behavior,Alhamdi F.M.,2020,10.5267/j.msl.2019.11.040,"Every year about 95% of new products fail for a simple reason that most customers do not have the time or energy to think about the advantages or disadvantages of the products they place in their shopping carts, so they rely on shortcuts to make a purchase decision such as quality, beauty and excellence of product packaging. Packaging becomes part and parcel of our contemporary life especially in the continuous development for the conception of marketing. It becomes one of the basic dimensions for the concept of production because it plays big role to emphasize the mental image of the product on the consumer’s side. The importance of packaging leads several of marketing thinkers to consider it as enclosed marketing mix elements and one of corner stone in which goods depend on its success process. Therefore, the current study aims to study the concept and the importance of packaging and its role in attracting the consumer’s attention, and to determine the difficulties that the companies undergo in the field of packaging. The study depends on assembling the primary data on questionnaire designed especially for this purpose, and distributed to 600 consumers in Riyadh city. In addition to that secondary data is collected from resources related to the study subject. Simple statistical analysis is used to analyze the data. The results of research confirm the big role for the packaging in consumer attraction in study sample with all dimensions (design, color, size, and shape). The most important recommendation of the study is that to adopt a clear policy for packing in industrial organizations that cope with high technological development and the fast changing in consumer's tastes. It must be taken into the consideration the modern marketing orientations in product's packaging including the green marketing that depends on using material that has a little environmental effect at packaging process compared with traditional methods. © 2020 by the authors.",Consumer attention; Cover color; Cover design; Packaging,Growing Science,scopus-recommendation,14,Feeling AI,"['packaging', 'consumer attraction', 'customer understanding', 'emotional preferences', 'modern marketing orientations']","The abstract emphasizes the role of packaging in attracting consumer attention and shaping their perceptions, which aligns with the focus on customer understanding and emotional needs within the Feeling AI category. It discusses how packaging influences consumer decisions and highlights the importance of adapting to consumer tastes and preferences, suggesting a relational approach to marketing. The mention of 'green marketing' also indicates a sensitivity to consumer values and emotions, further supporting the classification.",60%,10%,30%,0%,0%
"Insights for a post-Brexit era: marketing the UK as a study destination–an analysis of Arab, Chinese, and Indian student choices",McLeay F.; Lichy J.; Asaad F.,2020,10.1080/0965254X.2018.1500625,"Britain’s scheduled exit from the European Union (‘Brexit’) has long-term ramifications for strategic marketing. Faced with new challenges and uncertainty, UK universities are increasingly looking beyond EU borders to recruit international students. In this context, we draw upon country-of-origin theory to categorise the factors that influence non-EU international student decisions to select an overseas study destination and institution. Based on the results of a survey with 317 Arab, Chinese, and Indian students attending UK universities, we identify eight factors that influence international student decisions to study in the UK (social safety, education quality, entry obstacles, environment, recommendations, knowledge of host country, work and immigration, and meeting new cultures). The results address gaps in the literature, offering new insights that will help practitioners and academics to better understand how international students select a country and university as a study location. © 2018, © 2018 Informa UK Limited, trading as Taylor & Francis Group.",country-of-origin; international student recruitment; International university selection,Routledge,scopus-recommendation,6,Thinking AI,"['international students', 'study destination', 'factors', 'education quality', 'work and immigration', 'social safety']","The abstract discusses the factors influencing non-EU international students' decisions to choose the UK as a study destination. This aligns with market analysis and targeting within the Thinking AI category, as it involves understanding competitive advantages and student preferences when selecting a university. The focus is on analyzing various factors that impact decision-making, which is a core aspect of market analysis.",0%,0%,100%,0%,0%
Report of the 2018-2019 student affairs standing committee,"Schoelles-Williams J.; English D.E., II; Godwin D.A.; Hammond L.; Mason H.L.; Petrelli H.M.W.; Roni M.; Sousa K.M.; Van Amburgh J.A.; Ross L.J.",2019,10.5688/ajpe7656,"The 2018-2019 Student Affairs Standing Committee addressed charges related to examining the institutional leadership models and professional development needs of faculty and staff to optimize achievement of Strategic Priority #1 on the applicant pipeline. The report provides five recommendations to AACP and twelve suggestions for colleges and schools of pharmacy. The committee focused on the need to develop tailored leadership training and mentoring programs for admissions personnel on relevant topics, including change management, holistic thinking, leadership, problem solving, technical knowledge, professional development, paths for promotion, conflict resolution, networking, persuasive communication, and strategic planning. Rather than develop new resources, the committee identified existing professional competencies and assessment resources developed by other organizations for student affairs and admissions personnel that could spur enhanced strategic marketing and professional development opportunities in pharmacy education. It also reaffirmed the need for student diversity and the use of data to drive strategic decisions in recruitment. To identify gaps in knowledge among AACP member institutions, the committee analyzed the results of its fall 2018 survey on the current depth and breadth of student recruitment activities and their perceived effectiveness. The committee also recommended ways institutions can encourage faculty and others outside of the admissions office to participate in student recruitment activities. Finally, the committee concluded that it will be necessary for colleges and schools to collaborate across the academy to promote the benefits of pharmacy profession to prospective students, rather than individual colleges and schools of pharmacy, and be more responsive to the expectations of Gen Z students before the tide in applications will shift in a positive direction. © 2019, American Association of Colleges of Pharmacy. All rights reserved.",Admissions; Leadership; Professional development; Student affairs; Student recruitment,American Association of Colleges of Pharmacy,scopus-recommendation,6,Not Identified,[],"The abstract primarily discusses organizational strategies for improving student recruitment in pharmacy education and does not provide clear links to marketing-specific AI applications or focus on emotional understanding, automated processes, or strategic analysis relevant to marketing. The content is more about institutional development and collaboration rather than marketing techniques.",0%,0%,0%,0%,100%
MARKET RESPONSE MODELS FOR SOCIAL MARKETING CAUSES,Hanssens D.M.,2020,10.1108/S1548-643520200000017010,"Market response models or marketing mix models quantify the effects of marketing actions on consumption-based outcomes such as sales and market share. They are frequently used in the business sector to help managers make effective resource allocation decisions, especially in the digital age. However, these models can also be used on social causes, in particular to gauge the efficacy of regulations on consumption levels that have social consequences. This chapter explores these principles in two major areas of social concern, alcohol consumption and narcotics abuse. We review the empirical findings in these two areas, based on published research in major marketing journals, and we formulate various recommendations for the effective regulation of alcohol and narcotics consumption. © 2020 Emerald Publishing Limited.",alcohol; Market; marketing analytics; marketing modeling; narcotics; quantitative marketing; response,Emerald Group Holdings Ltd.,scopus-recommendation,1,Thinking AI,"['market response models', 'marketing actions', 'resource allocation decisions', 'regulation efficacy', 'consumption levels', 'social consequences']","The abstract discusses market response models and their application in analyzing the effects of marketing actions on consumption outcomes, which aligns closely with the focus on market analysis and targeting in the Thinking AI category. It emphasizes the strategic analysis of marketing effectiveness, particularly in the context of social issues like alcohol and narcotics consumption.",0%,0%,100%,0%,0%
Marketing for next gen extension clientele through the use of geofilters geofilters,Davis J.; Rufener S.; Dennis A.; Marie A.,2020,,"Research supports Extension educators' use of social media as an engagement, outreach, and marketing toolbeyond posts shared by staff and faculty. This article highlights the practical use of Snapchat geofilters atcounty and statewide Extension events to support the creation of user-generated content and increaseExtension's visibility with the public. The development and implementation of an innovative statewidemarketing project resulted in data and recommendations that can help Extension educators make meaningfulmarketing decisions. © by Extension Journal, Inc.",Augmented reality; Geofilter; Marketing; Snapchat; Social media,"Extension Journal, Inc.",scopus-recommendation,3,Thinking AI,"['social media', 'engagement', 'outreach', 'marketing tool', 'user-generated content', 'visibility', 'marketing decisions']","The abstract discusses the use of social media by Extension educators as a marketing tool, specifically mentioning the implementation of Snapchat geofilters to enhance engagement and visibility. This aligns closely with the 'Thinking AI' category, particularly in the focus on market analysis and targeting. The emphasis on data and recommendations for making meaningful marketing decisions further supports this classification.",10%,20%,70%,0%,0%
Tourism Competitiveness by Shift-Share Analysis to way-forward Destination Management: A case study for Sri Lanka,Fernando I.N.,2020,10.29036/jots.v11i21.139,"Hospitality and Tourism are among the fastest-growing sectors and the source of foreign exchange with indirect-direct employments for quite an appreciable number of economies worldwide. The nature of the sector provides an avenue towards regional development through entrepreneurship venture creations, value addition to the abandoned resources, and regeneration of abandon natural resources with new themes as a novel approach. Tourism currently in a paradigm shift as a comparative advantage of destination is becoming less important than a competitive advantage. The traditional destinations are diminishing while creating novel destinations more relaxation-oriented while leading to residents' economically enriched livelihood. The paper critically analyzes the current tourism competitive position of Sri Lanka with a panel of five rival destinations by adopting shift-share analysis by developing two propositions. Regional Tourism arrivals in rival tourism destinations have been used to perform Shift-share analysis. Findings revealed (a) Sri Lanka as a destination is gaining the competitive advantage of four tourism regions out of six markets. The competitive strategies proposed as recommendations to gain market specialization to the regions with a competitive advantage; (a) market specialization by targeting the markets with a competitive advantage, (b) new marketing programs for markets with competitive disadvantage, and (c) collaborative programs among Asian tourism destinations. The results would be beneficial to Asian region tourism decision-makers trusted with the growth and application of competitive strategies. © 2020 Center for International Scientific Research of VSO and VSPP. All rights reserved.",Competitive advantage; DestinationManagement; Market specialization; Shift-Share Analysis; Strategy; Tourism,Center for International Scientific Research of VSO and VSPP,scopus-recommendation,22,Thinking AI,"['competitive advantage', 'market specialization', 'tourism analysis', 'strategic recommendations', 'competitive strategies']","The abstract focuses on analyzing the competitive position of Sri Lanka in the tourism sector compared to rival destinations using shift-share analysis. This aligns closely with the market analysis aspect of Thinking AI, which involves using marketing analytics to identify competitors and competitive advantages. The proposed strategies for market specialization and new marketing programs further emphasize a strategic approach to targeting and positioning in the market.",0%,0%,100%,0%,0%
Ryder rides: The synergy between accounting and marketing,Rankin R.; Mintu-Wimsatt A.; Henderson C.,2020,,"The synergy between accounting and marketing is often overlooked despite the implications in strategic decision-making (Roslender & Hart 2006) and cross-functional operations (Cravens & Guilding 1999). Marketing students are rarely exposed to the accounting information they need to be effective decision-makers. Accounting information is typically not included in comprehensive marketing case studies. Yet, management accountants provide financial information and analysis such as product line and individual product profitability, product and customer costs and brand valuations to marketing professionals that is crucial effective decision-making. This case exposes accounting and/or marketing students to the interdependencies of accounting and marketing and provides an opportunity to analyze and evaluate internal financial reports for Ryder Rides® (R2), a company that assembles and sells professional and recreational bicycles. R2 experienced a significant decrease in operating income year-over-year despite selling the same number of bicycles. Students are required to analyze the impact of a sales mix shift, manufacturing variances and changes in marketing expenditures on the company’s operating income and generate recommendations to improve R2’s financial performance. © 2020 NeilsonJournals Publishing.",Competitive analysis; Income reconciliation; Management accounting; Manufacturing variances; Marketing strategy; Operating income; Sales mix; Strategy,NeilsonJournals Publishing,scopus-recommendation,0,Thinking AI,"['strategic decision-making', 'financial information', 'product profitability', 'operating income', 'sales mix shift', 'manufacturing variances', 'marketing expenditures', 'financial performance']","The abstract discusses the intersection of accounting and marketing, emphasizing the importance of financial analysis for effective decision-making in marketing strategies. The students analyze internal financial reports and evaluate factors affecting operating income, which aligns with market analysis and strategic decision-making. This is indicative of 'Thinking AI' as it focuses on analyzing data to inform marketing strategies and improve financial performance.",0%,0%,100%,0%,0%
Do social networking platforms promote service quality and purchase intention of customers of service-providing organizations?,Naeem M.,2019,10.1108/JMD-11-2018-0327,"Purpose: Customers are interested in finding service recommendations, reviews and word of mouth using social networking platforms. These service reviews are useful for enhancing service quality, level of information and engagement, and purchase intention of customers. The purpose of this paper is to uncover which social networking platform is more useful for the exchange of service reviews and how organizations are improving purchase intention as well as service quality in the light of customer’s reviews/experiences. Design/methodology/approach: The study is exploratory in nature because it aims to understand the use of social networking platforms for enhancing service quality and the purchase intention of customers using a purposive sampling technique. To meet the objective of this study, non-directive and semi-structured interviews have been conducted with customers and marketing teams in the banking sector and internet service providers. Findings: The results show that social networking websites are helpful in fostering responsiveness, awareness, assurance, reliability and empathy. However, respondents revealed serious concerns regarding the privacy of personal and financial information especially in the context of the banking sector. It has been found that official Facebook pages of service-providing organizations, open and closed local community Facebook groups, sponsored ads and promotional advertisements on Facebook, WhatsApp groups and YouTube video comments are more frequently used to exchange service reviews (i.e. influence the process of purchase decision) among friends, friends of friends, family members and the general public. The selected customers and market team respondents revealed that local community Facebook groups (i.e. open groups and closed groups) have gained prime importance for enhancing service quality and purchase decisions. Practical implications: The effective and well-organized use of social networking platforms can foster service reviews, word of mouth, level of service awareness, interactive communication, intention to purchase, social influence, social trust and services quality. Furthermore, online social networking platforms require a lower level of advertisement costs and offer huge amounts of information, discussions, enquires, service stories, word of mouth, transactions and interactions of consumers. Originality/value: The present study is exploratory in nature because it selects an under-researched issue regarding the use of social networking applications to enhance levels of purchase intention and service quality. There is limited literature which has combined the multiple constructs in a single study (i.e. social media platforms, cross-platform platforms, service quality and purchase intention of consumers). Most of the previous studies are dependent on various dimensions of service quality (i.e. “reliability, responsiveness, assurance, empath and tangibles”). However, the present study extracted that respondents have given more preferences of services awareness and privacy compared to traditional elements of service quality. © 2019, Emerald Publishing Limited.",Purchase intention of customers; Service sector; Services quality; Social networking applications,Emerald Group Holdings Ltd.,scopus-recommendation,22,Feeling AI,"['service quality', 'purchase intention', 'customer experiences', 'empathy', 'social influence', 'privacy concerns']","The abstract focuses on understanding customer needs and experiences through social networking platforms, which aligns with the goal of Feeling AI to understand customer emotions and relational aspects. The findings emphasize the importance of service quality and customer engagement, which are driven by emotional connections and trust. The study explores how social networking fosters interactions that resonate with customer sentiments, indicating a strong emphasis on understanding and meeting emotional needs.",60%,10%,20%,0%,10%
"Analysis of motivating factors for visiting wineries in the Vrsac Wine Region (Vojvodina, Serbia)",Jević G.; Popesku J.; Jević J.,2020,10.5937/GP24-22781,"The paper will present the research results of motivational factors influencing wine tourists in decision making process regarding their visits to the wineries in the Vrsac wine region, an area which belong to South Banat wine region according to the official regionalization and comprises the west slopes of Vrsac mountains (South East Vojvodina). The aim of the paper is to analyse visitors of the Vrsac wineries in order to establish components of the motivation and to define the influence they have on the decision to participate in the wine tourism in this region. The methodology of this approach entails: defining and establishing the importance of wine tourism, identifying motivating factors in wine tourism, followed by definition and analysis of the most relevant motivating factors of the wine tourist visiting the Vrsac wineries, establishing the intensity of their attitudes related to certain factors and, finally, offering recommendations to the Vrsac wineries management in order to create the high quality marketing mix aimed at clearly defined target markets and to position successfully in the wine tourism market. One of the conclusions is that the visitors to the Vrsac wineries regard wine tasting as the most important motivating factor, followed by socializing and relaxation. © 2020, Department of Geography, Tourism and Hotel Management.",Motivating factors; Vršac wine region; Wine tourism; Wineries,"Department of Geography, Tourism and Hotel Management",scopus-recommendation,6,Feeling AI,"['motivational factors', 'decision making', 'wine tourism', 'socializing', 'relaxation', 'customer engagement']","The abstract focuses on understanding the motivations and emotional factors influencing wine tourists' decisions, particularly highlighting the importance of wine tasting, socializing, and relaxation. This aligns closely with the 'Feeling AI' category, which emphasizes customer understanding and emotional needs. The paper aims to provide insights into how to engage with customers based on their motivations, indicating a strong connection to emotional insights and relationship building.",70%,10%,20%,0%,0%
Social advertisements for public health and epidemic dynamics: A study based on HIV/AIDS prevention television advertisements in four European countries,Casais B.; Proença J.F.,2018,10.1108/JSOCM-07-2014-0049,"Purpose: The purpose of this paper is to examine health-related social advertisements to identify its use and evaluate its appropriateness to situational needs, such as epidemic dynamics and the context where it is implemented. The paper also discusses the barriers that policymakers face in creating these linkages. Design/methodology/approach: In all, 375 national HIV/AIDS prevention television advertisements from France, Germany, Portugal and Italy were viewed and analyzed over time of production, exploring the sources, the target audiences and the messages delivered. This paper compares management choices with HIV epidemics in each country and their contextual profiles. Findings: The findings of this paper indicate that social advertising concerned with HIV/AIDS prevention is commonly framed within public policies and does not usually target the most vulnerable and affected populations. Furthermore, social ads are reactive to epidemic dynamics. The existence of trade-offs between putting forward theoretical marketing recommendations and taking account of contextual fracturing issues or increasing stigma and discrimination are also considered. Research limitations/implications: This paper is useful for public sector management because of the importance of evaluating the investments done to improve future strategies. The discussion about restrictions and concerns for policy-makers is important to improve management decisions. Originality/value: This paper suggests the adoption of proactive public policies and proposes strategies to overcome the restrictions or concerns faced by policy-makers. © 2018, Emerald Publishing Limited.",Advertising; Behavior/Attitudes; Health promotion; Public health,Emerald Group Holdings Ltd.,scopus-recommendation,7,Out of Scope,"['health-related social advertisements', 'HIV/AIDS prevention', 'public policies', 'epidemic dynamics', 'vulnerable populations', 'policy-makers']","The abstract discusses health-related social advertisements in the context of HIV/AIDS prevention, focusing on public policy and the challenges faced by policymakers. This subject matter does not pertain to marketing strategies, customer engagement, or the application of AI in marketing. Therefore, it is classified as 'Out of Scope' as it relates more to public health than to marketing.",0%,0%,0%,100%,0%
A conceptualization of the role of religiosity in online collaborative consumption behavior,Abutaleb S.; El-Bassiouny N.M.; Hamed S.,2021,10.1108/JIMA-09-2019-0186,"Purpose: The purpose of this paper is to explore the role of religiosity in online collaborative consumption contexts. It analyzes the impact of religiosity in influencing consumer life decisions and behaviors. The proposed framework is based on the norm activation theory (NAT) with religiosity added to it based on the extant literature. The paper aims to provide implications for marketing researchers and practitioners derived from its analysis and propositions. Design/methodology/approach: The current paper proposes a model for marketing researchers to consider the role of religiosity as a cultural and psychological factor in influencing online collaborative consumption. The NAT is adopted as the base of the conceptual model. The model posits research propositions on the potential interaction of religiosity with existing relationships in the theory to predict online collaborative consumption behavior. Findings: The NAT is considered a prominent model in studying pro-environmental behaviors and it was adopted in various studies. Some researchers adopted the theory to study collaborative consumption as a pro-environmental behavior. Religiosity was found to significantly impact pro-environmental behaviors, but no research was found regarding its impact on collaborative consumption. The paper concludes with recommendations for future research and implications to marketing practitioners about the role of religiosity in influencing collaborative consumption behavior. Originality/value: Although there were few research studies that exist in discussing the role of religiosity in explaining consumer behavior, it could be argued that this paper is the first of its kind, according to the best of the authors’ knowledge, that discusses the role of religiosity in online collaborative consumption contexts through the use of NAT. © 2020, Emerald Publishing Limited.",Collaborative consumption; Norm activation theory; Religiosity; Sharing economy,Emerald Group Holdings Ltd.,scopus-recommendation,16,Feeling AI,"['religiosity', 'consumer behavior', 'collaborative consumption', 'implications', 'emotional needs']","The abstract discusses the influence of religiosity on consumer behaviors in online collaborative consumption contexts, which aligns with understanding customer emotional needs and wants. It emphasizes implications for marketing practitioners, indicating a focus on how religiosity can shape consumer relationships and experiences. The research aims to better understand how these emotional and cultural factors impact collaborative consumption decisions, fitting well within the Feeling AI category.",70%,10%,20%,0%,0%
Measurement model of women’s preferences in obstetrician and gynecologist selection in the private sector: Exploratory and confirmatory factor analysis,Setoodefar M.; Tabesh H.; Tara F.; Eslami S.; Nabavi F.H.; Zare N.V.; Taheri S.H.; Moghaddam M.R.R.; Etminani K.,2020,10.30476/IJCBNM.2020.82278.1049,"Background: The purpose of this study is to construct and validate a measurement model of women’s preferences in Obstetrician and Gynecologist (OB/GYN) selection in the private sector of non-clinical parameters. Methods: This methodological study included 462 respondents in OB/GYN’s offices to a researcher-made questionnaire. The patients visited 57 offices of OB/GYNs in the city of Mashhad in Iran and completed women’s preferences in OB/GYN selection questionnaire over a 2-month period from January to February 2018. Exploratory Factor Analysis (EFA) was conducted to verify the instrument’s construct validity. Confirmatory Factor Analysis (CFA) was used to test whether the data fit our hypothesized model obtained from EFA model. Results: The first draft of the questionnaire was prepared with 118 items based on literature review. The outcome of content validity assessment was a 51-item questionnaire. Scale-Content Validity Index (S-CVI) turned out to be 0.80. The results of EFA yielded an instrument with 33 items in six domains, which explained 52.657% of the total variance of the questionnaire. With performing CFA, the 6-factor model with 29 items demonstrated a good fit with the data (CFI=0.952, CMIN/DF=1.613, RMSEA=0.036). Availability and Accessibility, Communicational Skills, Office Environment, Recommendation by Others, Special Services, and Cost and Insurance were found to define the women’s preferences in OB/GYN selection in private sector, Iran. Conclusion: The developed measurement model considers the patient’s preferences that influence decision-making process on OB/GYN selection. It can provide useful knowledge for OB/GYNs and policymakers to design appropriate and efficient marketing strategies according to the consumer preferences priority. © 2020, Shriaz University of Medical Sciences. All rights reserved.",Factor analysis; Obstetric and gynecologic patients; Patient preferences; Women’s health services,Shriaz University of Medical Sciences,scopus-recommendation,2,Out of Scope,"[""women's preferences"", 'OB/GYN selection', 'non-clinical parameters', 'decision-making process', 'patient preferences']","The study focuses on understanding women's preferences for selecting OB/GYNs based on specific non-clinical parameters. While it involves aspects of decision-making and preference analysis, it falls within the healthcare sector rather than marketing. The findings are aimed at informing OB/GYNs and policymakers rather than being directly applicable to marketing strategies in a broader context.",0%,0%,0%,100%,0%
Small businesses need to heed customers' needs and innovate for market success,Millson M.R.; Shockley M.,2021,10.1504/IJBIR.2021.113518,"The purpose of this research is to determine how local businesses located in the small, unincorporated, rural community of Castroville in the central coast of California, USA, can innovate to achieve greater market success by reducing community monetary leakage. The source of this community monetary leakage is thought to be outshopping. This study found that outshopping by Castroville residents in communities adjacent to Castroville is responsible for a significant percentage of Castroville's residents' weekly expenditures. Recommendations based on the results of this research include making desired products available in Castroville and pricing them at a level that is clearly within the purchasing power of the Castroville residents. For Castroville residents who work out of the community, desired products must be made available in Castroville for purchase at times of the day and during the days of the week in which these residents can shop in Castroville. Our research also shows that developing innovative newspaper advertisements and utilising marketing mechanisms that focus on special sales and point-of-purchase promotions related to these desired products can help increase Castroville market demand and success. Copyright © 2021 Inderscience Enterprises Ltd.",Case study; Field theoretical approach; Hispanic shopping patterns; Innovative business policies; Innovative marketing decisions; Inshopping; Monetary leakage; Online purchases; Outshopping,Inderscience Publishers,scopus-recommendation,3,Thinking AI,"['market success', 'community monetary leakage', 'outshopping', 'market demand', 'competitive advantages', 'marketing mechanisms', 'special sales']","The abstract focuses on analyzing the market dynamics specific to the community of Castroville, identifying the issue of outshopping and its impact on local businesses. The recommendations made are centered around market analysis and strategic targeting, such as pricing products appropriately and making them available at suitable times. These aspects align closely with the definitions and examples associated with Thinking AI, particularly in market analysis and targeting.",0%,0%,100%,0%,0%
The Value of Customer References to Potential Customers in Business Markets,Morgado A.V.,2018,10.1177/2394964318771799,"The literature on referencing takes a firm stance on the value that vendors derive from marketing customer references. What the literature lacks, however, is empirical work that supports our current understanding of the value of customer references to the potential customer. The present exploratory research aims to demonstrate the value of customer references from the perspective of the potential customer. This goal will be achieved by considering a single case study that provides evidence for the value of customer references to potential customers in business markets. Three theoretical propositions emerge as key conceptual contributions: (a) customer references allow buying companies to establish their suppliers’ competence, assess the buying decision risk and forecast return on investment; (b) customer references deliver value by helping potential customers to identify new business needs and (c) potential customers benefit from being exposed to customer references insofar as they are sources of organizational learning. This work concludes by presenting recommendations for practitioners who wish to reap the full benefits of customer references. © 2018 SAGE Publications.",B2B marketing; case study; customer references; energy industry; value creation,SAGE Publications Inc.,scopus-recommendation,6,Feeling AI,"['customer references', 'potential customer', 'organizational learning', 'buying decision risk', 'business needs']","The abstract discusses the value of customer references from the perspective of potential customers, focusing on their understanding of suppliers' competence and their own business needs. It emphasizes learning and emotional engagement with customer references, aligning with the goals of Feeling AI, which focuses on customer understanding and relationalization. The propositions suggest an emotional and relational component in how potential customers leverage references for decision-making.",70%,10%,20%,0%,0%
The relationship of brand image in the involvement of costumer purchase decision: An applied study to a sample of students of the college of management and economics / University of Qadisiyah; [La relación de la imagen de marca en la participación de la decisión de compra del cliente: Un estudio aplicado a una muestra de estudiantes de la facultad de administración y economía / Universidad de Qadisiyah],Al Mashady Q.A.A.; Abbas Z.M.; Hasan H.M.,2018,,"The current research aims at revealing the relationship of the brand image, through its dimensions (brand image, confidence in the brand, the commitment towards the brand, the recommendation of the brand towards others), in the involvement with the purchase decision through its dimensions (The mental effort exerted in the search for information, evaluating between the alternatives, and for choosing the preferred brand). The problem of research has identified the main question of the current study, which is ‘What role does the brand image of the brand play in the customer's purchase decision?’ For the purposes of achieving the study objectives, a sample of hypotheses has been formulated. In order to verify the validity of the main hypothesis, several tests were carried out. The researcher used the questionnaire as a means of obtaining data. The study used the analytical descriptive approach as a method of analysis, which is composed of two measures: brand image and purchase involvement. The descriptive method was used to reinforce and strengthen these concepts and to focus on the University students as the largest segment that are concerned with the brands of sportswear. The study was applied to a random sample of 485 university students. The data were analyzed using a set of statistical methods and the results were extracted using statistical program SPSS v.20. The research has reached a number of conclusions, one of the most important of which is that achieving the customer's confidence in the brand is positively guided by the research sample by adopting the customer's confidence that the brand will not deceive him and that he is always at his service. The research has also researched to a number of recommendation, the most important of which is that the marketing managers should convince the customers that the brand has a set of attributes and benefits that can satisfy and meet their needs and aspirations. © 2018, Universidad del Zulia. All rights reserved.",Brand image; Customer purchase tasks; Purchase decision involvement,Universidad del Zulia,scopus-recommendation,0,Feeling AI,"['brand image', 'confidence in the brand', 'commitment towards the brand', 'recommendation', ""customer's purchase decision"", 'customer needs', 'attributes and benefits']","The abstract discusses the relationship between brand image and customer purchase decisions, emphasizing emotional aspects such as confidence, commitment, and the recommendation of brands. These elements are indicative of understanding customer emotions and needs, which aligns closely with the focus of Feeling AI. While there is some analysis involved, the core of the research is about how emotional connections to the brand influence purchasing behavior, fitting well within the Feeling AI category.",70%,10%,20%,0%,0%
Application of rough set and netnography in tourism marketing analysis,Sajjadian F.; Sheikh R.; Souri M.E.; Sana S.S.,2018,10.1108/JM2-02-2018-0029,"Purpose: Social media has given customers more power over sharing their knowledge, opinions and experiences with each other. Tourists as customers of destinations are also using text ads on social media and websites to share their experiences. The purpose of this study is to find out the factors which have affect on the decisions of tourists towards the most popular destinations in Tehran, Isfahan and Shiraz of Iran. Design/methodology/approach: Netnography methodology has been applied to 2,852 comments showing travelers’ experiences through TripAdvisor.com. As a result, ten major factors have been discovered. According to these factors, a questionnaire has been designed and distributed among 449 tourists. In the second step, the collected data are used by rough set theory to discover the rules of destination recommendation based on the factors discovered before. Finally, eight main rules are determined to further analysis. Findings: The findings confirm that beauty, cultural attractions, safety, welfare, costs and dealing with passengers are more important than other observed dimensions. Originality/value: In this study, first the factors affecting consumer behavior in the tourism industry have been investigated. Based on this, the comments of tourists who have traveled to one of the cities Shiraz, Isfahan or Teheran and shared their experiences on TripAdvisor.com are studied. Further, the rules are discovered based on the rough set theory, and owing to the large number of objects (449 customer), the Rosetta software has been used. © 2018, Emerald Publishing Limited.",Decision analysis; Management information systems; Social networks; Traveling,Emerald Group Holdings Ltd.,scopus-recommendation,9,Thinking AI,"['tourists', 'decisions', 'factors', 'destination recommendation', 'data', 'analysis', 'experience']","The abstract discusses analyzing factors influencing tourists' decisions regarding popular destinations using netnography and rough set theory. This aligns with the 'Thinking AI' category as it involves market analysis, understanding customer behavior, and discovering rules for destination recommendations based on collected data. The focus is on strategic analysis of customer preferences and experiences, indicative of using marketing analytics to derive insights.",0%,0%,100%,0%,0%
Embracing public relations (PR) as survival panacea to private colleges’ corporate image & corporate identity erosion,Nyagadza B.; Mazuruse G.,2021,10.1080/23311886.2021.1974179,"The research study explored the role of Public Relations (PR) elements such as seminars and speeches, digital media in creating a positive corporate image and corporate identity and explored how selected private colleges in Chitungwiza, Zimbabwe can leverage on publicity to boost students’ enrolment. Extant literature of PR was approached and the Hedging and Wedging theory of communication was used as the theoretical framework for the research. The researcher applied mixed-pluralist research approach, where the qualitative research design was nested into partially quantitative research design. Methodology applied was exploratory, deductively anchored on the critical analysis of the data and discussion of findings to arrive at an informed decision. A purposive sample of 300 students, 30 teachers, 10 college directors and 30 administrators and self-administered closed-ended questionnaires were used in different private colleges. Structural Equation Modelling (SEM) using AMOS version 6 software, was used to test the propositions. Major findings are that seminars and speeches are less frequently than other digital PR approaches done in private colleges and this can affect the students’ enrolment and survival of the former. Recommendations included the need to make an improvement on carrying out frequently on the seminars and speeches, so as to enhance public image of the former. Budgeting for the PR function in private colleges is crucial. Students need to be involved in the publicity activities of a private college. © 2021 The Author(s). This open access article is distributed under a Creative Commons Attribution (CC-BY) 4.0 license.",College marketing communications; educational business management; M310; M39; public relations; strategy; students’ enrolment,Cogent OA,scopus-recommendation,4,Thinking AI,"['public relations', 'corporate image', 'corporate identity', 'students’ enrolment', 'digital media', 'publicity', 'market analysis', 'targeting']","The abstract discusses the role of public relations in enhancing corporate image and identity, specifically for private colleges aiming to boost student enrollment. This aligns with the Thinking AI category, which involves market analysis and targeting strategies to identify competitive advantages and recommend optimal approaches. The research emphasizes the need for improved PR strategies, suggesting a focus on strategic market positioning and analysis rather than emotional understanding or mechanical automation.",10%,5%,80%,0%,5%
Three generations on a holiday: Exploring the influence of Neo-Confucian values on Korean Multigenerational Family vacation decision making,Yang M.J.H.; Khoo-Lattimore C.; Yang E.C.L.,2020,10.1016/j.tourman.2020.104076,"Despite being recognised as a lucrative segment by the industry, multigenerational family vacation remains an under-researched area. This study explores Korean multigenerational family vacation decision making (FVDM). Using a neo-Confucian epistemology, this study contributes to the existing family tourism literature, which has mainly researched Western nuclear family holidays, by investigating how Korean multigenerational families resolve conflicts during the FVDM process. Data were collected from 14 Korean multigenerational families using focus groups, interviews and visual methods. The study reveals the influence of neo-Confucianism on FVDM communication and the conflict resolution strategies. The vertical communication across generations was guided by filial piety while the horizontal communication within the second generation demonstrates seniority- and male- oriented values. Given the communication patterns, each generation adopted conflict resolution strategies to maintain family harmony, which is a core value of neo-Confucianism. Recommendations are provided to tourism practitioners to develop tourism products and marketing strategies. © 2020 Elsevier Ltd",Asian epistemology; Communication pattern; Conflict resolution strategy; Family holiday; Family vacation decision making; Multigenerational family vacation; Neo-confucianism,Elsevier Ltd,scopus-recommendation,45,Feeling AI,"['conflict resolution', 'communication patterns', 'family harmony', 'emotional needs']","The abstract discusses the decision-making process of Korean multigenerational families during vacations, emphasizing the emotional and relational aspects of family harmony and conflict resolution strategies influenced by neo-Confucian values. This aligns with the focus of Feeling AI, which involves understanding customer emotional needs and relational dynamics. The study's findings about communication across generations and the strategies to maintain family harmony are directly relevant to developing positioning and relational strategies in marketing.",70%,0%,30%,0%,0%
Enhancing the impact of conservation marketing using psychology: a research agenda,Ryan J.C.; Mellish S.; Le Busque B.R.; Litchfield C.A.,2019,10.1007/s13412-019-00565-w,"Conservation marketing draws upon social marketing and psychology to address the human dimensions of biodiversity loss. Behavioural scientists with expertise in conservation psychology can contribute to the design of research projects in this field that utilize a variety of methodologies (quantitative and qualitative), formal application for approval of methodology and procedure through relevant human and animal research ethics committees, and implementation and evaluation of projects or campaigns that are based on psychological principles of persuasion, attitude, and behavior change with the aim of protecting biodiversity. Interdisciplinary projects utilizing best practice in conservation psychology, community-based social marketing, and conservation marketing are likely to lead to improved outcomes, such as reductions in human consumption patterns and other unsustainable behaviors and increases in community engagement. A closer relationship between conservation psychology and conservation marketing will lead to publications of research in high-impact peer-reviewed journals, offering practical recommendations for conservation practitioners, as well as reaching laypeople. Importantly, communicating successes and failures of different approaches, projects or campaigns will help conservation practitioners, conservation educators, tourism operators, community groups, policy-makers, and other stakeholders make informed decisions and design effective conservation marketing campaigns based on evidence. © 2019, AESS.",Behavioral science; Biodiversity loss; Conservation education; Conservation marketing; Conservation psychology; Social science,Springer New York LLC,scopus-recommendation,6,Feeling AI,"['conservation marketing', 'behavior change', 'community engagement', 'psychological principles', 'communication', 'emotional needs']","The abstract focuses on the application of psychological principles to influence behavior change and enhance community engagement in conservation marketing. It emphasizes understanding human emotions and motivations, which aligns with the 'Feeling AI' category that deals with customer understanding and emotional data. The importance of tailoring communication to resonate with stakeholders is also a key aspect, further supporting this classification.",70%,10%,15%,0%,5%
Can an Index Approach Improve Social Marketing Competitor Analysis?,Raciti M.M.,2021,10.1177/15245004211031872,"Background: Competitive forces influence social marketing efforts. Indeed, social marketers often find themselves “shadow boxing” various forms of competition throughout their interventions. Despite the seminal role of competition as a threat to social marketing intervention efficacy, few empirical studies have undertaken competitive analysis or compared the usefulness of competitive typologies. Thus, this paper proposes an index approach to categorize competitive typologies relevant to a specific social marketing intervention in terms of their ease of use, intuitiveness and generalisability to the broader social cause domain. The proposed index approach is illustrated with empirical data, undertaking a competitive analysis of forces obstructing efforts to address educational inequality in Australia, then comparing the ease of use, intuitiveness and generalisability of 15 competitive typologies noted in the social marketing literature to produce a competitor analysis index. Research Question: Which competitive typologies most effectively frame forces that inhibit educational equality social marketing efforts in Australia? Methods: Via interviews and focus groups, qualitative data were collected from 46 students from low socioeconomic status (LSES) backgrounds at six universities and sought to understand the influence of their home residence’s geographical remoteness on their university participation. The analysis revealed eight participant-identified differential competitors experienced by students from regional, rural and remote settings (LSES-R, n = 25, 54.4%) that were not experienced by those from metropolitan areas (LSES-M, n = 21, 45.6%). Fifteen competitive typologies were identified in the social marketing literature, and their capacity to frame these eight differential forces in terms of their ease of use, intuitiveness and generalisability was critiqued. Findings: Unlike their metropolitan counterparts, LSES-R participants experienced situational (n = 3), dispositional (n = 3) and goal pursuit (n = 2) competitive forces. The most effective competition typologies comprised two classification options that were distinctly different and could classify both the unfriendly and friendly competition that exists in social marketing. Five competitor typologies were identified as easy to use, intuitive and generalizable to the broader educational inequality domain. Together, these five competitor typologies form a competitor analysis index for educational inequality researchers and practitioners to enhance their intervention efficacy. Recommendations: Despite widespread agreement as to the importance of competitor analysis in social marketing, the efficacy of various typologies has received little attention. Social marketers are encouraged to critique competitor typologies before selecting those which enable effective decision-making. Furthermore, it is recommended that social marketers use a competitor analysis index comprised of multiple typologies to better capture the nebulous nature of the many different types of competitors that exist in a specific social marketing context. Limitations: The educational inequalities cause and qualitative method may constrain generalisability, but they exemplify the importance of competition typology choice and model how competitor analysis indexes can be developed. © The Author(s) 2021.",competition; educational inequality; regional; typologies; university; widening participation,SAGE Publications Inc.,scopus-recommendation,0,Thinking AI,"['competitive analysis', 'typologies', 'educational inequality', 'social marketing', 'market analysis']","The abstract discusses the competitive analysis relevant to social marketing interventions aimed at addressing educational inequality. It emphasizes the need to categorize competitive typologies and evaluate their effectiveness in framing competitive forces. This aligns closely with the 'Thinking AI' category, which focuses on market analysis and identifying competitive advantages. The use of qualitative data collection to understand competitors and their impacts further supports this classification.",10%,10%,80%,0%,0%
Use of electronic resources by law academics: a case study from the University of Namibia,Leonard A.; Hamutumwa N.M.; Mnubi-Mchombu C.,2020,10.1108/CC-06-2019-0017,"Purpose: The purpose of this paper is to examine the use of e-resources by the Faculty of Law’s academic staff at the University of Namibia’s (UNAM’s) main campus. The study aimed to determine their level of awareness of electronic resources (e-resources) available to them, how useful and effective they found these e-resources, and the challenges they face in accessing them. Design/methodology/approach: A convenient sampling technique was used to select a sample of 12 law academics from the population of 17. The study used both qualitative and quantitative research methods using questionnaires and a semi-structured interview guide. Findings: Findings revealed that the majority of the law academics were aware of the e-resources subscribed by UNAM’s library, although some were not aware of the newly subscribed international law databases. The findings further revealed that the academics used e-resources for research, publications and teaching purposes, but irregular training, bandwidth problems and limited searching skills hindered their use of e-resources. Practical implications: Findings could be used to inform future collection-development decisions, realignment of information-literacy training and promotion and marketing of library services. Originality/value: This study has made a significant contribution in the understanding the use of electronic legal resources by law academics at UNAM. The findings and recommendations could also benefit similar academic institutions in developing countries like Namibia. © 2020, Emerald Publishing Limited.",Academic libraries; Electronic resources; Law faculty; Namibia; Online databases; Usage studies,Emerald Group Holdings Ltd.,scopus-recommendation,3,Out of Scope,[],"The abstract discusses the use of electronic resources by law academics, focusing on their awareness, utilization, and challenges in accessing these resources within an academic context. This does not relate to marketing applications of AI, such as customer understanding or market analysis. The subject matter pertains to academic resource utilization rather than marketing strategies or customer engagement.",0%,0%,0%,100%,0%
"Consumers’ Personality Characteristics, Judgment of Salesperson Ethical Treatment, and Nature of Purchase Involvement",Bateman C.R.; Valentine S.R.,2021,10.1007/s10551-019-04312-7,"Successful marketing efforts and professional sales encounters often depend on consumer involvement in the purchase decision process itself, which in turn may impact firm performance. Despite the importance of consumer involvement, research has yet to fully explain the relationship between consumer personality characteristics and the nature of consumer purchase involvement. This study explores the degree to which consumer perception of salesperson ethical treatment helps explain the relationship between consumer personality characteristics and nature of involvement. Data were collected from a large sample of working adults placed in two scenario-based positive professional sales encounters featuring an important purchase decision. The results indicated that adult consumers’ personality characteristics functioned through judgment of salesperson ethical treatment to affect the nature of purchase involvement. Specifically, consumer judgment of salesperson ethical treatment fully mediated a positive relationship between internal locus of control and cognitive (as opposed to affective) involvement. By comparison, consumer judgment of a salesperson ethical treatment partially mediated the positive relationship between emotional awareness and cognitive (as opposed to affective) involvement. The above findings were similar for informational and relational salesperson customer-orientated scenarios. Key implications for selling professionals and sales organizations are discussed, such as augmenting consumers’ self-assessments to increase their perceptions of salesperson ethics and purchase involvement. The limitations and recommendations for future research are also presented. © 2019, Springer Nature B.V.",Consumer personality; Emotional awareness; Locus of control; Purchase involvement; Salesperson ethicality,Springer Science and Business Media B.V.,scopus-recommendation,8,Feeling AI,"['consumer involvement', 'personality characteristics', 'ethical treatment', 'cognitive involvement', 'affective involvement', 'emotional awareness']","The abstract discusses the role of consumer personality characteristics and their relationship with the ethical treatment by salespersons, which impacts consumer purchase involvement. This involves understanding emotional aspects, such as emotional awareness and how it influences cognitive and affective involvement in purchase decisions, aligning closely with the focus on customer understanding and relationalization in Feeling AI.",70%,0%,30%,0%,0%
Brand resurrection in an emerging economy,Manohar S.; Rehman V.,2019,10.1080/13527266.2018.1455292,"Ramesh, the proprietor of Amalya Dairy Pvt Ltd, looks at the recommendations given by the market research firm for rebuilding the brand image after a major brand crisis. After Amalya Dairy suffered a huge loss recently, Ramesh is now being careful about spending the company funds. A 60-year-old and a late adopter of technology, he is not very comfortable with the suggestion of having a public relations manager represent his brand on social media. At the same time, he recalls the recent setback his brand image took due to the lightning speed at which the latest communication channels operate. He looks at the report and the recommendations given by the market research firm one more time, in order to make the final decision regarding the company’s integrated marketing communication plan. © 2018, © 2018 Informa UK Limited, trading as Taylor & Francis Group.",brand resurrection; crisis management; IMC; marketing communication; social media,Routledge,scopus-recommendation,2,Feeling AI,"['brand image', 'public relations', 'customer understanding', 'emotional needs']","The abstract discusses the challenges faced by Ramesh in rebuilding the brand image of Amalya Dairy after a crisis. The focus is on understanding customer perceptions and emotions regarding the brand, particularly in the context of social media representation. This aligns with the Feeling AI category, which emphasizes customer understanding and emotional needs. Ramesh's contemplation on how to position the brand effectively in light of past setbacks also indicates a need to resonate with customer emotions.",60%,10%,20%,0%,10%
Library 2.0: The effectiveness of social media as a marketing tool for libraries in educational institutions,Jones M.J.; Harvey M.,2019,10.1177/0961000616668959,"In an attempt to market their services and connect with potential users, and particularly young people, many libraries are opening accounts on social media platforms. Research suggests a contradiction between the advice relating to marketing and that regarding the use of social media in libraries, with the former emphasising the importance of the user at the centre of all considerations and the latter placing library staff as central to decisions. In this work we attempt to re-address this imbalance by surveying the current state of library activity on Twitter and, by means of questionnaires, investigate the experiences and motivations of librarians (n=58) in using social media and whether students (n=498) are willing to engage with the library in this manner and why. Our findings confirm that libraries in the sector are indeed struggling to foster interest in their social media activities and go some way to understanding why this is so, leading to a number of conclusions and recommendations for practitioners. © The Author(s) 2016.",Library 2.0; marketing; social media,SAGE Publications Ltd,scopus-recommendation,54,Feeling AI,"['engagement', 'motivation', 'understanding', 'needs', 'user-centered']","The abstract discusses the importance of understanding the motivations and experiences of librarians and students regarding social media engagement with libraries. It emphasizes the need to address user needs and potential emotional connections, which aligns with the customer understanding and relationalization aspects of Feeling AI. The focus on fostering interest in social media activities also suggests an emotional engagement component.",70%,0%,30%,0%,0%
Research on the Tourism Decision-Making Mechanism: A Case Study of American Outbound Tourism,Cong X.,2021,10.28945/4878,"Aim/Purpose This article takes ‘tourism decision-making behavior’ as an entry point, and deeply analyzes the factors influencing the travel decision-making of Chinese ‘American Travel’ tourists and their degree of influence, so as to provide a reference for the development of Chinese outbound tourism. Background With the development of China’s economy and the improvement in people’s level, the outbound tourism market of Chinese residents has developed rapidly. The United States has become an important tourism destination country for Chinese residents’ outbound tourism, and China has also become one of the important tourist source countries of American tourism. However, the rapid development of ‘American tourism’ has also caused competition problems in China’s tourism industry. For example, prices and tourism products have become a means of competition among tourism enterprises. As the main body of consumption, tourists’ decision-making behavior will be affected by various factors. Methodology Drawing lessons from previous scholars’ research results on tourism decision-making behavior, the influencing factors of tourism decision-making behavior are summarized. A theoretical model and index system of factors influencing tourism decision-making behavior of Chinese residents ‘Travel in the United States’ are established, research hypotheses are put forward, questionnaire data are collected, and SPSS and Amos are used to analyze and verify the theoretical model. Contribution This research expands the literature on topics related to tourism decision-making in research and practice. It establishes a theoretical model and index system for the factors that influence the decision-making behavior of Chinese residents’ ‘American Travel’ tourism. In addition, we propose countermeasures for tourism products, enterprises, and the government. Findings Prior knowledge and external information have a positive influence on tourism perception and value perception, and a negative influence on risk perception. Risk perception value perception has a positive and negative influence on tourism decision-making and tourism motivation, respectively. Tourism motivation has a positive influence on tourism decision-making and has a positive impact. Recommendations According to the research conclusions of this article, the following counter-for Practitioners measures and suggestions are put forward from three aspects of tourism: products, enterprises, and governments. On the basis of existing tourism products, relevant operating companies should pay more attention to the upgrading and transformation of tourism, leisure and entertainment products in scenic spots to increase the willingness of tourists to travel. When considering corporate marketing and promotion plans, tourism companies operating related businesses should increase the weight of their marketing budgets in online marketing, increase investment in online marketing, and develop mobile applications that meet the preferences of Chinese residents in the United States. Do a good job in the timely publication of safety reminders and local information. Safety is an important foundation for tourism development and the core concern of many tourists. Future Research Due to the important research on the impact of tourism activities, the influencing factors are many and complex, and the psychological process of tourism decision-making is carried out directly. There are still unconsidered factors that need to be studied in depth. In the future, it is possible to compare multiple resource-featured themes, and increase the characteristics of potential tourists, and the factors affecting the selection behavior of regional cultural tourists, and so forth, in order to make the research more applicable and practical instructive significance. © 2021. All Rights Reserved.",influencing factors; structural equation; tourism decision,Informing Science Institute,scopus-recommendation,2,Thinking AI,"['tourism decision-making', 'influencing factors', 'market analysis', 'tourism motivation', 'risk perception']","The abstract focuses on analyzing the decision-making behavior of tourists, identifying various influencing factors, and proposing recommendations based on the findings. This aligns with the 'Thinking AI' category, which emphasizes market analysis and targeting, as the research aims to understand the competitive landscape within the tourism industry and the motivations of Chinese tourists traveling to the United States.",15%,10%,65%,0%,10%
"Impacts of social media on the buying intention of the consumers in Edinburgh, UK",Alshawabkeh A.; Nuseir M.T.; Aljumah A.,2021,10.1504/IJPM.2021.116036,"This research is based on the effects of social media marketing in enhancing customer awareness and its impacts on changing the buying intentions of the customers. Nowadays, social media created an opportunity for online consumers towards making online interactions with their peers and vendor companies through the internet. This study helps to understand the role of social media in developing e-commerce with the help of the SEM-PLS model. The collected data for the survey shows that social media interact with the consumers and increase their trust in enhancing their buying decisions directly. Perceived usefulness (PU) is also identified in this study. The result of the research is discussed thoroughly by the researcher. At last, proper implications, limitations, and recommendations are also drawn by the researcher.  Copyright © 2021 Inderscience Enterprises Ltd.",Buying intention; E-commerce; Online consumers; Perceived usefulness; Pls-sem model; Social community; Social factors; Social media marketing; Social networking sites; Social support; Trust; UK,Inderscience Publishers,scopus-recommendation,18,Feeling AI,"['social media marketing', 'customer awareness', 'buying intentions', 'online interactions', 'trust', 'buying decisions', 'perceived usefulness']","The abstract discusses the role of social media in enhancing customer awareness and trust, which aligns with the Feeling AI category that focuses on customer understanding and relationalization. The study analyzes how social media interactions can affect customer emotions and buying decisions, indicating a deep understanding of customer needs and preferences.",70%,10%,15%,0%,5%
Consumer preference analysis: A data-driven multiple criteria approach integrating online information,Guo M.; Liao X.; Liu J.; Zhang Q.,2020,10.1016/j.omega.2019.05.010,"Multiple criteria approaches can assist the product manager to know the consumer preferences in the context of e-commerce. Consumer preference analysis explains what aspects of a product affect and how they affect a consumer's purchasing decision. This issue plays an important role in e-commerce platforms from its relevance in marketing decisions such as advertisements, recommendations and promotions. In this regard, we propose a data-driven multiple criteria decision aiding (MCDA) approach to integrate online information, such as explicit (e.g., reviews and ratings) and implicit (e.g., clicks and purchases) feedback from consumers. However, MCDA approaches present a critical challenge that even an experienced product manager could find it difficult to pre-define the criteria on which a product is evaluated. To address this issue, our proposed approach first utilizes text-mining techniques to assist the product manager identify the criteria, and then determines and collects the relative importance of the criteria and their values. Given the criteria information, we use a sampling process to provide two indices, the consumer preference index and rank acceptability index. The first index helps in prioritizing the pairwise comparisons of products, while the second one helps in deriving a default ranking list for first-time-registered consumers. We record the products viewed by consumers and generate their preference information in the form of pairwise comparisons for analyses within an aggregation-disaggregation paradigm. We also provide a representative value function to help the product manager gain insight into the preferences. Finally, we describe how a real-world application including the product manager and consumers exploits the proposed approach on an e-commerce platform to take a large step toward aiding more realistic and data-driven multiple criteria decision making. © 2019 Elsevier Ltd",E-commerce; Multiple criteria decision making; Online reviews; Preference analysis; Preference modeling,Elsevier Ltd,scopus-recommendation,55,Thinking AI,"['consumer preferences', 'multiple criteria decision aiding', 'text-mining techniques', 'consumer preference index', 'market analysis', 'product manager']","The abstract discusses a data-driven approach to understanding consumer preferences using multiple criteria decision aiding (MCDA) methods and text-mining techniques. It focuses on analyzing consumer feedback to identify what aspects affect purchasing decisions, which aligns with the market analysis and targeting aspects of Thinking AI. The use of indices to rank products and provide insights also falls under strategic analysis, making it relevant to the Thinking AI category.",0%,0%,100%,0%,0%
Exploring the multi-sided nature of crowdfunding campaign success,Lagazio C.; Querci F.,2018,10.1016/j.jbusres.2018.05.031,"Successful crowdfunding campaigns are multifaceted in nature and depend on marketing and organizational features. This study identifies the most appealing factors and analyzes the results through a multi-theory approach as follows. First, contrary to altruism and warm-glow giving theories, crowdfunding to support social impact projects does not perform well. Second, fixed campaigns, small-sized projects, and prolonged campaigns are more likely to be funded, in line with goal-setting theory. Additionally, the resource-based view of firms clarifies the importance of having large entrepreneurial teams. Further, narrative theories about persuasion and information processing provide insights into why detailed text descriptions are more persuasive than pitch videos. Finally, this study relies on social identity and signaling theories to illustrate the impressive role of social networks and discussion forums between fundraisers and backers for developing effective word-of-mouth. This paper also provides fundraisers with recommendations to building appealing campaigns. © 2018 Elsevier Inc.",Crowdfunding; Investment criteria; Investor decisions; Probability of success,Elsevier Inc.,scopus-recommendation,163,Thinking AI,"['crowdfunding', 'social impact', 'goal-setting theory', 'narrative theories', 'persuasion', 'social networks', 'word-of-mouth']","The abstract discusses various theories and factors influencing crowdfunding campaigns, focusing on marketing and organizational features. It analyzes effective strategies for targeting and persuasion, which aligns with market analysis and targeting aspects of Thinking AI. The emphasis on understanding the appeal of detailed text descriptions and the role of social networks suggests a strategic approach to engaging potential backers, fitting within the definitions of market analysis and targeting.",20%,0%,70%,0%,10%
Mobile marketing tools in the market of restaurant food delivery services in Ukraine,Spivakovskyy S.; Spivakovska T.; Bazherina K.,2021,10.33182/tmj.v9i1.1015,"This study explores the usage of mobile marketing tools in the market of restaurant food delivery services. While new mobile tools become available, the enterprises need to rationally select and use those tools. In the study, the market of restaurant food delivery in Ukraine has been analyzed, and the enterprises operating in the market have been classified based on their business processes. It was discovered that the usage of mobile marketing differs for aggregators and food producers, depending on their business processes and marketing goals. For each group of enterprises operating in the market, classification of mobile marketing tools has been done, and approaches for selecting mobile marketing tools by the stages of a purchase decision process have been proposed, based on marketing objectives at every stage of the purchase process. Online customer survey has been conducted, and the Kano model has been applied to estimate customers' satisfaction and their attitude toward mobile marketing tools. Based on the research results, the practical recommendations for selecting the most suitable mobile marketing tools have been developed, and these recommendations take into account the interests of both sides: customers and companies implementing marketing tools. It was found out that the main selection criteria include enterprise internal business processes, marketing objectives, and customer attitudes. The recommendations developed in this study, provide businesses with the approaches necessary to rationally allocate their marketing resources. © 2021. All Rights Reserved.",digital marketing; Kano model; marketing tools; restaurant delivery services; Ukrainian market,Transnational Press London Ltd,scopus-recommendation,1,Thinking AI,"['mobile marketing tools', 'business processes', 'marketing goals', 'purchase decision process', 'customer satisfaction', 'recommendations', 'marketing objectives']","The abstract discusses the analysis of mobile marketing tools in the context of restaurant food delivery services, focusing on the selection and application of these tools based on various marketing objectives. The study emphasizes market analysis, classification of enterprises, and the strategic selection of mobile marketing tools based on business processes and customer attitudes, aligning closely with the 'Thinking AI' category's focus on market analysis and targeting.",15%,10%,65%,0%,10%
Unlocking competitiveness through scent names: A data-driven approach,Meng H.M.; Zamudio C.; Jewell R.D.,2018,10.1016/j.bushor.2018.01.004,"Naming a product's scent is a key decision. The same scent can be interpreted differently when different names are assigned to it. Thus, choosing the right scent name can increase competitiveness by successfully appealing to desired consumer segments. We propose that such decisions should be data driven (i.e., on the basis of competitors’ offerings and consumers’ preferences) and provide guidelines on how to assign scent names to products in home care and personal care product categories, focusing on capturing market segments. Based on a large web-based dataset of scented products across multiple brands and categories, this article is the first to construct a typology of scent names empirically: unscented, concrete, abstract, and proprietary. After examining firms’ assortments of scented products with different names across 12 categories and comparing them with consumers’ preferences concerning such assortments, we identify major gaps. Overall, consumers demand far more unscented products and products with abstract names than currently offered; however, preferences for products with proprietary names are mostly aligned. Strategic recommendations center on naming scented products to better align supply and demand in the scented product market and capture new market opportunities. © 2018 Kelley School of Business, Indiana University",Data-driven decision making; Market segmentation; Retail marketing; Scented products; Sensory marketing,Elsevier Ltd,scopus-recommendation,5,Thinking AI,"['scent naming', 'consumer preferences', 'market segments', 'data driven', ""competitors' offerings"", 'strategic recommendations']","The abstract discusses the importance of naming a product's scent and how this affects competitiveness and consumer interpretation. It emphasizes using data to analyze consumer preferences and competitors' offerings, which aligns with market analysis and targeting strategies typical of Thinking AI. The focus on capturing market segments and providing strategic recommendations further supports this classification.",20%,30%,50%,0%,0%
Marketing while Black: commentary on the Galak and Kahn 2019 Academic Marketing Climate Survey,Bradford T.W.; Perry V.G.,2021,10.1007/s11002-021-09580-w,"Diversity serves to enrich decision-making, innovation, reputation, and performance. The marketing academy, a microcosm of business and society, is making slow advances in diversity efforts. The study by Galak and Kahn (2021) seeks to codify experiences of gender and race within the marketing academy to elevate awareness and to provide recommendations that may address some of the issues raised. In this commentary, we focus on opportunities to more deeply investigate the complex impact of race on careers and advancement in the marketing academy. Essential further research would advance our understanding of the role of systemic racism—and how it affects the people who are given opportunities to become scholars as well as the research they are encouraged to conduct or can successfully publish in top journals. To more fully understand the climate for traditionally underrepresented faculty members in the USA, it likely necessitates a multi-method approach to generate understanding and insights before developing potential recommendations. To address these types of research questions, we propose a set of studies that would allow an understanding of not only how individuals experience racism, but also how that racism is perpetuated through university admissions, hiring, and promotion decisions. We not only recommend approaches to understand how to increase the presence of historically underrepresented groups in Marketing academia, but also how to enable the full integration and participation of these scholars at all levels in the academic hierarchy, and across all types of institutions. © 2021, The Author(s), under exclusive licence to Springer Science+Business Media, LLC, part of Springer Nature.",Diversity and inclusion; Intersectionality; Marketing academia; Racial discrimination; Racism,Springer,scopus-recommendation,3,Not Identified,"['diversity', 'systemic racism', 'underrepresented groups', 'marketing academy', 'research', 'recommendations']","The abstract discusses issues of diversity, systemic racism, and the experiences of underrepresented groups in the marketing academy, focusing on academic research rather than direct marketing applications. It does not fit neatly into the defined categories of Mechanical AI, Thinking AI, or Feeling AI, as it primarily addresses sociocultural and systemic issues rather than the specific marketing functions or strategies outlined in the categories.",0%,0%,0%,0%,100%
Customer’s digital advocacy: the impact of reviews and influencers in building trust for tourism and hospitality services,Dutta K.; Sharma K.; Goyal T.,2021,10.1108/WHATT-09-2020-0123,"Purpose: Marketers are focusing on the need for customer advocacy to influence other customers and drive consumption. The purpose of this paper is to explore whether online or digital advocacy influences customer decision-making related to the purchase of travel and tourism services. This paper will also identify the categories of influencers that stimulate purchase for travel and tourism. Influencers do want to know the kind of information customers are looking for. Design/methodology/approach: This paper is based on a primary survey of travelers to understand their degree of dependence on online reviews while making hospitality consumption-related decisions. Findings: This paper looks at both influencer marketing and online reviews by consumers to understand consumption toward advocated brand. Influencers who are perceived as unbiased in their viewpoints are trending on social media. Consumers gain trust in reviews that disclose reviewer information, number of relevant reviews are present over a period and presence of both unbiased positive and negative recommendations related to the establishment and prices versus performance. Practical implications: Marketers and influencers alike can gain from the factors influencing consumer trust toward online advocacy and reviewed information. Originality/value: Research is relevant for all stakeholders as it highlights the fact that consumers are looking at online reviews and one does not have to be a famous personality to influence purchase. It is relevant for influencers, as it highlights reasons for trust and various information cues that consumers are looking for. Research also gives perspective to influencers to refine online strategy and gain trust of more followers. © 2021, Emerald Publishing Limited.",Consumer trust; Customer’s digital advocacy; Electronic WOM; Influencer marketing; Online reviews,Emerald Group Holdings Ltd.,scopus-recommendation,16,Feeling AI,"['customer advocacy', 'influencers', 'trust', 'online reviews', 'consumer decision-making']","The abstract discusses how online advocacy and reviews influence customer decision-making in the travel and tourism sector. It emphasizes the emotional aspect of trust that consumers place in influencers and online reviews, as well as the importance of unbiased viewpoints and how they resonate with customers. This aligns with the focus of Feeling AI, which involves understanding and meeting customer emotional needs and wants.",70%,10%,20%,0%,0%
An exploratory study on local brand value development for Outlying Island Agriculture: Local food system and actor-network theory perspectives,Tang J.-W.; Chen M.-L.; Chiu T.-H.,2018,10.3390/su10114186,"Due to the sweeping influence of capitalism, most food processing is now done through standardized production workflows in order to quickly replicate and churn out a large quantity of products. This has led to an increasing number of homogenized and delocalized products flooding the market and a disconnection between consumers and local food producers. Penghu outlying island is rich in unique local agricultural products but seriously lacks brand images and channel strategies, as manifested in an unstable demand and supply, a high degree of homogeneity (in products) and the majority of farmers producing and selling their products autonomously. This study applies the local food system and actor-network theory as the basis of theoretical frameworks as well as agricultural practices in Penghu as the research object. We used field investigation, in-depth interview and the means-end chain method to examine important contextual factors' influence on the local agricultural food system, important actors and challenges and key influential factors for local brand value that affect the development of the local agricultural food system in Penghu outlying island. The actor-network perceptual map of local brand value proposed in this study can help agricultural practitioners when making decisions and can formulate strategies for their products to increase the product visibility and recognition. This perceptual map can also facilitate the expansion of the target customers and channel distributions suitable for individual agricultural products. Our study presents the following recommendations: increase the manpower of agricultural practices through the working holiday approach; local government should provide support enabling agriculture producers to gain professional knowledge in marketing; and agriculture producers should form cooperatives which focus on the unique local agricultural products that are produced and marketed locally in Penghu. © 2018 by the authors.",Actor-network theory; Local brand value; Local food system; Outlying island agriculture,MDPI,scopus-recommendation,12,Feeling AI,"['local agricultural products', 'brand value', 'customer engagement', 'emotional needs', 'marketing strategies']","The abstract emphasizes the disconnection between consumers and local food producers, highlighting the need for understanding customer emotional needs and developing strategies that resonate with these needs. It discusses how the actor-network perceptual map can aid agricultural practitioners in decision-making, product visibility, and recognition, which aligns closely with the focus on customer understanding and relationalization in marketing. The recommendations also suggest enhancing customer engagement through cooperative marketing strategies, pointing towards an emotional connection with local products.",70%,10%,20%,0%,0%
IS WHAT STUDENTS WANT WHAT THEY REALLY NEED? A VALUES VIEW OF UNDERGRADUATE MARKETING ELECTIVE COURSE OFFERINGS,Graham K.W.; Achenreiner G.; McDermott M.; Crosby E.,2020,10.1080/10528008.2020.1773277,"Prior research on marketing curriculum design suggests that new course offerings are driven by inputs from faculty resources and interests, student demand and willingness to enroll in the course, and feedback from alumni and employers regarding the skills students need to be successful in the workplace. In the face of the rising costs of higher education and declining enrollments, it is critical that curriculum be developed that strikes a balance between the values and needs of faculty, students, and employers. The current study explores the disconnect between courses students most desire to take and courses business professionals most recommend they take for career success. Utilizing Expectancy-Value Theory (EVT) and the Theory of Consumption Values (TCV) as lenses to explore student choice in regard to marketing elective course selection, this study offers empirical data on courses preferred by marketing students and recommended by employers. Findings elucidate similarities and differences between these two stakeholders, which faculty making curriculum decisions will need to navigate. Implications for theory and practice are discussed, including recommendations for curriculum design and strategies for balancing the preferences of students with the recommendations and demands of potential employers. © 2020 Society for Marketing Advances.",,Routledge,scopus-recommendation,8,Thinking AI,"['curriculum design', 'course offerings', 'student demand', 'employer recommendations', 'career success', 'market analysis', 'preferences']","The abstract discusses the alignment between the courses that students desire and those recommended by employers, which involves strategic analysis of market demands and educational offerings. This aligns with the 'Thinking AI' category as it focuses on market analysis and understanding the competitive landscape in educational contexts.",10%,0%,90%,0%,0%
Good and bad market research: A critical review of Net Promoter Score,Fisher N.I.; Kordupleski R.E.,2019,10.1002/asmb.2417,"Net Promoter Score, touted as the “single customer metric you need” and calculated from customers' answer to one simple question about their loyalty, has been in use since 2003 and adopted in a wide variety of settings. However, it has not lived up to its claimed benefits. This article evaluates the NPS approach in terms of its positive and negative results. This article is for people interested in NPS, still considering implementing NPS in their company, or interested in its technical underpinnings. It points out the benefits and shortcomings and explains why, and it describes what can be done to achieve the outcomes NPS theory claimed it would produce, but has not. The article is written in two parts for quite distinct audiences: firstly, for executives and managers who need customer data and information to make marketing decisions; and secondly, for market researchers, statisticians, and business analysts who are responsible for capturing and providing reliable, understandable, and meaningful customer data to the executives and managers who need the information. Consequently, the two sections are written in two different styles. The first section takes the form of a summary for managers and executives of our findings and recommendations in language aimed at business leaders; the second section provides a detailed analysis and critical review of NPS for market researchers, statisticians, and business analysts. Both sections present a better solution than NPS for understanding what customers value, delivering the best value to customers, winning market share, and creating truly loyal customers. © 2018 John Wiley & Sons, Ltd.",Customer Value Management; market research; satisfaction surveys; transaction surveys,John Wiley and Sons Ltd,scopus-recommendation,74,Thinking AI,"['customer data', 'market share', 'loyal customers', 'understanding customer value']","The abstract discusses the evaluation of the Net Promoter Score (NPS) as a tool for understanding customer loyalty and making marketing decisions. It emphasizes the need for reliable and meaningful customer data, which aligns with the focus of Thinking AI on market analysis and identifying competitive advantages. The article provides insights and recommendations for executives and market researchers, indicating a strategic analysis of customer metrics and decision-making processes rather than automated data collection or emotional engagement.",10%,15%,75%,0%,0%
"Segmentation of organic food consumers based on their attitudes, values and environmental beliefs",Beltrán L.S.,2019,10.22201/fca.24488410e.2018.1491,"The objective of this work was to segment consumers based on their attitudes, values and environmental beliefs in the purchase decision of organic products in the northern zone of Sonora, to provide recommendations to the actors (public and private organizations) that involved in the organic food market. To do this, an Exploratory Factor Analysis (AFE) was initially carried out and then a cluster analysis to segment the consumers by their attitudes, values and beliefs. Two segments were identified (environmentally participative and environmentally consistent). This finding presents opportunities and challenges for private and public organizations, for the first considering consumer segments in the area, they may devise marketing strategies on organic products and for the second ones, they must include environmental education in their stimuli to improve awareness of people. © 2019 Universidad Nacional Autónoma de México, Facultad de Contaduría y Administración.",Attitudes; Beliefs; Consumers; Marketing; Values,Universidad Nacional Autonoma de Mexico,scopus-recommendation,6,Thinking AI,"['segment', 'attitudes', 'values', 'beliefs', 'marketing strategies', 'consumer segments']","The abstract focuses on segmenting consumers based on their attitudes, values, and environmental beliefs regarding organic products. This aligns with the Thinking AI category, which emphasizes market analysis and targeting through consumer segmentation. The identification of different consumer segments (environmentally participative and environmentally consistent) indicates a strategic analysis to enhance marketing approaches, which is a core aspect of Thinking AI.",10%,5%,85%,0%,0%
Uncertainty representation and risk management for direct segmented marketing,Pachamanova D.; Lo V.S.Y.; Gülpınar N.,2020,10.1080/0267257X.2019.1707265,"Mining for truly responsive customers has become an integral part of customer portfolio management, and, combined with operational tactics to reach these customers, requires an integrated approach to meeting customer needs that often involves the application of concepts from traditionally distinct fields: marketing, statistics, and operations research. This article brings such concepts together to address customer value and revenue maximisation as well as risk minimisation for direct marketing decision-making problems under uncertainty. We focus on customer lift optimisation given the uncertainty associated with lift estimation models, and develop risk management and operational tools for the multiple treatment (recommendation) problem using stochastic and robust optimisation techniques. Results from numerical experiments are presented to illustrate the effect of incorporating uncertainty on the performance of recommendation models. © 2020, © 2020 Westburn Publishers Ltd.",estimation uncertainty; marketing revenue management; risk management; robust optimisation; stochastic programming; Uplift modelling,Routledge,scopus-recommendation,10,Thinking AI,"['customer value', 'revenue maximisation', 'risk minimisation', 'decision-making', 'uncertainty', 'optimisation', 'recommendation', 'stochastic', 'robust optimisation']","The abstract discusses methods for maximising customer value and revenue while minimising risk in direct marketing decision-making, indicating a focus on strategic analysis and market optimization. It also emphasizes the use of optimisation techniques to improve recommendation models, aligning closely with the definitions under Thinking AI that involve market analysis and targeting.",0%,0%,100%,0%,0%
Personalized product recommendations and firm performance,Basu S.,2021,10.1016/j.elerap.2021.101074,"This paper investigates the incentives of e-commerce platforms to show personalized recommendations and its effects on performance. A theoretical framework is developed that characterizes the optimal decision policy of a firm, given current state of shoppers. The key finding is that the firm must always show recommendations to shoppers in the high state above a certain price or value threshold. In the low state, recommending is optimal if the “salience effect” is above a threshold that maximizes discounted future stream of profits. An empirical model provides support to the theoretical findings, highlighting the reputation effects of personalized recommendations, using browsing and purchase data from a Finnish multi-product platform. While recommendations are associated with a 29% increase in firm revenue, relevance of such recommendations potentially boost revenue by a significant 30%. Furthermore, strong evidence is presented that consumer state is endogenous in firm revenue regressions. A three-step IV process extracts the direct effect of consumer state on revenue which shows positive association between reputation effects and firm performance. © 2021 The Author(s)",e-commerce; personalized recommendations; reputation effects,Elsevier B.V.,scopus-recommendation,17,Thinking AI,"['personalized recommendations', 'firm revenue', 'consumer state', 'market analysis', 'performance']","The abstract discusses the strategic analysis of e-commerce platforms in relation to personalized recommendations and their impact on firm performance. It highlights the importance of understanding consumer states and how these affect revenue, which aligns with market analysis and targeting strategies inherent in Thinking AI. The focus on empirical models and theoretical frameworks further supports this classification.",0%,0%,100%,0%,0%
Evolution of collaborative networks of solar energy applied technologies,de Paulo A.F.; Porto G.S.,2018,10.1016/j.jclepro.2018.08.344,"This paper proposes to investigate solar energy applied patents published between 1997 and 2016. Social network analysis and Source path link count algorithms are used as a method to identify technological routes, trends, promising technologies, cooperation features and market of interest protection. Patents applied in Japan and Brazil were selected for analysis of several issues, showing two different contexts when it comes to innovation in solar energy. Mapping these issues can support governments, companies and universities in their decisions about solar energy applications, offering data of the most relevant technologies, their owners, relationships between them, as well as their marketing protection coverage through reliable and replicable metrics. It enables an analysis of competitive technological intelligence and can be used as a tool for Research and Development manager's decisions of future efforts and investments. Companies can observe in a simplified way, standards that are followed and adopted by scientists and market, bringing a possibility of increasing technological knowledge that previously had only empirical means. In addition, government can understand the dynamic of solar energy development from/to their countries and propose policies that improve the use of solar energy in an urban environment. Also, a set of recommendations based on findings was provided to construct a better environment for cooperation and to improve solar energy researches. © 2018 Elsevier Ltd",Emerging technology; Solar energy; Sustainable technologies; Technological cooperation; Technological routes,Elsevier Ltd,scopus-recommendation,34,Not Identified,"['solar energy', 'patents', 'technological routes', 'market protection', 'competitive technological intelligence', 'government policies']","The abstract discusses the investigation of solar energy patents and the use of social network analysis to identify technological trends and cooperation features. While it touches on aspects of market analysis and technological intelligence, it does not fit neatly into the categories provided, especially those focused on customer understanding, emotional data, or direct marketing applications. Instead, it centers on innovation in solar energy and the implications for governments, companies, and universities, which are not directly related to marketing as defined by the categories.",0%,0%,0%,0%,100%
Perceived risk and destination knowledge in the satisfaction-loyalty intention relationship: An empirical study of european tourists in vietnam,Cong L.C.,2021,10.1016/j.jort.2020.100343,"Tourists’ satisfaction plays an important role in their decision to return to their previous destinations. The complexity of the relationship between satisfaction and loyalty, however, has been increasingly acknowledged in marketing thought and practice. The objective of this study is to explore and test the combined roles of perceived risk and destination knowledge in the satisfaction-loyalty intention relationship. The results indicate the direct effects of perceived risk on visitors’ satisfaction and loyalty intentions. Furthermore, perceived destination knowledge is positively related to visitors’ satisfaction and both the intention to make WOM (word-of-mouth) recommendations and to return. In particular, the effects of visitors’ satisfaction on intention to return and to make WOM recommendations become stronger through the positive moderating effect of perceived destination knowledge. The findings clarify the understanding of how perceived risk and destination knowledge can predict the satisfaction and destination loyalty of tourists. This paper provides a number of managerial implications for communication strategies to improve tourist loyalty. Management implications: This study reinforces established ideas for communication strategies to improve European tourist loyalty: Perceived risk is negatively related to both visitors’ satisfaction and the intention to return. Tourists’ satisfaction is positively related to the intention to recommend by WOM. A positive impact on intentional loyalty, perceived destination knowledge helps to increase tourists’ satisfaction. Perceived destination knowledge increases the satisfaction-intention to return/intention to recommend by WOM relationship. © 2020 Elsevier Ltd",Knowledge; Loyalty intention; Risk; Satisfaction,Elsevier Ltd,scopus-recommendation,30,Feeling AI,"['satisfaction', 'loyalty', 'perceived risk', 'destination knowledge', 'word-of-mouth', 'customer engagement']","The abstract discusses the relationship between tourist satisfaction and loyalty intentions, emphasizing the emotional aspects of customer understanding (satisfaction) and the role of perceived destination knowledge in enhancing these feelings. It highlights the importance of emotional data in understanding customer needs and desires, which aligns with the goals of Feeling AI. Additionally, the study provides managerial implications for communication strategies to improve tourist loyalty, further linking it to customer engagement and relationalization.",70%,10%,20%,0%,0%
Key industries factors for and building its customers trust in the context of high technology pharmaceutical,Prado M.F.A.; de Almeida L.F.,2019,10.5585/remark.v18i2.3942,"Objective: This study aimed to understand the key factors in building trust between high-tech drug manufacturers and their business customers. Method: In-depth interviews to obtain the perception of health professionals who work in oncology clinics regarding six key factors to build trust consistently found in the literature. Qualitative content analysis was used for data coding and interpretation. Originality / Relevance: Present research innovates by offering a systematization of the antecedents of trust present in the previous literature that discusses the trust construct. It also offers a qualitative empirical study unprecedented in this thematic applied to the high technology pharmaceutical sector. Results: Supplier competence emerged as a strength factor of confidence in building trust for all professional’s categories interviewed. However, the others factors demonstrated variance in importance among the professional’s categories. Theoretical / methodological contributions: The research allowed to qualitatively evidence the causal relationship between the trust construct and its antecedents in the high technology pharmaceutical sector, as well as its variability according to the profiles of each professional category involved in the decision-making process for new suppliers. Social / management contributions: Research findings allowed for consolidation of five key recommendations for relationship managers in the high-tech pharmaceutical industries. © 2020 Journal of Nanjing Agricultural University. All rights reserved.",Business Marketing; Confidence; Marketing of relationship; Pharmaceutical industry,Universidade Nove de Julho-UNINOVE,scopus-recommendation,0,Out of Scope,"['trust', 'high-tech drug manufacturers', 'oncology clinics', 'health professionals', 'supplier competence', 'recommendations', 'relationship managers']","The abstract discusses trust-building factors between high-tech drug manufacturers and health professionals in oncology clinics, focusing on supplier competence and recommendations for relationship management. This context is primarily related to healthcare and pharmaceutical sectors rather than marketing applications of AI, making it out of scope for the provided categories.",0%,0%,0%,100%,0%
"Intra-Household Gender Relations and Women Participation in Non-Industrial Private Forestry in the Southern Highlands of Tanzania; [Relations entre sexes et participation des femmes au sein des foyers dans la foresterie privée non-industrielle des terres hautes du sud, en Tanzanie]",Nsenga J.V.; Mwaseba D.L.,2021,10.1505/146554821832140349,"HIGHLIGHTS The family or household provides the major source of labour for undertaking silvicultural practices involved in tree growing. Gender division of labour characterizes silvicultural practices in private forestry. Gender-based allocation of labour is influenced by experience of a household member related to a particular activity as well as competing labour demand in a cropping season. Men play a key and dominant role in decision making on the allocation of labour and marketing of timber. Mere ownership of woodlots by women is not a feasible pathway to having control over income obtained from the sales of timber from their woodlots. SUMMARY This paper draws on a study conducted in the selected districts of Iringa and Njombe regions in the Southern Highlands of Tanzania where over the past decade Non-industrial Private Forestry (NIPF) has emerged involving village-based domestic investors. Data for the study were largely collected using focus group discussions (FGDs) of men and women tree growers. Data were analysed using content analysis focusing on the emerging themes, subthemes, and patterns. The paper shows that gender division of labour characterizes silvicultural practices in private forestry. Men play a key and dominant role in decision making on the allocation of labour and marketing of timber. We argue that, given this arrangement, as long as men continue to dominate the market sphere, mere ownership of woodlots by women is not a feasible pathway to having control over income obtained from the sales of timber from their woodlots. To address this, the paper comes up with some recommendations. © 2021 Commonwealth Forestry Association. All rights reserved.",intra-household gender relations; non-industrial private forestry; participation; Tanzania; women,Commonwealth Forestry Association,scopus-recommendation,5,Out of Scope,[],"The abstract discusses gender roles in silvicultural practices and decision-making in private forestry, particularly in the context of Tanzania. It does not relate to marketing applications of AI, such as data collection, market analysis, or customer understanding. The focus is on social dynamics and labor allocation rather than marketing strategies or consumer behavior.",0%,0%,0%,100%,0%
Using marketing management to ensure competitiveness of agricultural enterprises,Balanovska T.; Gogulya O.; Dramaretska K.; Voskolupov V.; Holik V.,2021,10.51599/are.2021.07.03.09,"Purpose. The objective of the study is to substantiate the feasibility of marketing management implementation in agricultural enterprises to ensure their competitiveness. Methodology / approach. To achieve the research objective, the dialectical method of scientific inquiry, as well as general scientific methods, such as analysis, synthesis, comparison, economic-and-mathematical modeling (balance-optimization model), visualization and generalization were used to collect, analyze, evaluate, inform and present the study results and conclusions. Results. It was substantiated that marketing management, as a prominent component of crisis management, should be introduced in agricultural enterprises to identify most promising areas of their activity within current business environment in order to ensure their competitiveness. The efficiency and prospects of organic produce farming in Ukraine have been proved, as a contribution to the improvement of the economic, social and ecological conditions in the country. It was suggested that agricultural enterprises should apply a strategy of full or partial diversification of activities based on organic farming. The study presented the use of a balance-optimization model to make informed management decisions as to optimization of the crop sector production structure of an agricultural enterprise, focused on market demand and compliant with principles of sustainable development. The essence of the model is the calculation of the gross output value under the condition of using different options for fertilizer application in crop cultivation. Originality / scientific novelty. The scientific approach to the using marketing management in agricultural enterprises, which provides for the application of methods of economic-and-mathematical modeling for the production of agricultural products based on organic farming, to ensure their competitiveness was improved. Practical value / implications. The applied value of this research is in elaboration of specific recommendations for making informed management decisions to optimize the production structure of the crop sector of an agricultural enterprise, focused on market demand and compliant with principles of sustainable development. © 2021, Institute of Eastern European Research and Consulting. All rights reserved.",Agricultural enterprise; Competitiveness; Marketing management; Organic agriculture; Organic produce farming; Organic products,Institute of Eastern European Research and Consulting,scopus-recommendation,9,Thinking AI,"['marketing management', 'competitiveness', 'market demand', 'optimization', 'diversification', 'economic-and-mathematical modeling']","The abstract discusses the implementation of marketing management in agricultural enterprises to ensure competitiveness, highlighting the use of economic-and-mathematical modeling for optimizing production based on market demand. This aligns with the focus on market analysis and targeting strategies of Thinking AI, as it emphasizes the identification of promising areas for business activity and informed decision-making based on market conditions.",0%,0%,100%,0%,0%
Identifying the switching determinants of mobile enterprise customers: The perspective of pull - push mooring model and mobile number portability,Ramnath Babu C.N.S.; Sundar S.,2019,10.17010/ijom/2019/v49/i6/144697,"This study aimed at finding out the key determinants of switching behaviour among the enterprise customers of mobile network operators based on the push - pull - mooring theory and to ascertain the influence of mobile number portability on switching behaviour. An extensive review of literature coupled with focus group discussion and 11 one-to-one in-depth interviews provided the impetus to the design and development of the survey instrument, which was then administered through e-mail to the enterprise customers in rest of Tamil Nadu telecom circle. This descriptive research study adopted multi­stage, non-probability sampling method and convenience sampling technique to administer the field and e-mail survey to collect the primary data. This study identified the push factors (network services, billing system, service encounters, technology, and convenience) and pull factors (reputation, brand image, word-of-mouth recommendation, and pricing) that caused switching as well as the mooring factor (switching cost) that influenced the customers' decision to stay with or switch from the current in-use service provider. These factors will help mobile network operators (MNOs) to identify unsatisfied customers and to optimally allocate marketing resources to retain them satisfied and loyal to the brand, and also to acquire new customers. © 2019, Associated Management Consultants Pvt. Ltd.. All rights reserved.",Mobile network operator; Mobile number portability; Push-pull-mooring theory; Switching behaviour,Associated Management Consultants Pvt. Ltd.,scopus-recommendation,3,Thinking AI,"['switching behaviour', 'push factors', 'pull factors', 'mooring factor', 'customer retention', 'marketing resources']","The abstract discusses the determinants of switching behavior among mobile network operator customers, highlighting push and pull factors that influence customer decisions. This aligns closely with market analysis and targeting strategies, as the study aims to identify the reasons behind customer switching, which can inform competitive marketing strategies. The focus is on understanding customer preferences and behaviors to optimize marketing efforts, fitting well under the 'Thinking AI' category.",10%,10%,80%,0%,0%
A quantitative investigation on awareness of renewable energy building technology in the United Arab Emirates,Albattah M.; Attoye D.E.,2021,10.3390/su13126665,"Sustainability in architecture engages a wide range of considerations in the light of the significant negative impact of buildings on the environment. One aspect of research in this parlance engages the technological and the social dimensions of building innovation, which promote the use of renewable technology as a mitigation strategy. The challenge, however, is that the end-users or building clients do not always have sufficient awareness and information regarding these technologies to guide their decision to accept it. Consequently, the diffusion of said innovations is slow, and the environmental or building problems they were invented to solve persist at the expense of both humanity and the environment. This study, therefore, focuses on a quantitative investigation to ascertain the level of awareness and interest of residents in the United Arab Emirates (UAE) on Building Integrated Photovoltaics (BIPV) as an example of renewable energy-based building technology. In this study, 289 residents participated, following the distribution of a questionnaire to demographically distinct individuals. This distinction was used in the analysis to highlight different groups such as, gender, generations, and occupational background of the respondents. The findings of the study show, firstly, that there is a high level of awareness of BIPV in the sample. The study also shows that comparing awareness with each of these demographic variables produced a second layer of findings. For example, the statistical analysis showed that there is no significant difference between the level of awareness and any of the demographic characteristics of the study participants. However, there is a significant statistical difference (p = 0.000) between awareness and interest in BIPV. In concluding this study, recommendations for further research that elaborates other statistical variables and tests, as well as a follow-up qualitative investigation are planned and outlined for future studies. The findings of this investigation may be of benefit to researchers, policy makers, as well as energy companies and marketing agencies within and outside the region. © 2021 by the authors. Licensee MDPI, Basel, Switzerland.",Awareness; Building integrated photovoltaics; Demographics; Questionnaire; Renewable energy; Sustainability; United Arab Emirates,MDPI AG,scopus-recommendation,12,Out of Scope,[],"The abstract discusses sustainability in architecture and the awareness of renewable energy technologies, such as Building Integrated Photovoltaics (BIPV), but does not relate directly to marketing applications or the use of AI in marketing contexts. It focuses on environmental challenges and the sociotechnical dynamics around building innovations rather than marketing strategies or customer engagement.",0%,0%,0%,100%,0%
