Title,Authors,Year,DOI,Abstract,Keywords,Publisher,Source,Cited,classification,keywords,rationale,Feeling AI,Mechanical AI,Thinking AI,Out of Scope,Not Identified
Using ‘Big Data’ for analytics and decision support,Power D.J.,2014,10.1080/12460125.2014.888848,"People and the computers they use are generating large amounts of varied data. The phenomenon of capturing and trying to use all of the semi-structured and unstructured data has been called by vendors and bloggers ‘Big Data’. Organisations can capture and store data of many types from almost any source, but capturing and storing data only adds value when it has a useful purpose. Big Data must be used to provide input to analytics and decision support capabilities if it is to create real value for organisations. Some bloggers, industry leaders and academics have become disillusioned by the term Big Data. It is a marketing term and not a technical term. More descriptive terms like unstructured data, process data and machine data are more useful for information technology (IT) professionals. Researchers need to study and document use cases that explain how specific, novel data, so-called Big Data, can be used to support decision-making. © 2014, © 2014 Taylor & Francis.",Analytics; Big Data; decision support; machine data,Taylor and Francis Ltd.,scopus-big data,109,Not Identified,"['Big Data', 'analytics', 'decision support', 'unstructured data', 'data storage']","The abstract discusses the concept of Big Data, its potential uses, and the disillusionment with the term. It emphasizes the need for using data for analytics and decision-making, but does not specifically align with the emotional understanding, automated processes, or strategic analysis outlined in the other categories. Thus, it does not fit neatly into any classification.",0%,0%,0%,0%,100%
Applying big data to guide firms’ future industrial marketing strategies,Gnizy I.,2020,10.1108/JBIM-06-2019-0318,"Purpose: While big data (BD), a transformative emerging phenomenon on its youth, plays a growing role in organizations in improving marketing decision-making, few academic works examine the mechanism through which BD can be applied to guide future competitive advantage strategies. The purpose of this paper is to examine if BD’s predictive power helps business to business (B2B) firms selecting their intended generic (differentiation, focus, and cost leadership) strategies. Design/methodology/approach: Drawing on the learning theory, the study proposes the use of BD as a key driver of intended strategies. Based on data from a cross-industry sample of executives, a conceptual model is tested using path and robustness analyses. Findings: The use of BD plays a prominent role in the selection of intended future strategies in industrial markets. Additional tests demonstrate conditions of competitive intensity and strategic flexibility where BD is more and less beneficial. Research limitations/implications: The study furthers the understanding of traditional learning and intelligence use frameworks and of contemporary future strategies drivers. Practical implications: BD availability enables managers leveraging knowledge embedded in data-rich systems to gain predictive insights that help in guiding new strategic directions to maintain competitive advantage. Originality/value: The study reinforces the continued applicability of Porter’s generic positioning strategies in the digital era. It addresses the paucity of research on BD in B2B context and is the first to provide theoretical and practical reflections on how BD utilization influences industrial intended strategies. The study strengthens contemporary managerial views defending that data drive strategies rather than the opposite. © 2020, Emerald Publishing Limited.",Big data; Cost leadership strategy; Differentiation strategy; Focus strategy; Future strategy,Emerald Group Holdings Ltd.,scopus-big data,16,Thinking AI,"['big data', 'predictive power', 'marketing decision-making', 'strategic flexibility', 'competitive advantage']","The abstract discusses how big data can be utilized to enhance marketing decision-making and inform strategic choices in B2B firms. It emphasizes the predictive aspect of big data, linking it to the selection of competitive strategies. This aligns with the focus on market analysis and targeting seen in the Thinking AI category, where data is used to analyze market conditions and inform strategic positioning.",0%,0%,100%,0%,0%
Growth hacking: Insights on data-driven decision-making from three firms,Troisi O.; Maione G.; Grimaldi M.; Loia F.,2020,10.1016/j.indmarman.2019.08.005,"Theoretical background: The work explores how Big Data analysis can reshape marketing decision-making in B2B sector. Deriving from Data-Driven Decision-Making (DDDM) approach, the Growth Hacking model is employed to investigate the role of cognitive computing and big data analytics in redefining business processes. Purpose: The main objectives of the study are: 1) to assess how a data-driven orientation to the use of big data analytics and cognitive computing can reframe marketing decisions in B2B segment; 2) to explore whether the adoption Growth Hacking can be helpful in exploiting the opportunities offered by big data analytics and cognitive computing in B2B marketing. Methodology: The paper is based on Action Research (AR) methodology that permits researchers to participate actively in the observation of businesses and to examine how decisions are undertaken and managed over time. Results: The main findings allow identifying the most common strategies and tactics employed in three companies operating in different B2B sectors to exploit the opportunities offered by cognitive computing and big data analytics according to a data-driven marketing approach. Based on the application of the Growth Hacking model, the tools of analytics and the main objectives, outcomes and implications on marketing decision-making are revealed. Originality: The identification of the main objectives and outcomes produced across the three dimensions of the Growth Hacking model (data analysis, marketing and programming) can help academics and practitioners to understand the main levers to attain marketing goals, such as the enhancement of relationship with customers (CRM), continuous learning and development of new products and potential innovation. © 2019 Elsevier Inc.",Action research; Big data analytics; Business-to-business (B2B); Cognitive computing; Growth hacking marketing; High-tech companies; Marketing decisions,Elsevier Inc.,scopus-big data,109,Thinking AI,"['big data analytics', 'cognitive computing', 'data-driven decision-making', 'Growth Hacking', 'B2B marketing', 'marketing decision-making', 'strategies', 'tactics']","The abstract discusses how big data analytics and cognitive computing can reshape marketing decision-making in the B2B sector, aligning closely with the definitions under Thinking AI, particularly in market analysis and targeting. The study focuses on assessing how a data-driven orientation can reframing marketing decisions, which ties into the use of marketing analytics to identify competitive advantages and recommend optimal targets.",10%,20%,70%,0%,0%
Analysing customer behaviour in mobile app usage,Chen Q.; Zhang M.; Zhao X.,2017,10.1108/IMDS-04-2016-0141,"Purpose - Big data produced by mobile apps contains valuable knowledge about customers and markets and have been viewed as productive resources. The purpose of this paper is to propose a multiple methods approach to elicit intelligence and value from big data by analysing the customer behaviour in mobile app usage. Design/methodology/approach - The big data analytical approach is developed using three data mining techniques: RFM(recency, frequency, monetary) analysis, link analysis, and association rule learning. The authors then conduct a case study to apply this approach to analyse the transaction data extracted from a mobile app. Findings - This approach can identify high value and mass customers, and understand their patterns and preferences in using the functions of the mobile app. Such knowledge enables the developer to capture the behaviour of large pools of customers and to improve products and services by mixing and matching the functions and offering personalised promotions and marketing information. Originality/value - The approach used in this study balances complexity with usability, thus facilitating corporate use of big data in making product improvement and customisation decisions. The approach allows developers to gain insights into customer behaviour and function usage preferences by analysing big data. The identified associations between functions can also help developers improve existing, and design new, products and services to satisfy customers' unfulfilled requirements. © 2017 Emerald Publishing Limited.",Big data; Customer behaviour; Mobile app,Emerald Group Publishing Ltd.,scopus-big data,41,Thinking AI,"['big data', 'customer behaviour', 'data mining', 'personalized promotions', 'market analysis', 'product improvement']","The abstract discusses the use of big data analytics to understand customer behavior and preferences through data mining techniques, which aligns with market analysis and targeting strategies. The approach aims to personalize marketing efforts based on insights gained from customer data, fitting well within the Thinking AI category focused on strategic analysis and personalization.",0%,20%,80%,0%,0%
Big data analytics adoption: Determinants and performances among small to medium-sized enterprises,Maroufkhani P.; Tseng M.-L.; Iranmanesh M.; Ismail W.K.W.; Khalid H.,2020,10.1016/j.ijinfomgt.2020.102190,"Big data analytics (BDA) adoption is a game-changer in the current industrial environment for precision decision-making and optimal performance. Nonetheless, the determinants or consequences of its adoption in small and medium enterprises remain unclear, hence the objective of this study. Data analysis of 171 Iranian small and medium manufacturing firms revealed that complexity, uncertainty and insecurity, trialability, observability, top management support, organizational readiness, and external support affect significantly on BDA adoption. The findings confirm the strong impact of BDA adoption in small to medium-sized enterprises, marketing and financial, performance enhancement. Understanding the drivers of BDA adoption helps managers to employ appropriate initiatives that are vital for effective implementation. The results enable BDA service providers to attract and diffuse BDA in small to medium-sized enterprises. © 2020 Elsevier Ltd",Big data analytics adoption; Firm performance; Small to medium-sized enterprises; Technological-organizational-environmental model,Elsevier Ltd,scopus-big data,270,Thinking AI,"['big data analytics', 'decision-making', 'performance enhancement', 'market analysis', 'drivers of BDA adoption', 'management support']","The abstract discusses the adoption of big data analytics (BDA) in small and medium enterprises, emphasizing its impact on precision decision-making and performance enhancement. This aligns with the 'Thinking AI' category, which focuses on market analysis and the identification of competitive advantages. The findings enable managers to understand the drivers influencing BDA adoption, which relates to strategic analysis and targeting.",0%,20%,80%,0%,0%
Social media as a strategic tool: Going beyond the obvious,Arora P.; Predmore C.E.,2013,10.1108/S1877-6361(2013)0000011010,"Purpose - This chapter demonstrates the strategic use of social media by firms interacting with stakeholders, not just customers. Corporations have seen how consumers can share their experiences with products and services. Smart companies find ways to leverage these conversations to engage current and potential customers and other stakeholders. Design/methodological approach - Our approach is theoretical, based on an examination of how the communication channel of social media can be used as a strategic tool throughout the organization, going well beyond marketing. Findings - This chapter looks at four advantages of social media. Social media provides a mechanism for firms to not just find customers, but also allow customers to find firms. Social media can engage customers, industry influencers, and thought pundits in cost-effective ways that benefit both the firm and stakeholders. The largest contribution of social media is the information from big data on customer needs and wants as well as on the processes underlying consumer decisions. The greatest opportunity lies in how a firm converts data into actionable intelligence in real time. Practical applications - We discuss how the words, social and media, need to be de-coupled: The concept of social can be practically applied very effectively to areas of strategy and internal learning, and product development. Taking advantage of the opportunities presented by social media requires a social enterprise to be effective. Originality - This chapter presents an original theoretical framework of social media that can be used by a company to examine the social aspects and implications of every element in the value chain. Copyright © 2013 by Emerald Group Publishing Limited All rights of reproduction in any form reserved.",Big data; Social media; Strategic planning,,scopus-big data,13,Feeling AI,"['stakeholders', 'customer needs', 'engage', 'conversations', 'emotional needs', 'customer experiences']","The abstract emphasizes the importance of understanding customer needs and engaging with both customers and stakeholders through social media. It discusses leveraging conversations and emotional data to enhance customer interactions and improve product development, which aligns closely with the goals of Feeling AI in understanding and meeting emotional needs.",60%,20%,20%,0%,0%
Do conversational platforms represent the next big digital marketing opportunity?,Copulsky J.,2019,10.69554/hiur2549,"This paper examines the evolution of conversational platforms. Over the next three to five years, the technology will likely evolve rapidly, allowing conversational platforms to move beyond established customer service use cases to applications that facilitate more informed customer decision-making and create more immersive brand engagement experiences. Marketers will need to sort through the legal, regulatory and brand trust issues associated with the Big Data generated by conversational platforms, as well as integrate conversational platforms into their user experience roadmap, data strategies and marketing technology stack. © Henry Stewart Publications.",Brand engagement; Brand trust; Chatbots; Conversational platforms; Customer experience; Digital marketing; Recommender systems; Virtual assistants,Henry Stewart Publications,scopus-big data,13,Thinking AI,"['conversational platforms', 'customer decision-making', 'brand engagement', 'Big Data', 'user experience roadmap', 'data strategies']","The abstract discusses the evolution of conversational platforms and their potential to enhance customer decision-making and brand engagement, which aligns with the strategic analysis focus of Thinking AI. The mention of sorting through legal and regulatory issues associated with Big Data indicates a need for market analysis and understanding competitive advantages. Additionally, it suggests the integration of these platforms into marketing strategies, which is a characteristic of Thinking AI applications.",0%,0%,100%,0%,0%
Customer Segmentation for Expressway ETC System; [高速公路ETC 客户细分方法研究],Qian C.; Yang M.; Geng J.; Xu H.-K.,2018,10.16097/j.cnki.1009-6744.2018.04.034,"Applying big data technology, a customer segmentation method of electronic toll collection (ETC) system is presented based on vehicle behavioral characteristics. A segmentation index system of ETC customer consisting of Recency, Frequency, and Monetary is constructed and extracted using ETC data. The whole sample clustering analysis of ETC customer is accomplished by CLARA algorithm while overcoming the invalidation problem on big data clustering. The decision tree of ETC customer segmentation is finally built and transformed into a set of segmentation rules. The empirical results indicate that the proposed method has a better ability to analyze the traveling characteristics, present values and appreciation potentials for different classifications of ETC customers. It provides an innovative idea to implement precision marketing and make hierarchical discount rates for ETC customers. Meanwhile, it provides theoretical support to further increase of ETC customer scale and paying ratio, as improve decision-making level in expressway operation and management. Copyright © 2018 by Science Press.",Big data; Customer segmentation; ETC; Highway transportation; Star rating,Science Press,scopus-big data,5,Mechanical AI,"['customer segmentation', 'big data technology', 'clustering analysis', 'ETC customer', 'segmentation rules', 'precision marketing']","The abstract discusses applying big data technology for customer segmentation based on vehicle behavioral characteristics. It focuses on the use of mechanical AI for data collection and clustering analysis of customers in the electronic toll collection (ETC) system, aiming to automate the understanding of customer preferences and characteristics. The mention of constructing a segmentation index system further aligns with the examples under Mechanical AI, which involves using AI to identify customer patterns and automate processes related to customer data.",0%,80%,20%,0%,0%
Marketing analytics for data-rich environments,Wedel M.; Kannan P.K.,2016,10.1509/jm.15.0413,"The authors provide a critical examination of marketing analytics methods by tracing their historical development, examining their applications to structured and unstructured data generated within or external to a firm, and reviewing their potential to support marketing decisions. The authors identify directions for new analytical research methods, addressing (1) analytics for optimizingmarketing-mix spending in a data-rich environment, (2) analytics for personalization, and (3) analytics in the context of customers' privacy and data security. They review the implications for organizations that intend to implement big data analytics. Finally, turning to the future, the authors identify trends that will shape marketing analytics as a discipline as well as marketing analytics education. © 2016, American Marketing Association.",Big data; Marketing analytics; Marketing mix; Personalization; Privacy,American Marketing Association,scopus-big data,646,Thinking AI,"['marketing analytics', 'data-rich environment', 'optimizing marketing-mix', 'personalization', 'customer privacy', 'data security']","The abstract discusses marketing analytics methods, focusing on their historical development and applications to structured and unstructured data. It emphasizes the potential of analytics to support marketing decisions, especially in optimizing marketing-mix spending and personalization. These themes align closely with the 'Thinking AI' category, which focuses on market analysis, targeting, and personalization strategies based on customer data.",10%,20%,70%,0%,0%
From academic research to marketing practice: Exploring the marketing science value chain,Roberts J.H.; Kayande U.; Stremersch S.,2014,10.1016/j.ijresmar.2013.07.006,"We aim to investigate the impact of marketing science articles and tools on the practice of marketing. This impact may be direct (e.g., an academic article may be adapted to solve a practical problem) or indirect (e.g., its contents may be incorporated into practitioners' tools, which then influence marketing decision making). We use the term ""marketing science value chain"" to describe these diffusion steps, and survey marketing managers, marketing science intermediaries (practicing marketing analysts), and marketing academics to calibrate the value chain.In our sample, we find that (1) the impact of marketing science is perceived to be largest on decisions such as the management of brands, pricing, new products, product portfolios, and customer/market selection, and (2) tools such as segmentation, survey-based choice models, marketing mix models, and pre-test market models have the largest impact on marketing decisions. Exemplary papers from 1982 to 2003 that achieved dual - academic and practice - impact are Guadagni and Little (1983) and Green and Srinivasan (1990). Overall, our results are encouraging. First, we find that the impact of marketing science has been largest on marketing decision areas that are important to practice. Second, we find moderate alignment between academic impact and practice impact. Third, we identify antecedents of practice impact among dual impact marketing science papers. Fourth, we discover more recent trends and initiatives in the period 2004-2012, such as the increased importance of big data and the rise of digital and mobile communication, using the marketing science value chain as an organizing framework. © 2013 The Authors.",,Elsevier,scopus-big data,78,Thinking AI,"['marketing science', 'impact', 'decision making', 'market selection', 'segmentation', 'pricing', 'tools', 'brand management', 'analytics', 'customer preferences']","The abstract discusses the impact of marketing science on practical marketing decisions, emphasizing areas such as brand management, pricing, and market selection, which align with market analysis and targeting. The identified tools, such as segmentation and marketing mix models, are used for strategic analysis and decision-making, which is a key characteristic of Thinking AI. The focus on how academic insights are applied to practical marketing scenarios further supports this classification.",0%,0%,100%,0%,0%
"Tourism marketing research: Past, present and future",Dolnicar S.; Ring A.,2014,10.1016/j.annals.2014.03.008,"This paper creates a Tourism Marketing Knowledge Grid and uses it as a framework for the review. The grid reveals that extant tourism marketing research has primarily focused on how service promises are made and kept, and has mostly generated frameworks to improve managerial decision making or provided insights about associations between constructs. Strategic principles, underpinned by the understanding of cause-effect relationships, are rare. These findings point to exciting opportunities for future research, including increased attention on enabling promises made to tourists and development of strategic and research principles; increased use of experimental, quasi-experimental and longitudinal research designs, as well as unstructured qualitative designs; and an increased focus on the study of actual behavior. © 2014 Elsevier Ltd.",Big data; Marketing knowledge; Promise management; Tourism marketing; Tourism marketing knowledge grid,Elsevier Ltd,scopus-big data,138,Thinking AI,"['tourism marketing', 'strategic principles', 'cause-effect relationships', 'managerial decision making', 'research designs', 'actual behavior']","The abstract discusses the development of a Tourism Marketing Knowledge Grid and highlights the need for strategic principles and understanding cause-effect relationships in tourism marketing research. This aligns with the 'Thinking AI' category, which focuses on market analysis and identifying competitive advantages. The call for increased use of experimental and longitudinal research designs suggests a focus on analytical and strategic insights rather than emotional or automated processes.",10%,5%,85%,0%,0%
When ‘significant’ is not significant,Kennedy R.; Scriven J.; Nenycz-Thiel M.,2014,10.2501/ijmr-2014-041,"Big data is here for some and coming for many. It promises access to new knowledge along with some challenges, but let's not forget the important lessons of the past to ensure that we are advancing knowledge and making the right decisions from the data we have. In this paper, we submit that marketing's emphasis on statistical significance is misplaced, especially in the new world of big data. We include case examples to demonstrate how statistical significance is easy to find, but not necessarily important. We will also discuss the alternative route for generating robust knowledge. Specifically, we espouse the tradition pioneered by Andrew Ehrenberg of Many Sets of Data (MSoD) and descriptive models as the way to advance marketing science, and as a solid foundation for data interpretation in market research studies. We offer insights for market research practitioners and marketers alike, to ensure they are getting the best from their data for robust marketing decision-making. © Warc 2014 Warc Ltd.",,Market Research Society,scopus-big data,20,Thinking AI,"['big data', 'statistical significance', 'market research', 'robust knowledge', 'data interpretation', 'market analysis']","The abstract discusses the importance of using big data and emphasizes the need for robust knowledge generation in marketing, suggesting that the focus should shift from mere statistical significance to a more analytical approach. It mentions the tradition of Many Sets of Data (MSoD) and descriptive models which align closely with market analysis and strategic decision-making. These aspects connect strongly with the principles of Thinking AI, which focuses on market analysis and targeting.",0%,0%,100%,0%,0%
Understanding Health-Foods Consumer Perception Using Big Data Analytics,Masih J.; Joshi A.,2021,,"‘Health-food’ is a health marketing term used for suggesting consumers, the specifically designed healthy diet for high nutrition and body growth. A health-food mainly includes organic food, natural and non-GMO foods, special foods for allergic people like gluten-free, lactose-free and dairy-free products and low fat-high protein keto diet products such as beans, legumes, nuts and seeds. Food consumption patterns of ‘health-foods’ and their preferences are constantly changing all over the world, due to change in urban-lifestyle patterns leading to high stress, anxiety and health related diseases like diabetes and obesity etc. In today’s era “Eating healthy and living healthy” is a most suitable mantra for living a good life. According to the global health and wellness food market report, it is expected that during 2020-2024, the size of the health and wellness food market is likely to rise by US$ 235.94, advancing at a CAGR of 6 percent. Organic and gluten-free foods are considered to be on top when talking about the health-foods. There is need to further explore the mindset of consumers regarding health-foods and their consumption, since its benefits looks promising but very little is known about the consumers’ beliefs, motivations and values driving their decision in making the purchase of these foods. Various researches indicates that a better understanding of consumers' perception of health foods are the main factors for market positioning, growth and for negotiating market opportunities. Main objective of the paper is to understand the perception of consumer using Big Data analysis so as to assist health food manufacturers to improve food products according to customer choices and preferences. In this study, by using social media platforms such as Twitter, Facebook, blogs, posts, and reviews that have played a major role in increased sales of health foods, we will primarily concentrate on understanding the public perception regarding organic and gluten-free foods. The study will also provide in-depth insights about health-foods in form of positive, negative and neutral sentiments of the consumers using the social media data from Talkwalker and Google Trends. This research would help organic food and glutenfree food manufacturers to understand the consumer perception and to improve marketing return on investment. The results of the study discussed the 'most talked about' and anticipated product innovation in health-food sectors such as new snacks, fast food (pizza, pasta and noodles) and desserts. The study is unique since it combines big data to the niche market of health foods to draw the valuable consumer preferences using online platforms. © 2021, Journal of Management Information and Decision Sciences. All Rights Reserved.",Big data Analytics; Consumer Perception; Health-food; Motivation; Organic food; Social Media,Allied Business Academies,scopus-big data,12,Feeling AI,"['consumer perception', 'emotional data', 'customer choices', 'sentiments', 'understanding consumer needs']","The abstract focuses on understanding consumer perceptions and sentiments regarding health foods, particularly organic and gluten-free products. It emphasizes the need to explore consumer beliefs, motivations, and values, which aligns closely with the 'Feeling AI' category, where the focus is on customer understanding and emotional needs. The analysis of social media sentiments further supports this classification.",70%,10%,20%,0%,0%
Making sense of consumers’ tweets: Sentiment outcomes for fast fashion retailers through Big Data analytics,Pantano E.; Giglio S.; Dennis C.,2019,10.1108/IJRDM-07-2018-0127,"Purpose: Consumers online interactions, posts, rating and ranking, reviews of products/attractions/restaurants and so on lead to a massive amount of data that marketers might access to improve the decision-making process, by impacting the competitive and marketing intelligence. The purpose of this paper is to develop understanding of consumers online-generated contents in terms of positive or negative comments to increase marketing intelligence. Design/methodology/approach: The research focuses on the collection of 9,652 tweets referring to three fast fashion retailers of different sizes operating in the UK market, which have been shared among consumers and between consumer and firm, and subsequently evaluated through a sentiment analysis based on machine learning. Findings: Findings provide the comparison and contrast of consumers’ response toward the different retailers, while providing useful guidelines to systematically making sense of consumers’ tweets and enhancing marketing intelligence. Practical implications: The research provides an effective and systemic approach to accessing the rich data set on consumers’ experiences based the massive number of contents that consumers generate and share online and investigating this massive amount of data to achieve insights able to impact on retailers’ marketing intelligence. Originality/value: To best of the authors’ knowledge, while other authors tried to identify the effect of positive or negative online comments/posts/reviews, the present study is the first one to show how to systematically detect the positive or negative sentiments of shared tweets for improving the marketing intelligence of fast fashion retailers. © 2018, Emerald Publishing Limited.",Big Data analytics; Consumer-generated contents; E-word of mouth communication; Fast fashion; Online consumer behaviour; User-generated contents (UGC),Emerald Group Holdings Ltd.,scopus-big data,47,Feeling AI,"['positive comments', 'negative comments', 'sentiment analysis', 'consumer experiences', 'customer needs']","The abstract discusses analyzing consumer-generated content, particularly tweets, to understand sentiments (positive or negative) towards fast fashion retailers. This aligns with the focus of Feeling AI, which centers on customer understanding and emotional data analytics to understand customer needs and wants. The insights gained from sentiment analysis can be used to enhance customer engagement and improve marketing intelligence by tailoring communication based on emotional responses.",70%,10%,20%,0%,0%
Managing marketing decision-making with sentiment analysis: An evaluation of the main product features using text data mining,Kauffmann E.; Peral J.; Gil D.; Ferrández A.; Sellers R.; Mora H.,2019,10.3390/su11154235,"Companies have realized the importance of ""big data"" in creating a sustainable competitive advantage, and user-generated content (UGC) represents one of big data's most important sources. From blogs to social media and online reviews, consumers generate a huge amount of brand-related information that has a decisive potential business value for marketing purposes. Particularly, we focus on online reviews that could have an influence on brand image and positioning. Within this context, and using the usual quantitative star score ratings, a recent stream of research has employed sentiment analysis (SA) tools to examine the textual content of reviews and categorize buyer opinions. Although many SA tools split comments into negative or positive, a review can contain phrases with different polarities because the user can have different sentiments about each feature of the product. Finding the polarity of each feature can be interesting for product managers and brand management. In this paper, we present a general framework that uses natural language processing (NLP) techniques, including sentiment analysis, text data mining, and clustering techniques, to obtain new scores based on consumer sentiments for different product features. The main contribution of our proposal is the combination of price and the aforementioned scores to define a new global score for the product, which allows us to obtain a ranking according to product features. Furthermore, the products can be classified according to their positive, neutral, or negative features (visualized on dashboards), helping consumers with their sustainable purchasing behavior. We proved the validity of our approach in a case study using big data extracted from Amazon online reviews (specifically cell phones), obtaining satisfactory and promising results. After the experimentation, we could conclude that our work is able to improve recommender systems by using positive, neutral, and negative customer opinions and by classifying customers based on their comments. © 2019 by the authors.",Big data; Feature selection; Marketing decisions; Sentiment analysis,MDPI,scopus-big data,73,Thinking AI,"['big data', 'sentiment analysis', 'consumer sentiments', 'product features', 'market analysis', 'recommender systems', 'brand image']","The abstract discusses the use of big data and sentiment analysis to understand consumer opinions and improve marketing strategies. It focuses on analyzing online reviews to derive insights about product features and their impact on brand image, which aligns closely with the market analysis and strategic targeting aspects of Thinking AI. The emphasis on ranking products based on consumer sentiments and enhancing recommender systems further supports this classification.",20%,10%,70%,0%,0%
Changes in air passenger demand as a result of the COVID-19 crisis: using Big Data to inform tourism policy,Gallego I.; Font X.,2021,10.1080/09669582.2020.1773476,"This paper develops a methodology for the early detection of reactivation of tourist markets to help mitigate the effects of the COVID-19 crisis, using Skyscanner data on air passenger searches (>5,000 million) and picks (>600 million), for flights between November 2018 and December 2020, through ForwardKeys. For future travel during the May to September 2020 period, the desire to travel (based on the number of flight searches) has dropped by about 30% in Europe and the Americas, and by about 50% in Asia, while intention to travel (the number of flight picks, the final selections amongst flight searches) has dropped a further 10–20%. Most source markets remain optimistic about air travel during the last quarter of 2020, suggesting a U shape recovery. However, optimism has dwindled as time passes, suggesting a flatline L shape. A traffic light dashboard for domestic and inbound air travel demand to Spain shows how destination managers might use Big Data relating to the early recovery of key source markets to develop targeted marketing strategies. We show how Big Data provides timely granular data essential in highly volatile situations, and we argue that destination management organisations must improve their Big Data analytical and evidence-based, decision-making skills. © 2020 Informa UK Limited, trading as Taylor & Francis Group.",Big Data; COVID-19; forecast; impact; risk; tourism,Routledge,scopus-big data,173,Thinking AI,"['Big Data', 'market analysis', 'targeted marketing strategies', 'early detection', 'travel intention', 'optimism']","The abstract discusses the use of Big Data to analyze air travel demand and to develop targeted marketing strategies in response to changes in consumer behavior due to the COVID-19 crisis. This aligns with the 'Market analysis' and 'Targeting' focuses of Thinking AI, which involves using analytics to identify market dynamics and make strategic recommendations.",10%,20%,70%,0%,0%
Express analysis for prioritization: Best–Worst Scaling alteration to System 1,Lipovetsky S.,2020,10.1080/23270012.2019.1702112,"The work considers modification of the Best–Worst Scaling (BWS) to the so-called System 1 (S1) approach. S1 was described by D. Kahneman as a spontaneous and automatic reaction by an unconscious way in which human decision-makers choose among multiple alternatives. Application of S1 can be seen as a simplified BWS for data eliciting and express analysis of prioritization between many compared items. In S1, a respondent picks the items with which she feels “happy”, and those can be one, several, all, or none items in a task. Estimation of utilities is performed by multinomial-logit modeling with different optimization criteria which produce parameters of the models and choice probabilities of the items. Numerical examples by marketing research data are encouraging and demonstrating that spontaneous choice decisions can make S1 approach very fast, efficient, and convenient for express analysis of items prioritization, especially for big data. © 2019, © 2019 Antai College of Economics and Management, Shanghai Jiao Tong University.",BWS; choice probability; max diff; MNL utility; prioritization; System 1,Taylor and Francis Ltd.,scopus-big data,9,Feeling AI,"['spontaneous choice', 'happy', 'prioritization', 'customer needs']","The abstract discusses the System 1 (S1) approach, which is about spontaneous and automatic reactions in decision-making, indicating an understanding of customer emotions and preferences. It emphasizes how respondents choose items based on feelings of happiness, which aligns closely with the goals of Feeling AI to understand and meet customer emotional needs. The focus on express analysis of prioritization also relates to understanding customer preferences, further supporting the classification as Feeling AI.",70%,10%,20%,0%,0%
"Business analytics in manufacturing: Current trends, challenges and pathway to market leadership",Omar Y.M.; Minoufekr M.; Plapper P.,2019,10.1016/j.orp.2019.100127,"The manufacturing sector is under constant pressure to increase profitability in a growingly competitive international market in which differentiation is not tied to manufactured products or utilized technologies but to business processes optimization. In this context, business analytics offer the opportunity to harness the knowledge and value hidden within enterprise information systems to revolutionize innovation, enhance supply chain management and production, accurately target marketing and sales efforts, as well as develop and manage profitable after-sales services. While the literature to date presents numerous specific applications in which business analytics techniques were successfully deployed to improve specific business units, it is evident that a comprehensive enterprise approach is missing. In the present work, a pathway to attain market leadership through the effective use of business analytics is defined suggesting focus must center on three increasingly challenging barriers. Firstly, “standardization” of collection, aggregation and storage of data must be accomplished. Then, an “organizational culture evolution” that outgrows intuition and embraces data-driven decision-making is needed to create the perfect ecosystem for business analytics to produce actionable results and recommendations. In turn, these must guide “business model innovation” efforts to tackle new value creation, and capture and secure market leadership. © 2019",Big data; Business analytics; Industry 4.0; Manufacturing,Elsevier Ltd,scopus-big data,50,Thinking AI,"['business analytics', 'market leadership', 'data-driven decision-making', 'business model innovation', 'target marketing', 'supply chain management']","The abstract discusses how business analytics can optimize business processes, improve market targeting, and enhance innovation, aligning closely with the strategic analysis focus of Thinking AI. It emphasizes the need for data-driven decision-making and market leadership through analytics, which corresponds to the market analysis and targeting aspects of Thinking AI.",0%,20%,80%,0%,0%
Management overconfidence and CSR activities in Korea with a big data approach,Kang S.-A.; Cho S.-M.,2020,10.3390/su12114406,"We examined the relationship between management characteristics and corporate social responsibility (CSR) and this relationship was differentiated by the level of corporate governance. Our analysis was undertaken in firms listed on the Korean Stock Exchange (KSE) from 2006 to 2015. We employed Ordinary Least Square (OLS) regression after clustering the standard errors at the firm level in order to examine these relationships. The KEJI (Korea Economic Justice Institute) index was used as a proxy for CSR and a big data-based proxy estimated from multimedia was used as the level of advertising. We showed that there is a positive relationship between overconfident management and CSR activities. We then categorized the CSR activities as primary and social activities and found that overconfident management is more aggressive in primary CSR activities. In addition, overconfident management makes fewer CSR expenditures when the management is in a chaebol firm but promotes more CSR advertisement. This finding indicates that chaebol affiliation controls overinvestment in CSR activities but promotes CSR advertisements by overconfident managers. Similarly, we found consistent results with overconfident ownermanagers. Prior literature on CSR activities focuses on the impact of CSR activities on firm performance. In this paper, we elucidated the determinants of CSR activities, so that this research contributes to firms' decision-making about sustainable management. Our estimation of CSR variables with big data approaches will also guide future research on this issue. We expect our study to be used as a reference for decision-making by relevant authorities and stakeholders. © 2020 by the authors.",Big data; CEO; Corporate governance; Corporate social responsibility; Overconfidence,MDPI,scopus-big data,10,Thinking AI,"['corporate social responsibility', 'overconfident management', 'market analysis', 'CSR activities', 'decision-making']","The abstract discusses the relationship between management characteristics and corporate social responsibility (CSR) while analyzing market behavior in firms listed on the Korean Stock Exchange. The focus is on understanding how management traits influence CSR activities, which aligns with market analysis and strategic decision-making related to CSR. The use of big data approaches to estimate CSR variables also indicates a focus on market analytics, fitting into the Thinking AI category.",0%,0%,100%,0%,0%
Reducing inferior member community participation using uplift modeling: Evidence from a field experiment,Debaere S.; Devriendt F.; Brunneder J.; Verbeke W.; De Ruyck T.; Coussement K.,2019,10.1016/j.dss.2019.113077,"In their ongoing search for competitive advantage, firms increasingly leverage online innovation communities (ICs). The viability of these ICs may be jeopardized by big data environments and inferior member participation. Therefore, community managers must address poor member participation, together with the data-rich environment. This study examines the viability of a proactive motivational email campaign to reduce inferior member participation using uplift modeling; it also explores optimal treatment characteristics, including message scope (untargeted versus targeted), message content (hedonic, cognitive, and social message), and member profile (self-interest–oriented and positive emotional writing style). The findings indicate that marketing decision makers should use proactive, targeted emails with cognitive motivational elements to mitigate inferior levels of member participation. These findings have important implications for innovation scholars and community managers. © 2019 Elsevier B.V.",Inferior member participation; Innovation communities; Proactive email campaign; Uplift modeling,Elsevier B.V.,scopus-big data,10,Thinking AI,"['motivational email campaign', 'member participation', 'uplift modeling', 'targeted emails', 'cognitive motivational elements']","The abstract discusses a proactive approach to improving member participation in online innovation communities through targeted email campaigns that utilize uplift modeling. This aligns with market analysis and targeting strategies in the Thinking AI category, as it emphasizes the importance of analyzing data to identify effective communication strategies and optimize member engagement.",10%,10%,80%,0%,0%
How to use big data to drive your supply chain,Sanders N.R.,2016,10.1525/cmr.2016.58.3.26,"Big data analytics has become an imperative for business leaders across every industry sector. Analytics applications that can deliver a competitive advantage appear all along the supply chain decision spectrum-from targeted location-based marketing to optimizing supply chain inventories to enabling supplier risk assessment. While many companies have used it to extract new insights and create new forms of value, other companies have yet to leverage big data to transform their supply chain operations. This article examines how leading companies use big data analytics to drive their supply chains and offers a framework for implementation based on lessons learned.",Decision making; Supply chain; Technology,University of California Press,scopus-big data,165,Thinking AI,"['big data analytics', 'competitive advantage', 'supply chain', 'market analysis', 'insights']","The abstract discusses how businesses utilize big data analytics to derive insights and create competitive advantages across the supply chain. This aligns closely with the Thinking AI category, which focuses on market analysis and identifying competitors. The emphasis on optimizing supply chain operations and delivering value through analytics further supports this classification.",0%,15%,85%,0%,0%
Role of big data on digital farming,Sarker M.N.I.; Islam M.S.; Murmu H.; Rozario E.,2020,,"This study aims to explore the potential of big data technologies for ensuring digital farming. A systematic literature method has been conducted to explore the current practices as well as aspects that can help farmer at field level for increasing production. This study reveals several technologies and practices in agriculture that are based on big data for taking right decision at right time in right way at the field level. The study reveals that use of agricultural big data technologies are still a low level and needs more investment for infrastructure establishment, related expertise, technological knowledge of farmers, attitude of adoption of technologies and awareness about the benefits of big data technologies. It also explores that application of big data technologies can help farmer to weather forecasting, crop selection, irrigation management, crop diseases and pest management, crop yield prediction, agricultural marketing, and agricultural policy decision. But farmer needs help from an expert team to implement the facilities at field level. The study argues that a commercial implementation of big data technologies requires government initiatives, private sector’s involvement and a public-private partnership to supply related facilities to farmers in time. © 2020, IJSTR.",Agricultural development; Digital agriculture; Digital farm; Precision agriculture; Smart agriculture; Smart farming; Sustainable agriculture,International Journal of Scientific and Technology Research,scopus-big data,28,Out of Scope,"['big data technologies', 'digital farming', 'agricultural marketing', 'crop yield prediction', 'weather forecasting']","The abstract focuses on the application of big data technologies in agriculture to improve farming practices and decision-making processes. While it mentions agricultural marketing, the primary focus is on agricultural practices rather than marketing strategies or customer engagement. Thus, it does not fit within the defined categories related to marketing applications of AI.",0%,0%,0%,100%,0%
The state of the art and taxonomy of big data analytics: view from new big data framework,Mohamed A.; Najafabadi M.K.; Wah Y.B.; Zaman E.A.K.; Maskat R.,2020,10.1007/s10462-019-09685-9,"Big data has become a significant research area due to the birth of enormous data generated from various sources like social media, internet of things and multimedia applications. Big data has played critical role in many decision makings and forecasting domains such as recommendation systems, business analysis, healthcare, web display advertising, clinicians, transportation, fraud detection and tourism marketing. The rapid development of various big data tools such as Hadoop, Storm, Spark, Flink, Kafka and Pig in research and industrial communities has allowed the huge number of data to be distributed, communicated and processed. Big data applications use big data analytics techniques to efficiently analyze large amounts of data. However, choosing the suitable big data tools based on batch and stream data processing and analytics techniques for development a big data system are difficult due to the challenges in processing and applying big data. Practitioners and researchers who are developing big data systems have inadequate information about the current technology and requirement concerning the big data platform. Hence, the strengths and weaknesses of big data technologies and effective solutions for Big Data challenges are needed to be discussed. Hence, due to that, this paper presents a review of the literature that analyzes the use of big data tools and big data analytics techniques in areas like health and medical care, social networking and internet, government and public sector, natural resource management, economic and business sector. The goals of this paper are to (1) understand the trend of big data-related research and current frames of big data technologies; (2) identify trends in the use or research of big data tools based on batch and stream processing and big data analytics techniques; (3) assist and provide new researchers and practitioners to place new research activity in this domain appropriately. The findings of this study will provide insights and knowledge on the existing big data platforms and their application domains, the advantages and disadvantages of big data tools, big data analytics techniques and their use, and new research opportunities in future development of big data systems. © 2019, Springer Nature B.V.",Big data analytics techniques; Big data tools; Domain area; Parallel and distributed computing,Springer,scopus-big data,170,Out of Scope,"['big data', 'analytics', 'healthcare', 'business analysis', 'transportation', 'fraud detection', 'tourism marketing']","The abstract discusses the role of big data in various fields such as healthcare, business analysis, and transportation, which are not directly related to marketing applications. The focus is on the analysis of big data tools and techniques rather than specific marketing strategies or customer engagement methods. Therefore, it falls outside the defined marketing categories.",0%,0%,0%,100%,0%
A hybrid method with TOPSIS and machine learning techniques for sustainable development of green hotels considering online reviews,Nilashi M.; Mardani A.; Liao H.; Ahmadi H.; Manaf A.A.; Almukadi W.,2019,10.3390/su11216013,"This paper proposes a hybrid method for online reviews analysis through multi-criteria decision-making, text mining and predictive learning techniques to find the relative importance of factors affecting travelers' decision-making in selecting green hotels with spa services. The proposed method is developed for the first time in the context of tourism and hospitality by this research, especially for customer segmentation in green hotels through customers' online reviews. We use Self-Organizing Map (SOM) for cluster analysis, Latent Dirichlet Analysis (LDA) technique for analyzing textual reviews, Technique for Order of Preference by Similarity to Ideal Solution (TOPSIS) for ranking hotel features, and Neuro-Fuzzy technique to reveal the customer satisfaction levels. The impact of green hotels with spa and non-spa services on travelers' satisfaction is investigated for four travelling groups: Travelled solo, Travelled with family, Travelled as a couple and Travelled with friends. The proposed method is evaluated on the travelers' reviews on 152 hotels in Malaysia. The findings of this study provide an important method for travelers' decision-making for hotel selection through User-Generated Content (UGC) and help hotel managers to improve their service quality and marketing strategies. © 2019 by the authors.",Big data; Green hotels; Machine learning techniques; Multi-criteria decision-making; Neuro-fuzzy; Satisfaction; Sustainable development; TOPSIS,MDPI,scopus-big data,57,Feeling AI,"['customer satisfaction', 'decision-making', 'travelers', 'online reviews', 'green hotels', 'spa services']","The abstract discusses understanding travelers' decision-making and satisfaction levels based on online reviews, emphasizing emotional aspects of customer experiences in selecting hotels. It also mentions customer segmentation and the impact of different hotel features on satisfaction, indicating a focus on emotional data and customer needs.",60%,20%,20%,0%,0%
Data Mining in Tourism Data Analysis: Inbound Visitors to Japan,Shapoval V.; Wang M.C.; Hara T.; Shioya H.,2018,10.1177/0047287517696960,"The increasing power of technology puts new, advanced statistical tools at the disposal of researchers. This is one of the first research articles to use a data mining tool—namely, decision trees—to analyze the behavior of inbound tourists for the purpose of effective future destination marketing in Japan. The research results of approximately 4,000 observations show that the main motivation for visitors’ future return is not driven by experiences had during their most current visit but rather by experiences anticipated in the future, such as visiting hot springs or immersing themselves in beautiful natural settings. The data mining method largely excludes the possibility of the intrusion of researcher subjectivity and is conducive to useful discoveries of certain visitor patterns in large data sets, providing governments and destination marketing organizations with additional tools to better formulate effective destination marketing strategies. © 2017, © The Author(s) 2017.",big data analysis; data mining; decision trees; Japan; quantitative destination marketing,SAGE Publications Ltd,scopus-big data,32,Thinking AI,"['data mining', 'decision trees', 'inbound tourists', 'destination marketing', 'visitor patterns', 'future return', 'experiences', 'motivation']","The abstract discusses the use of data mining tools, specifically decision trees, to analyze tourist behavior for effective destination marketing strategies. This aligns closely with the market analysis focus of Thinking AI, which encompasses the identification of customer patterns and motivations to enhance marketing strategies. The emphasis on understanding visitor motivation and the use of statistical tools further supports this classification.",0%,0%,100%,0%,0%
Strategy of sustainable competitiveness: Methodology of real-time customers' segmentation for retail shops,Vojtovič S.; Navickas V.; Gruzauskas V.,2016,10.9770/jssi.2016.5.4(4),"The objective of this article is to develop a methodology in order to implement real-time customers segmentation analysis in the decision making process of the enterprise. A review of big data usage in retail stores was conducted along with a document-based descriptive analysis of secondary data and further critical literature analysis. Decision making strategies and flow charts were used for the development of competitiveness methodology by referring to a case of a supermarket chain. Customer segmentation researchers analyse mainly the algorithms or behaviour pattern behind the clustering process; however, neither of them offers a proper strategy for implementing a realtime customer segmentation process inside the enterprise. Sustainable competitiveness advantage may be achieved by implementing the segmentation theory with concepts of data mining and internet of things (Iot). The process of developed data mining shows many ways for the enterprise to maximize competitiveness. However, time and large investments may be required to develop proper methods for unique solutions. A concrete case study of the selected retail store should be analysed before implementing the real-time customer segmentation methodology inside the enterprise. There is a multicultural population in every market that has different culture, beliefs, preferences and shopping patterns; therefore, constant analysis is essential for efficient usage of customer segmentation. Practically none of the prior research results carried out by other authors offered a concrete methodology how to implement real-time customer's segmentation inside the enterprise. The authors created such a methodology that can provide sustainable long-term competitiveness advantage.",Big data concept; Competitiveness; Customer segmentation; Marketing; Retail sales,General Jonas Zemaitis Military Academy of Lithuania,scopus-big data,10,Mechanical AI,"['real-time customer segmentation', 'data mining', 'big data', 'customer analysis', 'competitiveness methodology']","The abstract focuses on the development of a methodology for real-time customer segmentation analysis utilizing big data and data mining techniques in retail. It emphasizes the automation of the segmentation process, which aligns closely with the Mechanical AI category that highlights data collection and segmentation. Although there are elements related to strategic analysis, the primary emphasis is on implementing automated processes for customer segmentation.",0%,70%,30%,0%,0%
Is big data driving cooperation in the c-suite? The evolving relationship between the chief marketing officer and chief information officer,Sleep S.; Hulland J.,2019,10.1080/0965254X.2018.1464496,"The chief marketing officer (CMO) and chief information officer (CIO) often fight for recognition and impact on strategic decision-making within the top management team–if they are included at all. Technological improvements have greatly increased the ability to gather customer data, which elevates the roles of the CMO and CIO while increasing their dependence on each other. The research on the relationship between senior executives outside of that with the CEO is limited; this paper fills that gap by exploring CMO/CIO cooperation. To analyze the dynamics of the CMO/CIO relationship, this research introduces a conceptual framework that captures three antecedents of cooperation: interdependence, CMO/CIO relationship structure, and CMO/CIO diversity. In cases in which dependence between the two executives is asymmetric, this paper proposes four cooperation mechanisms expected to mediate the relationship between these individual and organizational level antecedents and CMO/CIO cooperation. When the two executives cooperate, it leads to strategically aligned decision-making that increases business performance by integrating technology, data, and the customer into strategic decision-making. © 2018, © 2018 Informa UK Limited, trading as Taylor & Francis Group.",big data; chief information officer; Chief marketing officer; cooperation; interdependence,Routledge,scopus-big data,19,Thinking AI,"['strategic decision-making', 'CMO/CIO cooperation', 'customer data', 'business performance', 'interdependence']","The abstract discusses the relationship and cooperation between the CMO and CIO, focusing on how their collaboration leads to strategically aligned decision-making that enhances business performance. This aligns with the Thinking AI category, which emphasizes market analysis, targeting, and strategic decision-making based on data and interdependence. The emphasis on integrating technology and customer data into strategic decisions further supports this classification.",0%,0%,100%,0%,0%
Towards a real-time processing framework based on improved distributed recurrent neural network variants with fastText for social big data analytics,Ait Hammou B.; Ait Lahcen A.; Mouline S.,2020,10.1016/j.ipm.2019.102122,"Big data generated by social media stands for a valuable source of information, which offers an excellent opportunity to mine valuable insights. Particularly, User-generated contents such as reviews, recommendations, and users’ behavior data are useful for supporting several marketing activities of many companies. Knowing what users are saying about the products they bought or the services they used through reviews in social media represents a key factor for making decisions. Sentiment analysis is one of the fundamental tasks in Natural Language Processing. Although deep learning for sentiment analysis has achieved great success and allowed several firms to analyze and extract relevant information from their textual data, but as the volume of data grows, a model that runs in a traditional environment cannot be effective, which implies the importance of efficient distributed deep learning models for social Big Data analytics. Besides, it is known that social media analysis is a complex process, which involves a set of complex tasks. Therefore, it is important to address the challenges and issues of social big data analytics and enhance the performance of deep learning techniques in terms of classification accuracy to obtain better decisions. In this paper, we propose an approach for sentiment analysis, which is devoted to adopting fastText with Recurrent neural network variants to represent textual data efficiently. Then, it employs the new representations to perform the classification task. Its main objective is to enhance the performance of well-known Recurrent Neural Network (RNN) variants in terms of classification accuracy and handle large scale data. In addition, we propose a distributed intelligent system for real-time social big data analytics. It is designed to ingest, store, process, index, and visualize the huge amount of information in real-time. The proposed system adopts distributed machine learning with our proposed method for enhancing decision-making processes. Extensive experiments conducted on two benchmark data sets demonstrate that our proposal for sentiment analysis outperforms well-known distributed recurrent neural network variants (i.e., Long Short-Term Memory (LSTM), Bidirectional Long Short-Term Memory (BiLSTM), and Gated Recurrent Unit (GRU)). Specifically, we tested the efficiency of our approach using the three different deep learning models. The results show that our proposed approach is able to enhance the performance of the three models. The current work can provide several benefits for researchers and practitioners who want to collect, handle, analyze and visualize several sources of information in real-time. Also, it can contribute to a better understanding of public opinion and user behaviors using our proposed system with the improved variants of the most powerful distributed deep learning and machine learning algorithms. Furthermore, it is able to increase the classification accuracy of several existing works based on RNN models for sentiment analysis. © 2019 Elsevier Ltd",Big data; BiLSTM; FastText; GRU; LSTM; Natural language processing; Recurrent neural networks; Sentiment analysis; Social big data analytics,Elsevier Ltd,scopus-big data,78,Thinking AI,"['sentiment analysis', 'user behavior', 'decision-making', 'classification accuracy', 'market analysis', 'real-time analytics']","The abstract discusses the use of sentiment analysis to derive insights from user-generated content, which directly relates to market analysis and understanding customer behaviors. The proposed approach focuses on enhancing decision-making processes through improved classification accuracy, aligning it with the objectives of Thinking AI, which includes market analysis and targeting. While there are elements of customer understanding, the primary focus is on analytical techniques and decision-making support, which fits best within the Thinking AI category.",20%,10%,70%,0%,0%
Forecasting client retention — A machine-learning approach,Schaeffer S.E.; Rodriguez Sanchez S.V.,2020,10.1016/j.jretconser.2019.101918,"In the age of big data, companies store practically all data on any client transaction. Making use of this data is commonly done with machine-learning techniques so as to turn it into information that can be used to drive business decisions. Our interest lies in using data on prepaid unitary services in a business-to-business setting to forecast client retention: whether a particular client is at risk of being lost before they cease being clients. The purpose of such a forecast is to provide the company with an opportunity to reach out to such clients as an effort to ensure their retention. We work with monthly records of client transactions: each client is represented as a series of purchases and consumptions. We vary (1) the length of the time period used to make the forecast, (2) the length of a period of inactivity after which a client is assumed to be lost, and (3) how far in advance the forecast is made. Our experimental work finds that current machine-learning techniques able to adequately predict, well in advance, which clients will be lost. This knowledge permits a company to focus marketing efforts on such clients as early as three months in advance. © 2019 Elsevier Ltd",Client retention; Machine learning; Prepaid unitary services; Sales forecasting,Elsevier Ltd,scopus-big data,31,Thinking AI,"['client retention', 'forecast', 'machine-learning', 'data', 'business decisions', 'marketing efforts']","The abstract discusses the use of machine-learning techniques to analyze client transaction data in order to forecast client retention. This aligns with the Thinking AI category, particularly in the focus on market analysis and targeting, as the aim is to identify clients at risk of being lost and to inform marketing strategies to retain them. The application of forecasting and predictive analysis supports strategic decision-making in marketing.",10%,20%,70%,0%,0%
Design requirements of a modern business Master’s degree course: perspectives of industry practitioners,Miah S.J.; Solomonides I.,2021,10.1007/s10639-020-10285-2,"Contemporary industry practices must be appropriately reflected in designing modern-day teaching and learning programmes. Existing studies are limited to systematic methodologies for accumulating contemporary practice requirements and using that data to inform the design of educational programmes, even though various, local approaches for doing so often exist in higher education institutions. Going beyond this and adopting design-based research (DBR) principles, this paper introduces industry practitioner perspectives of contemporary- practice need for conceptualisation and design of a new business master’s degree programme. Outlining industry-demand as a driving force in stimulating a new business data-analytics programme at a medium-sized Australian metropolitan university, the study utilises open-ended interviews with five senior data analytics professionals to find a new matrix of industry expectations. The emerged elements are open-sourced tools based general technical knowledge; specific industry certifications or special skills; technology integration knowledge; cross-industry knowledge such as marketing; project management/agility and decision-making utilising appropriate supporting knowledge. Based on these findings, key learning objectives, an initial structure of the programme and specialisation subjects is proposed for further evaluation through convergent interviewing. We anticipated that the entire design process could be reusable for other similar situations for designing new practical courses in higher education sector. © 2020, Springer Science+Business Media, LLC, part of Springer Nature.",Analytics; Big data; Business discipline; Course design; Curriculum; Higher education,Springer,scopus-big data,1,Not Identified,"['educational programmes', 'industry expectations', 'data analytics', 'design-based research', 'learning objectives']","The abstract discusses the design of educational programmes in response to industry demands, specifically in the context of a business master's degree focused on data analytics. It does not fit neatly into any of the defined categories of AI applications in marketing, as it focuses on educational design rather than direct marketing strategies or applications. The content does not discuss emotional data, automated processes related to customer interactions, or strategic market analysis, which are central to the categories of Mechanical AI, Thinking AI, and Feeling AI.",0%,0%,0%,100%,0%
Bridging marketing theory and big data analytics: The taxonomy of marketing attribution,Buhalis D.; Volchek K.,2021,10.1016/j.ijinfomgt.2020.102253,"The integration of technology in business strategy increases the complexity of marketing communications and urges the need for advanced marketing performance analytics. Rapid advancements in marketing attribution methods created gaps in the systematic description of the methods and explanation of their capabilities. This paper contrasts theoretically elaborated facilitators and the capabilities of data-driven analytics against the empirically identified classes of marketing attribution. It proposes a novel taxonomy, which serves as a tool for systematic naming and describing marketing attribution methods. The findings allow to reflect on the contemporary attribution methods’ capabilities to account for the specifics of the customer journey, thereby, creating currently lacking theoretical backbone for advancing the accuracy of value attribution. © 2020 Elsevier Ltd",Customer journey analytics; Decision-making; Marketing attribution; Multi-channel marketing performance measurement; Taxonomy,Elsevier Ltd,scopus-big data,85,Thinking AI,"['marketing performance analytics', 'marketing attribution methods', 'data-driven analytics', 'customer journey', 'value attribution']","The abstract discusses advanced marketing performance analytics and proposes a novel taxonomy for marketing attribution methods, which aligns closely with the focus on market analysis and targeting found in the Thinking AI category. It emphasizes the theoretical underpinnings of data-driven analytics and their capabilities in understanding customer journeys, indicating a strategic analysis approach to marketing.",0%,0%,100%,0%,0%
Big data clustering: A comparative study on various clustering algorithms,Ashok Kumar G.,2020,,"�Analysts classify big data as volume, velocity, and variety. Big data analysis explores intelligence from extremely wide variety of dynamic and complex data. Data cleaning is an essential step in big data analytics for easy prediction / decision making / clustering using data organizing tools. Clustering performs grouping of similar data from a population data set so that the data points in the same group show high degree of similarity between them than to the data points of other groups. Big data clustering help researchers to perform dimensionality reduction in complex problems, designing spam filters, identifying fraudulent or criminal behavior, performing Document analysis, classifying network traffic and helping Marketing /Sales analysis. The paper makes analysis of prominent big data clustering techniques in classifying data points belonging to different level of complexities. © 2020 IJSTR.",Analysis; Big Data; Clustering; Data cleaning; Dimensionality reduction; Variety and dynamic; Velocity; Volume,International Journal of Scientific and Technology Research,scopus-big data,1,Mechanical AI,"['big data', 'data cleaning', 'clustering', 'data organizing tools', 'Marketing/Sales analysis']","The abstract discusses the analysis of big data clustering techniques which are primarily focused on organizing and analyzing data for predictive and decision-making purposes in marketing and sales contexts. This aligns with the Mechanical AI category as it emphasizes data collection, segmentation, and standardization processes. The mention of clustering to identify patterns and perform data organization indicates an automated approach to understanding customer preferences and market dynamics.",0%,80%,20%,0%,0%
Marketing research in the 21st century: Opportunities and challenges,"Hair J.F., Jr.; Harrison D.E.; Risher J.J.",2018,10.5585/bjm.v17i5.4173,"The role of marketing is evolving rapidly, and design and analysis methods used by marketing researchers are also changing. These changes are emerging from transformations in management skills, technological innovations, and continuously evolving customer behavior. But perhaps the most substantial driver of these changes is the emergence of big data and the analytical methods used to examine and understand the data. To continue being relevant, marketing research must remain as dynamic as the markets themselves and adapt accordingly to the following: Data will continue increasing exponentially; data quality will improve; analytics will be more powerful, easier to use, and more widely used; management and customer decisions will increasingly be knowledge-based; privacy issues and challenges will be both a problem and an opportunity as organizations develop their analytics skills; data analytics will become firmly established as a competitive advantage, both in the marketing research industry and in academics; and for the foreseeable future, the demand for highly trained data scientists will exceed the supply. © 2018 Universidade Nove de Julho-UNINOVE. All rights reserved.",Big Data; Data Analytics; Data Quality; Marketing Analytics; Marketing Research,Universidade Nove de Julho-UNINOVE,scopus-big data,45,Thinking AI,"['big data', 'analytics', 'data quality', 'knowledge-based decisions', 'competitive advantage']","The abstract primarily discusses the impact of big data and analytics on marketing research, emphasizing the need for powerful analytical methods to understand customer behavior and make informed management decisions. This aligns closely with the Thinking AI category, which focuses on market analysis, targeting, and leveraging competitive advantages through analytics. The reference to management and customer decisions being knowledge-based further supports this classification.",0%,20%,80%,0%,0%
Mining Big Data for Business Opportunities: The Digital Marketing Strategy of JTEACH,Lai C.-C.; Wang Y.-H.,2021,10.6656/MR.202104_40(2).CNI059,"This case study utilizes real-time data provided by Jteach.com, a consulting firm specializing in data-driven business strategy consulting, organizational development, and talent management. The teaching objectives through this type of case study are to provide hands-on training through data collecting and analysis to guide students through the framework of business models using interactive data collected from Google Analytics global platform users. This case study is designed for both advanced students at the university level or above, as well as for company marketing or business operations new hires tasked to identify insights from data analytics and develop actionable business intelligence. The primary objectives for this learning are to build student understanding in business intelligence with data analytics and to make informed and analytics-based business decisions. This case study can be applied to business e-commerce website analytics across many industries, analyzing large data sets and data points to gain insights into business activities and strategies for forecasting, planning, and demand sensing. Case User #1 – Angela, a mid-level manager responsible for monitoring company internet site activities and collecting data from the analytics reports. Angela recommends and executes marketing strategies and report to her management performance outcomes, the effectiveness of implemented strategies. Case User #2 – Tim, a marketing analyst reporting to Angela, manages the company internet site and data operations to aggregate traffic and usage data. Case User #3 – Joanne, reporting to Angela, is responsible for digital and print advertising platform data analysis. This study highlights daily interaction between the three principals and guides students on how to identify and assess company website usage. Additionally, the case introduces students to the concept of market segmentation (Segmenting, Targeting, Positioning) to develop model based data analytics and strategic thinking skills. © 2021, Kung-Hwa Management Foundation. All rights reserved.",Big Data Analysis; Data Analytics; Digital Marketing Strategy; Stp Marketing; Strategic Thinking; Target Customers,Kung-Hwa Management Foundation,scopus-big data,0,Thinking AI,"['data analytics', 'business intelligence', 'market segmentation', 'targeting', 'strategic thinking']","The abstract focuses on utilizing data analytics for business intelligence, market segmentation, and strategic decision-making. The teaching objectives emphasize guiding students in analyzing website usage data to inform marketing strategies and business operations, which aligns with the characteristics of Thinking AI. The case study involves market analysis and targeting through data-driven insights, which are key aspects of Thinking AI. The use of terms related to analysis, insights, and strategy further supports this classification.",0%,0%,100%,0%,0%
Marketing research education in the Big Data era,Paas L.,2019,10.1177/1470785319825535,"The excellent and timely Nunan and Di Domenico International Journal of Market Research (IJMR) paper addressed the stagnant state of many marketing research courses. Following up on this contribution, I will propose some specific changes for enhancing relevance of marketing research curricula, emphasizing transactional data and Big Data. Moreover, I will propose that marketing research education should develop analysts who can convert data into advice for decision makers and we should educate marketing managers to become more quantitatively oriented to ensure they can base their decisions on data and analytical results. © The Author(s) 2019.",analytics education; Big Data; marketing research education; transactional data,SAGE Publications Ltd,scopus-big data,10,Thinking AI,"['marketing research', 'transactional data', 'Big Data', 'data into advice', 'quantitatively oriented', 'decision makers']","The abstract discusses enhancing marketing research education by focusing on data analysis and the conversion of data into actionable insights for decision makers. This aligns with the Thinking AI category, which emphasizes market analysis and the application of analytics to inform decisions. The mention of developing analysts and quantitatively oriented managers further supports this classification.",0%,0%,100%,0%,0%
Exploring the optimal granularity for market segmentation in RTB advertising via computational experiment approach,Qin R.; Yuan Y.; Wang F.-Y.,2017,10.1016/j.elerap.2017.07.001,"Real Time Bidding (RTB) is a novel business model of online computational advertising, developing rapidly with the integration of Internet economy and big data analysis. It evolves the business logic of online ad-delivery from buying “ad-impressions” in websites or ad slots to directly buying the best-matched “target audiences”, and thus can help advertisers achieve the precision marketing. As a critical part of RTB advertising markets, Demand Side Platforms (DSPs) play a central role in matching advertisers with their target audiences via cookie-based data analysis and market segmentation, and their segmentation strategies (especially the choice of granularity) have key influences in improving the effectiveness and efficiency of RTB advertising markets. Based on a mathematical programming approach, this paper studied DSPs’ strategies for market segmentation, and established a selection model of the granularity for segmenting RTB advertising markets. With the computational experiment approach, we designed three experimental scenarios to validate our proposed model, and the experimental results show that: 1) market segmentation has the potential of improving the total revenue of all the advertisers; 2) with the increasing refinement of the market segmentation granularity, the total revenue has a tendency of a rise first and followed by a decline; 3) the optimal granularity of market segmentation will be significantly influenced by the number of advertisers on the DSP, but less influenced by the number of ad requests. Our findings show the crucial role of market segmentation on the RTB advertising effect, and indicate that the DSPs should adjust their market segmentation strategies according to their total number of advertisers. Our findings also highlight the importance of advertisers as well as the characteristics of the target audiences to DSPs’ market segmentation decisions. © 2017 Elsevier B.V.",Computational experiment; Demand Side Platforms; Market segmentation; Real Time Bidding,Elsevier B.V.,scopus-big data,36,Thinking AI,"['market segmentation', 'target audiences', 'advertisers', 'revenue', 'granularity']","The abstract discusses the role of Demand Side Platforms (DSPs) in market segmentation for Real Time Bidding (RTB) advertising, focusing on how segmentation strategies can influence targeting and improve advertising effectiveness and efficiency. The emphasis on market analysis, segmentation granularity, and the strategic decisions made by DSPs aligns closely with the Thinking AI category, which focuses on market analysis and targeting. Additionally, the findings indicate a need for strategic adjustments based on the number of advertisers, further supporting the classification under Thinking AI.",0%,20%,80%,0%,0%
Relationship marketing: Adding value to business with big data; [Marketing de relacionamento: Agregando valor ao negócio com big data],dos Reis A.C.B.C.; Iacovelo M.T.; de Almeida L.B.B.; da Costa Filho B.A.,2016,10.5585/remark.v15i4.3379,"In recent years, the constant technological innovations, the exponential increase in the volume of data together with the evolution in consumption trends have generated a global scenario of great challenges for the organizations. The use of Big Data technologies to analyze the growing amount of data available in the globalized virtual world offers a new insight into the market and can contribute to the future of organizations by providing quality information that will strongly support the decision-making. In this scenario of high competitiveness, considering the context of data analysis, using Big Data technologies can broaden the view of companies to market trends, favoring the identification of strategies better targeted to the behavioral profiles and consumption preferences. This research aims to investigate how the use of Big Data technologies can increase the relationship marketing capacity of organizations, adding value to the business. The results demonstrate that organizations which make use of Big Data technologies are in a better position to define their relationship marketing strategies with customers, resulting in more lasting relationships with the market and their customers and capture favorable returns to their business. In the near future, the use of Big Data to expand relationship marketing strategies will be the survival rules for organizations. The differentiation will be in the way managers will interpret the available information and act to achieve the desired results. © 2016 Universidade Nove de Julho-UNINOVE. All right reserved.",Big data; CRM; Relationship Marketing; Technology,Universidade Nove de Julho-UNINOVE,scopus-big data,1,Thinking AI,"['Big Data', 'market trends', 'relationship marketing', 'decision-making', 'customer preferences', 'strategies']","The abstract discusses the use of Big Data technologies to analyze market trends and enhance relationship marketing strategies. This aligns with the Thinking AI category, which focuses on market analysis and targeting strategies based on customer data. The emphasis on understanding market dynamics and making informed decisions based on data supports its classification under Thinking AI.",10%,20%,70%,0%,0%
Exogenous cognition and cognitive state theory: The plexus of consumer analytics and decision-making,Smith A.; Harvey J.; Goulding J.; Smith G.; Sparks L.,2021,10.1177/1470593120964947,"We develop the concept of exogenous cognition (ExC) as a specific manifestation of an external cognitive system. ExC describes the technological and algorithmic extension of (and annexation of) cognition in a consumption context. ExC provides a framework to enhance the understanding of the impact of pervasive computing and smart technology on consumer decision-making and the behavioural impacts of consumer analytics. To this end, the article provides commentary and structures to outline the impact of ExC and to elaborate the definition and reach of ExC. The logic of ExC culminates in a theory of cognitive states comprising of three potential decision states: endogenous cognition, symbiotic cognition and surrogate cognition. These states are posited as transient (consumers might move between them during a purchase episode) and determined by individual propensities and situational antecedents. The article latterly provides various potential empirical avenues and issues for consideration and debate. © The Author(s) 2020.",Algorithmic; analytics; Big Data; consumer; decision-making; exogenous cognition; marketing,SAGE Publications Ltd,scopus-big data,8,Thinking AI,"['exogenous cognition', 'consumer decision-making', 'cognitive states', 'empirical avenues', 'consumer analytics']","The abstract discusses exogenous cognition (ExC) and its impact on consumer decision-making, which aligns with the strategic analysis and understanding of consumer behavior. The focus on cognitive states and their influence during purchase episodes suggests a market analysis approach, characteristic of Thinking AI. The mention of consumer analytics further strengthens this classification as it relates to analyzing data for better marketing strategies.",0%,0%,100%,0%,0%
Assessment of utilization of social media marketing for providing reliable information-based decision making for business service excellence in hotel sector,Setiadi R.,2019,,"Companies use social media to improve efficiency in their supply chains in addition to build new business models of relationships with customers, employees, investors and other stakeholders. However until now, the purpose of utilizing social media for the service business sector has not been widely verified empirically in various studies, making some managers view that social media is not an effective means of promotion for service businesses. Adverse decisions can be made because of lack of information about the benefits of social media for marketing. This article attempts to analyze the extent to which companies are capable of using social media as a basis for marketing excellence. This study provides reliable constructs of utilization of social media marketing in order it can be useful information and materials of information decisions making for managers in hospitality industries. The sample in this study consists of 177 general managers and marketing managers in three to five star hotels in Jakarta based on data from the Jakarta Statistic Center in 2016 and the Indonesian Hotel and Restaurant Association (PHRI). Statistical test results show that the constructs of utilization of social media marketing includes means of retaining customers, customer improvement effectiveness, actively communicating with customers, intensively attracting customers, and proactively capturing customers. These results can implicitly direct and make the right decisions on the ways that service organizations can use social media as the main source of big data information. © 2019 Allied Business Academies.",Customer improvement effectiveness; Information based decision making; Intensive communication; Service business; Social media marketing,Allied Business Academies,scopus-big data,4,Feeling AI,"['customer retention', 'customer communication', 'customer attraction', 'proactive customer capture']","The abstract discusses the utilization of social media marketing in service businesses, particularly in the hospitality industry. It emphasizes understanding and improving customer relationships through various constructs like retaining customers, effective communication, and attracting customers. These aspects align closely with the focus on customer understanding and relationalization found in Feeling AI, which seeks to meet customer emotional needs and enhance engagement.",60%,20%,20%,0%,0%
Teaching social media analytics: An assessment based on natural disaster postings,Goh T.T.; Sun P.-C.,2015,,"Unstructured data in social media is as part of the ""big data"" spectrum. Unstructured data in Social media can provide useful insights into social phenomena and citizen opinions, both of which are critical to government policy and businesses decisions. Teachers of business intelligence and analytics commonly use quantitative data from sales, marketing, finance and manufacturing to demonstrate various analytics concepts in a business context. However, researchers have seldom used social media data to analyze social behavior and communication. In this study we aim to demonstrate an assessment structure for teaching social media analytics concepts with the goal of analyzing and interpreting social media content. We base this assessment on forum postings regarding two recent events: the Christchurch earthquake in New Zealand, and the Japanese earthquake and tsunami. The aim of the assessment is to discover social insights. We base the assessment structure on Cooper's Analytics Framework to cover such concepts as term frequency (TF), term frequency-inverse document frequency (TFIDF), data visualization, sentiments and opinions analysis, the Nearest Neighbor K-NN classification algorithm, and Information Diffusion theory. We review how the students performed on the assignment that used this assessment, and we make recommendations for future studies. © 2015 by the Education Special Interest Group (EDSIG) of the Association of Information Technology Professionals.",Data analytics; Social behavior; Social media; Text processing,Journal of Information Systems Education,scopus-big data,18,Thinking AI,"['social media analytics', 'social insights', 'sentiments', 'opinions analysis', 'data visualization', 'market analysis']","The abstract discusses the assessment of social media analytics concepts to analyze social behavior and gain insights into citizen opinions, which aligns with market analysis and understanding customer preferences. The focus on analyzing sentiments and opinions directly relates to the goals of strategic analysis in marketing. The use of analytics frameworks for understanding social phenomena further emphasizes the application of thinking AI in identifying insights that can be useful for businesses.",10%,15%,65%,5%,5%
Distribution trends in industry 4.0: Case study of a major soft drink multinational enterprise in Latin America; [Verteilungstendenzen in industrie 4.0: fallstudie eines multinationalen großun-ternehmens für erfrischungsgetränke in Lateinamerika],Buestán G.; Cañizares K.; Camacho C.; Suárez-Núñez C.,2020,10.2195/lj_NotRev_buestan_de_202009_01,"This study comprises a literature review of logistics 4.0 and distribution techniques in smart cities. The results of the literature review are then used to offer innovative solutions for the distribution needs of a new sales channel of a major soft drink multinational enterprise in Ecuador, Latin America. The objectives of this study are achieved through the use of two methodologies: The Literature Review Methodology for Scientific and Information Management, through its structuring and systematization; and the Design for Six Sigma (DFSS) methodology, with the integration of marketing and market segmentation concepts for the determination of an existing local opportunity. The literature review shows that Information and Communication Technology (ICT) uses technologies such as the Internet of Things (IoT), cyber-physical systems (CPS), and Big Data to analyze, control and manage data that allows an efficient flow of information for decision-making purposes. ICT enables smart cities and smart factories to develop flexibility and quick adaptation to market changes, as well as to generate green logistic practices that comply with environmental regulations. Regarding the case study, the present study starts by analyzing the market needs for the implementation of the sales channel ""At Work"" for a multinational company dedicated to the production and distribution of soft drinks. Finally, the study presents innovative alternatives for distribution, focused on the results of the literature review, in order to optimize the delivery of soft drinks to the final customer of the ""At Work"" sales channel. © 2020, Wissenschaftliche Gesellschaft fur Technische Logistik. All rights reserved.",Distribution; Logistics 4.0; Market segmentation; Smart cities; Smart factories,Wissenschaftliche Gesellschaft fur Technische Logistik,scopus-big data,2,Thinking AI,"['market analysis', 'customer needs', 'distribution techniques', 'sales channel', 'market segmentation', 'ICT', 'Big Data', 'logistics']","The abstract focuses on analyzing market needs and distribution techniques for a new sales channel of a multinational soft drink company. It involves a literature review that emphasizes market analysis and the integration of marketing concepts for identifying local opportunities. The use of methodologies to optimize delivery and adapt to market changes aligns with the 'Thinking AI' category, which targets market analysis and strategic decision-making.",10%,20%,60%,0%,10%
An analysis and visualization methodology for identifying and testing market structure,France S.L.; Ghose S.,2016,10.1287/mksc.2015.0958,"We introduce a method for identifying, analyzing, and visualizing submarkets in product categories. We give an overview of the market structure and competitive submarket literature and then describe a classic model for testing competitive submarkets along with associated extensions. In the era of big data and with the increasing availability of large-scale consumer purchase data, there is a need for techniques that can interpret these data and use them to help make managerial decisions. We introduce a statistical likelihood based technique for both identifying and testing market structure. We run a series of experiments on generated data and show that our method is better at identifying market structure from brand substitution data than a range of methods described in the marketing literature. We introduce tools for holdout validation, complexity control, and testing managerial hypotheses. We describe a method for visualization of submarket solutions, and we give several traditional consumer product examples and in addition give an example to show how market structure can be analyzed from online review data. © 2016 INFORMS.",Big data; Brand switching; Cluster analysis; Likelihood estimation; Market segmentation; Market structure; Submarket analysis; Visualization,INFORMS Inst.for Operations Res.and the Management Sciences,scopus-big data,23,Thinking AI,"['market structure', 'competitive submarkets', 'managerial decisions', 'market analysis', 'testing managerial hypotheses']","The abstract discusses a method for identifying and analyzing market structures and competitive submarkets using large-scale consumer data. This aligns closely with the focus on market analysis and the use of marketing analytics to derive insights for strategic decision-making, which are characteristic of Thinking AI. The introduction of statistical techniques for validation and hypothesis testing further emphasizes the analytical aspect. While there are elements of data processing, the primary focus is on analysis and strategic application rather than automation.",0%,20%,80%,0%,0%
Big Data and consumer behavior: imminent opportunities,Hofacker C.F.; Malthouse E.C.; Sultan F.,2016,10.1108/JCM-04-2015-1399,"Purpose – The purpose of this paper is to assess how the study of consumer behavior can benefit from the presence of Big Data. Design/methodology/approach – This paper offers a conceptual overview of potential opportunities and changes to the study of consumer behavior that Big Data will likely bring. Findings – Big Data have the potential to further our understanding of each stage in the consumer decision-making process. While the field has traditionally moved forward using a priori theory followed by experimentation, it now seems that the nature of the feedback loop between theory and results may shift under the weight of Big Data. Research limitations/implications – A new data culture is now represented in marketing practice. The new group advocates inductive data mining and A/B testing rather than human intuition harnessed for deduction. The group brings with it interest in numerous secondary data sources. However, Big Data may be limited by poor quality, unrepresentativeness and volatility, among other problems. Practical implications – Managers who need to understand consumer behavior will need a workforce with different skill sets than in the past, such as Big Data consumer analytics. Originality/value – To the authors' knowledge, this is one of the first articles to assess how the study of consumer behavior can evolve in the context of the Big Data revolution. © 2016, © Emerald Group Publishing Limited.",Big Data; Consumer behavior; Marketing analytics,Emerald Group Publishing Ltd.,scopus-big data,154,Thinking AI,"['consumer behavior', 'Big Data', 'decision-making process', 'data culture', 'A/B testing', 'data mining']","The abstract discusses how Big Data can enhance the understanding of consumer behavior and the consumer decision-making process. This aligns with the Thinking AI category, which focuses on market analysis and targeting, as it emphasizes the shift from traditional a priori theory to data-driven insights. The mention of a new data culture advocating for analytics and testing further supports this classification.",0%,0%,100%,0%,0%
Electronic word of mouth analysis for new product positioning evaluation,Gregoriades A.; Pampaka M.,2020,10.1016/j.elerap.2020.100986,"People increasingly choose to express themselves online through electronic word of mouth (eWOM), generating large amounts of data, making eWOM a valuable source of information through big data analytics. This enables organizations to gain insights directly from customers’ opinions for better decision making. This work presents a new methodology for evaluating an organisation's product-positioning strategy through eWOM analytics. A product's mispositioning has significant negative effects and there is strong interest in identifying ways to avoid it. Current methods that utilize eWOM for product positioning evaluation mostly use post-product release reviews and do not statistically evaluate the effect of time on the product positioning; nor do they provide any means to diagnose the cause of mispositioning. The temporal aspect of positioning, however, provides valuable insights into which product features are more time-invariant and accordingly makes it possible to plan for product redesign or repositioning to maximize profitability. A case study is presented in the context of smartphones using design science research, utilizing Twitter data regarding the release of a new product, collected using a custom Android application. The research questions addressed in this paper are: (1) How do consumers’ preferences change over time with regards to the product's positioning? (2) Which product features positively influence product positioning and which negatively? To answer these questions, we compared the product-positioning strategy and consumers’ opinions before and after the release of a new product to identify possible discrepancies between expected and actual positioning of the product. This work constitutes a methodological contribution with demonstrated implications for new product positioning strategy evaluation using tweet analysis. © 2020 Elsevier B.V.",Micro-blogs; Product positioning; Sentiment Analysis; Topic modelling,Elsevier B.V.,scopus-big data,18,Feeling AI,"['eWOM', 'customer opinions', 'product positioning', 'consumer preferences', 'product features', 'mispositioning']","The abstract discusses a methodology for evaluating product-positioning strategies based on electronic word of mouth (eWOM) analytics, focusing on customer opinions and preferences over time. It emphasizes understanding how consumer preferences change and which product features impact positioning, aligning closely with the Feeling AI category that focuses on customer understanding and positioning that resonates with customers.",60%,20%,20%,0%,0%
Data mining difference in the age of big data: Communication and the social shaping of genome technologies from 1998 to 2007,"Chow-White P.A.; Green S.E., Jr.",2013,,"If the 1990s was all about the information superhighway and the network society, then the first 10 years of the 21st century is perhaps best described as the decade of data. Actors in different enterprises worked feverishly to develop innovative database and data mining technologies for institutional goals such as marketing, social networking, and scientific discovery. These researchers and data entrepreneurs follow an emerging belief that gathering and mining massive amounts of digital data will give objective insight into human relations and provide authentic representations for decision-making. On the surface, the technologies used to mine big data have the appearance of value-free and neutral inquiry. However, as information entrepreneurs use database and data mining technologies to purposively organize the social world, this seeming neutrality obfuscates domain assumptions and leaves cultural values and practices of power unexamined. We investigate the role of communication and social shaping of database and data mining technologies in the institutional context of genome science to understand how various stakeholders (scientists, policy makers, social scientists, and advocates) articulate racialized meanings with biological, physical, and big data. We found a rise in the use of racial discourse that suggests race has a genetic foundation. © 2013 (Peter A. Chow-White & Sandy E. Green, Jr.).",,University of Southern California,scopus-big data,24,Not Identified,"['data mining', 'racial discourse', 'genetic foundation', 'social shaping', 'communication']","The abstract discusses the implications of data mining technologies in the context of genome science and racial discourse. While it touches on data collection and analysis, it does not explicitly align with the marketing applications defined in the categories. The focus on racial meanings and the social shaping of data technologies diverges from traditional marketing AI applications.",0%,0%,0%,0%,100%
Does a chatbot’s location influence consumer attitude and intentions?,Roozen I.; Raedts M.; Waetermans G.,2024,10.1504/IJIMA.2024.139294,"Chatbots engage in real-time conversations with customers. Moreover, they can collect data in a digital landscape that is increasingly sensitive to privacy. The objective of this study was to help strategic marketing decision-makers better understand how and where chatbots can be used effectively to gather consumer data. We analyse whether consumers’ privacy concerns influence their adoption. Furthermore, we invest if privacy concerns, and subsequently information disclosure, are significantly influenced by the chatbot’s location. In an experimental study (N = 398) we compared the (in)direct effects of the same chatbot in two different locations: Facebook and its own retailer’s website. Our results show that interacting with a chatbot on Facebook led to significantly lower attitudes towards chatbots and lower intentions to use chatbots. Both relationships are sequentially mediated via higher privacy concerns and less comfort with information disclosure. Companies therefore need to consider where to deploy their chatbots. Copyright © 2024 Inderscience Enterprises Ltd.",adoption behaviour; chatbot; consumer-firm interaction; Facebook; Facebook messenger; information disclosure; privacy concerns; retailer website,Inderscience Publishers,scopus-chatbot,0,Mechanical AI,"['chatbots', 'data collection', 'privacy concerns', 'consumer data', 'information disclosure']","The abstract discusses the use of chatbots for collecting consumer data and analyzes how privacy concerns affect their adoption. This aligns with the Mechanical AI category, which focuses on data collection and relates to automating processes for gathering customer information. The study emphasizes the importance of chatbot location in this data collection process, indicating a mechanical approach to understanding consumer behavior.",10%,70%,20%,0%,0%
From Exclusion to Connection: The Role of Anthropomorphic Chatbots in Shaping Customer Responses Post-Social Exclusion,Jia X.; Zhao X.; Tao W.; Ahn S.,2024,10.1080/15332861.2024.2375965,"In a world where digital interactions have become the norm, chatbots are evolving to not only assist with tasks but also to alleviate feelings of social exclusion. This study investigates how anthropomorphic chatbots influence customer engagement and emotional responses following social exclusion, and further impact their commercial decisions. Through a between-subject experiment involving 609 participants, we explored the effects of anthropomorphic (vs. non-anthropomorphic) chatbots across three social exclusion conditions (ignored, rejected, and control). Our findings reveal that anthropomorphic chatbots significantly enhance purchase intention, relational investment, and organizational trust, mediated by increased senses of belonging and control and enhanced parasocial interactions. This research enriches the marketing literature by applying the need-threat model and illuminating the psychological mechanisms underlying customer responses. The practical implications for marketing and public relations professionals include strategies for optimizing brand-consumer interactions through the strategic use of anthropomorphic chatbots. © 2024 Taylor & Francis Group, LLC.",anthropomorphism; Chatbot; commercial decisions; need-threat model; social exclusion,Routledge,scopus-chatbot,0,Feeling AI,"['anthropomorphic chatbots', 'customer engagement', 'emotional responses', 'social exclusion', 'senses of belonging', 'relational investment', 'organizational trust', 'parasocial interactions']","The abstract focuses on how anthropomorphic chatbots influence emotional responses and customer engagement, particularly in the context of social exclusion. The findings indicate that these chatbots enhance feelings of belonging and trust, which directly relates to understanding and meeting customer emotional needs. This aligns closely with the definitions and examples under the 'Feeling AI' category, emphasizing customer understanding and relationalization.",80%,5%,10%,0%,5%
Trust and digital privacy: willingness to disclose personal information to banking chatbot services,Lappeman J.; Marlie S.; Johnson T.; Poggenpoel S.,2023,10.1057/s41264-022-00154-z,"This study explored digital privacy concerns in the use of chatbots as a digital banking service. Three dimensions of trust were tested in relation to user self-disclosure in order to better understand the consumer-chatbot experience in banking. The methodology selected for this research study followed a conclusive, pre-experimental, two-group one-shot case study research design which made use of a non-probability snowballing sampling technique. Privacy concerns were found to have a significantly negative relationship with user self-disclosure in both treatment groups. Respondents exposed to their preferred banking brand experienced lower user self-disclosure and brand trust than those exposed to a fictitious banking brand within the South African context. It is recommended that companies using chatbots focus on easing privacy concerns and build foundations of trust. The gains that chatbots have made in the form of increased productivity and quality of customer service rely on relationships with users who need to disclose personal information. Through this study, we concluded that, despite its power to influence decision-making, the power of a brand is not enough for consumers to considerably increase self-disclosure. Rather, a bridge of trust (through education, communication and product development) is needed that encompasses all three elements of trust, which are brand trust, cognitive trust and emotional trust. Limited research exists on the relationship between financial services marketing and chatbot adoption. Thus, this study addressed a theoretical gap, by adding brand trust to existing studies on cognitive and emotional trust regarding user self-disclosure. © 2022, The Author(s), under exclusive licence to Springer Nature Limited.",Chatbots; Conversational commerce; Digital privacy; Internet banking; Online brand trust; User self-disclosure,Palgrave Macmillan,scopus-chatbot,41,Feeling AI,"['trust', 'self-disclosure', 'privacy concerns', 'emotional trust', 'brand trust', 'cognitive trust']","The abstract discusses the consumer-chatbot experience in banking, focusing on trust dimensions and emotional factors influencing user self-disclosure. It emphasizes how privacy concerns affect emotional trust and brand trust, which are essential for understanding customer needs and building relationships. This aligns closely with the Feeling AI category, which focuses on customer understanding and relationalization.",70%,10%,20%,0%,0%
Retail consumers' conundrum: An in-depth qualitative study navigating the motivations and aversion of chatbots,Habib M.D.; Attri R.; Salam M.A.; Yaqub M.Z.,2025,10.1016/j.jretconser.2024.104147,"This study addresses prevailing gaps in retail marketing literature encompassing the (chatbot) adoption behavior by delving into the motivators and inhibitors influencing consumer decisions to adopt chatbots. Employing a qualitative approach, we gathered consumer insights through open-ended essays that explored consumer adoption and aversion of chatbots, intending to contrive an inductive understanding of this behavior jacked up by the grounded theory approach. The study involved 55 US-based chatbot users recruited through the Prolific Academic platform. Participants responded to open-ended essay questions exploring the motivators and barriers to consumer adoption of chatbots. The Gioia method was employed to develop theoretical notions from empirical data inductively. The study's findings lead to categorizing motivators into functional motives, design attributes, and relational motives. At the same time, inhibitors/barriers were classified as technological and/or functional and personal and/or perceptual. The study significantly contributes to the existing body of knowledge by addressing a critical deficiency in prior literature, explicitly identifying the factors that truncate chatbot adoption. Explaining demotivators for chatbot adoption significantly enriches the behavioral reasoning theory argument, which bases itself upon the reasons for and against a particular (adoption/aversion) behavior. The study's findings can be helpful for practitioners by highlighting the necessity of prioritizing user-centric features as well as addressing both technological and perception barriers to truncate chatbot aversion or improve the adoption rates of chatbots. © 2024 Elsevier Ltd",Chatbot; Demotivators; Motivators; Open-ended essays; qualitative investigation,Elsevier Ltd,scopus-chatbot,0,Feeling AI,"['motivators', 'inhibitors', 'consumer decisions', 'adoption', 'emotional preferences', 'perception barriers']","The abstract discusses consumer behaviors related to the adoption and aversion of chatbots, focusing on emotional and perceptual aspects that influence these decisions. It emphasizes understanding consumer needs and motivations, which aligns with the 'Feeling AI' category that prioritizes customer understanding, emotional needs, and relationalization. The findings reveal how emotional and personal factors affect adoption rates, thus resonating with the principles of Feeling AI.",70%,10%,20%,0%,0%
Employees' perceptions of chatbots in B2B marketing: Affordances vs. disaffordances,Lin X.; Shao B.; Wang X.,2022,10.1016/j.indmarman.2021.11.016,"We investigate the impacts of chatbots' technical features on employees' perceptions (namely, chatbot effectiveness and discomfort with using chatbots) in the context of B2B marketing. In particular, to capture the technical features of chatbots, we identify three types of chatbot affordances (i.e., automatability, personalization, and availability) and three types of chatbot disaffordances (i.e., limited understanding, lack of emotion, and null decision-making). We show that these types of chatbot affordances and disaffordances are related to chatbot effectiveness and discomfort with using chatbots, which in turn can affect employees' attitudes toward chatbots. We conducted an empirical study via an online survey and collected data from 228 B2B marketing employees. While automatability and personalization enhance chatbot effectiveness, null decision-making increases discomfort with using chatbots. Further, chatbot effectiveness and discomfort with using chatbots both influence employees' attitudes toward chatbots. Theoretical and managerial implications are also discussed. © 2021 Elsevier Inc.",Affordance; B2B marketing; Chatbot; Disaffordance; Discomfort; Effectiveness,Elsevier Inc.,scopus-chatbot,51,Feeling AI,"['chatbot effectiveness', 'discomfort', 'personalization', 'emotion']","The abstract discusses how employees perceive chatbots based on their technical features, including emotional aspects such as discomfort and effectiveness. The focus on discomfort with using chatbots and the emotional implications of their effectiveness suggests an emphasis on customer understanding and relationalization, which aligns with the Feeling AI category.",60%,20%,20%,0%,0%
Evaluation on Innovation of Emotional Marketing in Network Live Broadcasting Based on New Media Environment,Wang X.; Yin Z.; Omar N.A.B.,2023,10.33168/JSMS.2023.0328,"With the increase of per capita disposable income of residents and the improvement of social and economic development, people's demand for entertainment has surged, and the online live broadcasting industry has ushered in a golden age of vigorous development. Traditional webcast has the shortcomings of poor user experience, low interactivity and low content quality, which makes it difficult to meet the diversified and personalized consumption requirements of the audience. In this context, the live broadcast system based on social media platform has become one of the effective means to solve these problems. The new media online live emotional marketing has a strong transmissibility, which can provide consumers with more rich and interesting ways to obtain information, and can also improve the effect of brand promotion and word of mouth promotion. Based on the theory of multimodal learning, this paper analyzed the characteristics of user behavior among different types of social networking sites, and explored the emotional interaction mode on social networking sites from the visual and voice dimensions, and provided a basis for the formulation of emotional marketing strategies for webcasting and business decision-making. The article also compared the traditional live broadcast marketing mode with the online live broadcast emotional marketing under the new media environment. The results showed that the live broadcast marketing under the new media environment has a better effect, and the sales volume has also increased by 3.87%. It can effectively control costs and audience satisfaction is also higher. The computer vision multimodal learning technology based on Human Computer Interaction (HCI) can dynamically identify the live content, and use intelligent voice assistants to help users achieve personalized interactive communication, bringing consumers a more intuitive experience. © 2023, Success Culture Press. All rights reserved.",Computer Vision; Human-computer Interaction; Multimodal Learning; New Media; Webcast Emotional Marketing,Success Culture Press,scopus-computer vision,1,Feeling AI,"['emotional marketing', 'user behavior', 'emotional interaction', 'audience satisfaction', 'personalized interactive communication']","The abstract discusses the rise of online live broadcasting and its emotional marketing aspects. It emphasizes understanding and meeting customer emotional needs through enhanced user experience and personalized interactions. The focus on emotional interaction modes and the improved audience satisfaction indicates a strong alignment with the Feeling AI category, which deals with understanding customer emotions and tailoring experiences accordingly.",70%,10%,20%,0%,0%
From pixels to perceptions: Capturing high-level abstract concepts in visual user-generated content,Sharma U.; Rudinac S.; Demmers J.; van Dolen W.; Worring M.,2024,10.1016/j.jjimei.2024.100269,"Visual content on platforms like Instagram and TripAdvisor plays a crucial role in consumer decision-making, particularly in intangible sectors like hospitality, where consumers rely on such information to gauge service quality prior to consumption. In this study, we introduce an approach leveraging deep neural networks to identify high-level, abstract concepts in visual user-generated content (UGC) for restaurants. Given the lack of annotations on these concepts, we propose two weak labeling methods: one utilizing existing restaurant-quality signals, and the other extracting relevant labels from review texts via questionnaires. Our findings reveal that models trained on these inexpensive weak labels demonstrate moderate correlations with human judgments. Furthermore, we showcase the effectiveness of gradient-based techniques in generating visual explanations, highlighting image regions that support neural network predictions. These methods enable visual UGC analysis tasks with minimal labeling effort and allow practitioners to interpret deep neural network predictions more effectively. © 2024 The Author(s)",Computer vision; Deep learning; Marketing information management; Online platforms; User-generated content,Elsevier B.V.,scopus-computer vision,0,Thinking AI,"['consumer decision-making', 'visual content', 'deep neural networks', 'restaurant-quality signals', 'review texts', 'human judgments', 'visual explanations']","The abstract discusses the utilization of deep neural networks to analyze visual user-generated content (UGC) in the context of restaurants, which is closely related to market analysis and understanding consumer behavior. The focus is on how visual content influences consumer decisions, which aligns with the market analysis aspect of Thinking AI. Furthermore, the study emphasizes weak labeling methods to assess quality signals and generate insights from reviews, reflecting strategic analysis in marketing.",10%,5%,85%,0%,0%
A video-based automated recommender (VAR) system for garments,Lu S.; Xiao L.; Ding M.,2016,10.1287/mksc.2016.0984,"In this paper, we propose an automated and scalable garment recommender system using real-time in-store videos that can improve the experiences of garment shoppers and increase product sales. The video-based automated recommender (VAR) system is based on observations that garment shoppers tend to try on garments and evaluate themselves in front of store mirrors. Combining state-of-the-art computer vision techniques with marketing models of consumer preferences, the system automatically identifies shoppers’ preferences based on their reactions and uses that information to make meaningful personalized recommendations. First, the system uses a camera to capture a shopper’s behavior in front of the mirror to make inferences about her preferences based on her facial expressions and the part of the garment she is examining at each time point. Second, the system identifies shoppers with preferences similar to the focal customer from a database of shoppers whose preferences, purchasing, and/or consideration decisions are known. Finally, recommendations are made to the focal customer based on the preferences, purchasing, and/or consideration decisions of these like-minded shoppers. Each of the three steps can be implemented with several variations, and a retailing chain can choose the specific configuration that best serves its purpose. In this paper, we present an empirical test that compares one specific type of VAR system implementation against two alternative, nonautomated personal recommender systems: self-explicated conjoint (SEC) and self-evaluation after try-on (SET). The results show that VAR consistently outperforms SEC and SET. A second empirical study demonstrates the feasibility of VAR in real-time applications. Participants in the second study enjoyed the VAR experience, and almost all of them tried on the recommended garments. VAR should prove to be a valuable tool for both garment retailers and shoppers. © 2016 INFORMS.",Collaborative filtering; Retailing; Video analysis,INFORMS Inst.for Operations Res.and the Management Sciences,scopus-computer vision,56,Feeling AI,"['real-time', ""shoppers' preferences"", 'facial expressions', 'emotional data', 'personalized recommendations', 'shoppers', 'experience']","The abstract describes a garment recommender system that uses real-time video to analyze shoppers' facial expressions and behaviors, which relates closely to understanding customer emotions and preferences. The system's goal is to improve the shopping experience through personalized recommendations based on emotional reactions, aligning it with the focus of Feeling AI on customer understanding and emotional needs.",60%,20%,20%,0%,0%
Life Insurance Prediction and Its Sustainability Using Machine Learning Approach,Shamsuddin S.N.; Ismail N.; Nur-Firyal R.,2023,10.3390/su151310737,"Owning life insurance coverage that is not enough to pay for the expenses is called underinsurance, and it has been found to have a significant influence on the sustainability and financial health of families. However, insurance companies need to have a good profile of potential policyholders. Customer profiling has become one of the essential marketing strategies for any sustainable business, such as the insurance market, to identify potential life insurance purchasers. One well-known method of carrying out customer profiling and segmenting is machine learning. Hence, this study aims to provide a helpful framework for predicting potential life insurance policyholders using a data mining approach with different sampling methods and to lead to a transition to sustainable life insurance industry development. Various samplings, such as the Synthetic Minority Over-sampling Technique, Randomly Under-Sampling, and ensemble (bagging and boosting) techniques, are proposed to handle the imbalanced dataset. The result reveals that the decision tree is the best performer according to ROC and, according to balanced accuracy, F1 score, and GM comparison, Naïve Bayes seems to be the best performer. It is also found that ensemble models do not guarantee high performance in this imbalanced dataset. However, the ensembled and sampling method plays a significant role in overcoming the imbalanced problem. © 2023 by the authors.",ensemble; imbalanced data; life insurance; machine learning; sampling,Multidisciplinary Digital Publishing Institute (MDPI),scopus-data mining,4,Out of Scope,"['insurance', 'customer profiling', 'data mining', 'machine learning', 'policyholders', 'imbalanced dataset']","The abstract discusses the use of machine learning and data mining techniques for customer profiling within the insurance industry, focusing on predicting potential life insurance policyholders. While it touches on aspects of marketing strategy, it primarily relates to financial services and insurance rather than direct marketing applications. Therefore, it falls under 'Out of Scope' as it does not align with marketing-focused AI applications.",0%,0%,0%,100%,0%
Beyond the screen: a creative exploration of content that engages on YouTube discussed by social media influencers,Munaro A.C.; Francisco Maffezzolli E.C.; Rodrigues J.P.S.; Paraiso E.C.,2024,10.7819/rbgn.v26i03.4275,"Purpose – The study aims to investigate the most popular content discussed by social media influencers on YouTube and its associated valence, to delineate the content categories favored by top Brazilian influencers, and to assess their impact on consumer digital engagement. Theoretical framework – This study draws upon influencer marketing, social media influencer (SMI) literature, and digital engagement. Design/methodology/approach – A data mining approach was used. The methodology includes the collection of video post characteristics, engagement metrics, and audio transcriptions from 34,563 videos on 103 YouTube channels. After textual preprocessing, a topic modeling stage is performed using the Latent Dirichlet Allocation (LDA) algorithm and sentiment analysis. Findings – The study identified 19 critical dimensions of video content on YouTube. The top 3 content categories with the highest user digital engagement are: Family, Entertainment/ General, and Culture & Entertainment. The sentiment analysis shows that content about Beauty, Gastronomy, and Economics, Entrepreneurship & Business have the highest proportional positive valence. Politics, Economy & News, Entertainment/General, and Gaming have high percentages of negative valence. Practical & social implications of research – The results provide a deep understanding of YouTube’s popular content and digital engagement rates. This is essential for companies and SMIs looking to maximize their reach, resonate with their target audience, and stay competitive in the dynamic digital landscape. It allows for more effective communication, content creation, and strategic decision-making. Originality/value – Understanding the content on YouTube can provide valuable insights for businesses, marketers, and content creators to optimize their communication strategies. © FECAP.",digital engagement; Social media influencer; topic modeling; video content; YouTube,Fundacao Escola de Comercio Alvares Penteado,scopus-data mining,0,Feeling AI,"['digital engagement', 'consumer', 'sentiment analysis', 'positive valence', 'negative valence']","The abstract discusses the sentiment analysis of content from YouTube influencers, focusing on understanding consumer engagement and emotional responses to different categories of content. This aligns with the 'Customer understanding' and 'Positioning' aspects of Feeling AI, as it aims to grasp consumer emotional needs and improve engagement strategies based on their reactions. It also emphasizes the emotional valence of content, indicating a focus on understanding and meeting customer emotional needs.",60%,20%,20%,0%,0%
Presenting a model for calculating ISACO customers lifetime value by Markov chain using data mining techniques,Ashkezari M.S.; Albadavi A.; Ashkezari M.S.,2019,10.22068/ijiepr.30.4.429,"One of the key issues in studies on customer relationship management (CRM) and marketing budget allocation is to calculate the customer's lifetime value and apply it to macro-management decisions. A major challenge in this issue is considering the possibility of changes in the behavior of customers with the turn of time in the model. In this study, a new approach has been used to estimate the parameters of the model proposed for calculating the future lifetime value of Iran Khodro Spare Parts and After-Sale Services Co. (ISACO) customers. This method takes into consideration the possibility of changes in customer behavior throughout their interaction with the company. In this article, the customers of ISACO are first classified using clustering techniques and use multilayer neural network to calculate the monetary value of each group of customers during a specific period of time. Then, the Markov chain approach is used to develop a model for calculating the lifetime value of ISACO's customers considering the possibility of changes in their behavior in different periods. The results obtained here can be used in the allocation of marketing budget and adoption of macro-management decisions to envisage various projects for customers with different lifetime values. © 2019 Iran University of Science and Technology.",Clustering; Customer lifetime value; Future value; ISACO; Markov chain; Neural network,Iran University of Science and Technology,scopus-data mining,1,Thinking AI,"['customer lifetime value', 'customer behavior', 'marketing budget allocation', 'clustering techniques', 'multilayer neural network', 'Markov chain']","The abstract discusses calculating customer lifetime value and applying insights from customer behavior to marketing budget allocation, which aligns with market analysis and targeting. The use of clustering techniques and neural networks for estimating customer values indicates a focus on strategic analysis and understanding customer segments. The incorporation of changing customer behaviors suggests a sophisticated approach to market dynamics, further solidifying its classification under Thinking AI.",0%,0%,100%,0%,0%
New approach to customer segmentation based on changes in customer value,Hosseini M.; Shabani M.,2015,10.1057/jma.2015.10,"In today’s fast moving world of marketing from product-orientation to customer-orientation, the management of customer treatment can be seen as a key to achieve revenue growth and profitability. Knowledge of customer behavior can help marketing managers re-evaluate their strategies with the customers and plan to improve and expand their application of the most effective strategies. B2B or business customers are more complex, their buying process is more complicated and their sales value is greater. The business marketers usually prefer to cooperate with fewer but larger buyers than the final consumer marketer. As a business transaction requires more decision makings and more professional buying effort than the consumer market does, the efficient relationship with business customers is of paramount importance. Most customer segmentation approaches based on customer value fail to account for the factor of time and the trend of value changes in their analysis. In this article, we classify customers based on their value using the RFM model and K-means clustering method. Then, an assessment of changes over several periods of time is carried out. The originality of this research lies in its incorporation of time and trend of customer value changes in improving the accuracy of predictions based on the past behavior of customers. For this purpose, we used the POS customer transactions. © 2015 Macmillan Publishers Ltd.",Customer lifetime value; RFM model; Segmentation; Temporal data mining,Palgrave Macmillan Ltd.,scopus-data mining,47,Thinking AI,"['customer behavior', 'marketing managers', 'strategies', 'customer segmentation', 'RFM model', 'K-means clustering', 'assessment', 'predictions', 'customer transactions']","The abstract discusses the classification of customers based on their value using the RFM model and K-means clustering method, which aligns with market analysis and targeting strategies. The focus on understanding customer behavior and re-evaluating marketing strategies indicates a strategic analytical approach inherent in Thinking AI. Additionally, the research emphasizes improving the accuracy of predictions based on past customer behavior, which correlates with market analysis and targeting best practices.",0%,0%,100%,0%,0%
Understanding Consumer Attitudes toward Cultured Meat: The Role of Online Media Framing,Kouarfaté B.B.; Durif F.,2023,10.3390/su152416879,"The widespread commercialization of cultured meat, produced from animal stem cells grown in vitro, faces significant challenges related to technical, regulatory, and social acceptability constraints. Despite advancements in knowledge, the acceptance of this innovation remains uncertain. Understanding individuals’ decision-making processes and interpretative patterns is crucial, with media framing playing a key role in shaping attitudes toward cultured meat adoption. This research, focusing on Twitter as a social media platform, examines the impact of media framing on consumer attitudes (cognitive, affective, and conative) regarding cultured meat. Qualitative (content analysis) and quantitative (MANOVA) analyses were conducted on 23,020 posts and 38,531 comments, selected based on media framing or containing relevant attitude components. This study reveals that media-framed posts significantly influence consumer attitudes compared to non-media-framed posts. While different types of media framing (ethical, intrinsic, informational, and belief) exhibit varying impacts on attitude components, posts combining ethical, intrinsic, and informational frames have a more substantial effect on cultured meat acceptability. The belief frame, particularly for the behavioral component, is equally influential. Consumer attitudes toward cultured meat are found to be ambivalent, considering the associated benefits and risks. Nevertheless, the affective component of attitude is notably influenced by posts featuring informational and ethical media frames. This study suggests implications for authorities and businesses, emphasizing the importance of differentiated education and marketing strategies. Advertising messages that combine ethical, intrinsic, and informational frames are recommended. Additionally, this study advocates for regulatory measures governing the production, marketing, and consumption of cultured meat to instill consumer confidence in the industry. By highlighting the significance of beliefs in cultured meat consumption behavior, this research points toward potential exploration of cultural and religious influences in future studies. © 2023 by the authors.",artificial meat; attitude; consumer acceptance; consumer behavior; cultured meat; media framing; social acceptability; text mining,Multidisciplinary Digital Publishing Institute (MDPI),scopus-data mining,4,Feeling AI,"['consumer attitudes', 'media framing', 'emotional data', 'affective component', 'ethical', 'acceptability']","The abstract discusses how media framing influences consumer attitudes towards cultured meat, focusing on the emotional and cognitive aspects of these attitudes. It emphasizes the role of ethical and informational frames in shaping affective responses, indicating an understanding of customer emotional needs and wants, which aligns with the Feeling AI category. The study suggests differentiated marketing strategies based on emotional appeal, supporting the classification as Feeling AI.",70%,10%,20%,0%,0%
Design and Implementation of an Efficient Electronic Bank Management Information System Based Data Warehouse and Data Mining Processing,Luo J.; Xu J.; Aldosari O.; Althubiti S.A.; Deebani W.,2022,10.1016/j.ipm.2022.103086,"The quantity of electronic bank data grows exponentially with development of Information Technology (IT). The size of these data is impossible for traditional database and human analyst to come up with interesting information that will help in process of decision making. Management Information System (MIS) based Data warehouse (DW) and Data Mining (DM) techniques support the development of IT and process of management decision-making. But the traditional DW size make the query complex, which may cause unacceptable delay in decision support queries. Thus, in this paper an Efficient Electronic Bank MIS based DW and Mining Processing (EEBMIS-DWMP) was developed with cluster and non-cluster indexed view to provide decision-makers with both best response time and precise information. Also, analysis of the multilayer perception neural network, naïve Bayes, random forest, logistic regression, support vector machine and C5.0 on a real-world data of bank was done to improve effectiveness for campaign by analyzing the most useful features that influence campaign success. Results offer how the proposed EEBMIS-DWMP developed bank organizations by comparing performance of system with and without index view in terms of balance accuracy, accuracy, precision, recall, mean absolute error, root mean square error, F measure and running time. Conclusions from results offers that EEBMIS-DWMP can construct a database for each customer, a storage system that integrates data from a variety of sources into a single unified framework, decrease errors and time required to prepare financial reports, quickly access for information, analysis of data in multivariate, accurate prediction of competent, profitability segmentation. © 2022",Data mining; Data warehouse; Index view; Management information system; Marketing,Elsevier Ltd,scopus-data mining,6,Out of Scope,"['electronic bank data', 'data warehouse', 'data mining', 'decision-making', 'neural network', 'financial reports', 'bank organizations']","The abstract discusses the development of a management information system for electronic banking data and its application in decision-making and data analysis. While it involves data processing and analytics, the focus is primarily on banking and financial services, which are not related to marketing as per the defined categories.",0%,0%,0%,100%,0%
Identifying a good business location using prescriptive analytics: Restaurant location recommendation based on spatial data mining,Han S.; Chen L.; Su Z.; Gupta S.; Sivarajah U.,2024,10.1016/j.jbusres.2024.114691,"This study proposes a new prescriptive analytics method that aims to provide decision-makers with a systematic and objective approach to identify suitable locations, considering the spatial distribution of different types of restaurants. The method comprises of two main components: spatial co-location pattern mining and locationGCN, where locationGCN is based on graph convolutional network (GCN). The spatial co-location pattern mining is utilized to capture the spatial correlation of specific restaurant to determine the candidate location selection range. The locationGCN is designed to further screen out final suitable location ranges for the specific restaurant type. A case study using restaurant data from Xiamen Island collected from Dianping.com is conducted. The empirical results demonstrate that the algorithm achieves an accuracy of 74.88%, precision of 63.59%, and recall of 77.48%. Results indicate that the proposed approach can provide suitable location recommendations for specific types of restaurants based on existing restaurant distribution information. © 2024 The Author(s)",Co-location pattern mining; Graph convolutional network; Location selection; Transformative marketing,Elsevier Inc.,scopus-data mining,3,Thinking AI,"['prescriptive analytics', 'decision-makers', 'location recommendations', 'spatial distribution', 'restaurant types', 'market analysis']","The abstract discusses a prescriptive analytics method designed to help decision-makers identify suitable restaurant locations based on spatial distribution patterns. This aligns with the 'Market analysis' focus of Thinking AI, as it involves analyzing data to recommend optimal locations for specific restaurant types. The approach emphasizes strategic analysis rather than automation or emotional understanding.",0%,0%,100%,0%,0%
Multiple attribute behavioral decision-making model of internet consumers based on prospect theory; [基于前景理论的网络消费者多属性行为决策模型],Wen-Ming Z.; Shao-Jie C.; Xu W.; Hua-Qiong C.,2019,10.13587/j.cnki.jieem.2019.03.015,"Modeling the decision-making process of online consumers in a proper way can provide strategic suggestions on operation management and service marketing for electronic commerce firms. In recent years, many researches have tried to model the consumers’ decision-making process from different perspectives, like considering consumers' behavior patterns, integrating consumption theories, and utilizing different methods or tools. Most of these researches build models based on the Expected Utility Theory which depends on the ""Rational People"" hypothesis. However, online consumers often make some ""bounded rational"" or ""irrational"" decisions in an electronic commerce environment, due to peers’ influence. Therefore, Prospect Theory, which is dependent on the ""Irrational People"" hypothesis, is selected as the theoretical basis in this paper. We replace the traditional expected utility function with Prospect Theory’s value function to build a reasonable behavioral decision-making model. Moreover, an improvement in value function is acquired by the introduction of intuitionistic triangular fuzzy number. We provide our approach in detail as follows. First, we construct the behavioral decision-making model based on Prospect Theory. Then the intuitionistic fuzzy number is introduced to express fuzzy decision-making information, which brings about improved value function, improved weight function as well as improved prospect function. We also build a more appropriate behavioral decision-making model. Therefore, we have determined the basic form of the model. Secondly, the whole service process of B2C electronic commerce is divided into six sub-processes by using service blueprinting. Based on these six sub-processes, the multiple attribute decision-making problem is defined through the determination of the multiple attribute structure and the set of alternatives which includes three dominant B2C platforms in China, e.g. Jingdong (jd.com), Yihaodian (yhd.com) and Dangdang (dangdang.com). Hence, the behavioral decision-making model of online consumers based on Prospect Theory has been determined. Thirdly, the behavioral model of decision-making is quantified by means of text mining of the collected eWOMs (Electronic Word-of-Mouth). The details of the process are showed as follows. First, we construct a SVM (Support Vector Machine) classifier for eWOMs, which classifies eWOMs into different service sub-processes. Then the eWOMs in different sub-processes are clustered by the use of Weka, which is a data mining kit. Based on the clustering results, we can define 13 evaluating indicators and their corresponding weights. Finally, we convert the eWOMs into intuitionistic triangular fuzzy numbers, which determine the parameters of our model according to the results of sentiment analysis. Therefore, the model is quantified. Finally, we take Jingdong, Yihaodian and Dangdang as examples to test the behavioral model of decision-making. Furthermore, the reliability of this behavioral decision-making model is identified by comparison with the model based on the Expected Utility Theory. The results show that: (1) Compared with the models which are based on Expected Utility Theory, the behavioral decision model proposed in this paper performs better to reveal the practical situation. (2) Results of the calculated examples show that Jingdong scores the highest prospect values, followed by Yihaodian and Dangdang. Clustering of eWOMs results in 13 indicators. Jingdong scores the highest prospect values in seven indicators, while Yihaodian scores the highest ones in four indicators. Though Jingdong takes the highest overall score, its score is the lowest one in after-sales stage, giving rise to a narrowed gap in total score. While Yihaodian’s excellent service recovery help itself to rank second. The results show that proper service recovery strategies contribute to the improvement of service quality © 2019, Journal of Industrial Engineering and Engineering Management.All Rights Reserved.",B2C e-commerce; Behavioral decision-making model; Electronic word-of-mouth; Intuitionistic fuzzy number; Prospect Theory,Zhejiang University,scopus-data mining,5,Thinking AI,"['decision-making', 'behavioral model', 'eWOM', 'Prospect Theory', 'service quality', 'market analysis']","The abstract discusses modeling the decision-making process of online consumers and utilizes Prospect Theory to build a behavioral decision-making model. It emphasizes the analysis of consumer behavior in the context of electronic commerce, focusing on strategic suggestions for operation management and service marketing. The use of text mining for eWOMs and the subsequent analysis to define evaluating indicators further aligns with market analysis and targeting, which are key aspects of Thinking AI.",10%,15%,70%,0%,5%
"Investigating the use of business, competitive and marketing intelligence as management tools in the mining industry",Boikanyo D.H.; Lotriet R.; Buys P.W.,2016,,"The main objective of this research study is to investigate the extent to which business intelligence, competitive intelligence and marketing intelligence are used within the mining industry. Business intelligence, competitive intelligence and marketing intelligence are the management tools used to mine information to produce up-to-date intelligence and knowledge for operative and strategic decision making. A structured questionnaire is used for the study. A total of 300 mines are randomly selected from a research population of mining organizations in South Africa, Africa and globally. The respondents are all part of senior management. A response rate of 64% is achieved. The results indicat that more than half of the respondents do not have real-time intelligence and proper data mining tools to identify patterns and relationships within a data warehouse. Although a large proportion agrees that their organizations have systematic ways of gathering these different types of intelligence and use them for strategic decision making, there is a significant proportion that did not have any systems. Statistically and practically significant positive relationships with a large effect are found among the dimensions of business intelligence, marketing intelligence, competitive intelligence and perceived business performance. © Dinko Herman Boikanyo, Ronnie Lotriet, Pieter W. Buys, 2016.",Business intelligence; Competitive intelligence; Marketing intelligence; Mining industry,LLC CPC Business Perspectives,scopus-data mining,4,Thinking AI,"['business intelligence', 'competitive intelligence', 'marketing intelligence', 'strategic decision making', 'data mining', 'patterns', 'relationships', 'performance']","The abstract discusses the use of business, competitive, and marketing intelligence within the mining industry for strategic decision-making. This aligns with the 'Thinking AI' category, which focuses on market analysis and leveraging analytics for competitive advantages. The emphasis on data mining to identify patterns and relationships also supports this classification.",10%,20%,60%,0%,10%
A predictive analytics of physicians prescription and pharmacies sales correlation using data mining,Sohrabi B.; Raeesi Vanani I.; Nikaein N.; Kakavand S.,2019,10.1108/IJPHM-11-2017-0066,"Purpose: In the pharmaceutical industry, marketing and sales managers often deal with massive amounts of marketing and sales data. One of their biggest concerns is to recognize the impact of actions taken on sold-out products. Data mining discovers and extracts useful patterns from such large data sets to find hidden and worthy patterns for the decision-making. This paper, too, aims to demonstrate the ability of data-mining process in improving the decision-making quality in the pharmaceutical industry. Design/methodology/approach: This research is descriptive in terms of the method applied, as well as the investigation of the existing situation and the use of real data and their description. In fact, the study is quantitative and descriptive, from the point of view of its data type and method. This research is also applicable in terms of purpose. The target population of this research is the data of a pharmaceutical company in Iran. Here, the cross-industry standard process for data mining methodology was used for data mining and data modeling. Findings: With the help of different data-mining techniques, the authors could examine the effect of the visit of doctors overlooking the pharmacies and the target was set for medical representatives on the pharmaceutical sales. For that matter, the authors used two types of classification rules: decision tree and neural network. After the modeling of algorithms, it was determined that the two aforementioned rules can perform the classification with high precision. The results of the tree ID3 were analyzed to identify the variables and path of this relationship. Originality/value: To the best of the authors’ knowledge, this is one of the first studies to provide the real-world direct empirical evidence of “Analytics of Physicians Prescription and Pharmacies Sales Correlation Using Data Mining.” The results showed that the most influential variables of “the relationship between doctors and their visits to pharmacies,” “the length of customer relationship” and “the relationship between the sale of pharmacies and the target set for medical representatives” were “deviation from the implementation plan.” Therefore, marketing and sales managers must pay special attention to these factors while planning and targeting for representatives. The authors could focus only on a small part of this study. © 2019, Emerald Publishing Limited.",Classification; Data mining; Decision tree; Pharmaceutical industry; RFM model,Emerald Group Holdings Ltd.,scopus-data mining,11,Thinking AI,"['data mining', 'decision-making', 'market analysis', 'classification rules', 'sales', 'medical representatives']","The abstract discusses the use of data mining techniques to improve decision-making quality in the pharmaceutical marketing context. It emphasizes market analysis through the examination of the relationship between doctors' visits and pharmacy sales, utilizing classification rules for predictive analytics—characteristics aligned with the Thinking AI category. The focus on analyzing data to inform marketing strategies indicates a strong application of market analysis and targeting.",0%,0%,100%,0%,0%
Convergence of wireless sensor network and data mining for pest mangement in agriculture,Deepa B.; Jeen Marseline K.S.; Nandhini S.,2019,,"Agriculture is the most important sector in our country. Indian agriculture faces several problems. Some of the problems are natural and some of them are manmade. Various problems faced in agriculture are Manures, Fertilizers, Pesticides, soil erosion, agricultural marketing, lack of mechanization and Irrigation. Among these problems, pests, germs and weeds cause heavy loss to crops. Excessive use of pesticides damages crops and results in heavy loss of yield. To optimize its use and help the farmers to know the proper use of pesticides, we propose a solution using data mining techniques. Technology plays a vital role in agriculture industry. It helps the farmers in reducing cost of production and increasing the quality and quantity of production. There are several parameters which are being monitored using wireless sensor networks in agriculture. Among these parameters, our main focus is pest control using Wireless Sensor Networks. This paper proposes a solution to the pest control using data mining and wireless sensor networks. © BEIESP.",Agriculture; Data Mining; Decision tree; Pest control; Wireless Sensor Networks,Blue Eyes Intelligence Engineering and Sciences Publication,scopus-data mining,0,Out of Scope,"['pesticides', 'data mining', 'Wireless Sensor Networks', 'agriculture', 'crop loss']","The abstract focuses on agricultural challenges, specifically pest control, and the application of technology such as data mining and wireless sensor networks. It does not pertain to marketing applications or strategies, thus classifying it as 'Out of Scope'.",0%,0%,0%,100%,0%
A model for analysis most visited web page for web usage mining,Mehra J.; Thakur R.S.,2019,,"Weblog analysis takes raw data from access log and performs study on this data for extracting statistical information. These info incorporates a variety of data for the website activity such as average no. of hits, total no. of user visits, failed & successful cached hits, average time of view, average path length over a website and analytical information such as page was not found errors and server errors, server information which includes exit and entry pages, single access pages and top visited pages, requester information like which type of search engines is used, keywords and top referring sites and so on. In general, the website administrator uses this kind of knowledge to make better the system act, helping in the manipulation process of site, then also forgiving marketing decisions support. Most of the advanced Web mining systems practice this kind of information to take out more difficult or complex interpretation those take learning, using data mining procedures like association rules, clustering, and classification etc. © IJSTR 2019.",Data preprocessing; Site modification; Top visited web pages; Web usage mining; Weblog expert tool,International Journal of Scientific and Technology Research,scopus-data mining,0,Mechanical AI,"['weblog analysis', 'data collection', 'statistical information', 'website activity', 'data mining', 'user visits', 'server information', 'requester information']","The abstract primarily discusses the analysis of weblog data to extract statistical information about website activity, which aligns with the focus on data collection and standardization in Mechanical AI. It emphasizes the automation of processes related to understanding user behavior and improving system functionality, which falls under the category of Mechanical AI. While there are elements of analysis that could relate to Thinking AI, the predominant focus remains on data gathering and processing.",0%,80%,20%,0%,0%
Deep neural networks for the classification of bank marketing data using data reduction techniques,Krishna C.L.; Reddy P.V.S.,2019,10.35940/ijrte.C5522.098319,"The amount of data belonging to different domains are being stored rapidly in various repositories across the globe. Extracting useful information from the huge volumes of data is always difficult due to the dynamic nature of data being stored. Data Mining is a knowledge discovery process used to extract the hidden information from the data stored in various repositories, termed as warehouses in the form of patterns. One of the popular tasks of data mining is Classification, which deals with the process of distinguishing every instance of a data set into one of the predefined class labels. Banking system is one of the real-world domains, which collects huge number of client data on a daily basis. In this work, we have collected two variants of the bank marketing data set pertaining to a Portuguese financial institution consisting of 41188 and 45211 instances and performed classification on them using two data reduction techniques. Attribute subset selection has been performed on the first data set and the training data with the selected features are used in classification. Principal Component Analysis has been performed on the second data set and the training data with the extracted features are used in classification. A deep neural network classification algorithm based on Backpropagation has been developed to perform classification on both the data sets. Finally, comparisons are made on the performance of each deep neural network classifier with the four standard classifiers, namely Decision trees, Naïve Bayes, Support vector machines, and k-nearest neighbors. It has been found that the deep neural network classifier outperforms the existing classifiers in terms of accuracy. © BEIESP.",Attribute Subset Selection; Classification; Data Mining; Deep Neural Networks; Principal Component Analysis,Blue Eyes Intelligence Engineering and Sciences Publication,scopus-data mining,2,Out of Scope,"['data mining', 'classification', 'bank marketing', 'deep neural network', 'standard classifiers']","The abstract discusses data mining techniques and classification algorithms applied to bank marketing data sets. It focuses on the technical aspects of data processing and classification performance rather than any emotional understanding of customers, market analysis, or automated processes relevant to marketing strategies. Therefore, it falls under the 'Out of Scope' category as it does not relate to marketing applications.",0%,0%,0%,100%,0%
Identification of common city characteristics influencing room occupancy,Moro S.; Rita P.,2019,10.1108/IJTC-08-2018-0063,"Purpose: National tourism offices worldwide implement marketing strategies to influence tourists’ choices. However, there is more than meets the eye when it comes to choosing a city as a tourism destination. The purpose of this paper is to answer which are the characteristics that play a key role in room occupancy. Design/methodology/approach: Diverse characteristics such as the city offer, demographics, natural amenities (e.g. number of beaches) and also politics (e.g. type of government) are combined into a decision tree model to unveil the relevance of each in determining room occupancy. The empirical experiments used data known in 2015 from 43 cities from Europe and the rest of the World to model room occupancy rate in 2016. Findings: While the seasonality effect plays the most significant role, other less studied features such as the type of political party prior to current government were found to have an impact in room occupancy. Originality/value: This study unveiled that center–right and right governments are generally more sensitive to promote its city as a tourism destination. © 2019, International Tourism Studies Association.",City characteristics; Data mining; Hotels; Natural amenities; Room occupancy,Emerald Group Holdings Ltd.,scopus-data mining,4,Thinking AI,"['marketing strategies', 'tourism destination', 'room occupancy', 'decision tree model', 'market analysis', 'seasonality effect', 'political party impact']","The abstract discusses the analysis of various characteristics affecting room occupancy in tourism, particularly through the use of a decision tree model, which aligns closely with market analysis and targeting. The findings reveal insights into how different factors, like seasonality and political influences, impact tourism choices, which is in line with the focus of Thinking AI on market analysis and identifying competitive advantages.",10%,15%,75%,0%,0%
The state of lead scoring models and their impact on sales performance,Wu M.; Andreev P.; Benyoucef M.,2024,10.1007/s10799-023-00388-w,"Although lead scoring is an essential component of lead management, there is a lack of a comprehensive literature review and a classification framework dedicated to it. Lead scoring is an effective and efficient way of measuring the quality of leads. In addition, as a critical Information Technology tool, a proper lead scoring model acts as an alleviator to weaken the conflicts between sales and marketing functions. Yet, little is known regarding lead scoring models and their impact on sales performance. Lead scoring models are commonly categorized into two classes: traditional and predictive. While the former primarily relies on the experience and knowledge of salespeople and marketers, the latter utilizes data mining models and machine learning algorithms to support the scoring process. This study aims to review and analyze the existing literature on lead scoring models and their impact on sales performance. A systematic literature review was conducted to examine lead scoring models. A total of 44 studies have met the criteria and were included for analysis. Fourteen metrics were identified to measure the impact of lead scoring models on sales performance. With the increased use of data mining and machine learning techniques in the fourth industrial revolution, predictive lead scoring models are expected to replace traditional lead scoring models as they positively impact sales performance. Despite the relative cost of implementing and maintaining predictive lead scoring models, it is still beneficial to supersede traditional lead scoring models, given the higher effectiveness and efficiency of predictive lead scoring models. This study reveals that classification is the most popular data mining model, while decision tree and logistic regression are the most applied algorithms among all the predictive lead scoring models. This study contributes by systematizing and recommending which machine learning method (i.e., supervised and/or unsupervised) shall be used to build predictive lead scoring models based on the integrity of different types of data sources. Additionally, this study offers both theoretical and practical research directions in the lead scoring field. © The Author(s), under exclusive licence to Springer Science+Business Media, LLC, part of Springer Nature 2023.",Data mining model; Lead scoring model; Machine learning algorithm; Sales performance; Systematic literature review,Springer,scopus-data mining,11,Thinking AI,"['lead scoring', 'sales performance', 'predictive models', 'data mining', 'machine learning', 'market analysis']","The abstract focuses on lead scoring models, their categorization into traditional and predictive types, and their impact on sales performance. It discusses the use of data mining and machine learning, which are related to market analysis and targeting in marketing. The emphasis on analyzing existing literature and recommending machine learning methods aligns well with the strategic analysis aspect of Thinking AI.",0%,0%,100%,0%,0%
Mining longitudinal user sessions with deep learning to extend the boundary of consumer priming,Cheng L.-C.; Chen K.,2022,10.1016/j.dss.2022.113864,"Priming is challenging when consumers start shortlisting products before the final purchase. This is because this shortlisting process is performed in multiple user sessions online across time, the shortlist does not stay as a static list, and product comparison in this stage uses the heuristics internal to individual consumers. The goal of this study is two folds: (1) to approximate user heuristics after B&B product shortlisting using NLP and deep learning techniques, and (2) to identify optimized deep learning models for the representation of key elements of consumer heuristics. This offers an extension of the priming theory into product comparison and shortlisting stages that were traditionally difficult for marketers to tap into. By analyzing the B&B product information repeated visited in user sessions, the formation of shortlists is identified and products in the shortlists can then be compared. Subsequent priming and promotions can therefore be performed closer to the actual purchase. Our study also provides marketers keywords and their associated activated words relevant for crafting marketing messages. As these activation words are extracted from the B&B sites and product reviews that the users had visited repeatedly in long-term tracking sessions, they are analogous to effects produced from user participatory design, an approach popular in the IT world. Our work shows that opportunities for marketing decision support, especially into the shortlisting phase, are now possible through machine learning techniques. Both theoretical and practical implications are provided. © 2022 Elsevier B.V.",E-commerce; Priming theory; Session-based recommendation; Text mining,Elsevier B.V.,scopus-data mining,7,Thinking AI,"['user heuristics', 'deep learning', 'product comparison', 'shortlisting', 'marketing messages', 'keywords', 'activation words']","The abstract discusses the use of NLP and deep learning techniques to analyze user behavior during the product shortlisting phase, which is a form of market analysis. The study aims to approximate consumer heuristics, which aligns with identifying competitive advantages and understanding how consumers make decisions. Additionally, the focus on crafting marketing messages based on activated words indicates a strategic approach to targeting and personalization.",10%,15%,75%,0%,0%
Online ad effectiveness evaluation with a two-stage method using a Gaussian filter and decision tree approach,Wang H.; Hong M.,2019,10.1016/j.elerap.2019.100852,"Online ads play create opportunities for advisers to discover potential customers by delivering marketing messages through the Internet. Effectiveness evaluation of online ads is useful so they can save unnecessary costs and increase their profit. The task of early removal of ineffective online ads is a key aspect of effectiveness evaluation. Few studies have focused on early removal of ineffective online ads though. To address this problem, we propose a two-stage method based on a Gaussian filter and a decision tree (M-GFDT). Our method uses a Gaussian filter to adjust distribution of business data in the first stage and builds a decision tree classifier to remove ineffective online ads and at the same time achieve high accuracy for predicting effective online ads. The second stage involves validation of our method experimentally, with data from a cross-border e-commerce firm. The results demonstrate that our method is able to achieve high accuracy in predicting effective online ads. It also aids in the removal of ineffective online ads as early as possible. The prediction results of M-GFDT and the method itself are useful for helping advertisers to optimize their ad strategies. © 2019 Elsevier B.V.",Decision tree; Effectiveness evaluation; Gaussian filter; Online ads,Elsevier B.V.,scopus-data mining,18,Thinking AI,"['effectiveness evaluation', 'early removal', 'decision tree classifier', 'predicting effective online ads', 'optimize ad strategies']","The abstract discusses a method for evaluating the effectiveness of online ads, specifically focusing on the early removal of ineffective ads and using a decision tree classifier for accurate predictions. This aligns closely with market analysis and targeting applications within the Thinking AI category, which includes using analytical methods to identify effective strategies and targets for marketing. The emphasis on optimizing ad strategies further solidifies this classification.",0%,0%,100%,0%,0%
A Text Mining Analysis of Academic Libraries' Tweets,Al-Daihani S.M.; Abrahams A.,2016,10.1016/j.acalib.2015.12.014,"This study applies a text mining approach to a significant dataset of tweets by academic libraries. The dataset for this research was collected from the complete Twitter timelines of ten academic libraries. The total dataset comprised 23,707 tweets with 17,848 mentions, 7625 hashtags, and 5974 retweets. Academic libraries from the dataset have typically posted fewer than 50 tweets per month, though tweet volume grew rapidly in late-2013 through 2014. The results show variance between academic libraries in distribution of tweets over time. The most frequent word was ""open,"" which was used in a variety of contexts by the academic libraries. It was noted that the most frequent bi-gram (two-word sequence) in the aggregated tweets was ""special collections"". The most frequent tri-gram (three-word sequence) was ""save the date"". The most frequent word categories in the semantic analysis for most libraries were related to ""knowledge, insight, and information concerning personal and cultural relations"". The most common category of the tweets was ""Resources"" among all the selected academic libraries. These findings highlight the importance of using data- and text-mining approaches in understanding the aggregate social data of academic libraries to aid in decision-making and strategic planning for patron outreach and marketing of services. © 2016 Elsevier Inc.",Academic libraries; Content analysis; Data mining; Social media; Text mining; Twitter,Elsevier Ltd,scopus-data mining,49,Thinking AI,"['data mining', 'social data', 'decision-making', 'strategic planning', 'marketing', 'academic libraries']","The abstract discusses the use of text mining approaches to analyze tweets from academic libraries, focusing on understanding social data to aid in decision-making and strategic planning for outreach and marketing services. This aligns with the 'Thinking AI' category, which emphasizes market analysis and the identification of competitive advantages through data analysis.",10%,20%,70%,0%,0%
Practical differentially private online advertising,Sun J.; Zhao L.; Liu Z.; Li Q.; Deng X.; Wang Q.; Jiang Y.,2022,10.1016/j.cose.2021.102504,"Powered by machine learning technology, online advertising achieves accurate advertisement delivery to potential customers according to online user profiles. However, it raises serious privacy concerns since the learning process may reveal sensitive information in the profiles. It is highly desirable to provide high-quality advertisement recommendations while respecting an individual's privacy. To address the privacy issues, we propose a practical privacy-preserving system that predicts advertisement Click Through Rate (CTR) accurately without revealing any sensitive information of individuals. Our system combines both offline and online training to achieve the goal. In the offline training phase, we develop two differentially private algorithms built upon Gradient Boosting Decision Tree (GBDT) and Field-aware Factorization Machine (FFM) algorithms, respectively, to transform features and train a privacy-preserving offline model. In the online training phase, we propose a privacy-preserving online learning algorithm to compensate for the decline of offline performance when online feature changes occur. We perform extensive experiments to evaluate the performance of our system based on three real-world datasets. The results demonstrate that our system can protect user privacy without compromising the accuracy of CTR prediction, with reasonable computation overhead. © 2021",Data perturbation; Differential privacy; Learning and optimization; Online advertising; Recommendation system,Elsevier Ltd,scopus-data mining,1,Mechanical AI,"['advertisement delivery', 'user profiles', 'privacy-preserving system', 'Click Through Rate (CTR)', 'offline training', 'online learning']","The abstract focuses on the use of machine learning technology for accurate advertisement delivery and the development of a privacy-preserving system that predicts CTR. It involves the automation of processes related to advertisement targeting and feature transformation, aligning with the Mechanical AI category, which emphasizes data collection and standardization. The privacy concerns addressed in the system do not relate to emotional understanding or strategic market analysis, further supporting this classification.",0%,70%,30%,0%,0%
Seeing is believing? Data mining to create a choice-based conjoint approach for restaurant mobile marketing,Liu S.; Wei C.V.; Kalgotra P.; Cobanoglu C.,2022,10.1016/j.ijhm.2022.103248,"We propose an online impression-management conceptual model and present a two-step approach to unfold the importance of multiple attributes on a restaurant marketplace mobile app. First, our study uses OpenTable platform data to provide insights into the visual attractiveness of restaurant images. In total, 92,934 images were scraped and further labeled through the Tencent Multi-Label API, which identified six categories of image cues. Second, an exploratory Choice-Based Conjoint (CBC) analysis was performed to assess the importance of attributes at different levels from 746 valid survey responses. Furthermore, we performed Latent Class Analysis (LCA) to categorize the consumers by their choice features in which we identified two groups: “visual-image-cues responsive” and “price-rating-cue responsive.” These categories advance the proposed online impression-management conceptual model and indicate that visual information is the most important attribute in decision making. Our study provides empirically based suggestions to enable practitioners to strengthen their m-commerce marketing strategies. © 2022 Elsevier Ltd",Conjoint analysis; Deep learning object detection; Image recognition; Latent class analysis; Mobile restaurant reservation,Elsevier Ltd,scopus-data mining,6,Thinking AI,"['visual attractiveness', 'image cues', 'Choice-Based Conjoint analysis', 'Latent Class Analysis', 'consumer choice', 'm-commerce marketing strategies']","The abstract discusses a conceptual model for online impression management that emphasizes the assessment of various attributes (like visual information) influencing consumer decision-making in a restaurant marketplace app. This aligns with the 'Thinking AI' category, particularly in market analysis and targeting, as it involves analyzing data to draw insights about consumer preferences and behaviors. The use of techniques like CBC analysis and LCA indicates a focus on strategic analysis of consumer choices.",0%,0%,100%,0%,0%
Educational Performance Analytics of Undergraduate Business Students,Rifatv M.R.I.; Imran A.A.; Badrudduza A.S.M.,2019,10.5815/ijmecs.2019.07.05,"Educational data mining (EDM) is an emerging interdisciplinary research area concerned with analyzing and studying data from academic databases to better understand the students and the educational settings. In most of the Asian countries, it is a challenging task to perform EDM due to the diverse characteristics of the educational data. In this study, we have performed students’ educational performance prediction, pattern analysis and proposed a generalized framework to perform rigorous educational analytics. To validate our proposed framework, we have also conducted extensive experiments on a real-world dataset that has been prepared by the transcript data of the students from the Marketing department of a renowned university in Bangladesh. We have applied six state-of-the-art classification algorithms on our dataset for the prediction task where the Random Forest model outperforms the other models with accuracy 94.1%. For pattern analysis, a tree diagram has been generated from the Decision Tree model. © 2019 MECS.",Classification; Educational Data Mining; Knowledge Extraction; Random Forest,Modern Education and Computer Science Press,scopus-data mining,14,Out of Scope,"['educational data mining', 'student performance prediction', 'pattern analysis', 'classification algorithms', 'educational analytics']","The abstract discusses educational data mining and the analysis of student performance data, which is focused on academic settings rather than marketing. The methods and applications described are not related to marketing strategies, customer understanding, or emotional analytics. Therefore, it does not fit into any of the defined marketing-related categories.",0%,0%,0%,100%,0%
Categorizing Cruise Lines by Passenger Perceived Experience,Li Y.; Kwortnik R.,2017,10.1177/0047287516674602,"In the travel and hospitality industries, categorization of products, brands, and experiences permits efficient comparison and evaluation that aids decision making—from consumer choice to organizational strategy. However, categories often involve self-categorization (e.g., marketer defined) that may not reflect the reality of dynamic markets and industries. In this study of the cruise industry, we derive a new categorization approach using consumer perceptions of their cruise experiences to challenge a long-standing industry typology. Results using a variety of statistical tests of J.D. Power data from more than 3,000 cruisers yield a new and more informative category structure and assignment of cruise lines to it. Analyses reveal differences between the new cruise categories in terms of determinants that influence customer choice. Discussion highlights benefits to travel practitioners of using dynamic and customer-based categories, as well as to researchers of applying advanced statistical techniques to expose unexpected and insightful patterns in secondary data. © 2016, © The Author(s) 2016.",categorization; cruise industry; customer experience; data mining; marketing,SAGE Publications Ltd,scopus-data mining,24,Thinking AI,"['categorization', 'consumer perceptions', 'decision making', 'market analysis', 'customer choice', 'statistical tests', 'new category structure']","The abstract focuses on deriving a new categorization approach based on consumer perceptions, which is indicative of market analysis and understanding competitive advantages in the cruise industry. It highlights the importance of using dynamic and customer-based categories to influence customer choice, which aligns with the objectives of Thinking AI in terms of market analysis and targeting.",10%,20%,70%,0%,0%
A research on the comparison of classification algorithm in finance; [Una investigación sobre la comparación del algoritmo de clasificación en las finanzas],Eti S.; İnel M.N.,2020,10.22201/fca.24488410e.2020.2497,"Nowadays, data is developing with technology. With developments in the Internet and technology, it makes a warehouse that changes the data more rapidly and in volume. This situation increases the importance of data mining every day. The aim of this study is to examine classification algorithms which are the sub-subject of data mining. In the analysis part of the study, it is aimed to compare the algorithms with the accuracy ratio by using the financial data. As a result of the study conducted on stock marketing, the classification of enterprises of decision tree models with artificial neural networks has also been found to be more successful than other methods. © 2019 Universidad Nacional Autónoma de México, Facultad de Contaduría y Administración. This is an open access article under the CC BY-NC-SA (https://creativecommons.org/licenses/by-nc-sa/4.0/)",Compare of methods; Data mining; Financial ratio; Machine learning; Profitability,Universidad Nacional Autonoma de Mexico,scopus-data mining,1,Out of Scope,"['data mining', 'classification algorithms', 'financial data', 'stock marketing', 'decision tree models', 'artificial neural networks']","The abstract discusses data mining and classification algorithms applied to financial data and stock marketing, which are not directly related to marketing applications. Instead, it focuses on analysis within the financial sector, making it out of scope for marketing-related AI classifications.",0%,0%,0%,100%,0%
Brand Switching Pattern Discovery by Data Mining Techniques for the Telecommunication Industry in Australia,Islam M.Z.; D’Alessandro S.; Furner M.; Johnson L.; Gray D.; Carter L.,2016,10.3127/AJIS.V20I0.1420,"There is more than one mobile-phone subscription per member of the Australian population. The number of complaints against the mobile-phone-service providers is also high. Therefore, the mobile service providers are facing a huge challenge in retaining their customers. There are a number of existing models to analyse customer behaviour and switching patterns. A number of switching models may also exist within a large market. These models are often not useful due to the heterogeneous nature of the market. Therefore, in this study we use data mining techniques to let the data talk to help us discover switching patterns without requiring us to use any models and domain knowledge. We use a variety of decision tree and decision forest techniques on a real mobile-phone-usage dataset in order to demonstrate the effectiveness of data mining techniques in knowledge discovery. We report many interesting patterns, and discuss them from a brand-switching and marketing perspective, through which they are found to be very sensible and interesting © 2016 Islam, D’Alessandro, Furner, Johnson, Gray & Carter. This is an open-access article distributed under the terms of the Creative Commons Attribution-NonCommercial 3.0 Australia License, which permits non-commercial use, distribution, and reproduction in any medium, provided the original author and AJIS are credited",brand switching; data mining; decision forest; decision tree; ensemble of decision trees; switching behaviour,Australasian Association for Information Systems,scopus-data mining,9,Thinking AI,"['customer behaviour', 'switching patterns', 'data mining', 'knowledge discovery', 'market analysis']","The abstract focuses on analyzing customer behavior and discovering switching patterns using data mining techniques. This aligns with the Thinking AI category, particularly the focus on market analysis and identifying customer preferences without predefined models. The study's insights into brand switching and marketing strategies further support this classification.",10%,20%,60%,0%,10%
Will they stay or will they go? Predicting customer churn in the energy sector,Vezzoli M.; Zogmaister C.; Van den Poel D.,2020,,"The liberalisation of the European energy market has driven changes in the way firms approach marketing, both for the acquisition of new consumers and for retaining existing ones. To retain consumers, practitioners aim to predict which consumers intend to churn (ie leave), and to understand the reasons behind this intention. To address this need, this study uses data-mining techniques to develop a churn prediction model. The study aims to identify the information that is predictive of churn and, consequently, to shed light on the psychological reasons behind churn. The authors built eight predictive models using decision trees, random forest and logistic regression on a dataset composed of 81,813 consumers of an energy provider, each with one residential electricity contract. The logistic regression was found to outperform the other methods. The discussion focuses on the relevant predictors of churn by addressing a posteriori psychological explanations of consumers’ churn behaviour. The study provides new insights on the reasons why customers churn and, by addressing theoretical psychological explanations, provides a data-mining model with robustness to contextual changes. © Henry Stewart Publications.",Churn prediction model; Consumer psychology; Customer churn; Energy market; Machine learning,Henry Stewart Publications,scopus-data mining,3,Feeling AI,"['churn', 'consumer intention', 'psychological reasons', 'predictive model', 'consumer behaviour']","The study focuses on understanding consumer behaviour related to churn, which aligns with the Feeling AI category's emphasis on customer understanding and emotional data. The authors explore the psychological reasons behind consumer churn, indicating an effort to comprehend existing and potential customer needs. This aligns well with the examples provided under Feeling AI, especially in terms of understanding emotional needs and tailoring communication.",70%,10%,20%,0%,0%
Empowering CRM through business intelligence applications: A study in the telecommunications sector,Al-Zadjali M.; Ali Al-Busaidi K.,2018,10.4018/IJKM.2018100105,"The application of business intelligence (BI) techniques for knowledge discovery and decision support empowers organizations in different functions. This article examines the impacts of BI on customer relationship management (CRM) functions (marketing, sales and customer services) in the telecommunications sector. The literature found that BI application in CRM in a telecommunications context is limited but necessary due to the high rate of competition between service providers and the massive data generated by subscribers. This study surveyed employees' perspectives from telecommunications companies in Oman, and results demonstrated mixed impacts. First, the results showed that implementing BI in marketing has a positive impact on business processes values, customer values, but a negative impact on employees' values. Second, implementing BI in sales has a positive impact on financial values and employees' values, but a negative impact on business processes values, and customers' values. Finally, implementing BI in customer service has a positive impact on employees' values. The study provides valuable guidelines for practitioners in the area of CRM, BI, and telecommunications to help understand why to invest in BI in specific CRM functions. © 2018, IGI Global. Copying or distributing in print or electronic forms without written permission of IGI Global is prohibited.",BI applications; Business intelligence; CRM; Knowledge discovery,IGI Global,scopus-data mining,6,Feeling AI,"['customer relationship management', ""employees' values"", 'customer values', 'emotional needs']","The abstract discusses the impact of business intelligence on customer relationship management (CRM) functions, specifically focusing on the values of employees and customers. It highlights the importance of understanding customer needs and the emotional responses of employees towards the implementation of BI. This aligns with the Feeling AI category, which emphasizes customer understanding and relationalization. The mixed impacts observed on employees' and customers' values indicate a focus on emotional data and customer analytics.",50%,20%,20%,0%,10%
Securing the Exocortex: A Twenty-First Century Cybernetics Challenge,Bonaci T.; Herron J.; Matlack C.; Chizeck H.J.,2015,10.1109/MTS.2015.2461152,"An exocortex is a wearable (or implanted) computer used to augment a brain?s biological high-level cognitive processes and inform a user?s decisions and actions. Brain-computer interfaces (BCIs) are a special type of exocortex used to interact with the environment via neural signals. Uses for BCI range from medical applications and rehabilitation to operation of assistive devices. They can also be used for marketing, gaming, and for entertainment, where BCIs are used to provide users with a more personalized experience. © 2015 IEEE.",Brain-computer interfaces; Cybernetics; Data mining; Feature extraction; Privacy; Security; Stakeholders,Institute of Electrical and Electronics Engineers Inc.,scopus-data mining,10,Thinking AI,"['brain-computer interfaces', 'personalized experience', 'marketing', 'decision making']","The abstract discusses the use of brain-computer interfaces (BCIs) in marketing to enhance user experiences by providing personalization. This aligns with the 'Thinking AI' category's focus on market analysis and personalization. The mention of BCIs being used to inform decisions and actions further supports its classification under 'Thinking AI', as it involves strategic analysis of user behavior and preferences.",10%,0%,90%,0%,0%
Ihimod-perturb: Histogram modification based reversible data perturbation algorithm for adaptable privacy preservation and integrity,Shah A.K.; Gulati R.M.,2019,,"With the advent of users’ perspective to store personal information digitized, measures to protect their private information has necessitated. Organizations also publish anonymous data to facilitate research in social science, healthcare, identification of fraudulent users, and trend analysis to foster sales and marketing techniques. Privacy Preserving Data Mining [PPDM] protects the disclosure of sensitive information present in the published datasets. Most of the existing pool of algorithms perturb the attributes forbidding verification of original data at receivers’ end. This paper introduces a Reversible Data Perturbation iHiMod-Perturb approach efficient in privacy preservation and enabling recovery of original data, if needed, at the receiver end. Unlike traditional methods that adds/multiply noise or randomly project data, our method uses differences of adjoining values as basis for modification to perturb sensitive attributes. Selection of privacy factor and embedding of digital watermark ensures data integrity along with perturbation. The privacy factor enables user specific adaptable privacy preservation model in contrast to one-level model. Experiments are performed on five datasets from UCI Repository and confirms that the Classification Accuracy of the perturbed dataset is preserved well. Experiments also suggest that the Probability Information Loss [PIL] is less than 25% and Disclosure Risk [DR] is less than 8% after application of iHiMod-Perturb algorithm. © IJSTR 2019.",Decision Tree; Histogram Modification; Naïve Bayes; Privacy Preserving Data Mining; Reversible Data Perturbation; Support Vector Machines,International Journal of Scientific and Technology Research,scopus-data mining,0,Out of Scope,"['privacy preservation', 'data perturbation', 'sensitive information', 'data integrity', 'classification accuracy']","The abstract discusses techniques for privacy preservation in data mining, focusing on algorithms that protect sensitive information and allow for the recovery of original data. While it touches on data protection and integrity, it does not directly relate to marketing applications or strategies such as customer understanding, market analysis, or personalization. Thus, it falls under the 'Out of Scope' category.",0%,0%,0%,100%,0%
EBOC: Ensemble-Based Ordinal Classification in Transportation,Yildirim P.; Birant U.K.; Birant D.; Moghaddam M.H.Y.,2019,10.1155/2019/7482138,"Learning the latent patterns of historical data in an efficient way to model the behaviour of a system is a major need for making right decisions. For this purpose, machine learning solution has already begun its promising marks in transportation as well as in many areas such as marketing, finance, education, and health. However, many classification algorithms in the literature assume that the target attribute values in the datasets are unordered, so they lose inherent order between the class values. To overcome the problem, this study proposes a novel ensemble-based ordinal classification (EBOC) approach which suggests bagging and boosting (AdaBoost algorithm) methods as a solution for ordinal classification problem in transportation sector. This article also compares the proposed EBOC approach with ordinal class classifier and traditional tree-based classification algorithms (i.e., C4.5 decision tree, RandomTree, and REPTree) in terms of accuracy. The results indicate that the proposed EBOC approach achieves better classification performance than the conventional solutions. © 2019 Pelin Yildirim et al.",,Hindawi Limited,scopus-data mining,22,Out of Scope,[],"The abstract discusses a machine learning approach to ordinal classification in the transportation sector, which does not directly relate to marketing applications. It focuses on algorithmic performance and comparisons rather than marketing strategies, customer understanding, or emotional engagement.",0%,0%,0%,100%,0%
"Analyzing the past, improving the future: a multiscale opinion tracking model for optimizing business performance",Sigari S.; Gandomi A.H.,2022,10.1057/s41599-022-01325-y,"The complexity of business decision-making has increased over the years. It is essential for managers to gain a confident understanding of their business environments in order to make successful decisions. With the growth of opinion-rich web resources such as social media, discussion forums, review sites, news corpora, and blogs available on the internet, product and service reviews have become an essential source of information. In a data-driven world, they will improve services and operational insights to achieve real business benefits and help enterprises remain competitive. Despite the prevalence of textual data, few studies have demonstrated the effectiveness of real-time text mining and reporting tools in firms and organizations. To address this aspect of decision-making, we have developed and evaluated an unsupervised learning system to automatically extract and classify topics and their emotion score in text streams. Data were collected from commercial websites, open-access databases, and social networks to train the model. In the experiment, the polarity score was quantified at four different levels: word, sentence, paragraph, and the entire text using Latent Dirichlet Allocation (LDA). Using subjective data mining, we demonstrate how to extract, summarize, and track various aspects of information from the Web and help traditional information retrieval (IR) systems to capture more information. An opinion tracking system presented by our model extracts subjective information, classifies them, and tracks opinions by utilizing location, time, and reviewers’ positions. Using the online-offline data collection technique, we can update the library topic in real-time to provide users with a market opinion tracker. For marketing or economic research, this approach may be useful. In the experiment, the new model is applied to a case study to demonstrate how the business process improves. © 2022, The Author(s).",,Springer Nature,scopus-data mining,4,Feeling AI,"['emotion score', 'subjective information', 'opinion tracking', 'customer understanding', 'emotional data']","The abstract emphasizes the development of an unsupervised learning system that extracts and classifies topics and their associated emotions from textual data. This focus on understanding emotions and subjective opinions aligns closely with the goals of Feeling AI, which seeks to understand customer needs and emotional preferences. Additionally, the model's ability to track opinions and provide insights into customer sentiment demonstrates a strong connection to emotional analytics.",70%,20%,10%,0%,0%
INTEGRATED APPROACH OF FUZZY MULTI-ATTRIBUTE DECISION MAKING AND DATA MINING FOR CUSTOMER SEGMENTATION,Ray M.; Ray M.; Muduli K.; Banaitis A.; Kumar A.,2021,10.15240/tul/001/2021-4-011,"This research work focuses on integrating the multi attribute decision making with data mining in a fuzzy decision environment for customer relationship management. The main objective is to analyse the relation between multi attribute decision making and data mining considering a complex problem of ordering customers segments, which is based on four criteria of customer’s life time value, viz. length (L), recency (R), frequency (F) and monetary value (M). The proposed integrated approach involves fuzzy C-means (FCM) cluster analysis as data mining tool. The experiment conducted using MATLAB 12.0 for identifying eight clusters of customers. The two multi attribute decision making tools i.e., fuzzy AHP (Analytic Hierarchy Process) and fuzzy TOPSIS (Technique for Order Preference by Similarity to Ideal Solution) are used for ranking these identified clusters. The applicability of the integrated decision making technique is also demonstrated in this paper considering the case of Indian retail sector. This research collected responses from nine experts from Indian retail industry regarding their perception of relative importance of four criteria of customer life value and evaluated weights of each criterion using fuzzy AHP. Transaction data of 18 months of the case retail store was analysed to segment 1,600 customers into eight clusters using fuzzy c-means clustering analysis technique. Finally, these eight clusters were ranked using fuzzy TOPSIS (Technique for Order Preference by Similarity to Ideal Solution). The findings of this research could be helpful for firms in identifying the more valuable customers for them and allocate more resources to satisfy them. The findings will be also helpful in developing different loyalty program strategies for customers of different clusters. © 2021, Technical University of Liberec. All rights reserved.",Customer lifetime value (CLV); Customer segmentation; Data mining; Fuzzy AHP; Fuzzy c-means clustering; Fuzzy TOPSIS; Marketing strategies,Technical University of Liberec,scopus-data mining,5,Thinking AI,"['multi attribute decision making', 'data mining', 'customer relationship management', 'customer segments', 'lifetime value', 'fuzzy AHP', 'fuzzy TOPSIS', 'clustering', 'ranking', 'retail sector', 'customer analysis']","The abstract discusses the integration of multi-attribute decision-making and data mining to analyze customer segments based on their lifetime value. This involves strategic analysis through fuzzy AHP and TOPSIS methods to rank customer clusters, which aligns with the Thinking AI category focused on market analysis and targeting. The use of data mining for customer segmentation and the analytical decision-making process indicates a strong connection to the strategic aspects of marketing.",0%,0%,100%,0%,0%
Risk factors selection with data mining methods for insurance premium ratemaking; [Odabir faktora rizika metodama rudarenja podataka za izracun stopa premije osiguranja],Omerašević A.; Selimović J.,2020,10.18045/zbefri.2020.2.667,"Insurance companies that have adopted the application of data mining methods in their business have become more competitive in the insurance market. Data mining methods provides the insurance industry with numerous advantages: shorter data processing times, more sophisticated methods for more accurate data analysis, better decision-making, etc. Insurance companies use data mining methods for various purposes, from marketing campaigns to fraud prevention. The process of insurance premium pricing was one of the first applications of data mining methods in insurance industry. The application of the data mining method in this paper aims to improve the results in the process of non-life insurance premium ratemaking. The improvement is reflected in the choice of predictors or risk factors that have an impact on insurance premium rates. The following data mining methods for the selection of prediction variables were investigated: Forward Stepwise, Decision trees and Neural networks. Generalized linear models (GLM) were used for premium ratemaking, as the main statistical model for non-life insurance premium pricing today in most developed insurance markets in the world. © 2020, University of Rijeka. All rights reserved.",Data mining methods; Decision trees; Forward stepwise; GLM; Neural networks,University of Rijeka,scopus-data mining,0,Out of Scope,[],"The abstract discusses the application of data mining methods in the insurance industry for purposes such as premium pricing and risk factor selection. While it highlights the use of advanced analytical techniques, it does not pertain to marketing strategies or emotional understanding of customers, thus falling outside the defined marketing-related AI categories.",0%,0%,0%,100%,0%
Effective customer selection for marketing campaigns based on net scores,Michel R.; Schnakenburg I.; von Martens T.,2017,10.1108/JRIM-10-2015-0080,"Purpose: This paper aims to address the effective selection of customers for direct marketing campaigns. It introduces a new method to forecast campaign-related uplifts (also known as incremental response modeling or net scoring). By means of these uplifts, only the most responsive customers are targeted by a campaign. This paper also aims at calculating the financial impact of the new approach compared to the classical (gross) scoring methods. Design/methodology/approach: First, gross and net scoring approaches to customer selection for direct marketing campaigns are compared. After that, it is shown how net scoring can be applied in practice with regard to different strategical objectives. Then, a new statistic for net scoring based on decision trees is developed. Finally, a business case based on real data from the financial sector is calculated to compare gross and net scoring approaches. Findings: Whereas gross scoring focuses on customers with a high probability of purchase, regardless of being targeted by a campaign, net scoring identifies those customers who are most responsive to campaigns. A common scoring procedure – decision trees – can be enhanced by the new statistic to forecast those campaign-related uplifts. The business case shows that the selected scoring method has a relevant impact on economical indicators. Practical implications: The contribution of net scoring to campaign effectiveness and efficiency is shown by the business case. Furthermore, this paper suggests a framework for customer selection, given strategical objectives, e.g. minimizing costs or maximizing (gross or lift)-added value, and presents a new statistic that can be applied to common scoring procedures. Originality/value: Despite its lever on the effectiveness of marketing campaigns, only few contributions address net scores up to now. The new χ2-statistic is a straightforward approach to the enhancement of decision trees for net scoring. Furthermore, this paper is the first to the application of net scoring with regard to different strategical objectives. © 2017, © Emerald Publishing Limited.",Customer analytics; Data mining; Database marketing; Direct marketing,Emerald Group Publishing Ltd.,scopus-data mining,13,Thinking AI,"['customer selection', 'forecast', 'campaign-related uplifts', 'incremental response modeling', 'financial impact', 'strategical objectives', 'scoring methods', 'decision trees', 'campaign effectiveness', 'economical indicators']","The abstract focuses on methods to select customers for direct marketing campaigns, emphasizing the analysis of customer responsiveness (net scoring) versus traditional methods (gross scoring). This aligns with the 'Thinking AI' category, particularly in terms of market analysis and targeting, as it discusses forecasting and strategic objectives in targeting the most responsive customers. The emphasis is on analytical approaches to improve campaign effectiveness and efficiency.",0%,0%,100%,0%,0%
Application of data mining technique for customer purchase behavior via Extended RFM model with focus on BCG matrix from a data set of online retailing,Gholamveisy S.; Homayooni S.; Shemshaki M.; Sheykhan S.; Boozary P.; Tanhaei H.G.; Akbari N.,2024,10.24294/jipd.v8i7.4426,"This study explores the integration of data mining, customer relationship management (CRM), and strategic management to enhance the understanding of customer behavior and drive revenue growth. The main goal is the use of application of data mining techniques in customer analytics, focusing on the Extended RFM (Recency, Frequency, Monetary Value and count day) model within the context of online retailing. The Extended RFM model enhances traditional RFM analysis by incorporating customer demographics and psychographics to segment customers more effectively based on their purchasing patterns. The study further investigates the integration of the BCG (Boston Consulting Group) matrix with the Extended RFM model to provide a strategic view of customer purchase behavior in product portfolio management. By analyzing online retail customer data, this research identifies distinct customer segments and their preferences, which can inform targeted marketing strategies and personalized customer experiences. The integration of the BCG matrix allows for a nuanced understanding of which segments are inclined to purchase from different categories such as “stars” or “cash cows,” enabling businesses to align marketing efforts with customer tendencies. The findings suggest that leveraging the Extended RFM model in conjunction with the BCG matrix can lead to increased customer satisfaction, loyalty, and informed decision-making for product development and resource allocation, thereby driving growth in the competitive online retail sector. The findings are expected to contribute to the field of Infrastructure Finance by providing actionable insights for firms to refine their strategic policies in CRM. © 2024 by author(s).",BCG matrix; customer purchase behavior; data mining; Extended RFM,"EnPress Publisher, LLC",scopus-data mining,0,Thinking AI,"['data mining', 'customer behavior', 'customer segments', 'targeted marketing', 'strategic management', 'BCG matrix', 'customer analytics']","The abstract discusses the application of data mining techniques in customer analytics and the integration of the BCG matrix to analyze customer purchase behavior, which aligns closely with market analysis and targeting. The focus is on understanding customer segments and preferences to inform personalized marketing strategies, indicating a strong emphasis on strategic market analysis rather than emotional or mechanical processes.",0%,20%,80%,0%,0%
Frontiers: Polarized America: From Political Polarization to Preference Polarization,Schoenmueller V.; Netzer O.; Stahl F.,2023,10.1287/mksc.2022.1408,"In light of the widely discussed political divide and increasing societal polarization, we investigate in this paper whether the polarization of political ideology extends to consumers’ preferences, intentions, and purchases. Using three different data sets—the publicly available social media data of over three million brand followerships of Twitter users, a YouGov brand-preference survey data set, and Nielsen scanner panel data—we assess the evolution of brand-preference polarization. We find that the apparent polarization in political ideologies after the election of Donald Trump in 2016 stretches further to the daily lives of consumers. We observe increased polarization in preferences, behavioral intentions, and actual purchase decisions for consumer brands. Consistent with compensatory consumption theory, we find that the increase in polarization following the election of Donald Trump was stronger for liberals relative to conservatives, and that this asymmetric polarization is driven by consumers’ demand for “Democratic brands” rather than the supply of such brands. From a brand perspective, there is evidence that brands that took a political stance observed a shift in their customer base in terms of their customers’ political affiliation. We provide publicly available (http://www.social-listening.org) access to the unique Twitter-based brand political affiliation scores. © 2022 The Author(s).",branding; data mining; political marketing; political polarization; social media,INFORMS Inst.for Operations Res.and the Management Sciences,scopus-data mining,15,Thinking AI,"['polarization', 'consumer preferences', 'market analysis', 'political affiliation', 'brand preference']","The abstract discusses the polarization of political ideologies and its impact on consumers' preferences and purchasing behavior. This analysis aligns with the market analysis focus of Thinking AI, which uses marketing analytics to understand competitive dynamics and consumer behavior. The findings about shifts in brand preference based on political affiliation suggest strategic insights into targeting and market segmentation.",10%,20%,70%,0%,0%
Online reservation systems in e-Business: Analyzing decision making in e-Tourism,Halkiopoulos C.; Antonopoulou H.; Papadopoulos D.; Giannoukou I.; Gkintoni E.,2020,10.5281/zenodo.3603312,"Purpose: The study focuses on exploration of knowledge for online booking systems and on the views of local students-users concerning the booking rate based on these online systems. Another perspective of this project is to investigate the decision-making process (emotion-focused) that they follow in order to choose a tourist destination via online booking systems. Methods: For the purposes of this study, three scales were administered: E-WOM and Accommodation Scale, Emotion-Based Decision-Making Scale and Trait Emotional Intelligence Scale. Survey data were collected, preprocessed and analyzed based on Data Mining techniques evaluating the results. More specifically, classification and association algorithms were utilized to manage to describe hidden patterns. Results: Findings showed how development of the Internet have significantly changed the market conditions of tourist organizations providing new tools for tourism marketing and management. It allows interaction between tourist organizations and users and as a result changes the entire process of development, management and marketing in tourism. Implications: There are many opportunities for further research in this field, because the complex nature of human behavior, the constant changes in the environment and the various e-technologies create many chances to tourist companies for innovative activities and use of new and still unrecognized opportunities. © 2020 Authors.",e-Tourism; Expert System; Hotel Selection Factors; Online Booking Systems,International Hellenic University,scopus-data mining,9,Feeling AI,"['emotion-focused decision-making', 'customer understanding', 'emotional intelligence', 'tourist destination', 'user interaction', 'hidden patterns']","The abstract discusses the exploration of emotional decision-making processes of students when selecting tourist destinations through online booking systems. It emphasizes understanding user emotions and how these affect their choices in tourism. The mention of emotional intelligence and the focus on customer interaction suggest a strong alignment with the objectives of Feeling AI, which focuses on understanding and responding to customer emotions and needs.",60%,20%,15%,0%,5%
An exploration of the relation between the visual attributes of thumbnails and the view-through of videos: The case of branded video content,Koh B.; Cui F.,2022,10.1016/j.dss.2022.113820,"While browsing through an online video platform, potential viewers decide which videos to click and watch based on the information and impression they obtain from thumbnails. Therefore, a thumbnail needs to be able to tell potential viewers what the video is about (i.e., be informative), and at the same time, a thumbnail needs to grab potential viewers' attention (i.e., be visually appealing). Drawing from the elaboration likelihood model (ELM), we take the visual attributes that are relevant to the informativeness of thumbnails (e.g., element complexity and object complexity) as central route cues, take the visual attributes that are relevant to the aesthetics of thumbnails (e.g., celebrity endorsement, colorfulness, brightness, and image quality) as peripheral route cues, and explore the relation between these visual attributes of thumbnails and the view-through of videos using 3,745 marketing videos posted by 38 top brands across 4 industries – the automobile, beverage, restaurant, and toy industries – on YouTube. We construct our variables by extracting features from thumbnails using image mining techniques. Our study contributes to the literature on information systems and marketing by enhancing our understanding of the role of the visual attributes of images in persuading viewers in the online environment. Furthermore, our study provides a possible theoretical basis for studies on information processing and decision support that focus on automatic thumbnail selection. Finally, our study provides useful and practical guidelines for designing templates for optimal thumbnails that grab potential viewers' attention and yield more video views. © 2022 Elsevier B.V.",Branded video content; Elaboration likelihood model; Image mining; Thumbnails; Video view-through; Visual persuasion,Elsevier B.V.,scopus-data mining,27,Thinking AI,"['thumbnails', 'informative', 'visually appealing', 'video views', 'image mining techniques', 'marketing videos', 'attention']","The abstract discusses the use of visual attributes of thumbnails to influence viewer decisions on which videos to watch, linking to market analysis and targeting strategies. The emphasis on understanding how specific attributes can lead to increased video views aligns with the market analysis focus of Thinking AI. Additionally, the study aims to provide practical guidelines for optimizing thumbnails, which relates to strategic analysis in marketing.",0%,0%,100%,0%,0%
M&A MATCHMAKING PLATFORM MODEL IN THE PROCESS OF MERGERS AND ACQUISITIONS,Vanickova R.,2024,10.34021/ve.2024.07.02(4),"This paper delves into the integration of empirical findings and theoretical insights into Business Model Canvas within the M&A Matchmaking Platform for Middle Europe, aiming to enhance process streamlining, risk identification, and shareholder communication. Utilizing Proto-Persona analysis, representative user personas are crafted to understand customer requirements for mergers and acquisitions. The M&A Matchmaking platform addresses the absence of digital solutions tailored to M&A users in Central Europe. Data mining and internal document analysis inform the interpretation of Business Model Canvas benefits within the M&A Matchmaking platform. Visualizations integrate Product Market Fit Canvas to enrich the platform's value proposition, revenue streams, and cost structure. Service design enhancements streamline platform operations, following Lean Canvas principles. Scientific methods, including ecosystem mapping, trend analysis, Proto-Persona, Proto-User Journey analyses, and risk analysis, inform platform development and refinement. Targeted campaigns and Deloitte marketing initiatives drive seller awareness and acquisition. Sellers visit the platform for evaluation, create detailed profiles, make decisions, negotiate contracts, and reflect on their experience. Positive experiences foster loyalty and recommendations, contributing to the platform’s sustainability and development. Awareness and interest among potential buyers are generated through targeted marketing, leading to informed selections, profile creation, decision-making, agreements, and feedback. The platform facilitates efficient mergers and acquisitions through advanced algorithms and data analysis, creating business opportunities aligned with market trends. It offers an intuitive interface for interaction, evaluation, and negotiation, enhancing efficiency and reducing complexity. Suggestions for personalized matchmaking, comprehensive profiles, and transparent communication channels aim to further improve platform effectiveness. © 2024, The London Academy of Science and Business. All rights reserved.",business model canvas; ecosystem and stakeholder map; M&A Matchmaking Platform; product-market fit; Proto-Persona analysis; proto-user analysis; risk analysis; trend analysis,The London Academy of Science and Business,scopus-data mining,1,Thinking AI,"['market analysis', 'customer requirements', 'targeted marketing', 'risk analysis', 'customer evaluation', 'decision-making', 'data analysis']","The abstract focuses heavily on the strategic analysis of customer needs and market trends through empirical findings and theoretical insights. It discusses the use of data mining and internal document analysis to inform business model refinements, which aligns with market analysis. Additionally, it describes targeted campaigns to enhance seller awareness and facilitate informed decision-making for buyers, indicating a strong emphasis on targeting and market positioning.",0%,20%,80%,0%,0%
A fuzzy ANP based weighted RFM model for customer segmentation in auto insurance sector,Ravasan A.Z.; Mansouri T.,2015,10.4018/ijisss.2015040105,"Data mining has a tremendous contribution for researchers to extract the hidden knowledge and information which have been inherited in the raw data. This study has proposed a brand new and practical fuzzy analytic network process (FANP) based weighted RFM (Recency, Frequency, Monetary value) model for application in K-means algorithm for auto insurance customers' segmentation. The developed methodology has been implemented for a private auto insurance company in Iran which classified customers into four ""best"", ""new"", ""risky"", and ""uncertain"" patterns. Then, association rules among auto insurance services in two most valuable customer segments including ""best"" and ""risky"" patterns are discovered and proposed. Finally, some marketing strategies based on the research results are proposed. The authors believe the result of this paper can provide a noticeable capability to the insurer company in order to assess its customers' loyalty in marketing strategy. Copyright © 2015, IGI Global.",Customer Lifetime Value (CLV); Customer Relationship Management (CRM); Fuzzy Analytic Network Process (FANP); K-Means Algorithm; RFM model; Weighted RFM Model,IGI Global,scopus-data mining,14,Mechanical AI,"['data mining', 'customer segmentation', 'RFM model', 'K-means algorithm', 'association rules', 'marketing strategies']","The abstract discusses the application of data mining and a fuzzy analytic network process (FANP) based weighted RFM model for segmenting auto insurance customers. The focus is on classifying customers and discovering patterns, which aligns with the Mechanical AI category's emphasis on data collection and segmentation. The methodology used is primarily analytical and automated, aimed at improving the insurer's marketing strategy through customer classification.",10%,70%,20%,0%,0%
Factors dominating individual information disseminating behavior on social networking sites,Shi J.; Lai K.K.; Hu P.; Chen G.,2018,10.1007/s10799-017-0278-8,"Identifying dominating features that affect individual information retweeting behavior on social networking sites (SNSs) is crucial to understanding individual retweeting behaivor and developing effective marketing strategies on SNS. However, there is little agreement on what factors are dominating individual information disseminating behavior on SNS, and what’s worse, more and more factors are added into the prediction model, without examining the relevance of them and even why these factors are added is rarely discussed. This leads to undesirable outcomes such as increasing the cost of measuring and computing irrelevant/redundant features. Most importantly, it hinders us from understanding what discriminative features are affecting individual information disseminating behavior. Using a unique real-life Twitter data set consisting of 55,575 twitterers and 9,440,321 tweets, the authors examine what discriminative features are dominating individual information disseminating behavior. The results indicate that topic distance is the most discriminative factor, highlighting that self-presentation motives play an important role in information disseminating decisions. Besides, the amount of information, social relationship and the popularity of the tweet also contribute to individual information disseminating decisions. Experiments demonstrate that adopting only dominating factors can improve prediction performance in terms of various indicators, compared with adopting the full features set. Finally, we conclude the paper by discussing theoretical and practical implications of our findings. © Springer Science+Business Media, LLC 2017.",Data mining; Dominating features; Individual retweeting decisions; Information disseminating behaviour; Online marketing; Social networking sites,"Springer Science and Business Media, LLC",scopus-data mining,10,Thinking AI,"['information disseminating behavior', 'predictive model', 'discriminative features', 'market strategies', 'social relationship', 'topic distance']","The abstract discusses factors influencing information retweeting behavior on social networking sites, emphasizing the analysis of features that affect individual decisions in a marketing context. This aligns with the 'Thinking AI' category, particularly in market analysis and targeting, as it identifies dominating factors that can enhance prediction performance for marketing strategies. The focus on understanding how certain features contribute to behavior indicates a strategic analytical approach.",10%,0%,90%,0%,0%
Customer segmentation using k-means clustering for developing sustainable marketing strategies; [Сегментация клиентов с использованием кластеризации на основе метода k-средних для разработки устойчивых маркетинговых стратегий],Gautam N.; Kumar N.,2022,10.17323/2587-814X.2022.1.72.82,"Sales and marketing is the indispensable department of an organization which leads to the generation of revenue and building customer relationship. Marketing is the process of finding the potential customers and sales is the process of converting those potential customers into real customers. Hence, it is imperative that marketing and sales go hand in hand. Developing marketing strategies needs proper market research which can cover the relevant pointers like demographics, culture, spending power, income and many more. The process of segmentation, targeting and positioning (STP) is carried out to develop marketing and sales strategies. STP is done by collection of the marketing intelligence. For this process, surveys are also used but data mining has far more effective and better results so far. Organizations tend to take risk because of the importance and relevance of the marketing and sales department. Most of the budget in the organizations is allocated for marketing and promotional activities. For making data-driven and accurate decisions, data mining is used in various fields to extract valuable information and patterns. This paper discusses the use of the data mining concept on marketing. This paper aims to analyze marketing data with k-means data mining clustering techniques and to find the relationship between marketing and k-means data mining clustering techniques. © 2022 Russian Association of Forensic Medical Experts. All rights reserved.",clustering; data mining techniques; data mining tools; k-means; marketing,"National Research University, Higher School of Econoimics",scopus-data mining,3,Thinking AI,"['data mining', 'segmentation', 'targeting', 'market research', 'k-means clustering', 'marketing intelligence']","The abstract primarily discusses the application of data mining techniques, specifically k-means clustering, in analyzing marketing data to develop strategies for segmentation, targeting, and positioning. These processes align closely with the characteristics of Thinking AI, which focuses on market analysis and targeting. The emphasis on using marketing analytics to derive insights from data supports this classification.",0%,20%,80%,0%,0%
Target Market Determination for Information Distribution and Student Recruitment Using an Extended RFM Model with Spatial Analysis,Ernawati; Baharin S.S.K.; Kasmin F.,2022,10.15722/jds.20.06.202206.1,"Purpose: This research proposes a new modified Recency-Frequency-Monetary (RFM) model by extending the model with spatial analysis for supporting decision-makers in discovering the promotional target market. Research design, data and methodology: This quantitative research utilizes data-mining techniques and the RFM model to cluster a university's provider schools. The RFM model was modified by adapting its variables to the university's marketing context and adding a district's potential (D) variable based on heatmap analysis using Geographic Information System (GIS) and K-means clustering. The K-prototype algorithm and the Elbow method were applied to find provider school clusters using the proposed RFM-D model. After profiling the clusters, the target segment was assigned. The model was validated using empirical data from an Indonesian university, and its performance was compared to the Customer Lifetime Value (CLV)-based RFM utilizing accuracy, precision, recall, and Fl-score metrics. Results: This research identified five clusters. The target segment was chosen from the highest-value and high-value clusters that comprised 17.80% of provider schools but can contribute 75.77% of students. Conclusions: The proposed model recommended more targeted schools in higher-potential districts and predicted the target segment with 0.99 accuracies, outperforming the CLV-based model. The empirical findings help university management determine the promotion location and allocate resources for promotional information distribution and student recruitment. © Copyright: The Author(s) This is an Open Access article distributed under the terms of the Creative Commons Attribution Non-Commercial License (http://Creat¡vecommons.org/l¡censes/by-nc/4.0/) which permits unrestricted noncommercial use, distribution, and reproduction in any medium, provided the original work is properly cited.",Information distribution; Rfm; Spatial analysis; Student recruitment; Target market,Korea Distribution Science Association (KODISA),scopus-data mining,4,Thinking AI,"['RFM model', 'spatial analysis', 'target market', 'clustering', 'student recruitment', 'marketing context', 'K-means clustering', 'empirical data', 'target segment', 'accuracy']","The abstract describes a modified RFM model that integrates spatial analysis to identify and target promotional markets effectively. It emphasizes market analysis through clustering techniques and validation of the model's performance, which aligns closely with the 'Thinking AI' category's focus on market analysis and targeting. The research uses data mining and analytics to discover potential segments, demonstrating strategic analysis rather than emotional understanding or automated processes.",0%,0%,100%,0%,0%
"Using Data Sciences in Digital Marketing: Framework, methods, and performance metrics",Saura J.R.,2021,10.1016/j.jik.2020.08.001,"In the last decade, the use of Data Sciences, which facilitate decision-making and extraction of actionable insights and knowledge from large datasets in the digital marketing environment, has remarkably increased. However, despite these advances, relevant evidence on the measures to improve the management of Data Sciences in digital marketing remains scarce. To bridge this gap in the literature, the present study aims to review (i) methods of analysis, (ii) uses, and (iii) performance metrics based on Data Sciences as used in digital marketing techniques and strategies. To this end, a comprehensive literature review of major scientific contributions made so far in this research area is undertaken. The results present a holistic overview of the main applications of Data Sciences to digital marketing and generate insights related to the creation of innovative Data Mining and knowledge discovery techniques. Important theoretical implications are discussed, and a list of topics is offered for further research in this field. The review concludes with formulating recommendations on the development of digital marketing strategies for businesses, marketers, and non-technical researchers and with an outline of directions of further research on innovative Data Mining and knowledge discovery applications. © 2020 Journal of Innovation & Knowledge",Data Mining; Data Sciences; Digital Marketing; Knowledge discovery; Literature review,Elsevier B.V.,scopus-data mining,265,Thinking AI,"['Data Sciences', 'decision-making', 'actionable insights', 'digital marketing', 'methods of analysis', 'performance metrics', 'Data Mining', 'knowledge discovery', 'strategies']","The abstract emphasizes the use of Data Sciences for analysis, performance metrics, and strategies within digital marketing. It discusses methods of analysis and the generation of insights, which aligns closely with the focus on market analysis and targeting found in the Thinking AI category. It does not primarily focus on automation of processes or emotional understanding, which would align it with Mechanical or Feeling AI.",0%,10%,90%,0%,0%
A data mining framework for targeted category promotions,Reutterer T.; Hornik K.; March N.; Gruber K.,2017,10.1007/s11573-016-0823-7,"This research presents a new approach to derive recommendations for segment-specific, targeted marketing campaigns on the product category level. The proposed methodological framework serves as a decision support tool for customer relationship managers or direct marketers to select attractive product categories for their target marketing efforts, such as segment-specific rewards in loyalty programs, cross-merchandising activities, targeted direct mailings, customized supplements in catalogues, or customized promotions. The proposed methodology requires customers’ multi-category purchase histories as input data and proceeds in a stepwise manner. It combines various data compression techniques and integrates an optimization approach which suggests candidate product categories for segment-specific targeted marketing such that cross-category spillover effects for non-promoted categories are maximized. To demonstrate the empirical performance of our proposed procedure, we examine the transactions from a real-world loyalty program of a major grocery retailer. A simple scenario-based analysis using promotion responsiveness reported in previous empirical studies and prior experience by domain experts suggests that targeted promotions might boost profitability between 15 % and 128 % relative to an undifferentiated standard campaign. © 2016, The Author(s).",Association rule mining; Clustering; Cross-category purchases; Customized coupons; Target marketing,Springer Berlin Heidelberg,scopus-data mining,12,Thinking AI,"['recommendations', 'targeted marketing', 'customer relationship managers', 'product categories', 'optimization', 'targeted promotions', 'profitability']","The abstract discusses a methodological framework for deriving recommendations for segment-specific targeted marketing campaigns, emphasizing market analysis and optimization of product categories. It aligns with the Thinking AI category, focusing on market analysis, targeting, and personalization of marketing efforts based on customer purchase histories.",0%,20%,80%,0%,0%
Social media analytics: Extracting and visualizing Hilton hotel ratings and reviews from TripAdvisor,Chang Y.-C.; Ku C.-H.; Chen C.-H.,2019,10.1016/j.ijinfomgt.2017.11.001,"Analyzing and extracting insights from user-generated data has become a topic of interest among businesses and research groups because such data contains valuable information, e.g., consumers’ opinions, ratings, and recommendations of products and services. However, the true value of social media data is rarely discovered due to overloaded information. Existing literature in analyzing online hotel reviews mainly focuses on a single data resource, lexicon, and analysis method and rarely provides marketing insights and decision-making information to improve business’ service and quality of products. We propose an integrated framework which includes a data crawler, data preprocessing, sentiment-sensitive tree construction, convolution tree kernel classification, aspect extraction and category detection, and visual analytics to gain insights into hotel ratings and reviews. The empirical findings show that our proposed approach outperforms baseline algorithms as well as well-known sentiment classification methods, and achieves high precision (0.95) and recall (0.96). The visual analytics results reveal that Business travelers tend to give lower ratings, while Couples tend to give higher ratings. In general, users tend to rate lowest in July and highest in December. The Business travelers more frequently use negative keywords, such as “rude,” “terrible,” “horrible,” “broken,” and “dirty,” to express their dissatisfied emotions toward their hotel stays in July. © 2017 Elsevier Ltd",Google trends; Hospitality; Natural language processing; Sentiment analysis; Social media analytics; TripAdvisor; Visual analytics,Elsevier Ltd,scopus-data mining,168,Feeling AI,"['user-generated data', 'sentiment-sensitive', 'negative keywords', 'customer understanding', 'emotional needs', 'dissatisfied emotions']","The abstract focuses on analyzing user-generated data, particularly sentiments expressed in hotel reviews. It seeks to understand customer emotions and opinions, highlighting how different customer segments (e.g., Business travelers vs. Couples) express their satisfaction or dissatisfaction. This aligns with the 'Feeling AI' focus on customer understanding and emotional needs.",60%,20%,20%,0%,0%
The role of social media data in operations and production management,Chan H.K.; Lacka E.; Yee R.W.Y.; Lim M.K.,2017,10.1080/00207543.2015.1053998,"Social media data contain rich information in posts or comments written by customers. If those data can be extracted and analysed properly, companies can fully utilise this rich source of information. They can then convert the data to useful information or knowledge, which can help to formulate their business strategy. This cannot only facilitate marketing research in view of customer behaviour, but can also aid other management disciplines. Operations management (OM) research and practice with the objective to make decisions on product and process design is a fine example. Nevertheless, this line of thought is under-researched. In this connection, this paper explores the role of social media data in OM research. A structured approach is proposed, which involves the analysis of social media comments and a statistical cluster analysis to identify the interrelationships amongst important factors. A real-life example is employed to demonstrate the concept. © 2015 Informa UK Limited, trading as Taylor & Francis Group.",cluster analysis; content analysis; operations management; social media,Taylor and Francis Ltd.,scopus-data mining,46,Thinking AI,"['social media data', 'customer behaviour', 'business strategy', 'operations management', 'statistical cluster analysis']","The abstract discusses the use of social media data to extract valuable insights that can inform business strategy and operations management. It emphasizes the analysis of customer behavior and the identification of interrelationships among factors, which aligns with the market analysis and targeting focus of Thinking AI. The structured approach proposed for analyzing social media comments reflects the application of marketing analytics.",0%,10%,90%,0%,0%
The impact of social network analysis on telecommunication customers,Assaf R.,2020,,"Telecommunication industry has proven itself as a chain of socio-economic impact. Market leaders should take advantage of data analysis consecutively as the need to sustain customers the longest possible time. This research is based on community detection analysis through identifying group members and influencers in the telecommunication industry. It is motivated by two major research questions: Who are th e influencers in subscribers for churn and new products adoptions? (2) Who are subscribers whose loyalty is threatened by churn around them? The use of data analysis and data mining algorithms and standard process in today‘s challenges was set to increase the efficiency of solving not only technical problems but business as to move toward insights and analysis based exercises. This research proposes a model based on the Similarity, Authority and Hub algorithms used in Social Network Analysis (SNA) to group members who share same patterns together, to identify network leaders in terms of authority and dissemination leaders and to extract group level insights that can be used in understanding subscribers‘ patterns and ways of communications (in-degrees and out-degrees) between them using IBM SPSS Modeler as the base of data mining process and Oracle as the base of corporate data warehouse. This study estimated how much reliable is to use SNA in order to shift from the traditional ways of targeting subscribers, understanding their pattern, enhancing offering efficiency and improving the process of launching new product by selecting the right target. It has contributed to shifting marketing leaders‘ way of thinking from individual view to network view. It has also contributed to providing decision makers with a systematic and scientific approach as to focus on network influencers, to save as much as they can and to build their offers based on it. © 2020 IJSTR.",Authority; Data analysis; Data mining; Dissemination; SNA; Social network analysis; SPSS molder; SQL: SPSS Modeler,International Journal of Scientific and Technology Research,scopus-data mining,2,Thinking AI,"['data analysis', 'community detection', 'influencers', 'churn', 'loyalty', 'targeting', 'network view', 'market leaders', ""subscribers' patterns""]","The abstract discusses the use of data analysis and social network analysis to identify influencers and patterns among subscribers in the telecommunication industry. It emphasizes insights for targeting and understanding customer behavior, which aligns with the focus on market analysis and targeting in Thinking AI. The methods proposed aim to shift marketing leaders' approaches towards a more analytical and network-focused perspective, indicating a strong connection to strategic analysis.",0%,0%,100%,0%,0%
