Title,Authors,Year,DOI,Abstract,Keywords,Publisher,Source,Cited,classification,keywords,rationale,Feeling AI,Mechanical AI,Thinking AI,Out of Scope,Not Identified
The influence of perceived costs and perceived benefits on Al-driven interactive recommendation agent value,"Kim, J",2020,10.1080/21639159.2020.1775491,"This study investigates the effects of perceived costs and benefits on the value of an AI-driven recommendation agent (AIRA) by examining an AIRAs influence on the perceived costs and benefits of an information search done during a consumers' decision-making process. AIRAs use AI-driven algorithms that accelerate and integrate information search, the evaluation of alternatives, and the full decision process by extracting users' preferences and acting on their behalf. These specialized agents facilitate searches for information or alternatives and offer recommendations to help consumers make decisions. This study contributes to the building of a theoretical model of Al-driven recommendation agent values and provides new resources for Al-driven marketing academics and practitioners.",Al; artificial intelligence; interactive recommendation agent; perceived cost; perceived benefit,"ROUTLEDGE JOURNALS, TAYLOR & FRANCIS LTD",wos-ai,21,Thinking AI,"['AI-driven recommendation agent', 'information search', 'decision-making process', 'perceived costs and benefits', 'user preferences']","The abstract discusses how AI-driven recommendation agents (AIRAs) influence consumers' perceived costs and benefits during their decision-making process, which aligns with the focus on market analysis and targeting within the Thinking AI category. The study aims to build a theoretical model that enhances understanding of AI's value in marketing, emphasizing its role in providing tailored recommendations based on user preferences.",0%,30%,70%,0%,0%
Comparison of some AI and statistical classification methods for a marketing case,"Montgomery, D; Swinnen, G; Vanhoof, K",1997,10.1016/S0377-2217(97)00122-7,"Recent progress in data processing technology has made the accumulation and systematic organization of large volumes of data a routine activity. As a result of these developments, there is an increasing need for data-based or data-driven methods of model development. This paper describes data-driven classification methods and shows that the automatic development and refinement of decision support models is now possible when the machine is given a large (or sometimes even a small) amount of observations that express instances of a certain task domain. The classifier obtained may be used to build a decision support system, to refine or update an existing system and to understand or improve a decision-making process. The described AI classification methods are compared with statistical classification methods for a marketing application. They can act as a basis for data-driven decision support systems that have two basic components: an automated knowledge module and an advice module or, in different terms, an automated knowledge acquisition/retrieval module and a knowledge processing module. When these modules are integrated or linked, a decision support system can be created which enables an organization to make better-quality decisions, with reduced variance, probably using fewer people. (C) 1997 Elsevier Science B.V.",decision support systems; artificial intelligence; marketing,ELSEVIER SCIENCE BV,wos-ai,4,Mechanical AI,"['data-driven', 'decision support models', 'automated knowledge module', 'data processing technology']","The abstract discusses the use of data-driven methods for model development and decision support systems, emphasizing automation in knowledge acquisition and retrieval. This aligns with the Mechanical AI category, which focuses on data collection, segmentation, and standardization processes. The emphasis on automated systems that enhance decision-making indicates a strong connection to Mechanical AI applications.",0%,70%,20%,0%,10%
An empirical investigation of traceability technology adoption: a case of perishable products supply chain,"Kumar, S; Ramtiyal, B; Soni, G; Vijayvargy, L; Chandra, C; Dey, I",2024,10.1108/BIJ-05-2024-0461,"PurposeTraceability is predicted to usher in a fundamental shift in the way transactions in supply chains (SCs) are carried out. By reducing the negative aspects of trust-related issues in a SC, traceability enables improved visibility and transparency.Design/methodology/approachWe advance research on traceability adoption in the perishable products supply chain by developing and validating an integrated model that combines the technology acceptance model (TAM), the technology readiness index (TRI) and the theory of planned behavior (TPB). A quantitative approach was employed, collecting data through an online survey of 174 supply chain professionals in major Indian cities using a five-point Likert scale. Participants were selected via LinkedIn, each with at least two years of SCM experience. Nonresponse bias was assessed by comparing early and late respondents, revealing no significant differences. Structural equation modeling (SEM) was used to test various research hypotheses derived from literature. Composite reliability and discriminant validity of constructs were verified before examining the relationships among the constructs within the structural model.FindingsThe study found that the TRI components of optimism and innovation did not impact perceived ease of use or perceived utility. Additionally, behavioral intention is shaped by perceived utility, attitude and perceived behavioral control.Practical implicationsThis research provides valuable insights for managers aiming to adopt traceability in supply chains (SCs). It helps identify critical factors for effective traceability adoption, showing that perceived ease of use (PEU) and perceived usefulness are pivotal in shaping practitioners' intentions. Managers should prioritize developing intuitive, user-friendly traceability applications that demonstrate clear value in optimizing SC efficiency. The study also reveals that while practitioners are generally optimistic about traceability, they may feel indifferent or lack a sense of control over it. Therefore, companies should focus on marketing strategies that empower decision-makers, highlighting the ease of use and practical benefits of traceability. Additionally, the findings suggest that perceived behavioral control, combined with intention, can effectively predict traceability adoption. By understanding these dynamics, managers can better guide their firms in successfully implementing traceability, ensuring both technological acceptance and operational efficiency.Originality/valueThis research offers a novel and in-depth exploration of traceability as an emerging concept in supply chains, particularly in India, where adoption remains limited. It highlights that while SC practitioners recognize traceability's potential, they lack practical expertise, often driven by curiosity about decentralized databases. It underscores the critical role of artificial intelligence, IoT devices and big data in ensuring precise data collection and analytics, essential for successful traceability. The research also introduces a predictive model combining TAM, TRI and TPB constructs, identifying perceived usefulness, attitude and perceived behavioral control as key factors influencing traceability adoption.",Technology adoption models; Supply chain traceability; Sustainability; Innovation; Food supply chain,EMERALD GROUP PUBLISHING LTD,wos-artificial intelligence,0,Thinking AI,"['traceability', 'supply chains', 'perceived usefulness', 'behavioral intention', 'marketing strategies', 'decision-makers', 'operational efficiency']","The abstract discusses the adoption of traceability in supply chains, focusing on perceived usefulness and behavioral intention which are critical for market analysis and targeting strategies. The emphasis on developing user-friendly applications and marketing strategies to empower decision-makers aligns closely with the Thinking AI category, which focuses on strategic analysis and targeting. Furthermore, the research highlights the impact of technology acceptance and perceived behavioral control, reinforcing its relevance to market analysis and targeting.",0%,0%,100%,0%,0%
Comparison of Studies Conducted in the Field of Neuromarketing and Artificial Intelligence Using Bibliometric Method,"Balli, A",2024,10.30798/makuiibf.1416687,"Neuromarketing research focuses on consumer purchase intention, decision-making processes, purchase behavior, brand awareness, brand loyalty, and repeat purchase behavior. In these studies, consumer behavior has been analyzed using neuroscientific methods and tools. The most commonly used tools include Functional Magnetic Resonance Imaging Association Test (IAT), Facial Electromyography (fEMG), Automatic Face Coding (AFC), Skin Conductance Response (SCR), and other methods for measuring physiological responses. However, the use of these neuroscientific tools is not always possible due to economic constraints and lack of experimental design. Neuroscientific imaging and measurement methods are not preferred in every study due to their high costs and expertise requirements. However, when neuromarketing studies are examined, it is seen that methods such as Eye Tracking, EEG and fMRI are used more widely. These tools contribute to a deeper understanding of consumer behavior. In order to better analyze consumer behavior, it is of great importance to convey marketing stimuli and messages correctly. In the field of marketing, the effect of stimuli conveyed to consumers using the five senses is one of the focal points of neuromarketing. More than one neuroscientific method should be used together to understand consumer intentions, thoughts and purchasing behaviors. In this way, the obtained data can be analyzed more comprehensively and clearer insights can be provided about neuromarketing. The aim of this study is to present a comprehensive assessment of the use of neuroscientific tools by examining the publications in the field of neuromarketing in the Web of Science database between 2010-2024 with bibliometric analysis. The study will address the limitations of not using more than one neuroscientific tool together in neuromarketing research and the inadequacy of analyses supported by artificial intelligence. A more holistic approach will be proposed to address these shortcomings and a guiding resource for future research will be created.",Neuromarketing; Neuroscientific Tools; Artificial Intelligence,MEHMET AKIF ERSOY UNIV,wos-artificial intelligence,0,Feeling AI,"['consumer behavior', 'purchase intention', 'brand loyalty', 'emotional responses', 'neuromarketing', 'physiological responses']","The abstract discusses the use of neuroscientific methods to understand consumer behavior, decision-making, and emotional responses to marketing stimuli. The focus on how these methods can analyze consumer intentions and behaviors aligns closely with the goals of Feeling AI, which emphasizes understanding customer emotional needs and tailoring marketing strategies accordingly. The mention of using multiple neuroscientific tools to gain deeper insights further indicates an intention to connect with customer emotions and experiences.",70%,10%,20%,0%,0%
Industry 4.0 readiness: the impact of effective implementation of I4.0 on marketing performance,"Raj, R; Kumar, V; Sharma, NK; Verma, P",2024,10.1108/JBIM-05-2023-0289,"PurposeThe purpose of this study is to examine how Industry 4.0 (I4.0) implementation might improve marketing performance (MP). Early adopters now have the chance to capitalize on the advantages of this successful implementation owing to the transition to I4.0. To improve MP, businesses must be able to identify and manage their effective implementation of I4.0 technologies, which are essential to improve industrial performance.Design/methodology/approachA survey was created and sent to 311 samples of manufacturing companies. To investigate the hypothesis created in this context, the study includes a survey-based analysis. To present the study's findings, partial least squares-structural equation modeling has been used.FindingsAccording to the findings, it can be concluded that an efficient implementation of Industry 4.0 (EII) can improve MP by positively impacting consumer loyalty and increasing customer loyalty (CL) positively enhancing by product customization (PC). The study's key results, however, are how both PC and CL affect MP.Research limitations/implicationsThe intensive production technologies that are at the center of I4.0 will be better understood by professionals thanks to this study. The Internet of Things, artificial intelligence, additive manufacturing, sophisticated robots and many more are examples of these technologies. I4.0's application strengthens efficiency and high-quality production. The I4.0 concept is gaining popularity in both developed and emerging countries due to its higher performance. Additionally, business people are actively working to implement I4.0 and make it a big success.Originality/valueThe study identifies the successful adoption of I4.0 that has a substantial impact on businesses' MP. However, there is a lack of noteworthy studies that can concentrate on the marketing reach with I4.0 deployment. As a result, the goal of the current research is to comprehend how I4.0 will affect MP.",Customer loyalty; Industry 4.0; Smart manufacturing; Marketing performance; Customization,EMERALD GROUP PUBLISHING LTD,wos-artificial intelligence,1,Thinking AI,"['Industry 4.0', 'marketing performance', 'consumer loyalty', 'product customization', 'customer loyalty']","The abstract discusses how the implementation of Industry 4.0 technologies can enhance marketing performance through improved consumer loyalty and product customization. This aligns closely with the 'Thinking AI' category, particularly in the focus on market analysis and targeting, as businesses utilize these technologies to analyze consumer behavior and tailor offerings accordingly.",0%,0%,100%,0%,0%
Big data analytics and the use of artificial intelligence in the services industry: a meta-analysis,"Ladeira, WJ; Santini, FD; Rasul, T; Cheah, I; Elhajjar, S; Yasin, N; Akhtar, S",2024,10.1080/02642069.2024.2374990,"Big data analytics have impacted nearly every service industry in the last decade. Furthermore,using artificial intelligence in big data analytics has introduced a new trend, resulting in different performance types, e.g. sales, marketing, innovation, organizational, financial, and operational. A systematic review of the empirical results from publications addressing big data analytics in the services industry becomes necessary to understand these performances better. Based on this rationale, this study conducted a meta-analysis to identify the relevant dimensions of big data analytics and evaluate artificial intelligence as a potential moderator of its effects on service performance. The results demonstrate that environmental dynamism, resources and capabilities, and competitive pressure drive big data analytics adoption. Environmental dynamism, followed by resources and capabilities, has greater effects on adopting big data analytics. The findings suggest that adopting big data analytics powered by artificial intelligence enhances service performance more than adopting big data analytics without using artificial intelligence.",Big data analytics; artificial intelligence; environmental dynamism; competitive pressure; service performance,"ROUTLEDGE JOURNALS, TAYLOR & FRANCIS LTD",wos-artificial intelligence,3,Thinking AI,"['big data analytics', 'artificial intelligence', 'service performance', 'market analysis', 'competitive pressure']","The abstract discusses the impact of big data analytics and artificial intelligence on service performance, emphasizing market analysis, competitive pressure, and the relationship between resources and capabilities. This aligns with the definitions and examples provided for Thinking AI, specifically in the context of market analysis and identifying competitive advantages.",0%,0%,100%,0%,0%
Influence of Virtual Live Streamers' Credibility on Online Sales Performance,"Ji, XW",2024,10.1177/21582440241271171,"With the development of artificial intelligence technology, virtual live streamers emerge in the field of live streaming e-commerce. Previous studies have identified how human live streamers affect online sales performance. However, little is known about the virtual live streamer. Can virtual live streamers play a role in e-commerce as well as their human counterparts? The purpose of this study is to examine the influence of virtual live streamers on online sales performance from the perspective of source credibility. The perceived credibility of virtual live streamers can modify viewer behavior in the virtual live streaming room. The relevant data is thus generated and recorded by the e-commerce platform. We collected data from 300 virtual live streaming rooms in the e-commerce platform known as Taobao.com. Using the behavior data, a multiple regression model was built to empirically study the relationship between the characteristics of virtual live streamers and online sales performance. The results showed that virtual live streamers' characteristics of trustworthiness, attractiveness, and expertise had a positive effect on online sales performance, whereas the characteristic of interactivity had an adverse effect. This study provides insight into the virtual live streamer. Virtual live streamers are still unable to interact with viewers in a human live streamer manner. Marketing managers should improve virtual live streamers to meet viewers' hedonic shopping motivations in the future. With the development of artificial intelligence technology, virtual live streamers emerge in the field of live streaming e-commerce. With the advantage of real-time interaction, human live streamers have been proven to be effective in improving online sales performance. Can virtual live streamers play a role in e-commerce as well as their human counterparts? The purpose of this study is to examine the influence of virtual live streamers on online sales performance from the perspective of source credibility. We measure virtual live streamers' credibility from the dimensions of trustworthiness, attractiveness, expertise, and interactivity. Viewers participate in live streaming, receive product information from the virtual live streamer, interact with the virtual live streamer, and make a purchase decision ultimately. Throughout this process, the viewers can perceive the credibility of virtual live streamers and modify their behavior in the virtual live streaming room. The results of this study showed that virtual live streamers' characteristics of trustworthiness, attractiveness, and expertise had a positive effect on online sales performance, whereas the characteristics of interactivity had an adverse effect. This study helps managers understand virtual live streamers better and design a suitable virtual live streamer. The main drawback of virtual live streamers is that they are still unable to interact with viewers in a human live streamer manner due to insufficient support from artificial intelligence technology. Improvement of interactivity to meet viewers' hedonic shopping motivations is the main direction for the development of virtual live streamers.",source credibility; virtual live streamer; artificial intelligence technology; online sales performance; stepwise regression method,SAGE PUBLICATIONS INC,wos-artificial intelligence,0,Feeling AI,"['trustworthiness', 'attractiveness', 'expertise', 'interactivity', ""viewers' hedonic shopping motivations""]","The abstract discusses the impact of virtual live streamers on online sales performance by examining their perceived credibility, which includes emotional aspects like trustworthiness, attractiveness, and expertise. These elements align closely with the focus on customer understanding and relationalization in the Feeling AI category, as the study highlights how these characteristics can influence viewer behavior and motivate purchasing decisions. The adverse effect of interactivity also indicates a need to understand customer emotional responses.",70%,10%,20%,0%,0%
Navigating the Digital Transformation of Commercial Banks: Embracing Innovation in Customer Emotion Analysis,"Sun, YY; Zhang, Q",2024,10.1007/s13132-024-01938-5,"The rapid development of science has ushered the society into the era of the digital economy, profoundly altering the habits and behaviors of empowered digital citizens. This transformation is particularly evident in the financial sector, where Internet companies have spearheaded the growth of Internet finance, offering non-professional, highly autonomous, cost-effective, and accessible financial services. Traditional banks face stiff competition from internal and cross-border rivals, compelling them to embark on digital transformation journeys to stay relevant. This research paper delves into the critical relationship between technology forecasting and social change, exploring the impact of gender imbalances on FinTech innovation. It also examines innovative e-commerce marketing models driven by big data and artificial intelligence, catalyzing advancements in the financial field. The digitalization of banks encompasses multiple facets, including decision-making, ecosystem development, channel optimization, process enhancement, data center construction, and infrastructure fortification. Central to this transformation is the understanding of customer emotions, a task made more intelligent through natural language processing (NLP) technology. We employ NLP techniques to analyze customer voice data and discern emotional states, including one-hot vector representation and Word2Vector models, alongside Bi-LSTM and attention processes. This approach significantly enhances our ability to tailor policies and products in real time, ensuring a more personalized customer experience. Also, the paper emphasizes the importance of establishing robust data governance systems, innovating talent development mechanisms, controlling digital risks, and optimizing customer acquisition strategies in the digital transformation journey. It also addresses the changing landscape of e-commerce architecture, highlighting the significance of logistical expertise and security considerations in international Internet sales. This research advances our understanding of how commercial banks can leverage technology and innovation to serve the real economy effectively. It provides valuable insights into the analysis of customer emotions and offers practical recommendations for achieving a seamless digital transformation.",Customer emotion; Affective computing; Sentiment analysis; Emotion analysis; Natural language processing,SPRINGER,wos-artificial intelligence,0,Feeling AI,"['customer emotions', 'natural language processing', 'emotional states', 'personalized customer experience']","The abstract emphasizes the understanding of customer emotions through natural language processing (NLP) techniques, which aligns closely with the 'Feeling AI' category focusing on customer understanding and relationalization. The paper discusses analyzing customer voice data and tailoring policies and products in real time to enhance customer experiences, reflecting the application examples of using emotional data to understand customer needs and personalize experiences.",70%,20%,10%,0%,0%
An empirical analysis of the antecedents and barriers to adopting robo-advisors for investment management among Indian investors,"Nain, I; Rajan, S; Natchimuthu, N; Shivanna, G",2024,10.1080/17520843.2024.2341530,"This study aims to provide a research framework to understand the antecedents and barriers to adopting Robo-advisors for investment decision-making in India. The study employed a research model based on the extended UTAUT- 2, along with three additional constructs, i.e. personal innovativeness (PI), perceived risk (PR), and technological anxiety (TA). Data collected were analysed using Partial Least Squares Structural Equation Modelling (PLS-SEM) with the help of SmartPLS 4.0 software. This research will help banks, wealth management service providers, FinTech companies, and Robo-advisor developers improve their platforms, offers, products, and marketing tactics for these automated advisory services.",Artificial intelligence; FinTech; investment decision-making; Robo-advisors; technology adoption; UTAUT-2; D14; G11; G23; O14; O33,"ROUTLEDGE JOURNALS, TAYLOR & FRANCIS LTD",wos-artificial intelligence,1,Out of Scope,"['Robo-advisors', 'investment decision-making', 'FinTech', 'wealth management', 'banks']","The abstract focuses on the adoption of Robo-advisors for investment decision-making in India, analyzing constructs like personal innovativeness, perceived risk, and technological anxiety. It targets the financial services industry rather than marketing applications of AI, making it more aligned with financial services than any marketing-related category.",0%,0%,0%,100%,0%
Impact of artificial intelligence on customer engagement and advertising engagement: A review and future research agenda,"Suraña-Sánchez, C; Aramendia-Muneta, ME",2024,10.1111/ijcs.13027,"This study, through a bibliometric analysis, aims to provide increased knowledge of the evolution and effects of artificial intelligence over the last 30 years in customer engagement and advertising engagement. Articles were gathered from three databases by using combinations of keywords (artificial intelligence, customer engagement, advertising engagement, marketing, machine learning, etc.). A set of inclusion/exclusion criteria were then applied to obtain the final sample. The final sample was made up of 190 peer-reviewed articles. Three separate analyses were performed to test the sample. A performance analysis identified the articles' years of publication, contributions per country and the performance/output of the relevant journals. A data analysis created 10 clusters; these are examined in depth, and provide explanations of the evolution of the relevant scientific production. The study's findings offer a wide perspective of research undertaken to date, and identify possible research gaps. This research contributes to the marketing field by bridging a gap, through undertaking a bibliometric analysis, in the research about the impact of artificial intelligence on customer and advertising engagement over the years 1991 through 2022. It offers scholars and researchers ideas for future research.",advertising engagement; artificial intelligence; customer engagement; machine learning; marketing,WILEY,wos-artificial intelligence,5,Thinking AI,"['artificial intelligence', 'customer engagement', 'advertising engagement', 'market analysis', 'machine learning']","The abstract discusses a bibliometric analysis that focuses on the evolution and effects of artificial intelligence in customer and advertising engagement, indicating a strong emphasis on understanding market dynamics and strategic analysis. This aligns with the Thinking AI category, particularly under the focus of market analysis and targeting, where insights gleaned from the research can guide marketing strategies. The study identifies research gaps, which also suggests a strategic element in understanding competitive advantages.",10%,20%,70%,0%,0%
Consumer reactions to technology in retail: choice uncertainty and reduced perceived control in decisions assisted by recommendation agents,"Rohden, SF; Espartel, LB",2024,10.1007/s10660-024-09808-7,"The emergence of artificial intelligence technologies, such as recommendation agents, presents new challenges and opportunities for marketing. Recommendation agents assist consumers in their online grocery shopping decisions by analyzing data on preferences and behaviors. This research highlights that while recommendation agents can reduce choice overload and make purchase decisions easier for consumers, they are also associated with higher uncertainty in decision-making. Three experimental studies confirmed that purchases aided by recommendation agents are perceived as more uncertain and reduced perceptions of control over the choices explain this outcome. Furthermore, lower choice satisfaction and purchase intentions are confirmed as consequences of perceived uncertainty. Personal characteristics such as risk aversion and maximization tendencies are considered boundary conditions for these effects.",Smart retailing; Artificial intelligence; Choice overload; Maximization tendencies; Risk perception,SPRINGER,wos-artificial intelligence,6,Thinking AI,"['recommendation agents', 'choice overload', 'decision-making', 'perceived uncertainty', 'purchase intentions']","The abstract discusses how recommendation agents facilitate decision-making in online grocery shopping while introducing uncertainty, which aligns with market analysis and the effects on consumer behavior. It highlights the strategic analysis of consumer preferences and the implications for targeting and personalization, falling under the Thinking AI category.",20%,10%,60%,0%,10%
The effect of corporate ethical responsibility on social and environmental performance: An empirical study,"Bag, S; Srivastava, G; Gupta, S; Sivarajah, U; Wilmot, NV",2024,10.1016/j.indmarman.2024.01.016,"In the field of business-to-business marketing, corporate ethical identity and corporate brand identity are crucial subjects for discussion. Business organizations function under social norms, and to establish an ethical identity, they must show corporate ethical responsibility, embrace ethical standards, and maintain open communication with suppliers. While an organization's reputation is impacted by the absence of an ethical identity, its financial success is unaffected. Extant literature has not thrown a spotlight on social and environmental performance which indicates that less focus has been given by academics than by practitioners. To fill the lacuna in the existing literature, this study examines the relationships between corporate ethical identity, corporate brand identity, social and environmental performance. The study uses a deductive research approach and develops hypotheses which are further tested using variance based structural equation modeling. The study offers a distinctive contribution to ethics theory and stakeholder theory by showing that developing an ethical identity requires more than just adhering to moral guidelines and upholding open communication. Companies must show that they are ethically responsible towards society. The study provides evidence of the influence corporate brand identity has on environmental and social performance. The findings can be useful in developing business-tobusiness marketing strategies.",Business markets; Corporate ethical responsibility; Corporate ethical identity; Corporate brand identity; Environmental performance; Social performance,ELSEVIER SCIENCE INC,wos-artificial intelligence,3,Thinking AI,"['corporate ethical identity', 'corporate brand identity', 'social performance', 'environmental performance', 'business-to-business marketing strategies', 'market analysis', 'stakeholder theory']","The abstract discusses the relationships between corporate ethical identity, corporate brand identity, and social and environmental performance, indicating a focus on strategic analysis within a business-to-business marketing context. The study aims to fill a gap in literature regarding these identities and their impact on performance, which aligns with the market analysis focus of Thinking AI. It is more strategic and analytical rather than emotive or automated, fitting the definitions of Thinking AI well.",0%,0%,100%,0%,0%
Consumer Behaviour: Analysing Marketing Campaigns through Recommender Systems and Statistical Techniques,"Cherkaoui, N; El Handri, K; Tanoga, MDY; El Hassani, Y; Errafyg, A",2024,10.21272/mmi.2024.3-01,"This article examines consumer behaviour's impact on marketing campaigns' effectiveness using a recommender system and statistical analysis methods. Understanding consumer behaviour is essential in today's fiercely competitive and constantly evolving market. Our study aims to highlight the significant impact of consumer behaviour on marketing data through the innovative application of recommender systems supported by state-of-the-art machine learning and data analysis techniques. This approach addresses the formidable challenges of accurately predicting consumer behaviour. We provide a detailed introduction to recommendation systems, emphasizing their vital role in the modern marketing landscape. We then outline our theories, laying the groundwork for a deeper understanding of the relationship between marketing data and consumer behaviour. Additionally, we present a rigorous data analysis process that begins with data cleaning and progresses through univariate and bivariate analysis, culminating in advanced techniques such as the Apriori algorithm to discover association rules and thoroughly explore this symbiotic relationship. Our findings demonstrate the applicability and effectiveness of our methodology for interpreting the complex interplay between consumer behaviour and marketing data. Our conclusions highlight essential trends and offer practical recommendations for enhancing marketing strategies significantly. By elucidating the dynamic relationships between consumer behaviour and marketing outcomes, our study contributes to a more sophisticated understanding of consumer dynamics in the contemporary business environment. Furthermore, this paper underscores the importance of understanding consumer behaviour and the benefits of employing innovative data analysis methods. By decoding consumption trends, businesses can optimize their marketing strategies and improve customer satisfaction, strengthening their competitive edge in a constantly shifting market. Finally, incorporating recommender systems with artificial intelligence and machine learning tools for collaborative filtering can further refine these strategies, substantially boosting marketing efficacy.",apriori; decision analytics; machine learning; marketing data; recommendation system,"SUMY STATE UNIV, DEPT MARKETING & MANAGEMENT INNOVATIVE ACTIVITY",wos-artificial intelligence,1,Thinking AI,"['consumer behaviour', 'marketing campaigns', 'recommender systems', 'data analysis', 'association rules', 'market trends', 'personalization', 'customer satisfaction']","The abstract focuses on understanding consumer behaviour and its significant impact on marketing strategies using statistical analysis and machine learning techniques, which aligns with the 'Thinking AI' category's emphasis on market analysis and targeting. It discusses the application of recommender systems and the importance of interpreting consumer dynamics, which supports targeted marketing and personalization strategies. The methodologies mentioned, such as the Apriori algorithm and data analysis processes, further reinforce a strategic analytical approach rather than emotional or purely mechanical processes.",5%,15%,80%,0%,0%
For Different Gen Z Mobile Users? Customer Expectations and Evaluations of Retargeting via the Expectancy-Theory Lens,"Azemi, Y; Ozuem, W",2023,10.2501/JAR-2023-023,"Scholars of retargeting have increasingly recognized that consumers' choice decisions can often be affected by the stage of their decision making. The challenge for both researchers and practitioners is to understand and provide retargeting that leads to conversions by the second round of communication. Drawing on an interpretive perspective and utilizing the expectancy theory of motivation, the authors of the current study interviewed 40 Gen Z mobile phone customers ages 18-24 years across four settings (U.S.A., Germany, Switzerland, and Kosovo) about their experiences of retargeting in the luxury fashion industry. Results show that customers share similarities in their evaluation of the first retargeting advertisement, but analysis revealed three types of customers (indifferent, seeker, and meticulous) with differing evaluations of the second retargeting advertisement.",Retargeting; social media retargeting; mobile phone customers; luxury fashion; early stage of decision making; luxury fashion retail; Gen Z; mobile marketing,ADVERTISING RESEARCH FOUNDATION,wos-artificial intelligence,1,Feeling AI,"['decision making', 'evaluation', 'customer experiences', 'emotional data', 'retargeting']","The abstract discusses how consumers' choices are influenced by their evaluation of retargeting advertisements, highlighting the emotional aspects of consumer behavior. It categorizes customers based on their responses to retargeting, indicating an understanding of customer needs and preferences, which aligns with the Feeling AI category focusing on customer understanding and relationalization.",60%,15%,25%,0%,0%
"FinTech credit: uncovering knowledge base, intellectual structure and research front","Thomas, NM; Mendiratta, P; Kashiramka, S",2023,10.1108/IJBM-01-2023-0039,"PurposeOwing to the dramatic rise of FinTech credit in the financial sector, this study describes its knowledge and intellectual structure and paves the way for future research.Design/methodology/approachThe study employs citation analysis, keyword analysis, co-author analysis, co-citation analysis and bibliographic coupling on 268 peer-reviewed articles published during 2010-2021 and extracted from the Web of Science database.FindingsResearch on FinTech credit has picked up momentum from 2016, with majority contributions from China, followed by UK and USA. International Journal of Bank Marketing is found to be the most productive journal. Co-citation analysis reveals that past studies have focused on three dominant themes, viz. (a) factors that influence user intention to adopt technological products and services (b) borrowers' and lenders' characteristics that impact fund-raising in FinTech credit platforms and (c) evolution of FinTech market over the years. Bibliographic coupling reveals that recent trends in FinTech credit include (a) impact of emerging technologies like blockchain, artificial intelligence, big data on financial system, (b) factors that encourage consumers to adopt the FinTech products and services, (c) mechanisms by which FinTechs have transformed formal credit markets, (d) factors that lead to successful fundraising in FinTech platforms and (e) critical perspectives on digital lending platforms.Originality/valueTo the best of the authors' knowledge, this is a pioneering study undertaking an exhaustive analysis of FinTech credit as a research area. The study offers valuable insights on potential topics of research in FinTech credit domain like investigating Balance Sheet Lending Model, investigating the impact of FinTechs on financial system, and new markets by collaborating with scholars of other regions.",FinTech; Credit market; Innovation; Bibliometrics; Web of science,EMERALD GROUP PUBLISHING LTD,wos-artificial intelligence,6,Out of Scope,"['FinTech credit', 'financial sector', 'credit markets', 'emerging technologies', 'blockchain', 'artificial intelligence', 'big data']","The abstract discusses the rise of FinTech credit within the financial sector, analyzing research contributions and trends related to technologies like blockchain and AI. However, the focus is on financial services and not directly applicable to marketing strategies, customer engagement, or emotional data analysis, which are central to the defined categories. Therefore, it is classified as 'Out of Scope'.",0%,0%,0%,100%,0%
Virtual reality's impact on destination visit intentions and the moderating role of amateur photography,"Morrison, AM; Bag, S; Mandal, K",2024,10.1108/TR-12-2022-0621,"PurposeThis paper aims to investigate the effects of virtual reality experiences (VREs) and emotions on holiday destination visit intentions by applying the stimulus-organism-response (S-O-R) framework. It also examined the role of amateur photography as a moderator in the relationship between VREs, emotions and visit intentions. Design/methodology/approachPrimary data were collected through a structured survey questionnaire administered in India, and structural equation modelling (SEM) was used to examine relationships among variables. The formal survey was preceded by a pilot study. The partial least squares-SEM product indicator technique was applied to measure the moderation effect of amateur photography. FindingsWhen people have high levels of positive emotions in the pre-travel stage with VRE participation, their intentions to visit destinations are stronger. Amateur photography moderated the relationships between user interactivity, memorable experiences, mental imagery and visit intentions. No significant moderating effect was found between emotional experiences and visit intentions. Practical implicationsThe results indicate that creators of virtual reality (VR) communications should concentrate on producing interactive and visually striking VR content, as the research found that VR experiences with tourism-related activities have a significant impact on potential visitor emotions. Therefore, VR producers should incorporate authentic and distinctive elements into contents, giving viewers realistic and trustworthy VR tourism experiences. Destination marketers should evoke emotions in people to increase motivations to visit the VR-presented places. Destination marketers should create VR content with hedonic elements, fostering a connection and desire to visit the destination presented in the VR. For example, destination marketers can enhance the sensory aspects of VR content with audio, video, haptics and artificial intelligence, encouraging people to be emotionally captivated and fully immersed. The findings indicate that amateur photography has a significant moderating effect on prospective tourists' intentions to visit a place presented in VR. Thus, destination marketers are advised to provide photogenic and relevant content to users. By using amateur photography, destinations can market their attractions to potential visitors in a more interactive and relatable manner. Showcasing images taken by amateur photographers presents a genuine perspective of the offerings, thereby increasing visit intentions among prospective visitors. Additionally, amateur photography helps promote the destination in a positive light, emphasizing the attractions and other offerings, and this encourages potential visitors to consider the destination as a travel option, thereby increasing visit intentions. Encouraging amateur photographers to take and share images also increases their engagement with the destination, creating a sense of community and connection and ultimately driving visit intentions. Destination marketers should embrace VR tourism content as a means of promoting their destinations to potential customers by considering the three crucial elements of memorable experiences, emotional experiences and mental imagery. In essence, destination management organizations and other decision makers should develop complete VR communication plans that incorporate interactive and visually striking activities. This can be done by creating VR experiences for prospective tourists, which will enable them to pick their preferred destinations at the pre-travel stage. Through this approach, an effective destination marketing strategy can be established. Originality/valueThis research has value in making several potential contributions to the tourism applications of VR. It is the first study to use and test the S-O-R framework to analyse tourist behaviour from the perspective of emotions generated by VR applications. The analysis focuses on India's tourism market, which has not been explored much in the context of VR and from the perspective of a developing country. The research emphasizes the use of VR as a tool to understand tourist behaviour rather than just focusing on visit intentions. The findings provide valuable insights into the importance of VR in tourism. The knowledge generated will contribute to the understanding of the impact of VR experiences on emotions and visit intentions and the moderating effect of amateur photography. It has practical implications for destination marketers in developing effective marketing strategies that enhance tourists' emotions and motivate visit intentions.",Virtual reality experiences; Emotional experiences; Visit intentions; Holiday destinations; Amateur photography; S-O-R framework; Structural equation modelling; ??????; ????; ????; ?????; ????; S-O-R??; ??????; Experiencias de realidad virtual; Experiencias emocionales; Intenciones de visita; Destinos vacacionales; Fotografia amateur; Marco S-O-R; Modelizacion de ecuaciones estructurales,EMERALD GROUP PUBLISHING LTD,wos-artificial intelligence,12,Feeling AI,"['emotions', 'visit intentions', 'amateur photography', 'customer engagement', 'memorable experiences', 'emotional experiences']","The abstract emphasizes the role of emotions in influencing holiday destination visit intentions, which aligns with the focus on customer understanding and meeting emotional needs in the Feeling AI category. It discusses how VR experiences evoke positive emotions and how amateur photography can enhance engagement and relatability, further indicating a strategy to resonate emotionally with potential visitors.",70%,0%,30%,0%,0%
Organizational frontlines in the digital age: The Consumer-Autonomous Technology-Worker (CAW) framework,"van Doorn, J; Smailhodzic, E; Puntoni, S; Li, J; Schumann, JH; Holthöwer, J",2023,10.1016/j.jbusres.2023.114000,"While organizational frontlines in the digital age involve complex interactions between consumers, autonomous technology (AT), and frontline workers, research so far largely focuses on the effect of AT on either the consumer or the worker. Bridging the fields of marketing and organizational behavior, we develop the Consumer-Autonomous Technology-Worker (CAW) framework, which reflects the implications of consumer-worker-AT interactions. We consider that AT can be consumer-facing, such as service robots, or worker-facing, such as ATenabled knowledge-based systems supporting a worker's decision-making. Drawing on illustrative interviews in hospitality contexts with workers who co-work with robots and the consumers served, we develop research propositions that highlight avenues for future research. We expect consumer-worker relations to strengthen when AT augments instead of replaces the worker. Human leadership is critical for consumers' and workers' acceptance of AT, while AT anthropomorphism is less critical in the presence of a human worker.",Human-machine collaboration; Artificial intelligence; Automation; Service; Robots,ELSEVIER SCIENCE INC,wos-artificial intelligence,22,Feeling AI,"['consumer-worker relations', 'acceptance of AT', 'human leadership', 'anthropomorphism']","The abstract explores the implications of interactions among consumers, autonomous technology, and workers, highlighting the importance of human leadership and consumer-worker relationships. These elements are closely tied to understanding customer emotional needs and relational dynamics, aligning with the Feeling AI category, which focuses on customer understanding and relationalization.",70%,10%,20%,0%,0%
Cognitive computing based ethical principles for improving organisational reputation: A B2B digital marketing perspective,"Behera, RK; Bala, PK; Rana, NP; Kizgin, H",2022,10.1016/j.jbusres.2021.11.070,"Cognitive computing is ushering in the fourth industrial revolution through its promises of improved accuracy, scalability and personalisation. Therefore, business-to-business (B2B) organisations are wavering in the decision for adoption into their digital marketing initiatives. However, embracing moral rules and/or moral judgments in their digital marketing innovation can be challenging, since making mistakes could damage reputations. Therefore, this study applies the ethical principles of cognitive computing in B2B digital marketing business-centric ethical challenges. An integrated theoretical framework grounded on multidisciplinary studies is proposed. The primary data were collected from 300 respondents within B2B businesses. The results of this research led to the conclusion that good ethical practices are essential for the improvement of both organisational effectiveness and organisational reputation. Increased organisational reputation delivers a competitive edge in fast-growing marketplaces. B2B businesses need to look for proactive ways to achieve continuous improvement.",Cognitive computing; B2B digital marketing; Organisational effectiveness; Organisational reputation; Ethics,ELSEVIER SCIENCE INC,wos-artificial intelligence,26,Thinking AI,"['cognitive computing', 'digital marketing', 'ethical principles', 'B2B', 'organisational reputation', 'competitive edge']","The abstract discusses the application of cognitive computing in B2B digital marketing, focusing on ethical challenges and the improvement of organizational effectiveness and reputation. This aligns with the 'Thinking AI' category, particularly in the areas of market analysis and targeting, as it emphasizes the need for ethical practices to gain competitive advantages in the marketplace.",10%,10%,70%,5%,5%
Main Uses of Artificial Intelligence in Digital Marketing Strategies Linked to Tourism,"Lacárcel, FJS",2022,10.34623/mppf-r253,"Migratory movements and tourism in general, together with the improvement of new technologies, have meant an increase in terms of accessibility and ease of information linked to tourism. At the same time, the use of artificial intelligence has opened new horizons in which digital marketing strategies linked to tourism can improve the industry, thus offering multiple possibilities in the short term. This new business ecosystem can analyze and extract large amounts of data for use in their marketing strategies. In this study, a systematic literature review (SLR) is conducted using the Web of Science (WOS) database. The main objective of this review is to identify the main uses of artificial intelligence in digital marketing strategies to understand the decision-making processes of future tourists, destination selection, automation of decision-making processes, and actions developed by tourists in the destination itself. In this context, through the applied methodology, 24 potential results have been identified, which have been classified gence algorithms, and (v)artificial intelligence strategies for the improvement of the user experience. Finally, theoretical and practical implications are identified to support companies that want to develop data-driven digital marketing actions and, from the applied perspective, to help future authors who want to make new academic contributions.",Digital Marketing; Artificial Intelligence; Tourism; Machine Learning; Big Data Marketing,CINTURS-RESEARCH CENTRE TOURISM SUSTAINABILITY & WELL-BEING,wos-artificial intelligence,9,Thinking AI,"['artificial intelligence', 'digital marketing strategies', 'decision-making processes', 'data-driven', 'customer preferences', 'tourist destination selection']","The abstract discusses the application of artificial intelligence in enhancing digital marketing strategies within the tourism industry. It emphasizes data analysis to understand decision-making processes of tourists, which aligns with the focus on market analysis and targeting found in Thinking AI. The identification of uses for AI in marketing strategies suggests a focus on strategic analysis and targeting, rather than merely mechanical data collection or emotional engagement.",10%,20%,70%,0%,0%
Machine Learning Approach and Model Performance Evaluation for Tele-Marketing Success Classification,"Koçoglu, FÖ; Esnaf, S",2022,10.4018/IJBAN.298014,"Up to the present, various methods such as data mining, machine learning, and artificial intelligence have been used to get the best assessment from huge and important data resources. Deep learning, one of these methods, is an extended version of artificial neural networks. Within the scope of this study, a model has been developed to classify the success of tele-marketing with different machine learning algorithms, especially with deep learning algorithms. Naive Bayes, C5.0, Extreme Learning Machine, and Deep Learning algorithms have been used for modelling. To examine the effect of class label distribution on model success, synthetic minority oversampling technique has been used. The results have revealed the success of deep learning and decision trees algorithms. When the data set was not balanced, the deep learning algorithm performed better in terms of sensitivity. Among all models, the best performance in terms of accuracy, precision, and F-score have been achieved with the C5.0 algorithm.",Class Label Distribution; Classification; Decision Trees; Deep Learning; Deep Neural Network; Machine Learning; Tele-Marketing Banking,IGI GLOBAL,wos-artificial intelligence,1,Thinking AI,"['data mining', 'machine learning', 'deep learning', 'classification', 'model success', 'C5.0', 'accuracy', 'precision', 'F-score']","The abstract discusses the application of various machine learning algorithms, especially deep learning, to classify the success of tele-marketing. This aligns with the Thinking AI category, which focuses on market analysis and targeting through the use of advanced analytics to identify performance metrics such as accuracy and precision. The study emphasizes the evaluation of model success based on different algorithms, which is indicative of strategic analysis in a marketing context.",0%,0%,100%,0%,0%
JUST ONE POST? FORECASTS OF DAILY SALES OF BEAUTY AND COSMETICS RETAIL COMPANIES BASED ON THE INFLUENCE OF SOCIAL MEDIA,"Pessanha, GRG; Soares, EA",2021,10.5585/remark.v20i4.17914,"Objective: To study the relevance of Instagram posts in the construction of forecasting models for the variation of daily sales revenues for retail companies in the beauty and cosmetics sector. Methodology: Time series of daily sales between the years 2017 and 2019 of 10 retail companies in the beauty and cosmetics sector were considered. Methods based on machine learning were used and the forecasting models were increased with numerical variables from the official profile of the company, from the posting made by the contracted digital influencer and the characteristics of the images posted by the digital influencer were included in the models. Relevance and Originality: The study is innovative, as it goes beyond qualitative reflections on the theme and provides empirical evidence regarding the impacts on forecast accuracy from the inclusion of social media variables. A data fusion strategy (numerics and images) was also presented to forecast daily sales of retail companies in the beauty and cosmetics sector. Main results: The models proved to be efficient in forecasting and the importance of the likes and engagement variables reinforces the idea that the identification and social reference generated by the ID are important aspects in the purchase decision process. It was found that the images are responsible for adding exclusive attributes that help in forecasting and understanding the patterns of the sales series. Theoretical and methodological contributions:The study showed in a promising way the efficiency of methods based on machine learning in forecasting sales from Instagram data, especially with regard to the incorporation and extraction of image data.",Social media; Images; Artificial intelligence; Sales forecasting; Digital marketing; Digital influencer,UNIV NOVE JULHO,wos-artificial intelligence,2,Thinking AI,"['forecasting', 'sales revenues', 'social media variables', 'likes', 'engagement', 'machine learning', 'customer decision process']","The abstract focuses on using machine learning methods to analyze and forecast retail sales based on Instagram data, which aligns with the strategic market analysis aspect of Thinking AI. It emphasizes the importance of social media metrics (likes and engagement) in decision-making and sales forecasting, which is indicative of analyzing market trends and customer behavior.",10%,20%,60%,0%,10%
Transition from traditional to digital marketing: a study of evolution of E-marketing in the Indian hotel industry,"Kapoor, R; Kapoor, K",2021,10.1108/WHATT-10-2020-0124,"Purpose The study aims at analyzing the adoption and preference of E-Marketing tools in five-star hotels in India. This paper also explores the scope of artificial intelligence and the challenges with regards to its application. Design/methodology/approach A qualitative approach is adopted for this research, wherein the data has been collected through conducting one on one telephonic interviews (some in questionnaire format) and a roundtable conference with the general managers and marketing communication managers of 30 New Delhi/National Capital Region (NCR) hotels respectively to understand the transition from traditional to digital marketing era and how are they using various social media marketing tools. Findings This study aims to inform how digitalization has benefitted the industry in various aspects and its comparison to the traditional marketing methods. It also discovers the future of artificial intelligence in the Indian hospitality space. Practical implications This study aims to help managerial decision-making in the application of various E-marketing tools and strategies, suggesting the right mix of both traditional and digital marketing platforms. Originality/value Arguably this is one of a kind study, as there has been no such research done specifically aiming at the five-star hotels of the Indian market. The findings will help the industry explore and enhance their digital presence by suggesting the appropriate mix of both traditional and digital approaches and can be used as a good source for further exploring the perspective of digitalization by academicians as well.",Digitalization; Artificial intelligence; Social media marketing; Digital marketing; Traditional marketing; E-marketing tools,EMERALD GROUP PUBLISHING LTD,wos-artificial intelligence,20,Thinking AI,"['digital marketing', 'E-Marketing tools', 'customer preferences', 'market analysis', 'artificial intelligence', 'social media marketing']","The abstract discusses the analysis of E-Marketing tools in five-star hotels, focusing on the transition from traditional to digital marketing. It emphasizes understanding customer preferences and the future of AI in marketing strategies, which aligns well with market analysis and targeting aspects of Thinking AI. The study aims to inform managerial decision-making, which further supports its classification under Thinking AI.",10%,15%,75%,0%,0%
Artificial Intelligence and Human Talent in Decision Making in the Sphere of Marketing in an Enterprise,"Sobocinska, M",2021,10.7172/1644-9584.91.5,"Purpose: The analysis of the content of publications concerning decision-making processes in an enterprise indicates that one of the tasks of modern management is to identify effective solutions based on the synergy of human and technological resources that support decision-making processes. This also applies to marketing, which is subject to virtualization related both to its concept and instruments, as well as marketing activities. The purpose of the paper is to show the role of artificial intelligence and human talent in decision making in the field of marketing in an enterprise. Design/methodology/approach: Critical literature review; the research procedure that is based on the review of the literature is focused on formulating the answers to the following questions: - What factors determine the effective implementation of artificial intelligence as a technology supporting decision-making processes in the sphere of marketing in enterprises? - What are the identified models of application of artificial intelligence and human talent in making decisions in enterprises? Findings: The use of the opportunities offered by artificial intelligence in supporting marketing decisions brings many benefits, but it also requires overcoming mental and cultural barriers. It should be emphasized that relying on artificial intelligence in decision-making processes does not mean eliminating people, especially the talented ones, because it is the employee who can revise the decision-making criteria or state that the algorithm on the basis of which decisions are made in the company is outdated. Research limitations/implications: Empirical verification of the proposed model would allow for identifying the role performed by talented employees and algorithms in decision-making processes in the era of development of innovative IT solutions along with determination of the hierarchy of factors stimulating these processes. Originality/value: Proposing a model of determinants and types of solutions that allow for effectively combining human resources described as talent and artificial intelligence in making decisions in the field of marketing in enterprises is the result of the considerations provided in the paper.",talent; artificial intelligence; machine learning; marketing,"UNIV WARSAW, FAC MANAGEMENT",wos-artificial intelligence,1,Thinking AI,"['artificial intelligence', 'decision making', 'human talent', 'marketing', 'effective implementation', 'algorithms']","The abstract discusses the role of artificial intelligence and human talent in decision-making processes within marketing. It emphasizes the need for effective strategies that combine human resources and AI, which aligns with the focus on market analysis and strategic decision-making inherent in Thinking AI. The research aims to identify factors that influence effective AI implementation in marketing, which is pertinent to analyzing competitive advantages and targeting.",0%,0%,100%,0%,0%
ARTIFICIAL INTELLIGENCE IN BUSINESS AND ECONOMICS RESEARCH: TRENDS AND FUTURE,"Ruiz-Real, JL; Uribe-Toril, J; Torres, JA; De Pablo, J",2021,10.3846/jbem.2020.13641,"Artificial Intelligence is a disruptive technology developed during the 20th century, which has undergone an accelerated evolution, underpinning solutions to complex problems in the business world. Neural Networks, Machine Learning, or Deep Learning are concepts currently associated with terms such as digital marketing, decision making, industry 4.0 and business digital transformation. Interest in this technology will increase as the competitive advantages of the use of Artificial Intelligence by economic entities is realised. The aim of this research is to analyse the state-of-the-art research of Artificial Intelligence in business. To this end, a bibliometric analysis has been implement using the Web of Science and Scopus online databases. By using a fractional counting method, this paper identifies 11 clusters and the most frequent terms used in Artificial Intelligence research. The present study identifies the main trends in research on Artificial Intelligence in business and proposes future lines of inquiry.",artificial intelligence; business; economics; bibliometrics; research trends; decision-making,VILNIUS GEDIMINAS TECH UNIV,wos-artificial intelligence,45,Thinking AI,"['Artificial Intelligence', 'business', 'digital marketing', 'decision making', 'research trends', 'competitive advantages', 'market analysis']","The abstract discusses the application of Artificial Intelligence in business, particularly in the context of digital marketing and decision-making processes. It emphasizes the analysis of research trends and competitive advantages, which aligns closely with the focus on market analysis and targeting in the Thinking AI category. The use of bibliometric analysis and identification of research clusters further supports this classification.",0%,0%,100%,0%,0%
Opinion Mining and Sentiment Analysis in Marketing Communications: A Science Mapping Analysis in Web of Science (1998-2018),"Sánchez-Núñez, P; de las Heras-Pedrosa, C; Peláez, JI",2020,10.3390/socsci9030023,"Opinion mining and sentiment analysis has become ubiquitous in our society, with applications in online searching, computer vision, image understanding, artificial intelligence and marketing communications (MarCom). Within this context, opinion mining and sentiment analysis in marketing communications (OMSAMC) has a strong role in the development of the field by allowing us to understand whether people are satisfied or dissatisfied with our service or product in order to subsequently analyze the strengths and weaknesses of those consumer experiences. To the best of our knowledge, there is no science mapping analysis covering the research about opinion mining and sentiment analysis in the MarCom ecosystem. In this study, we perform a science mapping analysis on the OMSAMC research, in order to provide an overview of the scientific work during the last two decades in this interdisciplinary area and to show trends that could be the basis for future developments in the field. This study was carried out using VOSviewer, CitNetExplorer and InCites based on results from Web of Science (WoS). The results of this analysis show the evolution of the field, by highlighting the most notable authors, institutions, keywords, publications, countries, categories and journals.",sentiment analysis; opinion mining; advertising; marketing; science mapping analysis; Web of Science (WoS); bibliometric indicators; scientific collaboration,MDPI,wos-artificial intelligence,13,Feeling AI,"['opinion mining', 'sentiment analysis', 'customer satisfaction', 'consumer experiences']","The abstract discusses opinion mining and sentiment analysis specifically in the context of marketing communications. It focuses on understanding customer satisfaction and dissatisfaction, which aligns closely with the objectives of Feeling AI that emphasizes customer understanding and meeting emotional needs. The analysis aims to uncover consumer experiences, suggesting a deep dive into customer emotions and preferences.",70%,10%,20%,0%,0%
Can artificial neural network models be used to improve the analysis of B2B marketing research data?,"Wilson, RD; Bettis-Outland, H",2019,10.1108/JBIM-01-2019-0060,"Purpose Artificial neural network (ANN) models, part of the discipline of machine learning and artificial intelligence, are becoming more popular in the marketing literature and in marketing practice. This paper aims to provide a series of tests between ANN models and competing predictive models. Design/methodology/approach A total of 46 pairs of models were evaluated in an objective model-building environment. Either logistic regression or multiple regression models were developed and then were compared to ANN models using the same set of input variables. Three sets of B2B data were used to test the models. Emphasis also was placed on evaluating small samples. Findings ANN models tend to generate model predictions that are more accurate or the same as logistic regression models. However, when ANN models are compared to multiple regression models, the results are mixed. For small sample sizes, the modeling results are the same as for larger samples. Originality/value The research contributes to the B2B marketing literature by providing a more rigorous test on ANN models using B2B data than has been conducted before.",Artificial neural networks; Small samples; ANN models; B2B marketing research; Model comparisons,EMERALD GROUP PUBLISHING LTD,wos-artificial intelligence,19,Thinking AI,"['artificial neural network', 'predictive models', 'market analysis', 'B2B data', 'model predictions', 'logistic regression', 'multiple regression']","The abstract discusses the application of artificial neural networks (ANN) in marketing, specifically in evaluating predictive models for B2B data. The focus on model comparisons, accuracy of predictions, and objective model-building environments aligns closely with the strategic analysis aspect of Thinking AI, as it emphasizes market analysis and evaluating competitive advantages through advanced modeling techniques.",0%,0%,100%,0%,0%
Unsupervised KDD to creatively support managers' decision making. with fuzzy association rules: A distribution channel application,"Orriols-Puig, A; Martínez-López, FJ; Casillas, J; Lee, N",2013,10.1016/j.indmarman.2013.03.005,"To be competitive in contemporary turbulent environments, firms must be capable of processing huge amounts of information, and effectively convert it into actionable knowledge. This is particularly the case in the marketing context, where problems are also usually highly complex, unstructured and ill-defined. In recent years, the development of marketing management support systems has paralleled this evolution in informational problems faced by managers, leading to a growth in the study (and use) of artificial intelligence and soft computing methodologies. Here, we present and implement a novel intelligent system that incorporates fuzzy logic and genetic algorithms to operate in an unsupervised manner. This approach allows the discovery of interesting association rules, which can be linguistically interpreted, in large scale databases (KDD or Knowledge Discovery in Databases.) We then demonstrate its application to a distribution channel problem. It is shown how the proposed system is able to return a number of novel and potentially-interesting associations among variables. Thus, it is argued that our method has significant potential to improve the analysis of marketing and business databases in practice, especially in non-programmed decisional scenarios, as well as to assist scholarly researchers in their exploratory analysis. (C) 2013 Elsevier Inc. All rights reserved.",Intelligent systems; KDD; Unsupervised learning; Management support; Genetic fuzzy systems,ELSEVIER SCIENCE INC,wos-artificial intelligence,17,Thinking AI,"['actionable knowledge', 'marketing management support systems', 'fuzzy logic', 'genetic algorithms', 'association rules', 'data analysis', 'distribution channel problem']","The abstract discusses the use of artificial intelligence and soft computing methodologies to analyze large-scale marketing databases, aiming to discover interesting associations and improve decision-making in marketing contexts. This aligns closely with the 'Thinking AI' category, particularly in market analysis and targeting, as it emphasizes strategic analysis of data to aid marketing decisions.",0%,0%,100%,0%,0%
User generated content: the use of blogs for tourism organisations and tourism consumers,"Akehurst, G",2009,10.1007/s11628-008-0054-2,"As the World Wide Web has developed considerable bargaining power has been transferred from suppliers to consumers; there is a real need to improve market intelligence and market research for private and public tourism organisations and facilitate timely consumer decision making. This article explores the development of user generated content and specifically the use of web logs or blogs. Tourism organisations cannot afford to ignore the development of user generated content, peer-to-peer web applications and virtual communities. A recent survey found that consumers trusted more websites with reviews than professional guides and travel agencies and far from being an irrelevance, blogs are often perceived to be more credible and trustworthy than traditional marketing communications. But there is a problem: given the sheer number of possibly relevant travel blogs there is a need to locate, extract and interpret blog content and this has proven so far to be time consuming, exhausting and costly, thus negating the relative value of the information obtained. A way forward may be the use of artificial intelligence and opinion mining'' or a blog visualisation system.",User generated content; Blogs; Tourism; Travel; Internet; Marketing,SPRINGER HEIDELBERG,wos-artificial intelligence,312,Mechanical AI,"['user generated content', 'market intelligence', 'data collection', 'travel blogs', 'opinion mining']","The abstract discusses the need for improved market intelligence and the extraction and interpretation of data from user-generated content, such as travel blogs. This aligns with the Mechanical AI category, which focuses on data collection and processing to identify customer preferences and trends. The emphasis on locating, extracting, and interpreting blog content suggests an automated approach to data sensing and collection.",0%,70%,20%,0%,10%
Marketing Segmentation Through Machine Learning Models An Approach Based on Customer Relationship Management and Customer Profitability Accounting,"Florez-Lopez, R; Ramon-Jeronimo, JM",2009,10.1177/0894439308321592,"Customer relationship management (CRM) aims to build relations with the most profitable clients by performing customer segmentation and designing appropriate marketing tools. In addition, customer profitability accounting (CPA) recommends evaluating the CRM program through the combination of partial measures in a global cost-benefit function. Several statistical techniques have been applied for market segmentations although the existence of large data sets reduces their effectiveness. As an alternative, decision trees are machine learning models that do not consider a priori hypotheses, achieve a high performance, and generate logical rules clearly understood by managers. In this article, a three-stage methodology is proposed that combines marketing feature selection, customer segmentation through univariate and oblique decision trees, and a new CPA function based on marketing, data warehousing, and opportunity costs linked to the analysis of different scenarios. This proposal is applied to a large insurance marketing data set for alternative cost and price conditions showing the superiority of univariate decision trees over statistical techniques.",artificial intelligence; customer relationship management; customer profitability accounting; cost-benefit analysis; marketing,SAGE PUBLICATIONS INC,wos-artificial intelligence,21,Thinking AI,"['customer relationship management', 'customer segmentation', 'marketing tools', 'customer profitability accounting', 'decision trees', 'marketing feature selection', 'cost-benefit function', 'scenario analysis', 'data warehousing']","The abstract discusses the use of decision trees for customer segmentation and marketing feature selection, emphasizing the analysis of large datasets for effective marketing strategies. It aligns closely with the 'Thinking AI' category, particularly in market analysis and targeting, as it aims to identify profitable customer segments and evaluate CRM effectiveness.",10%,20%,70%,0%,0%
Bayesian network classifiers for identifying the slope of the customer lifecycle of long-life customers,"Baesens, B; Verstraeten, G; Van den Poel, D; Egmont-Petersen, M; Van Kenhove, P; Vanthienen, J",2004,10.1016/s0377-2217(03)00043-2,"Undoubtedly, customer relationship management has gained its importance through the statement that acquiring a new customer is several times more costly than retaining and selling additional products to existing customers. Consequently, marketing practitioners are currently often focusing on retaining customers for as long as possible. However, recent findings in relationship marketing literature have shown that large differences exist within the group of long-life customers in terms of spending and spending evolution. Therefore, this paper focuses on introducing a measure of a customer's future spending evolution that might improve relationship marketing decision making. In this study, from a marketing point of view, we focus on predicting whether a newly acquired customer will increase or decrease his/her future spending from initial purchase information. This is essentially a classification task. The main contribution of this study lies in comparing and evaluating several Bayesian network classifiers with statistical and other artificial intelligence techniques for the purpose of classifying customers in the binary classification problem at hand. Certain Bayesian network classifiers have been recently proposed in the artificial intelligence literature as probabilistic white-box classifiers which allow to give a clear insight into the relationships between the variables of the domain under study. We discuss and evaluate several types of Bayesian network classifiers and their corresponding structure learning algorithms. We contribute to the literature by providing experimental evidence that: (1) Bayesian network classifiers offer an interesting and viable alternative for our customer lifecycle slope estimation problem; (2) the Markov Blanket concept allows for a natural form of attribute selection that was very effective for the application at hand; (3) the sign of the slope can be predicted with a powerful and parsimonious general, unrestricted Bayesian network classifier; (4) a set of three variables measuring the volume of initial purchases and the degree to which customers originally buy in different categories, are powerful predictors for estimating the sign of the slope, and might therefore provide desirable additional information for relationship marketing decision making. (C) 2003 Elsevier B.V. All rights reserved.",artificial intelligence; Bayesian network classifiers; marketing; CRM; customer loyalty,ELSEVIER,wos-artificial intelligence,87,Thinking AI,"['customer relationship management', 'customer retention', 'spending evolution', 'classification', 'Bayesian network classifiers', 'predicting future spending', 'attribute selection']","The abstract discusses the importance of predicting customer spending evolution and evaluating different Bayesian network classifiers to classify customers based on their potential future spending. This aligns with the Thinking AI category, particularly in the focus on market analysis and targeting by utilizing analytics to predict customer behavior. The emphasis on decision making and classification indicates a strategic analytical approach rather than emotional or mechanical processes.",0%,0%,100%,0%,0%
Application of decision-tree induction techniques to personalized advertisements on Internet storefronts,"Kim, JW; Lee, BH; Shaw, MJ; Chang, HL; Nelson, M",2001,10.1080/10864415.2001.11044215,"Customization and personalization services are a critical success factor for Internet stores and Web service providers. This paper studies personalized recommendation techniques that suggest products or services to the customers of Internet storefronts based on their demographics or past purchasing behavior. The underlining theories of recommendation techniques are statistics, data mining, artificial intelligence, and rule-based matching. In the rule-based approach to personalized recommendation, marketing rules For personalization are usually obtained from marketing experts and used to perform inferencing based on customer data. However, it is difficult to extract marketing rules from marketing experts, and to validate and maintain the constructed knowledge base. This paper proposes a marketing rule-extraction technique For personalized recommendation on Internet storefronts using machine learning techniques, and especially decision-tree induction techniques. Using tree induction techniques, data-mining tools can generate marketing rules that match customer demographics to product categories. The extracted rules provide personalized advertisement selection when a customer visits an Internet store. An experiment is performed to evaluate the effectiveness of the proposed approach with preference scoring and random selection.",decision-tree induction; Internet advertising; Internet storefront; machine learning; personalization,"ROUTLEDGE JOURNALS, TAYLOR & FRANCIS LTD",wos-artificial intelligence,123,Thinking AI,"['personalized recommendation', 'machine learning', 'customer demographics', 'marketing rules', 'decision-tree induction', 'personalized advertisement']","The abstract discusses personalized recommendation techniques, focusing on how to suggest products to customers based on their demographics and past behavior. This aligns with the Thinking AI category, particularly in the focus on personalization and targeting. The use of machine learning and decision-tree induction for generating marketing rules further emphasizes strategic analysis in marketing.",0%,0%,100%,0%,0%
EXPERT SYSTEMS IN MANAGEMENT AND ADMINISTRATION - ARE THEY REALLY DIFFERENT FROM DECISION SUPPORT SYSTEMS,"EDWARDS, JS",1992,10.1016/0377-2217(92)90273-C,"Historically, the fields of Decision Support Systems and Expert Systems grew up from different backgrounds; Management Information Systems and Artificial Intelligence, respectively. As a result, many people still regard them as unrelated fields, although Operational Researchers are working in both of them. Expert Systems in particular have found it difficult to escape from an image of being isolated; not just from Decision Support Systems, but from all other types of computer system. Successful applications appeared to be confined to very well-defined tasks; either small systems for tasks of an operational nature, or large systems requiring expensive specialised computer support. The spread of Expert Systems into management and administrative applications from the scientific/technical domains of the early systems has been very slow. The view put forward in this paper is that for Expert Systems to be applied to problems in management or administration, the traditional 'closed-world' picture of an Expert System is usually inadequate. The real manifestation of the Expert System's role (and indeed that of the human expert) involves much more negotiation and interaction than in scientific/ technical domains. The consequences for the resulting system are that it looks much more like the traditional picture of a Decision Support System than a classic standalone Expert System. The argument will be illustrated by reference to examples of 'Expert System' developments, including systems for production control, crime pattern analysis, telephone marketing, and the drawing up of contracts.",DECISION SUPPORT SYSTEMS; EXPERT SYSTEMS; MANAGEMENT; PRACTICE,ELSEVIER SCIENCE BV,wos-artificial intelligence,15,Feeling AI,"['negotiation', 'interaction', 'management', 'administration', 'customer', 'marketing']","The abstract discusses how Expert Systems, traditionally seen as standalone systems, need to embrace more negotiation and interaction, particularly in management and administrative applications. This aligns with the focus of Feeling AI, which emphasizes understanding and meeting customer emotional needs, tailoring communication, and enhancing engagement. The mention of telephone marketing further connects the content to customer understanding and relationalization.",70%,10%,20%,0%,0%
Modeling the consumer journey for membership services,"George, M; Wakefield, KL",2018,10.1108/JSM-03-2017-0071,"Purpose The purpose of this study is to model the consumer journey of admission-based membership services from initial purchase to full-season memberships. Particularly, the study pays attention to customer-owned contacts (purchase behavior) and service-owned contacts (salesperson voice- and text-based communications), to examine longitudinal internal data to determine factors which hinder and propel customers toward full memberships. Design/methodology/approach On the basis of big data supplied by a National Hockey League team, the study uses three simultaneous equations in modeling to account for potential endogeneity related to the likelihood that sales and service personnel are more likely to contact frequent customers. The longitudinal data allow us to map the customer journey over the course of multiple years, compared to typical cross-section studies. Findings The findings show that as customers increasingly own committed points of contact, they are prepared to move to the next level - but rarely skip major steps in the relationship journey. The quantity, type and timing of customer contacts by the service firm may hinder or propel the customer down the path to purchase full memberships. Research limitations/implications The prevalence of big data among service firms should allow researchers to better understand how consumers respond to contact strategies over time, as well as fluctuations in firm performance. The research adds to the customer journey research stream, while meeting the call of researchers to bridge the gap between service marketing research priorities and current practice. Practical implications Sales practices and marketing automation tactics may come at the cost of burning leads and alienating future members. Frequent text-based contacts absent voice-based interactions hinder consumer journey and work against relationship building. Service marketers can learn how to better allocate resources, properly manage and motivate contact strategies and target campaigns to send the right message via the right media at the right time. Originality/value This is the first study to map customer journey for admission-based, membership services. The longitudinal approach across multiple years provides a deep understanding of how customers take steps toward loyal membership status, while also pinpointing potential drawbacks of current contact strategies.",Big data; Customer journey; Admission-based services; Contact strategy; Membership services,EMERALD GROUP PUBLISHING LTD,wos-automation,25,Feeling AI,"['customer journey', 'relationship journey', 'consumer needs', 'contact strategies', 'relationship building', 'customer engagement']","The study focuses on understanding the customer journey and the emotional aspects of customer relationships with admission-based membership services. It emphasizes the importance of customer-owned contacts and how these affect the relationship, indicating an understanding of emotional needs. The implications highlight the importance of managing customer interactions in a way that fosters relationships rather than alienating potential members, aligning closely with the principles of Feeling AI.",60%,20%,20%,0%,0%
Optimizing Service Productivity,"Rust, RT; Huang, MH",2012,10.1509/jm.10.0441,"To increase service productivity, many companies utilize automation extensively to reduce the use of labor. However, greater use of automation does not always result in higher service quality, and the effectiveness of automation in providing service hinges on how advanced the technology level is. Departing from the standard perspective in which productivity is simply treated as an output measure of firm performance, the authors propose service productivity as a strategic decision variable; that is, the firm manages the service productivity level to maximize profits. They develop a theory of optimal service productivity that explains when the optimal productivity level will be higher or lower and distinguishes between short-term effects of service productivity due to labor automation trade-offs and long-term effects due to the advance of technology. The theory, together with the existing literature, inspires the development of three testable empirical hypotheses, which are confirmed using data from more than 700 service companies in two time periods. The research shows that service productivity should be lower when factors (e.g., higher profit margin, higher price) motivate the provision of better service quality and that service productivity should be higher when factors (e.g., higher market concentration, higher wages) discourage the provision of better service quality. The empirical results also provide preliminary evidence that large service companies may tend to be too productive relative to the optimal level and, if so, should place less emphasis (in the short run) on cost reduction through automation and more emphasis on service quality.",service productivity; financial impact; marketing metrics; self-service; customer satisfaction; service quality; technology,SAGE PUBLICATIONS INC,wos-automation,138,Thinking AI,"['automation', 'service productivity', 'service quality', 'strategic decision variable', 'optimal productivity level', 'market concentration', 'profit margin']","The abstract discusses the optimization of service productivity as a strategic decision variable, which aligns with market analysis and targeting in the Thinking AI category. It emphasizes the need for firms to balance automation with service quality to maximize profits, which involves analyzing market conditions and competitor behaviors. The hypotheses developed and tested also relate to competitive advantages and market dynamics, further reinforcing the classification under Thinking AI.",0%,0%,100%,0%,0%
Offshore outsourcing of customer relationship management: conceptual model and propositions,"Kalaignanam, K; Varadarajan, R",2012,10.1007/s11747-011-0291-0,"Customer relationship management (CRM) refers to a firm's activities for establishing and maintaining relationships with its customers. Outsourcing refers to a firm's contracting with another firm to perform activities that were erstwhile performed within the firm. The emergence of a low cost, high speed, global communication network and information processing network has enabled an increasing number of firms based in more industrialized market economies to outsource specific elements of their CRM to offshore vendors located in countries with significantly lower labor costs. Building on scholarly insights from multiple literature streams, we present a conceptual model delineating the antecedents and consequences of CRM offshore outsourcing intensity. We also provide a literature overview of the determinants of location choice decision for offshore outsourcing, an issue that is closely linked to the offshore outsourcing decision. The growing trend toward offshore outsourcing of CRM serves to highlight a number of issues that merit careful managerial consideration. In this context, we highlight supply-side versus demand-side effects of CRM offshore outsourcing, the economics of CRM offshore outsourcing versus CRM automation, CRM offshore outsourcing versus CRM offshoring, and the evolution of hierarchical CRM organizations toward market based CRM business systems, and other issues.",Offshore outsourcing; Cross-border outsourcing; Offshoring; Customer relationship management; Global marketing; International marketing,SPRINGER,wos-automation,36,Out of Scope,[],"The abstract discusses customer relationship management (CRM) and the outsourcing of CRM functions to offshore vendors. While it touches on managerial considerations related to CRM outsourcing, it does not specifically connect to emotional understanding, automated processes, or strategic analysis relevant to marketing AI applications. Therefore, it is categorized as 'Out of Scope' as it does not fit into the defined categories related to AI applications in marketing.",0%,0%,0%,100%,0%
What factors determine the intention to use and recommend public autonomous shuttles in a real-life setting?,"Quinones, M; Romero, J; Schmitz, A; Díaz-Martín, AM",2024,10.1108/EJMBE-07-2023-0224,"Purpose - User acceptance is a necessary precondition to implementing self-driving buses as a solution to public transport challenges. Focusing on potential users in a real-life setting, this paper aims to analyze the factors that affect their willingness to use public autonomous shuttles (PASs) as well as their word-of-mouth (WOM) intentions. Design/methodology/approach - Grounded on Unified Theory of Acceptance and Use of Technology (UTAUT2), the study was carried out on a sample of 318 potential users in a real-life setting. The hypothesized relationships were tested using partial least squares structural equation modeling (PLS-SEM). Findings - The study reveals that performance expectancy, facilitating conditions, hedonic motivation and trust are significant predictors of PAS usage intention, which is, in turn, related to WOM communication. Additionally, the factors that impact the intention to use a PAS are found to exert an indirect effect on WOM, mediated by usage intention. Practical implications - This study includes practical insights for transport decision-makers on PAS service design, marketing campaigns and WOM monitoring. Originality/value - While extant research focuses on passengers who have tried autonomous shuttles in experimental settings, this article adopts the perspective of potential users who have no previous experience with these vehicles and identifies the link between usage intention and WOM communication in a real-life traffic environment.",Autonomous vehicle; Autonomous shuttle; Driverless shuttle; Self-driving bus; Technology adoption; Technology acceptance; Usage intention; Word-of-mouth; Sustainable mobility; Smart mobility; Robots; UTAUT2,EMERALD GROUP PUBLISHING LTD,wos-autonomous,0,Feeling AI,"['user acceptance', 'trust', 'word-of-mouth', 'customer needs', 'willingness to use']","The abstract focuses on understanding potential users' acceptance of public autonomous shuttles (PASs), emphasizing emotional factors like trust and hedonic motivation. It explores how these factors influence users' intentions to adopt the technology and their subsequent word-of-mouth communication, which is closely aligned with customer understanding and relationalization aspects highlighted in the Feeling AI category.",70%,10%,20%,0%,0%
Modelling of consumer challenges and marketing strategies during crisis,"Ishrat, I; Hasan, M; Farooq, A; Khan, FM",2023,10.1108/QMR-12-2021-0149,"PurposeMarketing is all about understanding your consumers and giving them what they want. However, this process becomes more complicated in times of economic crisis and national slowdown. Consumers can become scattered and unpredictable in their behaviour, making it hard to understand what they want or need. At times like these, it is more important than ever to rely on qualitative market research to understand the views of consumers and managers. Thus, this study aims to look at the significant consumer challenges that arise during times of crisis and the marketing strategies that managers prefer to counter the crisis. Design/methodology/approachThe data collected for this study involves an extensive literature review followed by personal interviews with industry experts. This study presents two separate models, indicating hierarchical relationships among consumer challenges during crisis and marketing strategies using the total interpretive structural modelling approach. Further MICMAC analysis (popularly known as cross-impact matrix multiplication) was also performed to assess each variable's driving and dependence power. FindingsPrice sensitiveness and adaptive buying result as driving factors with the highest driving and lowest dependence power, which further gives rise to other consumer behaviour challenges. Likewise, the most critical strategies are information systems and the formation of crisis management teams during a crisis. At the same time, other strategies have resulted as linkage and dependent factors and none as the autonomous factor. Originality/valueThis paper provides a systematic understanding of how a manager can understand the challenges consumers face during a crisis and suggests a powerful summary of strategies companies can implement to sail through a crisis.",Marketing strategies; Consumer; Challenges; Crisis; COVID; TISM,EMERALD GROUP PUBLISHING LTD,wos-autonomous,7,Thinking AI,"['consumer challenges', 'marketing strategies', 'crisis management', 'market research', 'adaptive buying', 'information systems']","The abstract focuses on understanding consumer behavior and preferences during economic crises and outlines strategic approaches for managers to address these challenges. This aligns with the Thinking AI category, which emphasizes market analysis and targeting strategies based on consumer insights. The study involves a systematic analysis of consumer challenges and marketing strategies, indicating a strong emphasis on strategic decision-making rather than automated processes or emotional analytics.",10%,5%,85%,0%,0%
WEB SECURITY IN ONLINE TOURISM DISTRIBUTION OF RURAL DESTINATIONS: THE CASE OF EXTREMADURA,"Moreno-Lobato, A; Pasaco-Gonzalez, BS; Sánchez-Vargas, E; Hernández-Mogollón, JM",2023,10.17561/ree.n2.2023.7765,"Digitalisation is a tool for the development of tourism destinations and products. This trend has gained relevance in recent years due to new marketing and distribution processes. Consumers are an increasingly demanding and autonomous market that seeks information, speed and online availability throughout the decision-making process and enjoyment of the trip. Beside, businesses and destinations are committed to strategic lines of online marketing with the aim of expanding the target market, automating processes and streamlining and facilitating the purchase. Moreover, Covid-19 has necessarily accelerated this digitalisation process and users are increasingly using online platforms for their trips. Within this commercial process of digitalisation, tourism service providers must focus on security in order to guarantee a good and quality service. Through a case study and a cluster analysis of travel agencies in Extremadura, as a rural destination, an approach to the web security of the main travel agencies, management groups and commercial groups is carried out. The main objective is to evaluate the real capacity of rural destination marketing through online platforms taking into account web security for users. The results show a tendency to centralise web management in management groups or online management entities to ensure privacy in the purchasing process.",travel agencies; distribution; digitalisation; tourism marketing; web security,"UNIV JAEN, SERV PUBLICACIONES",wos-autonomous,0,Mechanical AI,"['digitalisation', 'online marketing', 'automating processes', 'web security', 'travel agencies', 'centralise web management']","The abstract discusses the digitalisation of tourism and the automation of processes related to marketing and purchasing. It emphasizes the use of online platforms and management entities to streamline the purchasing process and ensure security, which aligns with the Mechanical AI category focused on automating processes and standardization.",0%,80%,20%,0%,0%
Factors that influence parents' intentions of using autonomous vehicles to transport children to and from school,"Jing, P; Du, LY; Chen, YX; Shi, YJ; Zhan, FP; Xie, JP",2021,10.1016/j.aap.2021.105991,"High-level autonomous vehicles (AVs) are likely to improve the quality of children's travel to and from school (such as improve travel safety and increase travel mobility). These expected benefits will not be presented if parents are not willing to use AVs. Therefore, it is necessary to explore parents' intentions of using AVs to transport children to and from school (parents' intentions). This study has two primary aims: 1) Exploring parents' intentions and their potential determinants. 2) Making recommendations for manufacturers to develop and market AVs suitable for school travel based on the research results. Research results show that face consciousness with Chinese characteristics can significantly affect parents' intentions. Knowledge of AVs is the most significant factor in influencing parents' intentions. Perceived usefulness, attitude towards school travel in AVs, and perceived risk can significantly affect parents' intentions. The direct impact of perceived ease of use and public engagement on parents' intentions is not significant. Finally, this research could provide decision-making support for governments and manufacturers to formulate relevant policies and marketing strategies, promoting parents' acceptance of AVs.",Autonomous vehicles; Parents' intentions; Travel safety; School travel,PERGAMON-ELSEVIER SCIENCE LTD,wos-autonomous,37,Feeling AI,"[""parents' intentions"", 'knowledge of AVs', 'perceived usefulness', 'attitude towards school travel', 'perceived risk', 'face consciousness']","The abstract discusses parents' intentions regarding the use of autonomous vehicles (AVs) for their children's travel, emphasizing emotional and social factors, such as face consciousness and perceived usefulness. These elements align with customer understanding and emotional analytics, which are central to the Feeling AI category. Additionally, the intention to use AVs reflects an understanding of emotional needs and preferences of parents. The study aims to inform marketing strategies based on these insights, which further supports the classification under Feeling AI.",70%,10%,20%,0%,0%
Futurizing smart service: implications for service researchers and managers,"Wünderlich, NV; Heinonen, K; Ostrom, AL; Patricio, L; Sousa, R; Voss, C; Lemmink, JGAM",2015,10.1108/JSM-01-2015-0040,"Purpose - The purpose of this paper is to craft a future research agenda to advance smart service research and practice. Smart services are delivered to or via intelligent objects that feature awareness and connectivity. For service researchers and managers, one of the most fascinating aspects of smart service provision is that the connected object is able to sense its own condition and its surroundings and thus allows for real-time data collection, continuous communication and interactive feedback. Design/methodology/approach - This article is based on discussions in the workshop on Fresh perspectives on technology in service at the International Network of Service Researchers on September 26, 2014 at CTF, Karlstad, Sweden. The paper summarizes the discussion on smart services, adds an extensive literature review, provides examples from business practice and develops a structured approach to new research avenues. Findings - We propose that smart services vary on their individual level of autonomous decision-making, visibility and embeddedness in objects and customer lives. Based on a discussion of these characteristics, we identify research avenues regarding the perception and nature of smart services, the adoption of smart services, the innovation through smart services as well as regarding the development of new business models. Originality/value - Smart services is a new emerging topic in service marketing research, their implications on organizations, customers and the service landscape have not been fully explored. We provide a fresh perspective on service research by characterizing relevant aspects of smart service that will stimulate fruitful future research and advance the understanding and practice of smart services.",Connected services; Intelligent object; New service type; Smart services,EMERALD GROUP PUBLISHING LTD,wos-autonomous,197,Not Identified,"['smart services', 'data collection', 'real-time', 'communication', 'customer lives', 'autonomous decision-making', 'innovation', 'business models']","The abstract discusses the concept of smart services, focusing on their characteristics, implications, and the need for further research. While it touches on aspects of data collection and customer interaction, it does not fit clearly into the defined categories of Mechanical AI, Thinking AI, or Feeling AI. The focus is more on theoretical exploration and future research rather than specific marketing applications or emotional understanding.",0%,25%,25%,0%,50%
INFORMED CONSENT IN DIRECT-TO-CONSUMER PERSONAL GENOME TESTING: THE OUTLINE OF A MODEL BETWEEN SPECIFIC AND GENERIC CONSENT,"Bunnik, EM; Janssens, ACJW; Schermer, MHN",2014,10.1111/bioe.12004,"Broad genome-wide testing is increasingly finding its way to the public through the online direct-to-consumer marketing of so-called personal genome tests. Personal genome tests estimate genetic susceptibilities to multiple diseases and other phenotypic traits simultaneously. Providers commonly make use of Terms of Service agreements rather than informed consent procedures. However, to protect consumers from the potential physical, psychological and social harms associated with personal genome testing and to promote autonomous decision-making with regard to the testing offer, we argue that current practices of information provision are insufficient and that there is a place - and a need - for informed consent in personal genome testing, also when it is offered commercially. The increasing quantity, complexity and diversity of most testing offers, however, pose challenges for information provision and informed consent. Both specific and generic models for informed consent fail to meet its moral aims when applied to personal genome testing. Consumers should be enabled to know the limitations, risks and implications of personal genome testing and should be given control over the genetic information they do or do not wish to obtain. We present the outline of a new model for informed consent which can meet both the norm of providing sufficient information and the norm of providing understandable information. The model can be used for personal genome testing, but will also be applicable to other, future forms of broad genetic testing or screening in commercial and clinical settings.",informed consent; personal genome testing; direct-to-consumer; genetic testing; specific consent; generic consent; autonomy,WILEY,wos-autonomous,24,Out of Scope,"['personal genome tests', 'informed consent', 'genetic information', 'consumer protection', 'health risks']","The abstract discusses personal genome testing and the ethical considerations surrounding informed consent in healthcare contexts. The focus is on protecting consumers from potential harms and ensuring they understand their genetic information, which aligns more with healthcare and ethical implications rather than marketing. Therefore, it does not fit into any of the defined marketing categories.",0%,0%,0%,100%,0%
Customer Integration-A Key to an Implementation Perspective of Service Provision,"Moeller, S",2008,10.1177/1094670508324677,"A paradigm shift in marketing seems to be underway. Inspired by Vargo and Lusch's (2004a) proposal of service dominant logic, customer integration is proposed as a key component of marketing. Three stages of service provision are identified: facilities, transformation. and usage. The stages differ in terms of resource origin (company or customer), autonomy of decision-making (integrative or autonomous), and value (potential value, value-in-transformation. and value-in-use). These perspectives, which are synthesized in the study framework, shed light on the process of service provision and direct or indirect knowledge application (Vargo and Lusch 2004a). The author aims to show that in the context of the proposed framework, customer integration is vital to the implementation of service provision.",customer integration; service dominant logic; marketing implementation; service provision,SAGE PUBLICATIONS INC,wos-autonomous,130,Feeling AI,"['customer integration', 'service provision', 'value-in-use', 'value-in-transformation']","The abstract discusses customer integration as a vital component of marketing within the context of service provision, emphasizing the importance of understanding customer needs and the value they derive from services. This aligns closely with the Feeling AI category, which focuses on customer understanding and relationalization. The stages of service provision indicate an emotional and relational aspect of customer interaction, highlighting the significance of meeting emotional needs and wants.",60%,10%,30%,0%,0%
CUSTOMER IN A MARKET-ECONOMY,"KULCAKOVA, M",1994,,"In conditions of a working market, the customer is in the center of interest (attention). Orientation of the customer is one of the principal pillars of the marketing conception. In transformation to a market economy, the position of the consumer in the market changes successively, too. The importance of an autonomous position of the customer as a decisive actor of the consumers' market requires concentration of the attention to the field of research of the consumer and his behaviour of purchase. The consumers differ in their attitudes and readiness to buy. Approaches to a division of consumers led to a typology which helps to better known and understand the customer and his decision to buy. In the article, several approaches to a classification of different types are presented.",,INST ECONOMICS RESEARCH SAS & INST FORECASTING CSPS SAS,wos-autonomous,0,Feeling AI,"['customer', 'behavior', 'purchase', 'attitudes', 'understand', 'typology']","The abstract emphasizes the understanding of consumer behavior, attitudes, and the need to create typologies to better understand customer decision-making in the market. This aligns with the focus of Feeling AI on customer understanding and emotional needs. The emphasis on the consumer's position and behavior suggests a relational approach to marketing, which is characteristic of Feeling AI applications.",60%,20%,20%,0%,0%
Video marketing for decentralized finance platforms' services,"Giannakopoulos, NT; Reklitis, DP; Terzi, MC; Sakas, DP; Kanellos, N",2024,10.1057/s41264-024-00288-2,"In the continuously evolving environment of blockchain applications, decentralized finance (DeFi) has been discerned as a favorable application among internet users. In this point of view, DeFi platforms have known increased competition with multiple similar platforms constantly emerging. Therefore, DeFi platforms should seek to promote digitally their financial services and increase the visibility of their website. This study examines the potential utilization of DeFi YouTube channel metrics for enhancing their digital marketing performance (website visibility and campaign efficiency), through statistical analyses, system dynamics (SD), and eye-tracking models. From the paper's outcomes, it becomes clear that only the YouTube metrics of the number of videos, number of comments, video interaction, channel views, and views per video can affect DeFi platforms' website visibility and campaigns' efficiency. Toward this purpose, neuromarketing applications (eye tracking and heatmaps) indicated that DeFi YouTube channels should select an engaging video (high interaction rate) and provide little but clear information on their home page. Apart from that, the rest of the channel's pages should be enriched with a logical number of highly interactive short-duration videos, and not with an increasing number of videos.",Strategic digital marketing; Video marketing; Decentralized finance (DeFi); Big data; Neuromarketing; Decision support systems (DSSs),PALGRAVE MACMILLAN LTD,wos-big data,0,Thinking AI,"['DeFi', 'digital marketing performance', 'website visibility', 'campaign efficiency', 'YouTube metrics', 'video interaction', 'statistical analyses']","The abstract discusses the analysis of DeFi YouTube channel metrics to enhance digital marketing performance, which aligns with market analysis and targeting strategies. It focuses on using statistical analyses and system dynamics to assess the impact of various metrics on marketing outcomes. This indicates a strategic analysis of data to improve visibility and efficiency, characteristic of Thinking AI.",0%,0%,100%,0%,0%
A Good Signal: How Firms Can Utilize Country of Origin as a Strategic Analytical Tool,"Rahman, RU; Heinberg, M; Banerjee, S; Katsikeas, CS",2024,10.1177/1069031X241254038,"Abundant consumer data has made decision-making more complicated, rather than simple, for marketers. This raises an important question about which variables in the data contain reliable information for retailers to predict future consumer purchase value (CPV) to guide strategic decisions. The authors address this question by exploring the variables distinctive choice of brand country of origin (DBCOO) and country of origin diversity (COO diversity) as analytical tools to extract insights from consumer purchase data. Building on signaling theory, the authors theorize and empirically test that DBCOO and COO diversity in a consumer's purchase history can signal, and therefore help predict, CPV. Moreover, the authors explore high-involvement product categories and purchase frequency as boundary conditions to develop a comprehensive framework of COO signals as strategic analytical tools. They find that DBCOO in a consumer's purchase history indeed increases CPV and that this relationship is enhanced for high-involvement product categories but moderated curvilinearly by purchase frequency. Moreover, they find that the COO diversity-CPV link is positive but interacts negatively with both moderators. This allows retailers to successfully distinguish high- from low-CPV consumers and thus enables them to manage the marketing mix and resources more effectively.",country of origin; consumer analytics; consumer purchase value; COO diversity; consumer-based strategy; high-involvement product,SAGE PUBLICATIONS INC,wos-big data,3,Thinking AI,"['consumer purchase value', 'country of origin', 'purchase history', 'market analysis', 'strategic decisions']","The abstract focuses on utilizing consumer data to predict future consumer purchase value (CPV) through analytical tools like DBCOO and COO diversity. This aligns with the 'Thinking AI' category which emphasizes market analysis, targeting, and strategic decision-making based on data insights. The exploration of how these variables can signal CPV indicates a deep analysis of market behavior rather than just data collection or emotional understanding.",0%,10%,90%,0%,0%
The impact of information governance on information quality and firm performance: role of IT/marketing collaboration,"Sleep, S; Gala, P; Harrison, DE",2024,10.1080/0965254X.2024.2340458,"Information governance is crucial for firm performance. Marketing managers have been actively engaged in data analytics and information management for decision-making. Because of the role both marketing and information technology units play in information and data management, information governance needs to be well-defined in a firm. Using structure-strategy-process theory as the foundation, the authors define information governance as consisting of three dimensions: strategy, structure, and process. Based on a survey of 147 marketing managers, we demonstrate that strategy and process result in improved information quality, which enhances firm performance. IT/marketing collaboration further enhances the relationship between information strategy and information quality. The detailed analyses, results, and implications are discussed.",Marketing/IT collaboration; information quality; information governance; firm performance,"ROUTLEDGE JOURNALS, TAYLOR & FRANCIS LTD",wos-big data,0,Thinking AI,"['information governance', 'data analytics', 'firm performance', 'information quality', 'IT/marketing collaboration']","The abstract discusses the role of information governance and how strategy and process improve information quality, which subsequently enhances firm performance. This aligns with the Thinking AI category, as it focuses on market analysis and the strategic aspects of utilizing data for decision-making. Additionally, the collaboration between IT and marketing to improve information quality further supports the notion of strategic analysis in a marketing context.",0%,0%,100%,0%,0%
The Advent of Blockchain Technology in Digital Marketing,"Priyanka; Siraj, S",2024,,"Purpose of the Study: Blockchain technology in digital marketing is still in its infancy. The study focuses on how blockchain technology operates, how it is used in digital marketing, and how it can have an impact on big data. Methodology/Approach: This is a conceptual paper. To comprehend the idea of blockchain technology in the context of digital marketing, a thorough analysis of the literature is done. Main Results: The current study has found many barriers to effective digital marketing and has also shown how blockchain technology eliminates these barriers. Theoretical/Methodological contribution: On the one hand, blockchain technology lowers the cost of advertising while simultaneously increasing its effectiveness. It enables marketers to collect data in a transparent manner, improving customer relationships. Relevance/Originality: This study is the first of its kind to show how blockchain technology has an impact on digital marketing. This work provides a number of directions for future investigations. Marketers may apply the findings of this study in their future decision -making procedures.",Blockchain Technology; Big Data; Digital Marketing,PACIFIC INST MANAGEMENT,wos-big data,0,Mechanical AI,"['blockchain technology', 'data collection', 'digital marketing', 'transparency', 'customer relationships']","The abstract discusses how blockchain technology can improve data collection and transparency in digital marketing, which aligns with the Mechanical AI category focused on data collection and automation of processes. The mention of lowering advertising costs and improving effectiveness also supports this classification, as it implies automated and efficient processes in marketing.",0%,70%,20%,0%,10%
How the absorptive capacity could transform data into better decisions: a multilevel perspective to deal with the difference between firm sizes,"Proença, M; Costa, BC; Didonet, SR; Toaldo, AMM; Martins, TS; Frega, JR",2024,10.1108/MRR-05-2023-0350,"PurposeThis study aims to investigate organizational learning, represented by the absorptive capacity, as a condition for the firm to learn about marketing data and make more informed decisions. The authors also aimed to understand how the behavior of micro, small and medium enterprises (MSME) businesses differ in this scenario through a multilevel perspective.Design/methodology/approachPlacing absorptive capacity as a mediator of the relationship between business analytics and rational marketing decisions, the authors analyzed data from 224 Brazilian retail companies using structural equation modeling estimated with partial least squares. To test the cross-level moderation effect, the authors also performed a multilevel analysis in RStudio.FindingsThe authors found a partial mediation of the absorptive capacity in the relation between business analytics and rational marketing decisions. The authors also discovered that, in the MSMEs firms' group, even if smaller companies find it more difficult to use data, those that do may reap more benefits than larger ones. This is due to the influence of size in how firms handle information.Research limitations/implicationsThe sample size, despite having shown to be consistent and valid, is considered small for a multilevel study. This suggests that our multilevel results should be viewed as suggestive, rather than conclusive, and subjected to further validation.Practical implicationsRather than solely positioning business analytics as a tool for decision support, the authors' analysis highlights the importance for firms to develop the absorptive capacity to enable ongoing acquisition, exploration and management of knowledge.Social implicationsMSMEs are of economic and social importance to most countries, especially developing ones. This research aimed to improve understanding of how this group of firms could transform knowledge into better decisions. The authors also highlight micro and small firms' difficulties with the use of marketing data so that they can have more effective practices.Originality/valueThe research contributes to the understanding of organizational mechanisms to absorb and learn from the vast amount of current marketing information. Recognizing the relevance of MSMEs, a preliminary multilevel analysis was also conducted to comprehend differences within this group.",Absorptive capacity; Business analytics; Rational marketing decisions; Micro; small and medium-sized companies; Organizational learning; Marketing strategy,EMERALD GROUP PUBLISHING LTD,wos-big data,0,Thinking AI,"['organizational learning', 'absorptive capacity', 'business analytics', 'rational marketing decisions', 'micro, small and medium enterprises', 'data utilization', 'decision support']","The abstract discusses the role of organizational learning and absorptive capacity in enabling firms, particularly MSMEs, to effectively utilize marketing data for informed decision-making. This aligns closely with the 'Thinking AI' category, which focuses on market analysis and the strategic use of marketing analytics to enhance decision-making processes. The emphasis on using business analytics to improve rational marketing decisions further supports this classification.",0%,0%,100%,0%,0%
"Understanding the relationship between marketing analytics, customer agility, and customer satisfaction: A longitudinal perspective.","Agag, G; Shehawy, YM; Almoraish, A; Eid, R; Lababdi, HC; Labben, TG; Abdo, SS",2024,10.1016/j.jretconser.2023.103663,"Shifting towards a more data-driven culture is a key antecedent of business success in today's digital era. Previous research has paid attention to exploring the influence of marketing analytics on business performance, and rarely examined how the use of marketing analytics influences customer agility and satisfaction. According to the dynamic capabilities view and using previous studies, we developed a conceptual framework to explore the effect of marketing analytics use on customer agility and customer satisfaction. In Study 1, we utilised cross-sectional data collected from 468 managers from various industries. In study 2, we employed longitudinal data in a threewave longitudinal utilising a cross-lagged panel model. Study 1 indicated that data acquisition and tool acquisition are key drivers in adopting marketing analytics. Marketing analytics use has stronger effect on customer agility when market turbulence is high. They also revealed that the influence of customer agility on customer satisfaction in such conditions is stronger. Study 2 revealed that marketing analytics use at time point T1 has a significant and positive influence on customer agility at time point T2, while customer agility at time point T2 has a significant and positive influence on customer satisfaction at time point T3. These findings indicate strong temporal effects between marketing analytics use, customer agility, and customer satisfaction. The findings suggest that researchers should look beyond direct effects of marketing analytics use and shift their attention on how a marketing analytics can be leveraged to enable and support dynamic capabilities and customer satisfaction.",Marketing analytics use; Customer agility; Customer satisfaction; Data-driven culture; Market turbulence,ELSEVIER SCI LTD,wos-big data,24,Thinking AI,"['marketing analytics', 'customer agility', 'customer satisfaction', 'data acquisition', 'market turbulence']","The abstract discusses the use of marketing analytics and its impact on customer agility and satisfaction, which aligns with the focus on market analysis, targeting, and personalization found in Thinking AI. The emphasis on the relationships and temporal effects between marketing analytics use and customer outcomes indicates a strategic analysis approach to marketing rather than emotional or purely mechanical processes.",10%,15%,75%,0%,0%
Drivers of Big Data Analytics’ Adoption and Implications of Management Decision-Making on Big Data Adoption and Firms’ Financial and Nonfinancial Performance: Evidence From Nigeria's Manufacturing and Service Industries,"Egwuonwu, A; Mendy, J; Smart-Oruh, E; Egwuonwu, A",2024,10.1109/TEM.2023.3321426,"Despite advances in big data analytics (BDA), its traditional adoption utility discourse is yet to move beyond early capture to focus on its postadoption impacts on firms' financial performance (FP) and nonfinancial performance (NFP), especially in developing economies like Nigeria's. This study advances the BDA field, whose existing utilitarian discourse on organizational readiness for change does not generally reflect the empirical and analytical reality of 261 Nigerian professionals. By drawing on business-to-business marketing, dynamic capabilities, and technology-organization-environment theoretical frameworks, we first contribute a conceptual model (see Fig. 1) to develop nine testable hypotheses to initially highlight which factors really impact on organizations' readiness to adopt BDA, second, to show the real impacts of management's post-BDA-adoption, which existing scholarship on BDA discourse had missed. Consequently, our study's findings were used to develop Fig. 2, showing the direct and moderating nature of interactions between BDA and TOE variables, from which hypotheses one and two demonstrate support for the technological and value creation of BDA adoption. However, whereas hypotheses three and four confirm top management's support and overall organizational readiness for BDA adoption in line with existing literature, paradoxically, this study's hypotheses five and seven contribute to the existing BDA discourse by highlighting that environmental, competitive pressure (CP), including regulation does not support the adoption of BDA. Additionally, while external support (H6) was found conducive for BDA adoption in line with current literature. Interestingly, hypotheses eight, nine, and 10a were also found supportive of not only FP but also NFP. However, contrary to current theorization, hypothesis 10b was not found supportive of NFP. Therefore, contrary to previous TOE scholarship, our results contribute to the BDA discourse additionally showing how CP and regulatory environment are not significantly supportive of BDA adoption; second, by highlighting how TOE's critical regulation and competition factors for BDA adoption are additionally nonimpactful on management's decision to adopt BDA. Finally, additional moderating factors particularly on external competition and government regulatory compliance are critical in ascertaining not only organizations' FP but also their NFP readiness in the Nigerian context. The implications and limitations are discussed.",Big data (BD) adoption; dynamic capabilities (DCs); management; manufacturing and service industries; Nigeria; technology-organization-environment,IEEE-INST ELECTRICAL ELECTRONICS ENGINEERS INC,wos-big data,5,Not Identified,[],"The abstract discusses the impacts of big data analytics (BDA) on firms' financial and nonfinancial performance, focusing on organizational readiness and contextual factors in Nigeria. It does not align clearly with categories related to mechanical, thinking, or feeling AI as it primarily analyzes organizational behavior and external influences rather than directly addressing marketing processes or customer engagement.",0%,0%,0%,0%,100%
Dynamic Batch Learning in High-Dimensional Sparse Linear Contextual Bandits,"Ren, ZM; Zhou, ZY",2024,10.1287/mnsc.2023.4895,"We study the problem of dynamic batch learning in high-dimensional sparse linear contextual bandits, where a decision maker, under a given maximum-number-of batch constraint and only able to observe rewards at the end of each batch, can dynamically decide how many individuals to include in the next batch (at the end of the current batch) and what personalized action-selection scheme to adopt within each batch. Such batch constraints are ubiquitous in a variety of practical contexts, including personalized product offerings in marketing and medical treatment selection in clinical trials. We characterize the fundamental learning limit in this problem via a regret lower bound and provide a matching upper bound (up to log factors), thus prescribing an optimal scheme for this problem. To the best of our knowledge, our work provides the first inroad into a theoretical understanding of dynamic batch learning in high-dimensional sparse linear contextual bandits. Notably, even a special case of our result-when no batch constraint is present- yields that the simple exploration-free algorithm using the LASSO estimator already achieves the minimax optimal O similar to( root ffiffiffiffiffififfi ) regret bound (s0 is the sparsity parameter or an s0T upper bound thereof and T is the learning horizon) for standard online learning in high dimensional linear contextual bandits (for the no-margin case), a result that appears unknown in the emerging literature of high-dimensional contextual bandits.",dynamic batch learning; LASSO; high-dimensional statistics; contextual bandits; sparsity,INFORMS,wos-big data,1,Thinking AI,"['dynamic batch learning', 'high-dimensional sparse linear contextual bandits', 'personalized product offerings', 'optimal scheme', 'market analysis']","The abstract discusses dynamic batch learning in the context of high-dimensional sparse linear contextual bandits, which is relevant to personalized product offerings in marketing. The focus on developing an optimal scheme for decision making aligns with strategic analysis and personalization in marketing. The work aims to enhance understanding of how to dynamically decide on batch sizes and action-selection schemes based on observed rewards, which closely relates to marketing analytics and targeting.",0%,0%,100%,0%,0%
Tourist arrival forecasting using feed search information,"He, KJ; Yang, Q; Wu, D; Zou, YC",2024,10.1080/13683500.2023.2259573,"The feed index is a weighted sum of the number of reactions (i.e. reading, comments, retweets, likes and dislikes, and so on.) that the content engine actively recommends and distributes to the users. It provides valuable information from big data on the Internet and high marketing value to Destination Marketing Organization as the content can be customized. A large-scale empirical study on the impact of the feed index on tourist arrival forecasting accuracy has been conducted, with a new approach proposed to incorporate the feed index into the tourist arrival forecasting model with higher forecasting accuracy. Firstly, the empirical results suggest that the feed index for different keywords reflects varying tourist preferences and has different impacts on tourist arrival movements, with variant lead-lag relationships. Secondly, the study shows that keywords need to be carefully selected based on theoretical analysis plus new methods such as entropy analysis. Therefore, it is proposed that entropy is employed to select the keywords and time lags, thus helping improve forecasting accuracy.",Tourist arrival forecasting; feed index; ARMAX; seasonal ARMAX,"ROUTLEDGE JOURNALS, TAYLOR & FRANCIS LTD",wos-big data,2,Thinking AI,"['feed index', 'tourist preferences', 'forecasting accuracy', 'keywords', 'entropy analysis']","The abstract discusses the use of the feed index and its impact on tourist arrival forecasting, which involves market analysis and strategic selection of keywords based on theoretical and empirical methods. This aligns with the focus on market analysis and targeting in the Thinking AI category, as it emphasizes understanding customer preferences and making data-driven decisions for improving forecasting accuracy.",0%,20%,80%,0%,0%
What makes customers Click? An analysis of hotel list content using deep learning,"Xu, XW; Luo, Y",2023,10.1016/j.ijhm.2023.103581,"Understanding what motivates customers to click through a hotel on the search results page for more details under the influence of COVID-19 is important since it is a prerequisite step before booking a hotel. This study aims to examine how visual and textual information cues shown on each hotel listing influence customers' clickthrough behavior using real-time viewing times as an indicator. Using the deep learning DenseNet model, this study analyzes both visual and textual information cues from 3617 hotel listings and reveals that: 1) Four hotel cover photograph features (building outside view, pool view, street view, property detail) extracted significantly influence click-through behavior except for pool view; 2) Presenting social proof badges (guest favorite, very clean) and booking terms and conditions (pay later, free cancellation) are effective marketing tactics. This study enriches the literature on hotel information search behavior and assists hotel practitioners to optimize their listing information.",Click-through behavior; Cover photograph; Hotel badge; Information search; Online travel agent; Search listings,ELSEVIER SCI LTD,wos-big data,4,Thinking AI,"['click-through behavior', 'visual information cues', 'textual information cues', 'social proof badges', 'marketing tactics', 'customer preferences']","The abstract focuses on analyzing factors that influence customer click-through behavior in hotel listings, which aligns with market analysis and targeting within the Thinking AI category. The study utilizes deep learning to analyze visual and textual cues, indicating a strategic understanding of customer preferences and behaviors, which is a key aspect of marketing analytics. The mention of optimizing listing information further supports the classification under Thinking AI.",10%,20%,70%,0%,0%
Effective Implementation of Predictive Sales Analytics,"Habel, J; Alavi, S; Heinitz, N",2024,10.1177/00222437221151039,"Sales managers are unlikely to reap the benefits of implementing predictive analytics applications when salespeople show aversion to or lack understanding of these applications. For managers, it is essential to understand which factors mitigate or exacerbate these challenges. This article investigates these factors by studying the implementation of an application that predicts customer churn. Using 9.7 million transactions from a business-to-business company, the authors develop a predictive model of customer churn, implement it in a field experiment, and study its treatment effects using causal forests. Furthermore, the authors manipulate one specific mitigation strategy proposed by prior literature: the fostering of users' realistic expectations regarding the accuracy of an algorithm. The results show that the effectiveness of the churn prediction application strongly depends on customer characteristics (most importantly the predicted churn probability and prior revenue) and salesperson characteristics (technology perceptions, abilities, and selling orientations). Fostering realistic expectations improves the effectiveness of the churn prediction only under very specific circumstances. Two follow-up stimuli-based experiments conceptually replicate key results of the field study. Therefore, this article helps build theory on predictive sales analytics and provides specific guidance to managers aiming to increase their return on analytics investments.",predictive analytics; customer churn; sales management; personal selling; causal forest,SAGE PUBLICATIONS INC,wos-big data,13,Thinking AI,"['predictive analytics', 'customer churn', 'salesperson characteristics', 'technology perceptions', 'causal forests']","The abstract discusses the application of predictive analytics to improve sales management by predicting customer churn. It emphasizes the importance of understanding customer and salesperson characteristics, which aligns with market analysis and targeting strategies typical of Thinking AI. The mention of causal forests and the development of predictive models further supports this classification as it reflects strategic analysis rather than mechanical or emotional aspects.",0%,0%,100%,0%,0%
The role of absorptive capacity in the use of digital marketing analytics for effective marketing decisions,"Proença, M; Martins, TS",2024,10.1057/s41270-023-00224-8,"According to the literature, companies that use consumer data from digital marketing can have better results than those that do not. However, investments in analytics have gradually declined and most research does not place the use of data in strategic processes. Thus, this paper proposes a model to evaluate the incorporation of external knowledge generated by data, with the organization's internal knowledge, through the insertion of the absorptive capacity as a mediator between the use of digital marketing data and the effectiveness of marketing decision-making. To this end, a survey of 144 Brazilian retail companies was conducted and it was found that there is mediation, but it is partial. The findings suggest some insights into actions that can be taken to improve the use of data by the organization, such as the importance of disseminating marketing data, so that it can be used strategically by decision-makers.",Absorptive capacity; Marketing decision-making effectiveness; Digital marketing analytics; Marketing; Retail,PALGRAVE MACMILLAN LTD,wos-big data,3,Thinking AI,"['consumer data', 'strategic processes', 'marketing decision-making', 'external knowledge', 'internal knowledge', 'absorptive capacity', 'effectiveness']","The abstract discusses the evaluation of how external data and internal knowledge can improve marketing decision-making, which aligns with the focus on market analysis and the strategic use of data for competitive advantages. The incorporation of absorptive capacity as a mediator suggests a sophisticated analysis of data rather than just mechanical collection or emotional understanding, which aligns it closely with the Thinking AI category.",0%,20%,80%,0%,0%
The making of marketing decisions in modern marketing environments,"Nordin, F; Ravald, A",2023,10.1016/j.jbusres.2023.113872,"Currently, marketing is undergoing a major shift driven by environmental disruptions and advances in marketing technologies. This shift has implications for marketing decision-making. However, research on how marketing managers navigate modern marketing environments' complex, volatile, and data-intensive nature is limited. This study addresses this gap by qualitatively analyzing marketing managers' decision-making processes in 15 companies. Using the naturalistic decision-making approach and the situative perspective on cognition and action as theoretical lenses, we identify three key characteristics of decision-making in modern marketing environments-namely, agility, inventiveness, and reflexiveness. Our findings provide empirically grounded insights into the cognitive and behavioral processes involved in marketing decision-making and contribute to a deeper understanding of how managers navigate-and respond to-modern marketing environments' challenges.",Decision-making; Managerial; Modern marketing environments; Situated cognition; Naturalistic decision-making,ELSEVIER SCIENCE INC,wos-big data,4,Thinking AI,"['decision-making', 'agility', 'inventiveness', 'reflexiveness', 'cognitive processes', 'behavioral processes', 'marketing environments']","The abstract discusses the decision-making processes of marketing managers in a complex and data-intensive environment. It emphasizes the cognitive and behavioral aspects of how managers navigate these challenges, which aligns closely with the focus on market analysis and strategic decision-making found in the Thinking AI category. The emphasis on understanding and responding to modern marketing environments suggests a strategic approach to using data for effective marketing, rather than purely emotional or mechanical applications.",10%,20%,60%,0%,10%
"Initiation, marketing and branding of smart city projects: a study of decision processes","Vijaygopal, R; Bennett, R; Savani, S",2023,10.1080/0267257X.2023.2172448,"Today, smart city areas and initiatives are found throughout the world, yet little research has been completed into the processes whereby decisions concerning the initiation, marketing, and branding of smart city projects have been taken. The present study examined these processes via interviews with 18 smart city managers, followed by an online World Cafe which was convened to discuss emerging issues. Interviewees were asked to relate stories of how decisions had been reached, which stakeholders had been prioritised, the extent of citizen co-creation in project initiation and branding, and the main difficulties involved. An argumentative narrative discourse methodology was employed to analyse the interview transcripts, which revealed a number of disparities between the suggestions of extant place branding literature and current practice where smart city projects were concerned.",Smart cities; argumentative discourse analysis; storytelling; new project development; World Cafe,"ROUTLEDGE JOURNALS, TAYLOR & FRANCIS LTD",wos-big data,2,Not Identified,"['smart city', 'branding', 'stakeholders', 'citizen co-creation', 'decision processes']","The abstract discusses the processes of decision-making, marketing, and branding in smart city projects, without clear connections to emotional data, automated processes, or strategic market analysis as defined in the provided categories. The focus is more on qualitative research and stakeholder narratives rather than on AI applications in marketing.",0%,0%,0%,0%,100%
Hacking marketing: how do firms develop marketers' expertise and practices in a digital era?,"Hafezieh, N; Pollock, N; Ryan, A",2023,10.1108/JEIM-12-2021-0530,"PurposeDigital technologies, digitalised consumers and the torrent of customer data have been transforming marketing practice. In discussing such trends, existing research has either focussed on the skills marketers need or broad-based approaches such as agile methods but has given less consideration to just how such skills or approaches might be developed and used in marketers' day-to-day activities and in the organisation of marketing in the firm. This is what the authors address in this paper.Design/methodology/approachThis paper adopts an in-depth case study approach to examine an exemplary digital enterprise in transformation of their digital marketing. The insights were gathered from 25 interviews, netnography and document analysis of the case organisation in addition to 10 interviews with independent experts.FindingsDrawing on practice-oriented approach, the authors show how organisations respond to the emerging trends of digital consumers and big data by taking a 'hacking marketing' approach and developing novel marketing expertise at disciplinary boundaries. The authors put forward three sets of practices that enable and shape the hacking marketing approach. These include spanning the expertise boundary, making value measurable and experimenting through which their adaptive, iterative and multidisciplinary work occurs. This explains how managing digital consumers and big data is not within the realm of information technology (IT) functions but marketing and how marketing professionals are changing their practice and moving their disciplinary boundaries.Practical implicationsThis study offers practical contributions for firms in terms of identifying new work practices and expertise that marketing specialists need in managing digital platforms, digitalised consumers and big data. This study's results show that enterprises need to design and implement strong training programmes to prepare their marketing workforce in adopting experimentations of agile approach and data-driven decision making. In addition, Marketing education should be changed so that programmes consider a review of their courses and include the novel marketing models and approaches into their curriculum.Originality/valueThis study contributes to the nascent discussions by unpacking how enterprises can develop new marketing expertise and practices beyond skillsets and how such practices form new hacking marketing approach which addresses the problem of the inability of the conventional marketing approach to show its value within the firm.",Digitalised consumers; Practice; Expertise; Digital marketing; Digital organisation; Occupations; Hacking,EMERALD GROUP PUBLISHING LTD,wos-big data,1,Thinking AI,"['digital marketing', 'big data', 'customer data', 'marketing practices', 'experimentation', 'adaptive', 'data-driven decision making']","The abstract discusses how organizations adapt to digital consumers and big data by developing new marketing practices and expertise. It emphasizes the need for market analysis, data-driven decision-making, and the importance of training marketing professionals to use these new approaches. This aligns closely with the definitions of Thinking AI, which focuses on market analysis, targeting, and data-driven strategies.",0%,0%,100%,0%,0%
WORKING CAPITAL MANAGEMENT AND THE INFLUENCE OF BEHAVIORAL FINANCE: THE CASE OF A DAIRY COMPANY,"Cerchi, ALR; Santos, DFL",2023,,"Purpose of the study: to understand working capital management in a large dairy company in the state of Minas Gerais, based on the behavioral approach to finance. Methodology: the research strategy based on a single case was chosen, combining quantitative and qualitative analysis tools Originality: extending the analysis of behavioral biases in decisions on investments in financial assets to the management of working capital. Main results: it was found that the most liquid accounts are those influenced by more behavioral biases. The biases present in decision-making are also consistent with the conservative profile indicated by the dynamic working capital management model. Theoretical contributions: the theoretical trade-off liquidity and profitability does not occur since a higher level of liquidity can be caused precisely by the greater profitability and cash generation capacity of the company compared to the sector. Managerial contributions: the management of working capital must assume a more strategic condition in companies and attentive to the behavioral biases of managers. As a result of the direct impacts of marketing and production policies on investment in working capital, the analysis of indicators must be aligned with the company's profile.",Dynamic Working Capital Model; Profitability; Liquidity; Dairy Sector,FUNDACAO PEDRO LEOPOLDO,wos-big data,0,Thinking AI,"['working capital management', 'behavioral biases', 'investment decisions', 'strategic condition', 'managerial contributions', 'marketing policies']","The abstract focuses on understanding working capital management in a dairy company through a behavioral finance lens. It discusses the implications of decision-making biases on financial management, which aligns with market analysis and strategic insights. The mention of aligning analysis with the company's profile and the need for strategic management indicates a focus on understanding market dynamics and competitive advantages, which is characteristic of Thinking AI. There are elements suggesting a connection to managerial decision-making and market positioning, but the primary focus remains on analytical insights rather than emotional data or automation.",10%,5%,75%,0%,10%
"Removing silos to enable data-driven decisions: The importance of marketing and IT knowledge, cooperation, and information quality","Sleep, S; Gala, P; Harrison, DE",2023,10.1016/j.jbusres.2022.113471,"Business decision-making increasingly requires that the information technology (IT) and marketing functions work together. Despite their distinct objectives, marketing managers need improved access to data to drive strategy. Based on an absorptive-capacity perspective, this study examines how marketing and IT business knowledge at the executive level affect decision-making. Results indicate that IT business knowledge has a direct, positive effect on data-driven decision-making, and marketing business knowledge does not. In addition, in-formation quality and marketing/IT cooperation have differential moderating effects.",Marketing; Information technology; Data-driven decisions; Innovation; Financial performance; Information quality,ELSEVIER SCIENCE INC,wos-big data,11,Thinking AI,"['decision-making', 'data-driven', 'IT business knowledge', 'marketing business knowledge', 'information quality', 'marketing/IT cooperation']","The abstract focuses on the collaborative role of IT and marketing in decision-making, emphasizing the importance of data access and the impact of business knowledge on data-driven strategies. It aligns closely with the 'Thinking AI' category, which includes applications such as market analysis and identifying competitive advantages through marketing analytics. The study's findings support the notion that understanding and utilizing IT knowledge significantly aids decision-making processes.",0%,0%,100%,0%,0%
Credit scoring methods: Latest trends and points to consider,"Markov, A; Seleznyova, Z; Lapshin, V",2022,10.1016/j.jfds.2022.07.002,"Credit risk is the most significant risk by impact for any bank and financial institution. Accurate credit risk assessment affects an organisation's balance sheet and income statement, since credit risk strategy determines pricing, and might even influence seemingly unrelated domains, e.g. marketing, and decision-making. This article aims at providing a systemic review of the most recent (2016-2021) articles, identifying trends in credit scoring using a fixed set of questions. The survey methodology and questionnaire align with previous similar research that analyses articles on credit scoring published in 1991-2015. We seek to compare our results with previous periods and highlight some of the recent best practices in the field that might be useful for future researchers. (c) 2022 The Authors. Publishing services by Elsevier B.V. on behalf of KeAi Communications Co. Ltd. This is an open access article under the CC BY license (http://creativecommons.org/licenses/by/4.0/).",Credit scoring; Survey; Statistics; Machine learning; Data mining; Performance assessment,KEAI PUBLISHING LTD,wos-big data,24,Out of Scope,"['credit risk', 'financial institution', 'credit scoring', 'balance sheet', 'income statement']","The abstract focuses on credit risk assessment and its implications for financial institutions, particularly related to credit scoring trends and methodologies. While it mentions aspects of decision-making that might influence marketing, the core topic is financial risk management rather than marketing strategies or AI applications directly related to marketing. Therefore, it falls outside the marketing-related categories defined.",0%,0%,0%,100%,0%
What can we learn from marketers? A bibliometric analysis of the marketing literature on business model research,"Maucuer, R; Renaud, A; Ronteau, S; Muzellec, L",2022,10.1016/j.lrp.2022.102219,"Strategic management has extensively contributed to the development of business model research. Although marketing concepts (e.g., customers, value creation, delivery, and exchange) form an essential part of any business model description, from an academic standpoint, the strategy literature has been slow to incorporate contributions from the marketing literature on business model research. Drawing on mixed bibliometric techniques combining co-citation analysis (CCA) and bibliographic coupling analysis (BCA), we seek to fill this gap by exploring the origins and trends of business model research in marketing journals (285 articles published in 38 marketing journals). The CCA reveals three theoretical pillars labelled 'business model rationale in marketing', 'business model conceptual origins', and 'business model literature de-velopments' that provide a consistent base for cross-fertilization. The BCA uncovers eight con-versations organized into two research streams, namely 'holistic perspective' and 'downstream perspective'. Considering these results, we discuss the partial appropriation of marketing issues by strategists and propose a three-pronged research agenda based on consumer data as a major source of competitive advantage.",Business model research; Marketing discipline; Downstream; Demand-side; Customer-centric; Bibliometrics,ELSEVIER SCI LTD,wos-big data,8,Thinking AI,"['business model', 'marketing', 'competitive advantage', 'consumer data', 'market analysis']","The abstract discusses the integration of marketing concepts into business model research, emphasizing the importance of understanding customer data as a competitive advantage. This aligns closely with the 'Thinking AI' category, particularly in terms of market analysis and identifying competitive advantages. The focus on theoretical pillars and research streams also suggests a strategic analytical approach rather than emotional or purely automated processes.",0%,0%,100%,0%,0%
Classifying the Variety of Customers' Online Engagement for Churn Prediction with a Mixed-Penalty Logistic Regression,"Simovic, PP; Chen, CYT; Sun, EW",2023,10.1007/s10614-022-10275-1,"Using big data to analyze consumer behavior can provide effective decision-making tools for preventing customer attrition (churn) in customer relationship management (CRM). Focusing on a CRM dataset with several different categories of factors that impact customer heterogeneity (i.e., usage of self-care service channels, service duration, and responsiveness to marketing actions), this research provides new predictive analytics of customer churn rate based on a machine learning method that enhances the classification of logistic regression by adding a mixed penalty term. The proposed penalized logistic regression prevents overfitting when dealing with big data and minimizes the loss function when balancing the cost from the median (absolute value) and mean (squared value) regularization. We show the analytical properties of the proposed method and its computational advantage in this research. In addition, we investigate the performance of the proposed method with a CRM dataset (that has a large number of features) under different settings by efficiently eliminating the disturbance of (1) least important features and (2) sensitivity from the minority (churn) class. Our empirical results confirm the expected performance of the proposed method in full compliance with the common classification criteria (i.e., accuracy, precision, and recall) for evaluating machine learning methods.",Big data; Business analytics; CRM; Machine learning; Penalized logistic regression,SPRINGER,wos-big data,4,Thinking AI,"['consumer behavior', 'customer attrition', 'predictive analytics', 'machine learning', 'classification', 'CRM dataset', 'marketing actions']","The abstract focuses on using big data and machine learning to analyze consumer behavior and predict customer churn, which aligns with market analysis and targeting aspects of Thinking AI. It emphasizes decision-making tools for CRM, indicating strategic analysis of customer data to prevent attrition, which is a key application in marketing analytics.",0%,0%,100%,0%,0%
Digitalization in B2B marketing: omnichannel management from a PLS-SEM approach,"Alonso-Garcia, J; Pablo-Marti, F; Núñez-Barriopedro, E; Cuesta-Valiño, P",2023,10.1108/JBIM-09-2021-0421,"Purpose The purpose of this paper is to establish a reference model that will allow us to understand the factors that influence the omnichannel management of an organization in a business-to-business (B2B) context. Design/methodology/approach In building the model, a partial least squares structural equation modeling approach was followed. More than 1,000 executives with a C-level profile (chief executive officer, chief marketing officer or chief digital officer), from manufacturers and wholesalers, in various industries worldwide were contacted. The final sample consisted of 124 C-level executives in multinational B2B companies from 35 countries worldwide. Findings The principal finding is that optimal omnichannel management must involve a customer-centric proposition forming the basis for individualized marketing that tailors the company's portfolio of solutions to suit each client. To ensure this, customer knowledge at each touchpoint is essential. The results show that the main predictor of B2B omnichannel management is sales and marketing, even above channels. The principal conclusions are that the model shows that good omnichannel performance is measured by the performance of the industrial buyer. Loyalty and experience are primary measures of this customer's performance. Originality/value Research into omnichannel management in the B2B field is scarce, especially concerning the creation of models for decision-making.",Business-to-business; Digitalization; Customer experience; Industrial purchasing; Customer loyalty; Omnichannel management; Industrial buyer; Loyalty,EMERALD GROUP PUBLISHING LTD,wos-big data,25,Feeling AI,"['customer-centric', 'individualized marketing', 'customer knowledge', 'customer loyalty', 'customer experience']","The abstract emphasizes the importance of customer understanding and the need for a customer-centric approach in omnichannel management. It highlights how individualized marketing and customer knowledge at each touchpoint are essential for optimal performance. This aligns closely with the focus of Feeling AI, which deals with understanding customer needs and personalizing experiences. The mention of loyalty and experience as primary measures of customer performance further supports this classification.",60%,10%,30%,0%,0%
I can get no e-satisfaction. What analytics say? Evidence using satisfaction data from e-commerce,"Griva, A",2022,10.1016/j.jretconser.2022.102954,"This study mines customer satisfaction (CS) segments using almost 270 thousand responses from a CS survey which ran in 140 e-commerce stores of a European country. To achieve this, it develops and applies a business analytics (BA)-informed framework. Then, it presents examples of how one e-commerce store exploited the extracted CS segments to build automated marketing actions for its customers, ranging from social media sharing strategies for the satisfied segments, to discounts for the less satisfied. This study contributes to customer satisfaction and segmentation literature. The extracted insights can be utilized to support decision making, ranging from targeted advertising for specific customer segments, to benchmarking for companies in similar industries.",Customer satisfaction; Retail analytics; e-commerce; Customer segmentation; Business analytics,ELSEVIER SCI LTD,wos-big data,16,Thinking AI,"['customer satisfaction', 'segmentation', 'automated marketing actions', 'targeted advertising', 'decision making']","The abstract discusses mining customer satisfaction segments and applying insights to drive automated marketing actions, which aligns with the focus on market analysis, targeting, and personalization. The use of customer satisfaction data to inform marketing strategies suggests a strategic analysis of customer segments to enhance targeting and decision-making processes, which is characteristic of Thinking AI.",10%,15%,65%,0%,10%
Theorising Data-Driven Innovation Capabilities to Survive and Thrive in the Digital Economy,"Sultana, S; Akter, S; Kyriazis, E",2022,10.1080/0965254X.2021.2013934,"While data-driven innovation (DDI) is receiving substantial attention from academics and industry specialists, there is limited research on its dimensions and effects in marketing. We address this theoretical gap by examining the following research questions: 'What are the necessary firm-level capabilities of DDI and its effects in a marketing environment?' Drawing from the resource-based view (RBV), dynamic capabilities (DC), and market orientation theories, this study presents a data-driven innovation capabilities (DDIC) framework and proposes a new conceptualisation with new data product performance through new data product creativity. Based on a systematic literature review and thematic analysis, the findings offer seven propositions to enrich the emerging DDI theory in marketing and guide managerial decision making.",Data-driven innovation; data-driven innovation capabilities; management capabilities; infrastructure capabilities; talent capabilities; market orientation; dynamic capabilities; new data product creativity; new data product performance,"ROUTLEDGE JOURNALS, TAYLOR & FRANCIS LTD",wos-big data,18,Thinking AI,"['data-driven innovation', 'capabilities', 'marketing', 'resource-based view', 'dynamic capabilities', 'market orientation', 'data product performance', 'data product creativity']","The abstract discusses the theoretical framework of data-driven innovation capabilities in marketing, emphasizing firm-level capabilities and their effects in a marketing environment. This aligns with the focus on market analysis and strategic decision-making, which are characteristics of Thinking AI. The study also proposes propositions that can enhance managerial decision-making, reflecting a strategic analysis aspect.",10%,10%,70%,0%,10%
Data Processing and Legal Protection in Contracts in the Technologically Innovative Tourism Sector,"Tassikas, AD",2021,10.2478/ejthr-2021-0008,"This study aims to demonstrate that technological innovation in tourism represents a paradigm shift in law and is also changing the competition between tourist destinations. Technological innovation in the tourism sector is increasing the volume of data processing and calls for greater and more consistent (detailed) legal protection to combat dangers to private life, such as exclusion from 'digital life'. The topics covered by the study include data processing in hospitality contracts, the enrichment of guest profiles, newsletter marketing, guest passes or discount cards in travel package contracts, and the question of whether data processing is necessary for fulfilling smart tourism contracts. The theoretical framework is based on contract and data protection law principles relating to purpose, data avoidance and transparency, the privacy rule by design and by default. The methodological approach is based on a careful balancing and weighing of the legal goods and values, and an assessment of the normative parameters. This research is responding to the need to develop appropriate policies on transformative innovations and is addressing different concerns relating to the adoption and diffusion of technological trends in tourism.",Tourism contracts; Data protection; Hotels; Travel package; Guest cards,SCIENDO,wos-big data,0,Not Identified,"['technological innovation', 'data processing', 'legal protection', 'guest profiles', 'newsletter marketing', 'smart tourism contracts']","The abstract discusses technological innovation in tourism and its implications on law and competition, focusing on data processing and legal principles rather than direct marketing strategies or emotional customer engagement. The themes do not align clearly with any of the specified AI categories.",0%,0%,0%,0%,100%
Customer Experience: Extracting Topics From Tweets,"Mishra, M",2022,10.1177/14707853211047515,"The ubiquity of social media platforms facilitates free flow of online chatter related to customer experience. Twitter is a prominent social media platform for sharing experiences, and e-retail firms are rapidly emerging as the preferred shopping destination. This study explores customers' online shopping experience tweets. Customers tweet about their online shopping experience based on moments of truth shaped by encounters across different touchpoints. We aggregate 25,173 such tweets related to six e-retailers tweeted over a 5-year period. Grounded on agency theory, we extract the topics underlying these customer experience tweets using unsupervised latent Dirichlet allocation. The output reveals five topics which manifest into customer experience tweets related to online shopping-ordering, customer service interaction, entertainment, service outcome failure, and service process failure. Topics extracted are validated through inter-rater agreement with human experts. The study, thus, derives topics from tweets about e-retail customer experience and thereby facilitates prioritization of decision-making pertaining to critical service encounter touchpoints.",online customer experience; topic modeling; e-retail; Twitter; latent Dirichlet allocation; agency theory,SAGE PUBLICATIONS LTD,wos-big data,11,Feeling AI,"['customer experience', 'emotional data', 'customer needs', 'service encounter touchpoints']","The abstract discusses the analysis of customer experience tweets related to online shopping, which focuses on understanding customer emotions and experiences across different touchpoints. The study emphasizes the importance of understanding customer needs and wants, which aligns with the Feeling AI category that focuses on customer understanding and relationalization. The identification of topics such as 'customer service interaction' and 'service outcome failure' suggests an emotional aspect to customer experiences. Thus, it fits well within the parameters of Feeling AI.",70%,10%,15%,0%,5%
Identifying the configurational conditions for marketing analytics use in UK SMEs,"Cao, GM; Duan, YQ; Tian, N",2021,10.1108/MD-07-2020-0945,"Purpose While marketing analytics can be used to improve organizational decision-making and performance significantly, little research exists to examine how the configurations of multiple conditions affect marketing analytics use. This study draws on configuration theory to investigate marketing analytics use in small and medium-sized enterprises (SMEs). Design/methodology/approach This research employs a fuzzy-set qualitative comparative analysis using data collected from a survey of 187 managers in UK SMEs. Findings The key findings show that (1) configurations of multiple conditions provide alternative pathways to marketing analytics use, and (2) the configurations for small firms are different from those for medium-sized firms. Research limitations/implications The research results are based on several key configurational factors and a single key-informant method to collect subjective data from UK SME managers. Practical implications The study helps SMEs to understand that marketing analytics use is influenced by the interaction of multiple conditions, that there are alternative pathways to marketing analytics use, and that SMEs should choose the configuration that fits best with their organizational contexts. Originality/value The study contributes to the literature by addressing an important yet underresearched area, i.e. marketing analytics use in SMEs, applying a configurational approach to the research phenomenon. It highlights different pathways to marketing analytics use in SMEs. The findings provide empirical evidence on the possibility and implication of marketing analytics use being asymmetrical and different between small and medium-sized firms.",Marketing analytics; Conditions; Configurations; Small to medium-sized enterprises; fsQCA,EMERALD GROUP PUBLISHING LTD,wos-big data,5,Thinking AI,"['marketing analytics', 'decision-making', 'configurations', 'pathways', 'small and medium-sized enterprises']","The abstract discusses the use of marketing analytics in small and medium-sized enterprises (SMEs) and emphasizes the impact of multiple configurations on decision-making and performance. This aligns with the focus of Thinking AI on market analysis and understanding competitive advantages through analytics. The findings highlight alternative pathways to marketing analytics use, which suggests a strategic analysis approach consistent with the Thinking AI category.",0%,0%,100%,0%,0%
Influence of political leaders on sustainable development goals - insights from twitter,"Grover, P; Kar, AK; Gupta, S; Modgil, S",2021,10.1108/JEIM-07-2020-0304,"Purpose The importance and criticality of sustainable development goals is witnessed by 195 member countries. For its full-fledged adoption and implementation, it needs to be understood by masses and political leaders are critical agents those engage diverse communities through social media such as twitter. Therefore, in this study focuses on how political leaders can influence the sustainable development goals through Twitter. Design/methodology/approach This study examines the social media conversations of political leaders on Twitter. Social media analytics methods such as sentiment mining, topic modelling and content analysis-based methods have been used. Findings The findings indicate that most political leaders are primarily discussing the sustainable development goals (SDGs) partnership for goals and peace, justice and strong institutions. Many other goals such as clean water and sanitation, life below water, zero hunger, no poverty and educational quality are not being focused on. Research limitations/implications This study offers implications in terms of collective decision making and the role of policy makers towards the goals of promoting SDGs. The authors highlight how political leaders need to involve key stakeholders in this journey. Originality/value This study scores and provides a cohort-specific prioritization of the leadership within these countries with regard to SDGs, which could be beneficial to the society.",Social media analytics; Influencer marketing; Political leadership; Sustainable development goals; Public policy,EMERALD GROUP PUBLISHING LTD,wos-big data,24,Out of Scope,"['sustainable development goals', 'political leaders', 'Twitter', 'social media conversations', 'policy makers']",The abstract discusses the influence of political leaders on sustainable development goals through social media analytics. This focus on social and political engagement does not relate directly to marketing practices or applications of AI in marketing contexts. The content is more aligned with social sciences and political communication rather than marketing.,0%,0%,0%,100%,0%
Social media usage in business decision-making: the case of Malaysian small hospitality organisations,"Siti-Nabiha, AK; Nordin, N; Poh, BK",2021,10.1108/APJBA-08-2020-0276,"Purpose The purpose of this paper was to examine how small- and medium-sized hospitality organisations engage with social media and how social media data are used by their managers to inform business decisions. Design/methodology/approach A qualitative approach was used in this research in which interviews were conducted with top management, comprising the owners/directors and other key managers from small- and medium-sized organisations based in Penang, Malaysia. Fan and Gordon's (2014) categorisation of the social media data analysis process and Simon's (1995) concept of the interactive and diagnostic usage of data were used in the analysis of data. Findings The managers of small- and medium-sized hospitality organisations engage with social media for customer relationship management and the understanding of key main competitors. Social media is used to understand, build and manage relationships with current and potential customers; these activities are also linked to actions taken to protect a company's reputation. Even though, for the companies concerned, data gathering is still at the capture stage with no formal procedures and processes in place, the data are utilised in an interactive way to inform two areas' major business decisions-making, i.e. those related to pricing and promotion and the strategic formulation and reorientation of the business. Research limitations/implications The respondents of this study were mainly from smaller hospitality organisations. Hence, the insights gained are limited to the context of smaller hotels. Originality/value A significant number of social media studies within the hospitality sector have focussed on marketing aspects. This study explored the wider use of social media in the case of smaller hospitality organisations and how they compete and position themselves in the competitive hospitality industry.",Social media; Hospitality sector; Business decisions; Small- and medium-sized organisations,EMERALD GROUP PUBLISHING LTD,wos-big data,11,Feeling AI,"['customer relationship management', 'understanding competitors', 'build and manage relationships', ""protect company's reputation"", 'interactive way', 'business decisions']","The abstract emphasizes the use of social media by small- and medium-sized hospitality organizations to understand and build relationships with current and potential customers, which aligns with the focus on customer understanding and relationalization in the Feeling AI category. The discussion about managing reputation and the interactive use of data to inform decisions further supports this classification. Although there are elements of data collection and market analysis, the primary focus is on emotional and relational aspects of customer engagement.",70%,20%,10%,0%,0%
Mapping potentials and challenges of choice modelling for social science research,"Liebe, U; Meyerhoff, J",2021,10.1016/j.jocm.2021.100270,"This paper argues that choice modelling is a useful approach for all social sciences, while at the same time disciplines such as sociology and political science can contribute significantly to the future development of choice modelling. So far choice modelling has mainly been applied in disciplines that investigate types of consumption choices, be it marketing to investigate preferences for new products, transportation to analyse mode choices, or environmental economics to elicit preferences for public goods. However, using the information that can be gained from individual choices among mutually exclusive alternatives has gained increasing popularity in other disciplines as a powerful tool to test theoretical hypotheses and generate insights into individual behaviour. Examples are the acceptance of refugee shelters in peoples' neighbourhood, the choice of where to commit a crime or the evolution of social networks. A good point of departure for an expansion of choice modelling within the social sciences is the common foundation that many disciplines share that are gathered under the umbrella of social sciences. Research traditions and theoretical models include rational choice concepts, and choice modelling can be linked to crosscutting methods, including agent-based models, network analysis, and machine learning. At the same time, disciplines can complement each other in studying choice behaviour, as they can contribute concepts and tools less familiar to the other disciplines. Finally, all social science disciplines face challenges when it comes to issues such as causal analysis, heterogeneity in decision rules, joint decision making, or big data. Choice modelling and a cross-disciplinary dialogue can contribute to meeting these challenges.",Causal analysis; Context effects; Decision rules; Machine learning; Network analysis; Rational choice; Social sciences,ELSEVIER SCI LTD,wos-big data,15,Not Identified,[],"The abstract discusses choice modelling within social sciences and its applications across various disciplines, including marketing, but it does not specifically relate to marketing AI applications as defined in the categories. The content is more about theoretical frameworks and inter-disciplinary dialogue rather than specific marketing strategies or AI applications.",0%,0%,0%,0%,100%
What should I believe? Exploring information validity on social network platforms,"Asamoah, DA; Sharda, R",2021,10.1016/j.jbusres.2020.09.019,"Social network (SN) platforms have become ubiquitous in most countries. However, the reliability of the in-formation shared and the structural mechanisms that govern the discussions is constantly being questioned. There is a need for understanding the mechanism for information dissemination and developing decision aids that can help decipher information validity. Our context is the support provided within the mental health community where the diseases are typically chronic and the need for social and medical support is obvious. We employ an analytics approach in the context of social capital theory (SCT) to study the relationship between the structural makeup (i.e., influence) of a user and the characteristics of the knowledge disseminated on a microblogging platform. Different types of information provide various types of support to patients. This paper provides a foundational theoretical framework to create decision aids so that users can decide on relevant information for their needs.",Disease self-management; Social networks; Social capital; Data analytics; Marketing analytics; Knowledge management,ELSEVIER SCIENCE INC,wos-big data,10,Out of Scope,"['mental health', 'information dissemination', 'decision aids', 'social capital theory', 'microblogging platform', 'support', 'chronic diseases']","The abstract focuses on the analysis of information dissemination within the mental health community and the development of decision aids to assess information validity. While it discusses user influence and information characteristics, it does not pertain to marketing processes, automation, or customer interactions that would fall under the specified categories. Instead, it is centered on healthcare-related support systems, which is outside the marketing domain.",0%,0%,0%,100%,0%
Textual analysis as a method of identifying museum attributes perceived by tourists: An exploratory analysis of Thyssen-Bornemisza National Museum in Spain,"Orea-Giner, A; Guerrero, TV",2020,10.7200/esicm.167.0513.2,"Objective: The identification of museum attributes is essential when analysing the different factors that attract visitors and studying it in order to improve efficiency in museums, as this could affect the use of funds for developing a marketing campaign to attract visitors. This paper offers a literature review that considers museum visits and museum attributes before proposing a methodology. Methodology: The use of big data applied to tourism research is vital, as it allows for the consideration of the opinions of museum visitors. The case study in this paper is the Thyssen-Bornemisza National Museum in Madrid, Spain. The method for identifying the attributes consists of a textual analysis of TripAdvisor reviews written in English (2500) and Spanish (2500). The information is captured using WebHarvy and is analysed using Nvivo12. Results: After analysing the thousand words that were used most frequently, the main attributes were detected, as well as whether the perception of these attributes was positive or negative. The museum's location and the building itself were the most highly valued attributes. Other attributes that were valued positively were the peripheral services of the museum, such as its food and beverage services. Limitations: The main limitation is that TripAdvisor is not an entirely reliable source of information, so it will be necessary to obtain more reviews to analyse. Practical implications: The identification of attributes allows for improved decision making, as well as facilitating a better understanding of the museum's visitors' perceptions. Being aware of these aspects enables the modification of the museum's services through proposals for changes and improvements.",Cultural tourism; Textual analysis; Visitor experience; Attributes; Thyssen-Bornemisza National Museum,ESCUELA SUPERIOR GESTION COMERCIAL & MARKETING,wos-big data,4,Thinking AI,"['museum attributes', 'market analysis', 'visitor perceptions', 'textual analysis', 'opinion analysis']","The abstract focuses on analyzing visitor perceptions and identifying attributes that attract visitors to museums, specifically through the use of big data and textual analysis of reviews. This aligns closely with the goals of market analysis and targeting, as it evaluates competitive advantages based on visitor feedback and sentiment. The findings can inform marketing strategies aimed at improving visitor engagement and experience, which ties into the category of Thinking AI rather than Mechanical or Feeling AI.",10%,20%,70%,0%,0%
Big data in the Mexico City brand in the context of audience fragmentation,"Sánchez, LGC; Calderón, CIG; Contreras, TC; León, AAR",2020,10.14198/INTURI2020.20.06,"The article analyzes economic behavior throughout the world in response to the media effort of tourist destinations in dispersed markets. The Internet has influenced communication and boosted new technologies, which have advanced dramatically in the first three decades of the twenty-first century. This has had an impact on the various economic activities, among which tourism is particularly salient. Consequently, consumers no longer have a receptive role. They have become decision makers with respect to the media material that they consume in addition to having the opportunity of being information providers. Mexico City (CDMX), as a tourism segment, is no exception. It depends on the communication of public and private actors, who, while having certain methodologies and tools to access their audiences, interact with an audience that decides on what it receives and gives its opinion on the web. Therefore, the objective of the research is to assess the associated concepts, pages and organizations related to tourism in CDMX on the website aimed at both a domestic and international audience, designed by the government and private sector together with the input of the audience as an information provider. Likewise, the study seeks to determine the countries with the greatest interest in Mexico City as a tourist destination, since this can be highly important for directing the marketing strategies. The methodology used to explore the phenomenon takes a documentary and quantitative form, since in a first stage it includes the documentary analysis and subsequently makes the mathematical exploration through the use of network analysis (ARS) to assess the role of Big data and Smart Data in the CDMX brand before the fragmentation of audiences.",BIG DATA; Smart Data; City Brand; Mexico City (CDMX); audience fragmentation,UNIV ALICANTE,wos-big data,0,Thinking AI,"['economic behavior', 'media effort', 'tourist destinations', 'communication', 'decision makers', 'marketing strategies', 'network analysis', 'Big data', 'Smart Data']","The abstract discusses the assessment of concepts and organizations related to tourism in Mexico City (CDMX) and how communication efforts influence consumer decision-making. It emphasizes the use of marketing strategies based on the analysis of interest in CDMX as a tourist destination, which aligns with market analysis and targeting within the Thinking AI category. The mention of network analysis and data exploration further supports this classification.",10%,15%,70%,0%,5%
Marketing ecosystem: An outside-in view for sustainable advantage,"Zhang, JZ; Watson, GF",2020,10.1016/j.indmarman.2020.04.023,"In the modern business environment, consumers are increasingly influenced by megatrends involving marketplace, technology, socioeconomics, geopolitics, and natural environment. Simultaneously, the data and insights that can inform consumer attitudes and behaviors often reside outside of firms' direct control. Consciously incorporating these interdependent factors into firms' decision-making is essential for adaptability and sustainable profitability. Building on the outside-in perspective, we propose that firm strategies should be informed through the lens of the marketing ecosystem that considers the interrelated and dynamic megatrends. By leveraging advances in data and technology, firms can sense-make the marketplace by extracting insights from massive amounts of diverse consumer data with modern-day analytics. By mapping out the megatrends with marketing analytics, firms can 1) more accurately predict consumers' changing preferences and formulate appropriate strategies to engage with them; and 2) become more market-adaptable and competitive in the present and the future. To deliver sustainably compelling value to customers, firms should adopt an ecosystem mindset and cooperate with various stakeholders. A broad-thinking, agile, and humble firm culture can enable the development of more robust outside-in capabilities. We elaborate on the megatrends in the interconnected world of the marketing ecosystem, and propose emerging research directions in each area.",Outside-in marketing; Marketing strategy; Unstructured data; Consumer privacy; Socioeconomics; Sustainability,ELSEVIER SCIENCE INC,wos-big data,60,Thinking AI,"['megatrends', 'marketplace', 'data', 'analytics', 'consumer preferences', 'strategies', 'market-adaptable', 'competitive']","The abstract discusses how firms can leverage marketing analytics and insights from megatrends to better understand consumer behavior, predict changing preferences, and formulate appropriate strategies. This aligns well with the definitions and examples related to market analysis, targeting, and personalization, which are all under the Thinking AI category.",10%,20%,70%,0%,0%
Fostering B2B sales with customer big data analytics,"Hallikainen, H; Savimäki, E; Laukkanen, T",2020,10.1016/j.indmarman.2019.12.005,"This study focuses on the use of big data analytics in managing B2B customer relationships and examines the effects of big data analytics on customer relationship performance and sales growth using a multi-industry dataset from 417 B2B firms. The study also examines whether analytics culture within a firm moderates these effects. The study finds that the use of customer big data significantly fosters sales growth (i.e. monetary performance outcomes) and enhances the customer relationship performance (non-monetary performance outcomes). However, the latter effect is stronger for firms which have an analytics culture which supports marketing analytics, whereas the former effect remains unchanged regardless of the analytics culture. The study empirically confirms that customer big data analytics improves customer relationship performance and sales growth in B2B firms.",Big data analytics; Customer analytics; Marketing analytics; Firm performance; Customer relationship management; Big data-enhanced database marketing,ELSEVIER SCIENCE INC,wos-big data,105,Thinking AI,"['big data analytics', 'customer relationship performance', 'sales growth', 'analytics culture', 'monetary performance', 'non-monetary performance']","The abstract discusses the impact of big data analytics on customer relationship performance and sales growth, specifically in the context of B2B firms. This aligns closely with the Thinking AI category, which focuses on market analysis and strategic insights derived from analytics. The study emphasizes the role of analytics culture in moderating these effects, suggesting a strategic approach to leveraging data for competitive advantage, which is characteristic of the Thinking AI category. The mention of sales growth and performance outcomes further reinforces this classification.",0%,0%,100%,0%,0%
Applying big data to guide firms' future industrial marketing strategies,"Gnizy, I",2020,10.1108/JBIM-06-2019-0318,"Purpose While big data (BD), a transformative emerging phenomenon on its youth, plays a growing role in organizations in improving marketing decision-making, few academic works examine the mechanism through which BD can be applied to guide future competitive advantage strategies. The purpose of this paper is to examine if BD's predictive power helps business to business (B2B) firms selecting their intended generic (differentiation, focus, and cost leadership) strategies. Design/methodology/approach Drawing on the learning theory, the study proposes the use of BD as a key driver of intended strategies. Based on data from a cross-industry sample of executives, a conceptual model is tested using path and robustness analyses. Findings The use of BD plays a prominent role in the selection of intended future strategies in industrial markets. Additional tests demonstrate conditions of competitive intensity and strategic flexibility where BD is more and less beneficial. Originality/value The study reinforces the continued applicability of Porter's generic positioning strategies in the digital era. It addresses the paucity of research on BD in B2B context and is the first to provide theoretical and practical reflections on how BD utilization influences industrial intended strategies. The study strengthens contemporary managerial views defending that data drive strategies rather than the opposite.",Big data; Cost leadership strategy; Differentiation strategy; Focus strategy; Future strategy,EMERALD GROUP PUBLISHING LTD,wos-big data,14,Thinking AI,"['big data', 'predictive power', 'B2B firms', 'competitive advantage', 'strategic flexibility', 'market analysis', 'intended strategies']","The abstract discusses the role of big data in guiding strategic decision-making for B2B firms. It emphasizes the predictive power of big data in selecting future strategies, which aligns closely with market analysis and strategic targeting. The study reinforces the application of Porter's generic positioning strategies and highlights the use of data in determining competitive advantages, which are key characteristics of Thinking AI.",0%,0%,100%,0%,0%
Exploiting business networks in the age of social media: the use and integration of social media analytics in B2B marketing,"Wang, Y; Rod, M; Deng, Q; Ji, SB",2021,10.1108/JBIM-05-2019-0173,"Purpose Based on an organizational capability perspective, this paper aims to propose a development model for social media analytics (SMA) capability that can be applied to business-to-business (B2B) marketing, with the aim of facilitating the use and integration of SMA in B2B marketing and maximizing the benefits of business networks in the age of social media. Design/methodology/approach This is a critical interpretive synthesis of SMA publications collected from academic journals, business magazines and the SMA service industry. In addition, an inter-disciplinary approach was adopted by drawing upon both marketing and information systems literature. In total, 123 academic papers, 106 industry case studies and 141 magazine papers were identified and analyzed. The findings were synthesized and compiled to address the predefined research question. Findings An SMA capability development model is proposed. The proposed model consists of four inter-dependent levels (technological, operational, managed and strategic) that collectively transfer the technological capability of SMA to the dynamic organizational capability. Each level of SMA capability is detailed. SMA-in-B2B marketing is highlighted as a socio-technical phenomenon, in which a technological level SMA capability is emphasized as the foundation for developing organizational level SMA capabilities and organizational capabilities, in turn, supporting and managing SMA activities and practices (e.g. strategic planning, social and cultural changes, skills and resources, measurements and values). Originality/value This study may have implications for the adoption, use, integration and management of SMA in B2B marketing. The proposed model is grounded on the integrated insights from academia and industry. It is particularly relevant to B2B firms that have engaged in or plan to engage in applying SMA to extract insights from their online networks and is relevant to B2B researchers who are interested in SMA, big data and information technology organization integration studies.",Social media analytics; Business-to-business marketing; Social media; Literature review; B2B; Analytics; Capability,EMERALD GROUP PUBLISHING LTD,wos-big data,17,Thinking AI,"['social media analytics', 'organizational capability', 'B2B marketing', 'data integration', 'strategic planning', 'dynamic organizational capability']","The abstract discusses a development model for social media analytics (SMA) capability in B2B marketing, emphasizing the importance of integrating technology and organizational capabilities for better market analysis and strategic planning. It highlights the inter-dependent levels of SMA capabilities that aid in extracting insights from online networks, which aligns with the focus on market analysis and targeting found in Thinking AI. The emphasis on strategic planning and the use of integrated insights from academia and industry further supports this classification.",0%,0%,100%,0%,0%
Online dynamic group-buying community analysis based on high frequency time series simulation,"Zhu, Q; Zuo, RX; Liu, S; Zhang, F",2020,10.1007/s10660-019-09380-5,"Group-buying often fails even when there are satisfactory quantities as not enough consumers join in the required time, which can waste seller, purchaser, and platform operator time resources; therefore, the group buying features require further research. Over a 3 weeks period, around 700 million click-stream records from 1,061,770 users from a stable and continuous time series were allocated to groups of 5 min frequency, and a hybrid neural network model developed to simulate group-buying behavior in four experiments, from which it was found that adding to the cart and adding as a favorite were significant group-buying behavior features, and shopping depth was the main demographic feature, but age was not. Compared with previous ambiguous online consumer feature conclusions on gender, the results revealed that the commodity feature was the main determinant for gender feature significance. The college student feature was found to be a pseudo feature, and should connect with other fixed effects such as low income or education level. This paper is the first to construct an online dynamic group-buying community, which is a new type of social network and could provide a new perspective for social commerce research. A big data neural network-based method for examining group-buying community behavior over time is proposed that can offer novel insights to online vendors for the development of targeted marketing campaigns.",BiLSTM; Dynamic group-buying community; Social commerce; Time series,SPRINGER,wos-big data,4,Thinking AI,"['group-buying behavior', 'neural network model', 'targeted marketing campaigns', 'demographic feature', 'commodity feature']","The abstract discusses the development of a hybrid neural network model to simulate group-buying behavior and offers insights into consumer behavior for targeted marketing campaigns. This aligns with the focus of Thinking AI on market analysis and targeting, particularly in understanding what features are significant for group-buying behavior which can inform marketing strategies.",0%,20%,80%,0%,0%
Express analysis for prioritization: Best-Worst Scaling alteration to System 1,"Lipovetsky, S",2020,10.1080/23270012.2019.1702112,"The work considers modification of the Best-Worst Scaling (BWS) to the so-called System 1 (S1) approach. S1 was described by D. Kahneman as a spontaneous and automatic reaction by an unconscious way in which human decision-makers choose among multiple alternatives. Application of S1 can be seen as a simplified BWS for data eliciting and express analysis of prioritization between many compared items. In S1, a respondent picks the items with which she feels happy, and those can be one, several, all, or none items in a task. Estimation of utilities is performed by multinomial-logit modeling with different optimization criteria which produce parameters of the models and choice probabilities of the items. Numerical examples by marketing research data are encouraging and demonstrating that spontaneous choice decisions can make S1 approach very fast, efficient, and convenient for express analysis of items prioritization, especially for big data.",System 1; BWS; max diff; MNL utility; choice probability; prioritization,"ROUTLEDGE JOURNALS, TAYLOR & FRANCIS LTD",wos-big data,7,Thinking AI,"['Best-Worst Scaling', 'System 1', 'decision-makers', 'prioritization', 'data eliciting', 'utilities', 'multinomial-logit modeling', 'marketing research', 'data analysis']","The abstract discusses a modification of the Best-Worst Scaling method through the System 1 approach, focusing on decision-making processes and prioritization among multiple alternatives. This aligns closely with market analysis and targeting aspects of Thinking AI, as it emphasizes the analysis of consumer choices and preferences in a marketing context. The mention of multinomial-logit modeling and the application of the method to marketing research data further supports the classification under Thinking AI.",0%,0%,100%,0%,0%
Data as Competitive Weapon in the Era of Digital Globalization: An Empirical Inquiry on Marketing Analytics Using Multivariate Analysis,"Baqai, S; Qureshi, JA",2020,10.25115/eea.v38i3.3368,"In the wake of globalization, rapid advancements took place in every field. Data science and big data emerged as utmost prominent realms and in this nexus, marketing analytics outgrew as a robust discipline. The main purpose of this paper is to investigate how data is used as a competitive weapon, in the age of digital globalization, by marketers and if there is any direct relationship between marketing analytics (its measurement, IT infrastructure and barriers to deploy marketing analytics) and sales performance, and then keeping absorptive capacity and top management team advocacy as mediating variables, it is tested that whether they influence such direct relationship. This is a quantitative research; the questionnaire was being administered to 300 respondents (managers with some marketing managers, directors and chief executives). It avails Structural Equation Modeling (SEM) based multivariate analysis. The result records that there is a positively significant impact of measurement of marketing analytics and IT infrastructure on sales performance and in presence of the mediating variables, absorptive capacity and top management team advocacy, the impact of marketing analytics relatively increases on sales performance. However, barriers to deploy marketing analytics appeared insignificant. This research furnishes insights to marketers and e-marketers to improve sales performance and profitability; for properly applying marketing analytics, practitioners need to have proper IT infrastructure with absorptive capacity and top management team advocacy or support. Moreover, they need skillful employees who know how to acquire, extract, disseminate and utilize data in organizations for effective (strategic or operational) decision making.",Digital globalization; Marketing analytics; IT infrastructure; Barriers to deploy marketing analytics; Absorptive capacity; Top management team advocacy; Sales performance,ASOC ECONOMIA APLICADAD,wos-big data,1,Thinking AI,"['data', 'marketing analytics', 'sales performance', 'competitive weapon', 'measurement', 'IT infrastructure', 'absorptive capacity', 'top management team advocacy']","The abstract discusses how data and marketing analytics are used to enhance sales performance, emphasizing market analysis, the measurement of marketing analytics, and IT infrastructure. These aspects align with the 'Thinking AI' category, which focuses on market analysis and the identification of competitive advantages. The mention of direct relationships between marketing analytics and sales performance further supports this classification.",0%,0%,100%,0%,0%
Consumer reactions to price discounts across online shopping experiences,"Sheehan, D; Hardesty, DM; Ziegler, AH; Chen, HP",2019,10.1016/j.jretconser.2019.06.001,"Consumers generally encounter a multitude of price discounts during a single visit to a retailers' website, yet past research has predominantly examined price discounts in a singular manner. We examine how the influence of a price discount's magnitude on consumer purchase intentions evolves during an online shopping trip. In doing so, we demonstrate that a price discount's magnitude is less predictive of consumers' purchase intentions earlier, but it becomes more predictive later, during an online shopping trip. Thus, placing shallow price discounts early in a shopping visit may enhance the effectiveness of a firm's portfolio of price discounts.",Price discounts; Reference points; Latitude of acceptance; In-store decision-making; Shopper marketing,ELSEVIER SCI LTD,wos-big data,44,Thinking AI,"['price discount', 'purchase intentions', 'online shopping', 'magnitude', 'consumer behavior']","The abstract discusses how the magnitude of price discounts influences consumer purchase intentions during an online shopping trip. This aligns with market analysis, as it examines consumer behavior and the effects of pricing strategies over time. The findings suggest a strategic approach to discount placement that can enhance marketing effectiveness, which is characteristic of the Thinking AI category focused on market analysis and targeting.",0%,0%,100%,0%,0%
Making sense of consumers' tweets Sentiment outcomes for fast fashion retailers through Big Data analytics,"Pantano, E; Giglio, S; Dennis, C",2019,10.1108/IJRDM-07-2018-0127,"Purpose Consumers online interactions, posts, rating and ranking, reviews of products/attractions/restaurants and so on lead to a massive amount of data that marketers might access to improve the decision-making process, by impacting the competitive and marketing intelligence. The purpose of this paper is to develop understanding of consumers online-generated contents in terms of positive or negative comments to increase marketing intelligence. Design/methodology/approach The research focuses on the collection of 9,652 tweets referring to three fast fashion retailers of different sizes operating in the UK market, which have been shared among consumers and between consumer and firm, and subsequently evaluated through a sentiment analysis based on machine learning. Findings Findings provide the comparison and contrast of consumers' response toward the different retailers, while providing useful guidelines to systematically making sense of consumers' tweets and enhancing marketing intelligence. Practical implications - The research provides an effective and systemic approach to accessing the rich data set on consumers' experiences based the massive number of contents that consumers generate and share online and investigating this massive amount of data to achieve insights able to impact on retailers' marketing intelligence. Originality/value To best of the authors' knowledge, while other authors tried to identify the effect of positive or negative online comments/posts/reviews, the present study is the first one to show how to systematically detect the positive or negative sentiments of shared tweets for improving the marketing intelligence of fast fashion retailers.",Online consumer behaviour; Fast fashion; Big Data analytics; Consumer-generated contents; E-word of mouth communication; User-generated contents (UGC),EMERALD GROUP PUBLISHING LTD,wos-big data,41,Thinking AI,"['sentiment analysis', 'consumer understanding', 'marketing intelligence', 'positive comments', 'negative comments']","The abstract emphasizes the use of sentiment analysis to evaluate consumer comments and improve marketing intelligence, which aligns with the focus on market analysis and understanding consumer behavior in the Thinking AI category. The study systematically detects sentiments from tweets to derive insights that can enhance competitive advantages for retailers, indicating strategic analysis and targeting.",20%,10%,70%,0%,0%
Identifying the next non-stop flying market with a big data approach,"Park, SY; Pan, B",2018,10.1016/j.tourman.2017.12.008,"Destination Marketing Organizations (DMOs) strive to increase visitor volume through targeting potential markets and eliminating barriers to travel, such as opening non-stop flight routes. This study develops a comprehensive model to identify the next direct flight route for a destination by deploying buying funnel theory and gravity model. In addition to the geographical and economic characteristics of each market of origination, web traffic at the destination's Convention and Visitors Bureau (CVB) website a proxy for the market's interest in the destination is used to determine the markets that would exhibit the most potential to generate visitors if a non-stop flight route was opened. The model estimates each market's potential, using multiple gravity models, and compares it to the market's interest in the destination based on buying funnel theory. The present study then empirically tests the model using the actual data of Charleston, South Carolina, where five potential cities were identified. (C) 2017 Elsevier Ltd. All rights reserved.",Gravity model; Buying funnel theory; Direct flight; Big data; Web traffic; Mobile data,ELSEVIER SCI LTD,wos-big data,17,Thinking AI,"['market analysis', 'targeting', 'buying funnel theory', 'gravity model', 'web traffic', 'visitor volume']","The abstract discusses a model developed for Destination Marketing Organizations to identify potential markets for direct flight routes based on market analysis, including geographical and economic characteristics, and web traffic as indicators of interest. This aligns with the market analysis and targeting focus of Thinking AI, which involves the use of marketing analytics to identify opportunities and recommend best targets.",0%,0%,100%,0%,0%
Game theoretic approach of a novel decision policy for customers based on big data,"Liu, SS; Shao, BJ; Gao, Y; Hu, S; Li, Y; Zhou, WG",2018,10.1007/s10660-017-9259-6,"In recent days, big data based analysis in hotel industry become popular. Merchants are attracting clients using the accurate analysis of historic data and predicting the behavior of possible clients to perform proper marketing strategy. To study the principle of the game between clients and merchants, in this work, we propose a novel two-stage game theoretic approach of decision policy for clients when choosing the suitable hotel to stay among many candidates, the merchants will provide a non-cooperative game strategy to attract the attention of potential clients. Analysis of the non-cooperative game method based on big data has been given. Simulation results indicate that, by using our proposed novel method, the average price for clients to choose a satisfied hotel is reduced and the successful rate of stay is increased for merchants, which will bring the expected income to a higher level because of the sticky phenomena of users.",Game theory; Big data; Accurate prediction; Non-cooperative game; Decision policy,SPRINGER,wos-big data,7,Thinking AI,"['big data', 'market analysis', 'predicting behavior', 'non-cooperative game', 'decision policy', 'successful rate', 'expected income']","The abstract discusses the application of big data analytics in the hotel industry to understand customer behavior and develop marketing strategies. It focuses on market analysis through a game theoretic approach and emphasizes the prediction of client behavior and the successful engagement of clients by merchants. This aligns closely with the definition of 'Thinking AI', which focuses on market analysis and targeting.",0%,0%,100%,0%,0%
How market orientation contributes to innovation and market performance: the roles of business analytics and flexible IT infrastructure,"Ashrafi, A; Ravasan, AZ",2018,10.1108/JBIM-05-2017-0109,"Purpose Market orientation (MO) (intelligence generation, intelligence dissemination and responsiveness) is known as one of the key concepts in marketing literature. Although prior research has widely focused on the meaning and application of MO, few attempts have been made to explore how market-oriented firms lead to innovation and market performance and what factors actually moderate this relationship. To fill this gap, the present study aims to explore the relationship between MO, innovation and market performance. This study also attempts to examine the intervening role of IT infrastructure, business analytics (BA) capabilities and market turbulence in the proposed model. Design/methodology/approach In this study, a questionnaire-based survey was undertaken to test the proposed hypotheses. To verify the proposed theoretical model, partial least squares (PLS)/structured equation modeling (SEM) was performed with 114 valid survey data. Findings Despite prior studies which postulated innovation performance as the final outcome of MO (Han et al., 1998; Song et al., 2015), this study focused on innovation performance as a mediating outcome which finally leads to market performance. The statistical results approve the putative relationship which means managers would be able to realize the paramount role of innovation as an integral part of achieving higher market performance. In addition, no support was found for the relationship between intelligence generation and responsiveness. This finding shows that not all obtained information can help managers in the decision-making process. Originality/value This study aims to enrich literature by developing a conceptual model to test the link between MO, innovation and market performance. The value of this study is to investigate the roles of flexible IT infrastructure, BA capabilities and market turbulence as the potential moderators in the proposed model. The results advance the understanding of the influence of BA capabilities on the link between intelligence dissemination and responsiveness. Findings also show innovation performance as remarkable and deemed valuable capability, leading to higher performance in marketing-related activities, particularly in highly turbulent markets.",Market orientation; Responsiveness; Business analytics capability; Flexible IT infrastructure; Intelligence dissemination; Intelligence generation,EMERALD GROUP PUBLISHING LTD,wos-big data,54,Thinking AI,"['market orientation', 'innovation', 'market performance', 'IT infrastructure', 'business analytics', 'market turbulence']","The abstract discusses the relationship between market orientation, innovation, and market performance, focusing on analytical aspects such as the role of IT infrastructure and business analytics capabilities. It emphasizes the importance of innovation performance as a mediating factor leading to market performance, which aligns with strategic analysis in marketing. Therefore, it fits primarily into the Thinking AI category.",0%,0%,100%,0%,0%
Governing social media: the emergence of hybridised boundary objects,"Arnaboldi, M; Azzone, G; Sidorova, Y",2017,10.1108/AAAJ-07-2015-2132,"Purpose - The purpose of this paper is to explore the processes whereby organisational actors can seize the opportunities opened up through social media, and the way in which the relative information is managed. This allows these actors to move their occupational boundaries, exploiting the information for performance measurement purposes. The investigation was carried out within an organisational setting, where most occupational dynamics take place. The focus was on the role of artefacts within these occupational dynamics and the analysis drew upon the notion of boundary objects. Design/methodology/approach - The research was based on case studies involving two organisations that make use of social media within and across several departments. The authors conducted semi-structured interviews with social media managers, department managers, analysts and financial controllers and senior executives. The results of the qualitative analysis of the interviews were completed with secondary sources of information, company reports, communications, public policies, codes of conduct and social media platform analyses. Findings - This paper has implications for accounting studies, showing how marketing and communications managers entering the field of performance management can take the lead in social media management by collecting information from social media, constructing indicators and gaining ground in several decision-making centres. The findings highlight the role of new artefacts and organisational roles, whose purpose is to build a digital community. This process involves crossing the boundaries between internal functions and the inside and outside environment, with a driving phenomenon becoming visible: hybridisation. Faced with this change, reluctant accountants with a traditional mindset are more likely to observe the process at a distance, focusing more on their routine operations based on conventional data. Originality/value - This paper shows that information derived from social media is already a reality that has gained significance through the construction of boundary objects. The paper highlights a driving phenomenon that is emerging in the surge to occupy the organisational terrain for controlling social media: that of hybridisation. The concept of hybridisation is not new in management accounting studies, but in this study can be applied to carrying out a joint analysis on both the boundary objects and their organisational trajectory. In the context of social media accounting, hybridisation is of central importance if both actors and objects are to be effectively positioned at its boundary.",Occupation; Social media; Performance management; Management accounting; Boundary objects; Hybridization,EMERALD GROUP PUBLISHING LTD,wos-big data,44,Thinking AI,"['social media', 'performance measurement', 'information management', 'boundary objects', 'hybridisation', 'decision-making', 'market analysis']","The abstract explores how organisational actors utilize information from social media for performance measurement and decision-making, which aligns with the focus on market analysis and targeting within Thinking AI. It discusses the roles of new artefacts and organisational dynamics, emphasizing the strategic analysis of information gathered from social media to improve performance and decision-making processes.",0%,5%,95%,0%,0%
Gaming for respondents A test of the impact of gamification on completion rates,"Warnock, S; Gantz, JS",2017,10.2501/IJMR-2017-005,"This paper examines the challenge for marketing research companies in overcoming consumers' reluctance to participate in surveys in order to provide decision makers with quality data. On the one hand, clients are increasingly demanding more data; these clients are interested in employing and refining many of the trends in business analytics Big Data, data-driven customer relationship management, more sophisticated customer segmentation or simply monitoring customer satisfaction. In order to do this, the clients are demanding more data, more often. On the other hand, marketing research companies are finding it increasingly difficult to get respondents to participate in quantitative studies. The cost of reaching respondents, getting them to begin a survey and, more importantly, complete the survey with thoughtful and honest answers, is decreasing the profit margin for many marketing research companies. How can marketing research companies deal with this difficult dilemma?",,MARKET RESEARCH SOC,wos-big data,6,Not Identified,[],"The abstract discusses the challenges faced by marketing research companies in obtaining quality data from respondents for surveys. It highlights issues related to consumer reluctance and the demand for more data but does not provide clear connections to the defined categories of Mechanical AI, Thinking AI, or Feeling AI. The focus is more on operational challenges rather than specific AI applications or strategies.",0%,0%,0%,0%,100%
How to Use Big Data to Drive Your Supply Chain,"Sanders, NR",2016,10.1525/cmr.2016.58.3.26,"Big data analytics has become an imperative for business leaders across every industry sector. Analytics applications that can deliver a competitive advantage appear all along the supply chain decision spectrum-from targeted location-based marketing to optimizing supply chain inventories to enabling supplier risk assessment. While many companies have used it to extract new insights and create new forms of value, other companies have yet to leverage big data to transform their supply chain operations. This article examines how leading companies use big data analytics to drive their supply chains and offers a framework for implementation based on lessons learned.",Decision Making; Supply Chain; Technology,SAGE PUBLICATIONS INC,wos-big data,147,Thinking AI,"['big data analytics', 'competitive advantage', 'supply chain', 'insights', 'value creation']","The abstract discusses how businesses leverage big data analytics to gain competitive advantages along the supply chain, which aligns closely with the focus of 'Thinking AI' on market analysis and strategic decision-making. The mention of 'optimizing supply chain inventories' and 'enabling supplier risk assessment' indicates a strategic approach to analyzing market and operational data. The framework for implementation based on lessons learned further emphasizes strategic analysis, making it fit well within the 'Thinking AI' category.",0%,0%,100%,0%,0%
Digital loyalty card big data' and small business marketing: Formal versus informal or complementary?,"Donnelly, C; Simmons, G; Armstrong, G; Fearne, A",2015,10.1177/0266242613502691,"This article proposes that a complementary relationship exists between the formalised nature of digital loyalty card data, and the informal nature of small business market orientation. A longitudinal, case-based research approach analysed this relationship in small firms given access to Tesco Clubcard data. The findings reveal a new-found structure and precision in small firm marketing planning from data exposure; this complemented rather than conflicted with an intuitive feel for markets. In addition, small firm owners were encouraged to include employees in marketing planning.",big data; digital marketing; market orientation; marketing strategy; small business marketing,SAGE PUBLICATIONS LTD,wos-big data,33,Thinking AI,"['digital loyalty card data', 'small business market orientation', 'marketing planning', 'data exposure', 'structure', 'precision']","The abstract discusses the impact of formalized digital loyalty card data on the marketing planning of small businesses. It highlights how access to structured data enhances market analysis and planning processes, which aligns with the focus on market analysis and targeting within the Thinking AI category. The findings indicate a structured approach to marketing planning based on data, which resonates with the application examples provided.",0%,20%,80%,0%,0%
Big data and talent management: Using hard data to make the soft stuff easy,"Russell, C; Bennett, N",2015,10.1016/j.bushor.2014.08.001,"Our increasing capacity to collect, store, and analyze large volumes of data has changed the way in which organizational decision makers approach their work. The ability to accurately quantify variables that previously had been assigned to the gut instinct of grizzled veterans or subject to the wisdom of sages for interpretation can now be more objectively understood. The implications for organizational performance are clear: better data and better decisions yield better performance. In many functions, like marketing, this capability has resulted in a true revolution in how companies come to understand and most profitably serve customers. Other areas, such as talent management, have lagged behind in this regard. This is largely due to the fact that many of the relevant variables (e.g., personality) are difficult to measure. It is also because the relationship between these variables and organizational performance is not entirely understood. Recent developments regarding how we understand and then link individual characteristics and performance are enabling a data revolution in the area of talent management. Herein, we offer three examples that illustrate how data can now be used to improve talent management decisions and, ultimately, organizational performance. (C) 2014 Kelley School of Business, Indiana University. Published by Elsevier Inc. All rights reserved.",Talent management; Assessment; Team effectiveness; Organizational performance,ELSEVIER SCIENCE BV,wos-big data,26,Thinking AI,"['data', 'organizational performance', 'talent management', 'decision making', 'marketing analytics']","The abstract discusses how the ability to collect and analyze data has transformed decision-making processes within organizations, particularly in marketing. It emphasizes the importance of data-driven insights for improving organizational performance and understanding customer needs, which aligns with the focus on market analysis and targeting in the Thinking AI category.",0%,0%,100%,0%,0%
When 'significant' is not significant,"Kennedy, R; Scriven, J; Nenycz-Thiel, M",2014,10.2501/IJMR-2014-041,"Big data is here for some and coming for many. It promises access to new knowledge along with some challenges, but let's not forget the important lessons of the past to ensure that we are advancing knowledge and making the right decisions from the data we have. In this paper, we submit that marketing's emphasis on statistical significance is misplaced, especially in the new world of big data. We include case examples to demonstrate how statistical significance is easy to find, but not necessarily important. We will also discuss the alternative route for generating robust knowledge. Specifically, we espouse the tradition pioneered by Andrew Ehrenberg of Many Sets of Data (MSoD) and descriptive models as the way to advance marketing science, and as a solid foundation for data interpretation in market research studies. We offer insights for market research practitioners and marketers alike, to ensure they are getting the best from their data for robust marketing decision-making.",,SAGE PUBLICATIONS LTD,wos-big data,22,Thinking AI,"['big data', 'statistical significance', 'market research', 'data interpretation', 'robust knowledge', 'descriptive models']","The abstract emphasizes the importance of generating robust knowledge from data and critiques the traditional emphasis on statistical significance in marketing. It suggests using descriptive models and insights for market research, which aligns with the focus on market analysis and targeting strategies within the Thinking AI category. The discussion of alternative methods for data interpretation further reinforces its alignment with strategic analysis.",0%,0%,100%,0%,0%
The Impact of Default Options on Tourist Intention Post Tourism Chatbot Failure: The Role of Service Recovery and Emoticon,"Wang, LL; Xiao, JY; Luo, ZY; Guo, YH; Xu, XA",2024,10.1016/j.tmp.2024.101299,"Chatbot service failures are inevitable in tourism and hospitality, how chatbot service recovery retains tourists is an issue that cannot be ignored. The nudging effect of default options on consumers' behavior has been demonstrated in marketing. Whether default options can be as a powerful tool for service failure recovery is underexplored. Thus, this study aims to explore whether the default option can improve tourists' willingness to continue using the chatbot after service failure. Hypotheses were tested using three experiments, results showed that the opt-out default option can increase higher tourists' continuous use intention by decreasing tourists' affective effort. This effect is moderated by service recovery and emoticon. Specifically, opt-out default option is more effective to improve continuous usage intention when using informational help and pleading emoticon. These findings enriched theories on chatbot service failure and recovery and provide insight for default options using in chatbot under tourism and hospitality industry.",Chatbot; Service failure; Default option; Affective effort; Service recovery; Emoticon,ELSEVIER,wos-chatbot,0,Feeling AI,"['chatbot', 'service recovery', 'tourists', 'emotional effort', 'emoticon', 'continuous usage intention']","The abstract focuses on how chatbot service recovery can influence tourists' emotional responses and willingness to continue using the service after failures. It discusses the role of emotional factors, such as affective effort and the use of emoticons in enhancing customer experience and engagement. This aligns closely with the 'Feeling AI' category, which emphasizes customer understanding and meeting emotional needs.",70%,10%,15%,0%,5%
Determinants of intention to use ChatGPT for obtaining shopping information,"Iranmanesh, M; Senali, MG; Ghobakhloo, M; Foroughi, B; Yadegaridehkordi, E; Annamalai, N",2024,10.1080/10696679.2024.2380719,"Drawing on the Technology Acceptance Model (TAM) and Elaboration Likelihood Model, this study explored the determinants of intention to use ChatGPT to obtain shopping information. We extended TAM by incorporating perceived enjoyment. Data were collected from 412 Malaysians and analyzed using the Partial Least Squares approach. Findings confirmed the significance of TAM and perceived enjoyment, revealing that information accuracy, completeness, and diagnosticity greatly influence perceived usefulness. These results enhance the understanding of ChatGPT's use in shopping information gathering, extend TAM, and highlight how informational cues impact perceived usefulness, guiding developers and marketers to encourage customer use of text generators. This is the first study investigating determinants of intention to use ChatGPT to obtain shopping information. The study integrated the Technology Acceptance Model (TAM) and the Elaboration Likelihood Model (ELM) and extended TAM by incorporating perceived enjoyment. The results provide valuable guidance to developers of text generators and marketing managers on motivating customers to use text generators to gather information about shopping.",,"ROUTLEDGE JOURNALS, TAYLOR & FRANCIS LTD",wos-chatbot,6,Thinking AI,"['Technology Acceptance Model', 'perceived enjoyment', 'information accuracy', 'perceived usefulness', 'shopping information', 'determinants', 'customer use', 'text generators']","The abstract discusses the application of the Technology Acceptance Model (TAM) and the Elaboration Likelihood Model (ELM) to understand the factors influencing the intention to use ChatGPT for shopping information. This aligns with the Thinking AI category, which focuses on market analysis and understanding customer behavior. The study provides insights that can guide developers and marketers in encouraging customer use of text generators, indicating a strategic analysis of customer preferences. The emphasis on perceived usefulness and enjoyment also ties into personalizing the experience for users.",10%,0%,90%,0%,0%
Does a chatbot's location influence consumer attitude and intentions?,"Roozen, I; Raedts, M; Waetermans, G",2024,10.1504/IJIMA.2024.139294,"Chatbots engage in real-time conversations with customers. Moreover, they can collect data in a digital landscape that is increasingly sensitive to privacy. The objective of this study was to help strategic marketing decision-makers better understand how and where chatbots can be used effectively to gather consumer data. We analyse whether consumers' privacy concerns influence their adoption. Furthermore, we invest if privacy concerns, and subsequently information disclosure, are significantly influenced by the chatbot's location. In an experimental study (N = 398) we compared the (in)direct effects of the same chatbot in two different locations: Facebook and its own retailer's website. Our results show that interacting with a chatbot on Facebook led to significantly lower attitudes towards chatbots and lower intentions to use chatbots. Both relationships are sequentially mediated via higher privacy concerns and less comfort with information disclosure. Companies therefore need to consider where to deploy their chatbots.",chatbot; privacy concerns; information disclosure; Facebook; Facebook messenger; retailer website; adoption behaviour; consumer-firm interaction,INDERSCIENCE ENTERPRISES LTD,wos-chatbot,0,Mechanical AI,"['chatbots', 'data collection', 'privacy concerns', 'information disclosure', 'consumer data']","The abstract discusses how chatbots are used to engage with customers and collect consumer data while considering privacy concerns. The focus on data collection aligns with the Mechanical AI category. The study also examines the impact of chatbot location on privacy concerns and information disclosure, which relates to automating processes of gathering data. The keywords highlight the aspects of data collection and automated customer interactions.",20%,60%,20%,0%,0%
Decision trees do not lie: Curiosities in preferences of Croatian online consumers,"Filipas, AM; Vretenar, N; Prudky, I",2023,10.18045/zbefri.2023.1.157,"Understanding consumers' preferences has always been important for economic theory and for business practitioners in operations management, supply chain management, marketing, etc. While preferences are often considered stable in simplified theoretical modelling, this is not the case in real-world decision-making. Therefore, it is crucial to understand consumers' preferences when a market disruption occurs. This research aims to recognise consumers' preferences with respect to online shopping after the COVID-19 outbreak hit markets. To this purpose, we conducted an empirical study among Croatian consumers with prior experience in online shopping using an online questionnaire. The questionnaire was completed by 350 respondents who met the criteria. We selected decision-tree models using the J48 algorithm to determine the influences of the found shopping factors and demographic characteristics on a consumer's preference indicator. The main components of our indicators that influence consumer behaviour are the stimulators and destimulators of online shopping and the importance of social incidence. Our results show significant differences between men and women, with men tending to use fewer variables to make decisions. In addition, the analysis revealed that four product groups and a range of shopping mode-specific influencing factors are required to evaluate consumers' purchase points when constructing the consumers' preference indicator.",decision-making; consumers' preferences; data mining; decision trees; shopping behaviour indicators,"UNIV RIJEKA, FAC ECOMOMICS",wos-data mining,1,Feeling AI,"['consumer preferences', 'emotional data', 'consumer behaviour', 'social incidence']","The abstract emphasizes the need to understand consumers' preferences, particularly in the context of online shopping after the COVID-19 outbreak. It highlights the importance of recognizing the emotional and social factors that influence consumer behavior, which aligns closely with the focus of Feeling AI on customer understanding and relationalization. The study's findings on gender differences in decision-making also relate to understanding emotional needs. Therefore, it primarily falls under Feeling AI.",70%,15%,10%,0%,5%
Risk factors selection with data mining methods for insurance premium ratemaking,"Omerasevic, A; Selimovic, J",2020,10.18045/zbefri.2020.2.667,"Insurance companies that have adopted the application of data mining methods in their business have become more competitive in the insurance market. Data mining methods provides the insurance industry with numerous advantages: shorter data processing times, more sophisticated methods for more accurate data analysis, better decision-making, etc. Insurance companies use data mining methods for various purposes, from marketing campaigns to fraud prevention. The process of insurance premium pricing was one of the first applications of data mining methods in insurance industry. The application of the data mining method in this paper aims to improve the results in the process of non-life insurance premium ratemaking. The improvement is reflected in the choice of predictors or risk factors that have an impact on insurance premium rates. The following data mining methods for the selection of prediction variables were investigated: Forward Stepwise, Decision trees and Neural networks. Generalized linear models (GLM) were used for premium ratemaking, as the main statistical model for non-life insurance premium pricing today in most developed insurance markets in the world.",GLM; data mining methods; forward stepwise; decision trees; neural networks,"UNIV RIJEKA, FAC ECOMOMICS",wos-data mining,1,Out of Scope,"['data mining', 'insurance premium pricing', 'risk factors', 'predictors', 'premium ratemaking']","The abstract discusses the application of data mining methods in the insurance industry, specifically focusing on non-life insurance premium pricing and the selection of risk factors. This content is primarily related to financial services rather than marketing, and it does not align with the definitions of Mechanical AI, Thinking AI, or Feeling AI, which are focused on marketing applications. Therefore, it is classified as Out of Scope.",0%,0%,0%,100%,0%
Predicting direct marketing response in banking: comparison of class imbalance methods,"Miguéis, VL; Camanho, AS; Borges, J",2017,10.1007/s11628-016-0332-3,"Customers' response is an important topic in direct marketing. This study proposes a data mining response model supported by random forests to support the definition of target customers for banking campaigns. Class imbalance is a typical problem in telemarketing that can affect the performance of the data mining techniques. This study also contributes to the literature by exploring the use of class imbalance methods in the banking context. The performance of an undersampling method (the EasyEnsemble algorithm) is compared with that of an oversampling method (the Synthetic Minority Oversampling Technique) in order to determine the most appropriate specification. The importance of the attribute features included in the response model is also explored. In particular, discriminative performance was enhanced by the inclusion of demographic information, contact details and socio-economic features. Random forests, supported by an undersampling algorithm, presented very high prediction performance, outperforming the other techniques explored.",Direct marketing; Response modelling; Customer targeting; Random forests; Class imbalance,SPRINGER HEIDELBERG,wos-data mining,30,Thinking AI,"['data mining', 'target customers', 'class imbalance', 'demographic information', 'prediction performance']","The abstract emphasizes the use of a data mining response model and the application of various algorithms to enhance targeting and predict customer responses in banking campaigns. This aligns closely with the 'Thinking AI' category, which focuses on market analysis, targeting, and using analytics to recommend the best targets for marketing efforts. The exploration of class imbalance and the importance of demographic features further supports the strategic analysis aspect.",0%,0%,100%,0%,0%
Textual factors in online product reviews: a foundation for a more influential approach to opinion mining,"Robinson, R; Goh, TT; Zhang, R",2012,10.1007/s10660-012-9095-7,"While data mining is well established in practice, opinion mining is still in its infancy, with issues in particular around the development of methodologies which effectively extract accurate, reliable, influential and useful information from the raw opinion data collected from informal product reviews. Current approaches adopt a single-variable approach, focusing on individual metrics-word length, the presence of keywords, or the overall semantic orientation of terms within the data-while neglecting to evaluate whether these individual artifacts are indicative of the tone of a given review. This approach has significant limitations when we move from trying to merely evaluate whether an online opinion is positive or negative, to trying to evaluate how likely it is that the opinion will influence others. Given this issue, one promising avenue would be to evaluate the general analysis approaches utilized by opinion mining algorithms and identified in the literature in terms of how accurately they reflect how people actually interpret and are influenced by electronic online reviews. Through interviewing and a follow up survey of 136 participants, the validity of the approach in terms of ascertaining the tone of a piece of text can be evaluated, as well as the identification of measurable factors within text which make a given opinionated text more or less influential in an online context, further facilitating the development of more effective multivariate opinion mining approaches. Furthermore, the identification of factors which make an online opinion text more or less persuasive helps to facilitate the development of opinion mining approaches which can evaluate how likely a review is to affect an individual's decision making.",Electronic word of mouth communication (eWOM); Online product review; Opinion mining; Consumer decision making,SPRINGER,wos-data mining,32,Feeling AI,"['opinion mining', 'influential', 'persuasive', 'tone', 'text', 'customer understanding', 'emotional data']","The abstract discusses methodologies for opinion mining, focusing on how opinions can influence potential customers' decisions. It emphasizes understanding the tone and persuasive factors in online reviews, aligning closely with the 'Feeling AI' category, which centers on customer understanding and emotional data. The goal is to develop techniques that can gauge how likely a review will affect decision-making, indicating a strong connection to customer emotional preferences.",60%,10%,20%,5%,5%
