Title,Authors,Year,DOI,Abstract,Keywords,Publisher,Source,Cited,classification,keywords,rationale,Feeling AI,Mechanical AI,Thinking AI,Out of Scope,Not Identified
More than words can say: a multimodal approach to understanding meaning and sentiment in social media,Mehmet M.I.; D’Alessandro S.,2022,10.1080/0267257X.2022.2105933,"The authors develop a multimodal social listening analysis (MSLA) approach as a framework for managers to understand how meaning is constructed in social media posts using both text and other media. The research adds to AI and text analysis approaches by considering the whole meaning of a post rather than an analysis of subsets of information in text and other media. The use of MSLA is validated across the social media platforms of Facebook, Twitter and Instagram. The findings show that MSLA helps (i) reveal structures in what appear to be unstructured multimodal posts; (ii) identify all the sentiment items in a post; (iii) identify implicit meanings, such as irony, humour and sarcasm; and (iv) further identify emotions and judgements in multimodal communication. Importantly, this paper explains how decisions and opinions are made online and how marketing strategies can be tailored towards meanings derived from multimodal communication in social media. © 2022 Westburn Publishers Ltd.",consumer sentiment; inter-coder reliability; Multimodal social listening; qualitative research; social media; social networking,Routledge,scopus-ai,2,Feeling AI,"['multimodal', 'sentiment', 'implicit meanings', 'emotions', 'judgements', 'social media', 'customer understanding']","The abstract discusses a multimodal social listening analysis (MSLA) framework that focuses on understanding the meanings constructed in social media posts, which aligns with the customer understanding aspect of Feeling AI. The research emphasizes identifying sentiment items and implicit meanings such as irony and humour, which directly relates to understanding emotional data and customer needs. The findings also suggest tailoring marketing strategies based on emotional insights derived from multimodal communication, further aligning with the goals of Feeling AI.",70%,20%,10%,0%,0%
Consumer decisions with artificially intelligent voice assistants,Dellaert B.G.C.; Shu S.B.; Arentze T.A.; Baker T.; Diehl K.; Donkers B.; Fast N.J.; Häubl G.; Johnson H.; Karmarkar U.R.; Oppewal H.; Schmitt B.H.; Schroeder J.; Spiller S.A.; Steffel M.,2020,10.1007/s11002-020-09537-5,"Consumers are widely adopting Artificially Intelligent Voice Assistants (AIVAs). AIVAs now handle many different everyday tasks and are also increasingly assisting consumers with purchasing decisions, making AIVAs a rich topic for marketing researchers. We develop a series of propositions regarding how consumer decision-making processes may change when moved from traditional online purchase environments to AI-powered voice-based dialogs, in the hopes of encouraging further academic thinking and research in this rapidly developing, high impact area of consumer-firm interaction. We also provide suggestions for marketing managers and policymakers on points to pay attention to when they respond to the proposed effects of AIVAs on consumer decisions. © 2020, The Author(s).",Artificial intelligence; Consumer decision-making; Consumer dialogs; Consumer models; Digital marketing; Voice assistants,Springer,scopus-ai,67,Thinking AI,"['Artificially Intelligent Voice Assistants', 'consumer decision-making processes', 'purchasing decisions', 'marketing researchers']","The abstract discusses how AIVAs assist consumers in making purchasing decisions and how the decision-making process may change in voice-based environments. This aligns with the market analysis and targeting aspects of Thinking AI, as it involves understanding consumer behavior and adapting marketing strategies accordingly. The focus on encouraging further research also suggests a strategic analysis of market dynamics.",10%,15%,75%,0%,0%
The role of brand in overcoming consumer resistance to autonomous vehicles,Casidy R.; Claudy M.; Heidenreich S.; Camurdan E.,2021,10.1002/mar.21496,"Consumer resistance is a major barrier to diffusing radical innovation into mainstream markets. While recent studies have highlighted the influence that brands might have on innovation adoption decisions, surprisingly little is understood about the role of brands in overcoming consumer resistance to radical innovation such as Artificial Intelligence (AI) technology. To address this, we investigate consumer resistance to AI-powered technology in the context of autonomous vehicles. Specifically, this study builds on the self-brand connection and brand concept literature to examine: (1) the mechanism through which self-brand connection influences radical innovation adoption by mitigating consumer resistance; (2) how this mechanism is moderated by the brand concept (conservation vs. openness); and (3) how brands can effectively overcome consumer resistance through marketing communications. By means of three empirical studies, we find that self-brand connections are positively associated with intentions to adopt radical innovation and that this effect is mediated by reduced risk barriers (Study 1). We further demonstrate that the influence of self-brand connection is much lower for conservation brands than for openness brands (Study 2). Finally, we show that conservation brands can leverage consumers' self-brand connection when they effectively enhance their innovation capabilities through marketing communications (Study 3). © 2021 Wiley Periodicals LLC",artificial intelligence; autonomous vehicles; brand concept; innovation; self-brand connection,John Wiley and Sons Inc,scopus-ai,27,Feeling AI,"['consumer resistance', 'self-brand connection', 'emotional needs', 'marketing communications']","The abstract discusses how self-brand connections can influence consumer adoption of radical innovations, specifically AI technology in autonomous vehicles. This relates closely to understanding customer emotional needs and wants, as the study investigates how brands can leverage these emotional connections to mitigate resistance to innovation. It also touches on the effectiveness of marketing communications in enhancing these emotional connections, which aligns with the objectives of Feeling AI.",70%,10%,20%,0%,0%
"Artificial Intelligence and Machine Learning: Exploring drivers, barriers, and future developments in marketing management",Volkmar G.; Fischer P.M.; Reinecke S.,2022,10.1016/j.jbusres.2022.04.007,"Companies neither fully exploit the potential of Artificial Intelligence (AI), nor that of Machine Learning (ML), its most prominent method. This is true in particular of marketing, where its possible use extends beyond mere segmentation, personalization, and decision-making. We explore the drivers of and barriers to AI and ML in marketing by adopting a dual strategic and behavioral focus, which provides both an inward (AI and ML for marketers) and an outward (AI and ML for customers) perspective. From our mixed-method approach (a Delphi study, a survey, and two focus groups), we derive several research propositions that address the challenges facing marketing managers and organizations in three distinct domains: (1) Culture, Strategy, and Implementation; (2) Decision-Making and Ethics; (3) Customer Management. Our findings contribute to better understanding the human factor behind AI and ML, and aim to stimulate interdisciplinary inquiry across marketing, organizational behavior, psychology, and ethics. © 2022 The Authors",Artificial Intelligence; Decision- Making; Delphi Method; Ethics; Machine Learning; Marketing Management,Elsevier Inc.,scopus-ai,57,Not Identified,"['Artificial Intelligence', 'Machine Learning', 'marketing', 'segmentation', 'personalization', 'decision-making', 'culture', 'strategy', 'implementation', 'decision-making', 'ethics', 'customer management']","The abstract discusses the potential applications and barriers of AI and ML in marketing without clearly fitting into the definitions of Mechanical AI, Thinking AI, or Feeling AI. While it touches on aspects of decision-making and customer understanding, it does not provide specific examples or applications that directly align with the outlined categories. Instead, it focuses on broader themes such as culture, strategy, and ethical considerations, which do not neatly fit into any single category.",20%,20%,30%,0%,30%
A strategic framework for artificial intelligence in marketing,Huang M.-H.; Rust R.T.,2021,10.1007/s11747-020-00749-9,"The authors develop a three-stage framework for strategic marketing planning, incorporating multiple artificial intelligence (AI) benefits: mechanical AI for automating repetitive marketing functions and activities, thinking AI for processing data to arrive at decisions, and feeling AI for analyzing interactions and human emotions. This framework lays out the ways that AI can be used for marketing research, strategy (segmentation, targeting, and positioning, STP), and actions. At the marketing research stage, mechanical AI can be used for data collection, thinking AI for market analysis, and feeling AI for customer understanding. At the marketing strategy (STP) stage, mechanical AI can be used for segmentation (segment recognition), thinking AI for targeting (segment recommendation), and feeling AI for positioning (segment resonance). At the marketing action stage, mechanical AI can be used for standardization, thinking AI for personalization, and feeling AI for relationalization. We apply this framework to various areas of marketing, organized by marketing 4Ps/4Cs, to illustrate the strategic use of AI. © 2020, The Author(s).",4Cs; 4Ps; Artificial intelligence; Feeling AI; Machine learning; Marketing strategy; Mechanical AI; Personalization; Positioning; Relationalization; Segmentation; Standardization; Strategic AI marketing; Targeting; Thinking AI,Springer,scopus-ai,609,Feeling AI,"['emotions', 'customer understanding', 'relationalization', 'positioning']","The abstract outlines a framework that incorporates AI in several stages of marketing, specifically highlighting the role of feeling AI in analyzing interactions and human emotions. It emphasizes customer understanding, positioning, and relationalization, which directly align with the definitions provided for feeling AI. Additionally, while mechanical and thinking AI elements are present, the focus on emotional aspects indicates a stronger association with feeling AI.",40%,30%,30%,0%,0%
Artificial intelligence in public administration - Supporting administrative decisions,Fejes E.; Futó I.,2021,10.35551/PFQ_2021_S_1_2,"Artificial intelligence (AI) is an increasingly popular concept, although it is often used only as a marketing tool to label activities that are very far from AI. The purpose of this article is to show what artificial intelligence (AI) tools - expert systems - can actually be used for administrative decision in public administration. The end of the administrative decision must be justified in detail according to the legal regulations. Expert systems do this. The other large group of AI tools, solutions based on machine learning, act as black boxes, mapping input data to output data, so the reason for the solution is unknown. Therefore, these tools are not suitable for direct, administrative decision, but can support office work with expert systems. In this article, we present the operation of expert systems through examples. © 2021 Brepols Publishers. All rights reserved.",Administrative decision; Artificial intelligence; Expert system; Machine learning; Public administration,State Audit Office of Hungary,scopus-ai,2,Out of Scope,"['artificial intelligence', 'expert systems', 'administrative decision', 'public administration', 'machine learning']","The abstract discusses the application of artificial intelligence, specifically expert systems, in administrative decision-making within public administration. It does not relate to marketing applications or concepts such as customer understanding, market analysis, or personalized marketing strategies. Therefore, it is classified as out of scope for marketing.",0%,0%,0%,100%,0%
When AI meets store layout design: a review,Nguyen K.; Le M.; Martin B.; Cil I.; Fookes C.,2022,10.1007/s10462-022-10142-3,"An efficient store layout presents merchandise to attract customer attention and encourages customers to walk down more aisles which exposes them to more merchandise, which has been shown to be positively correlated with the sales. It is one of the most effective in-store marketing tactics which can directly influence customer decisions to boost store sales and profitability. The recent development of Artificial Intelligence techniques, especially with its sub-fields in Computer Vision and Deep Learning, has enabled retail stores to take advantage of existing CCTV infrastructure to extract in-store customer and business insights. This research aims to conduct a comprehensive review on existing approaches in store layout design and modern AI techniques that can be utilized in the layout design task. Based on this review, we propose an AI-powered store layout design framework. This framework applies advanced AI and data analysis techniques on top of existing CCTV video surveillance infrastructure to understand, predict and suggest a better store layout. © 2022, The Author(s).",Business intelligence; CCTV visual intelligence; Retail layout; Store layout; Video analytic,Springer Nature,scopus-ai,10,Mechanical AI,"['store layout', 'customer insights', 'CCTV', 'data analysis', 'in-store marketing', 'sales']","The abstract discusses the use of AI techniques for analyzing customer behavior and optimizing store layout, which involves data collection and processing through existing CCTV infrastructure. This aligns with the focus of Mechanical AI on data collection and segmentation, as it aims to gather insights and automate the understanding of customer interactions with merchandise.",0%,70%,20%,0%,10%
Analytics: Turning data into management gold,Even A.,2019,10.69554/umzm2592,"In today’s competitive business landscape, both business-to-business and business-to-consumer marketers are seeking insights from their marketing initiatives to see what is working and what is not. The faster these insights are acted upon, the faster companies can gain a competitive edge. Companies are also delving into the customer journey in order to optimise the user experience. Those yet to do so must start implementing the type of marketing analytics that will take them and their business to the next level. They need to be provided with the actionable insights that will empower them to make business decisions seamlessly. This paper analyses how the emergence of artificial intelligence and machine learning in the marketing sphere is sure to give marketing management the necessary power to shine. © Henry Stewart Publications.",Actionable insights; Artificial intelligence (AI); Machine learning (ML); Marketing; Marketing analytics; User journey,Henry Stewart Publications,scopus-ai,8,Thinking AI,"['insights', 'customer journey', 'marketing analytics', 'actionable insights', 'business decisions', 'competitive edge']","The abstract discusses the importance of leveraging marketing analytics and insights to optimize user experience and make informed business decisions. It emphasizes the need for actionable insights derived from data analysis to gain a competitive advantage, aligning well with the focus on market analysis and targeting found in the Thinking AI category.",0%,0%,100%,0%,0%
"Artificial intelligence in business-to-business marketing: a bibliometric analysis of current research status, development and future directions",Han R.; Lam H.K.S.; Zhan Y.; Wang Y.; Dwivedi Y.K.; Tan K.H.,2021,10.1108/IMDS-05-2021-0300,"Purpose: Although the value of artificial intelligence (AI) has been acknowledged by companies, the literature shows challenges concerning AI-enabled business-to-business (B2B) marketing innovation, as well as the diversity of roles AI can play in this regard. Accordingly, this study investigates the approaches that AI can be used for enabling B2B marketing innovation. Design/methodology/approach: Applying a bibliometric research method, this study systematically investigates the literature regarding AI-enabled B2B marketing. It synthesises state-of-the-art knowledge from 221 journal articles published between 1990 and 2021. Findings: Apart from offering specific information regarding the most influential authors and most frequently cited articles, the study further categorises the use of AI for innovation in B2B marketing into five domains, identifying the main trends in the literature and suggesting directions for future research. Practical implications: Through the five identified domains, practitioners can assess their current use of AI and identify their future needs in the relevant domains in order to make appropriate decisions on how to invest in AI. Thus, the research enables companies to realise their digital marketing innovation strategies through AI. Originality/value: The research represents one of the first large-scale reviews of relevant literature on AI in B2B marketing by (1) obtaining and comparing the most influential works based on a series of analyses; (2) identifying five domains of research into how AI can be used for facilitating B2B marketing innovation and (3) classifying relevant articles into five different time periods in order to identify both past trends and future directions in this specific field. © 2021, Emerald Publishing Limited.",Artificial intelligence; Bibliometric analysis; Business-to-business marketing; Content analysis; Systematic literature review,Emerald Group Holdings Ltd.,scopus-ai,76,Thinking AI,"['AI-enabled B2B marketing', 'innovation', 'market analysis', 'trends', 'digital marketing strategies']","The abstract discusses the application of AI in enabling B2B marketing innovation, focusing on analyzing literature, identifying trends, and suggesting future directions. This aligns with the definitions of Thinking AI, which emphasizes market analysis and strategic targeting. The study synthesizes knowledge and categorizes the use of AI, which reflects a strategic approach to understanding and leveraging AI for marketing purposes.",0%,0%,100%,0%,0%
Studying the Relationship between Artificial Intelligence and Digital Advertising in Marketing Strategy,Sabharwal D.; Sood R.S.; Verma M.,2022,10.31620/JCCC.12.22/10,"Introduction – Current study examines the relationship between Digital Advertising (DA) and Artificial Intelligence (AI) and their impact on creating a suitable Marketing Strategy (MS) for any organization. The study suggests some measures that can help marketers to improve their marketing strategies. As a genuine branch of Marketing science, digital marketing managed to create value for organizations and increased engagement with customers through electronic services. The Digital era has helped industries monitor their procedures including branding, promotion, advertising, production, channel distribution, etc. Based on gathered data, interactive customer experience, and a digital overview of procedures and sales, business managers could make more accurate and data-driven decisions. Methodology: This paper searches the various dimensions attached to the concept of artificial intelligence and digital advertising. It is a descriptive study; the survey method was used for the collection of data. Artificial Intelligence Survey Instrument (Weng, 2020), and Marketing Strategy Scale (Weng, 2020), whose face, discriminant, and construct validity were measured. Apart from this, Cronbach's alpha coefficient (α) and composite reliability (CR) were calculated to measure their reliability. Analysis of required data was done by using the SPSS software package (ver. 22) in the form of descriptive statistics as well as the SmartPLS software by means of inferential statistics and structural equation modelling (SEM). Results: The way we communicate with consumers has changed marketing. It is morphing every day and that’s where the big shift has happened. The big change that is happening in marketing, is artificial intelligence and machine learning. It creates new opportunities for storytelling and marketing. It will change how people interact with information, technology, brands, and services. Thus, marketers must adopt artificial intelligence systems in their marketing strategies to succeed in the present era of digital marketing. It saves both time and money for the marketers, customers, and prospects; and occupies the minds of customers without human intervention. The study results can be assistance to business managers and strategy practitioners to figure out the interrelationships between DA and AI, and their impact on marketing strategy formation. © 2022,Journal of Content, Community and Communication. All Rights Reserved.",Artificial intelligence; Communication technologies; Digital advertising; Marketing; Strategy,Amity University,scopus-ai,5,Thinking AI,"['Digital Advertising', 'Artificial Intelligence', 'Marketing Strategy', 'data-driven decisions', 'market analysis', 'customer engagement']","The abstract discusses the interplay between Digital Advertising and Artificial Intelligence in forming effective marketing strategies. It emphasizes the importance of data-driven decision-making and market analysis, which aligns with the Thinking AI category focused on market analysis and targeting. The mention of AI creating new opportunities for storytelling and marketing also links it to personalization and strategic analysis, further supporting the classification.",10%,15%,65%,0%,10%
Enhanced Marketing Decision Making for Consumer Behaviour Classification Using Binary Decision Trees and a Genetic Algorithm Wrapper,Gkikas D.C.; Theodoridis P.K.; Beligiannis G.N.,2022,10.3390/informatics9020045,"An excessive amount of data is generated daily. A consumer’s journey has become ex-tremely complicated due to the number of electronic platforms, the number of devices, the information provided, and the number of providers. The need for artificial intelligence (AI) models that combine marketing data and computer science methods is imperative to classify users’ needs. This work bridges the gap between computer and marketing science by introducing the current trends of AI models on marketing data. It examines consumers’ behaviour by using a decision-making model, which analyses the consumer’s choices and helps the decision-makers to understand their potential clients’ needs. This model is able to predict consumer behaviour both in the digital and physical shopping environments. It combines decision trees (DTs) and genetic algorithms (GAs) through one wrapping technique, known as the GA wrapper method. Consumer data from surveys are collected and categorised based on the research objectives. The GA wrapper was found to perform exceptionally well, reaching classification accuracies above 90%. With regard to the Gender, the Household Size, and Household Monthly Income classes, it manages to indicate the best subsets of specific genes that affect decision making. These classes were found to be associated with a specific set of variables, providing a clear roadmap for marketing decision-making. © 2022 by the authors. Licensee MDPI, Basel, Switzerland.",artificial intelligence; consumer behaviour; data mining; decision making; decision trees; genetic algorithm wrapper; machine learning; marketing; optimal feature selection; predictive analytics,MDPI,scopus-ai,13,Thinking AI,"['consumer behaviour', 'decision-making model', 'predict consumer behaviour', 'classification accuracies', 'marketing decision-making']","The abstract discusses the use of artificial intelligence to analyze consumer behavior and predict decisions in both digital and physical shopping environments. It emphasizes the combination of marketing data and computer science to understand consumer choices and needs, which aligns with the focus on market analysis and targeting found in Thinking AI. The model's ability to accurately classify users based on demographic variables further supports this classification.",0%,20%,80%,0%,0%
Artificial intelligence (AI) in strategic marketing decision-making: a research agenda,Stone M.; Aravopoulou E.; Ekinci Y.; Evans G.; Hobbs M.; Labib A.; Laughlin P.; Machtynger J.; Machtynger L.,2020,10.1108/BL-03-2020-0022,"Purpose: The purpose of this paper is to review literature about the applications of artificial intelligence (AI) in strategic situations and identify the research that is needed in the area of applying AI to strategic marketing decisions. Design/methodology/approach: The approach was to carry out a literature review and to consult with marketing experts who were invited to contribute to the paper. Findings: There is little research into applying AI to strategic marketing decision-making. This research is needed, as the frontier of AI application to decision-making is moving in many management areas from operational to strategic. Given the competitive nature of such decisions and the insights from applying AI to defence and similar areas, it is time to focus on applying AI to strategic marketing decisions. Research limitations/implications: The application of AI to strategic marketing decision-making is known to be taking place, but as it is commercially sensitive, data is not available to the authors. Practical implications: There are strong implications for all businesses, particularly large businesses in competitive industries, where failure to deploy AI in the face of competition from firms, who have deployed AI to improve their decision-making could be dangerous. Social implications: The public sector is a very important marketing decision maker. Although in most cases it does not operate competitively, it must make decisions about making different services available to different citizens and identify the risks of not providing services to certain citizens; so, this paper is relevant to the public sector. Originality/value: To the best of the authors’ knowledge, this is one of the first papers to probe deployment of AI in strategic marketing decision-making. © 2020, Emerald Publishing Limited.",Artificial intelligence; Decision-making; Marketing; Operations; Planning; Strategy,Emerald Group Holdings Ltd.,scopus-ai,156,Thinking AI,"['strategic marketing', 'decision-making', 'AI application', 'competitive nature', 'research needed']","The abstract discusses the application of AI to strategic marketing decisions, indicating a focus on decision-making and market analysis. It highlights the need for research in applying AI to enhance strategic marketing, which aligns with the Thinking AI category that emphasizes market analysis, targeting, and competitive advantages.",0%,0%,100%,0%,0%
Testing of minimization of subjectivity in best value procurement by using artificial intelligence systems in state of Utah procurement,Kashiwagi D.T.; Byfield R.,2002,10.1061/(ASCE)0733-9364(2002)128:6(496),"The Performance Information Procurement System (PIPS) was tested on the procurement of the $2.96 million Bridgerland Academic Training Center (ATC) for the state of Utah Division of Facilities Construction Management. The artificial intelligence (AI) information based PIPS was run two ways - selection with biased subjectivity (similar to current best value processes) and without biased subjectivity. Unlike other best value processes, PIPS minimizes the decision-making and subjective bias of the owner's representatives. The procurement test at Bridgerland ATC provides a comparison between the AI selection versus the user agency's subjective prioritization. The result of the system was one of the ""best"" construction projects procured at the state of Utah (on time, on budget, high quality), with no contractor generated change orders for additional cost, minimized construction management requirements, and high customer satisfaction.",Artificial intelligence; Construction; Cost control; Project management; Utah,,scopus-ai,16,Out of Scope,"['procurement', 'construction', 'artificial intelligence', 'decision-making', 'subjective bias']","The abstract discusses the implementation of an AI system in the context of procurement for a construction project, focusing on minimizing subjective bias in decision-making processes. While it involves AI, the application is specifically related to construction management and procurement rather than marketing. Therefore, it does not align with any of the marketing-related categories.",0%,0%,0%,100%,0%
A study on intelligent technology valuation system: Introduction of kibo patent appraisal system ii,Kim M.-S.; Lee C.-H.; Choi J.-H.; Jang Y.-J.; Lee J.-H.; Lee J.; Sung T.-E.,2021,10.3390/su132212666,"Technology finance, which has attracted worldwide attention for the successful business development of small-and-medium enterprises (SMEs) or start-ups, has advanced an innovation or stagnation way-out resolution strategy for companies in line with the low-growth economic trends. Although the development of new technologies and the establishment of active R&D and commercialization strategies are essential factors in a company’s management sustainability, the activation of the technology market in practice is still in progress for its golden age. In this study, to promote a technology transfer-based company’s growth and to run technology-based various financial support activities, we develop and propose a new intelligent, deep learning-based technology valuation system that enables technology holders to estimate the economic values of their innovative technologies and further to establish a firm’s commercialization strategy. For the last years, the KIBO Patent Appraisal System (KPAS-II) herein proposed has been advanced by KIBO as a web-based, artificial intelligence (AI) and evaluation data applications valuation system that automatically calculates and estimates a technology’s feasible economic value by utilizing both the intrinsic and extrinsic index information of a patent and the commercialization entity’s business ca-pabilities, and by applying to the discounted cash flow (DCF) method in valuation theory, and finally integrating with deep learning results based on the in-advance previously established patent DB and the financial DB. The KPAS-II proposed in this study can be said to have dramatically overcome the long-term preparation period and high levels of R&D and commercialization costs in terms of the limitations that the existing technology valuation method possesses by enhancing the reliability of approximate economic values from the deep learning results based on financial data and completed valuation data. In addition, it is expected that technology marketing coordinators, researchers, and non-specialty business agents, not limited to valuation experts, can easily estimate the economic values of their patents or technologies, and they can be actively utilized in a technology-based company’s decision-making and technologically dependent financial activities. © 2021 by the authors. Licensee MDPI, Basel, Switzerland.",Deep Neural Networks (DNN); Discounted cash flow (DCF); Ensemble; Income approach; Intelligent system; KPAS II; Sales estimation; Technology valuation,MDPI,scopus-ai,10,Out of Scope,"['technology finance', 'technology valuation', 'economic value', 'technology transfer', 'commercialization strategy', 'deep learning', 'patent appraisal system']","The abstract discusses a deep learning-based technology valuation system aimed at enhancing the commercialization strategies of technology holders and small-and-medium enterprises. While it involves financial support and technology assessment, it does not pertain to marketing applications such as customer understanding, targeting, or personalization. Therefore, it is classified as 'Out of Scope' as it primarily relates to technology finance rather than marketing.",0%,0%,0%,100%,0%
Human capital and AI in industry 4.0. Convergence and divergence in social entrepreneurship in Russia,Popkova E.G.; Sergi B.S.,2020,10.1108/JIC-09-2019-0224,"Purpose: The purpose of this article is to determine the future proportion and variants of usage of human intellect and artificial intelligence (AI) in entrepreneurship of industry 4.0 that fits social entrepreneurship the most. It could be convergence (simultaneous utilization during the same entrepreneurial processes with the emphasis on unique features by the terms of the competition) or divergence (usage during different business processes by the terms of labor division). Design/methodology/approach: The authors determine the influence of usage of human capital and AI on the efficiency of social entrepreneurship. The authors identify the perspective directions of usage of AI in social entrepreneurship and evaluate the readiness and interest in the implementation of these directions of concerned parties. The authors also model the optimal proportions and the variant of usage of human intellect and AI in social entrepreneurship in the conditions of Industry 4.0 in the future (until 2030). Findings: It is found that social entrepreneurship will use the opportunities of Industry 4.0 for optimization of its activities until 2030, but will refuse from full automatization, using human intellect and AI at the same time. Originality/value: The most perspective directions of application of AI at social companies are a collection of social goods and services, marketing studies and promotion of social goods and services. Neither convergence nor divergence of human and artificial intellectual capital does not fully conform to the interests of concerned parties. The most preferable (optimal) variant of usage of human intellect and AI in social entrepreneurship in the Industry 4.0 is human intelligent decision support. © 2020, Emerald Publishing Limited.",AI; Digital personnel; Intellectual capital; Social entrepreneurship,Emerald Group Holdings Ltd.,scopus-ai,289,Thinking AI,"['artificial intelligence', 'social entrepreneurship', 'marketing studies', 'promotion', 'human intellect', 'decision support']","The abstract discusses the application of AI in social entrepreneurship, particularly in the areas of marketing studies and promotion of social goods and services. This aligns with the 'Thinking AI' category, which focuses on market analysis and targeting. The emphasis on optimizing activities and the role of human intellect in decision support further supports this classification.",0%,0%,80%,0%,20%
The influence of perceived costs and perceived benefits on AI-driven interactive recommendation agent value; [  感知成本和感知利益对人工智能驱动的交互式推荐代理价值的影响],Kim J.,2020,10.1080/21639159.2020.1775491,"This study investigates the effects of perceived costs and benefits on the value of an AI-driven recommendation agent (AIRA) by examining an AIRAs influence on the perceived costs and benefits of an information search done during a consumers’ decision-making process. AIRAs use AI-driven algorithms that accelerate and integrate information search, the evaluation of alternatives, and the full decision process by extracting users’ preferences and acting on their behalf. These specialized agents facilitate searches for information or alternatives and offer recommendations to help consumers make decisions. This study contributes to the building of a theoretical model of AI-driven recommendation agent values and provides new resources for AI-driven marketing academics and practitioners. © 2020 Korean Scholars of Marketing Science.",AI; artificial intelligence; interactive recommendation agent; perceived cost; perceived benefit,Taylor and Francis Ltd.,scopus-ai,23,Thinking AI,"['AI-driven recommendation agent', 'information search', 'decision-making process', 'perceived costs and benefits', 'recommendations']",The abstract discusses an AI-driven recommendation agent (AIRA) that influences consumer decision-making by affecting perceived costs and benefits during information searches. This aligns with the Thinking AI category as it involves market analysis and targeting by using AI to provide personalized recommendations based on user preferences. The focus is on understanding the decision-making process rather than emotional engagement or purely mechanical data processing.,10%,15%,75%,0%,0%
"Artificial intelligence-enabled environmental sustainability of products: Marketing benefits and their variation by consumer, location, and product types",Frank B.,2021,10.1016/j.jclepro.2020.125242,"Firms are developing AI-enhanced products (e.g., robots) that can tackle environmental problems through autonomous interactions with their surroundings (e.g., removing waste/pollutants, tracking invasive species) and autonomous learning, which results in improved environmental performance characteristics. Such autonomous environmental benefits of products differ from conventional, static environmental benefits, which derive from pre-purchase processes and design decisions. However, the literature still lacks knowledge of how to use such autonomous environmental benefits to attract new customers. Therefore, drawing on signaling theory, this study examines the effect of these environmental benefits on a consumer's purchase intent and its variation across types of consumers, locations, and products. Based on hierarchical linear modeling of 1635 consumer evaluations of AI-enhanced products, this study finds that both static and autonomous perceived environmental benefits influence purchase intent positively. The effect of autonomous environmental benefits is stronger for women than for men and for products targeted at adults rather than children. The effect of static environmental benefits is stronger for men than women, for products targeted at children rather than adults, for consumers with a higher need for cognition, and in locations with a higher perceived environmental well-being. © 2020 The Author(s)",Artificial intelligence; Autonomy; Corporate social responsibility; Environmental sustainability; Green purchasing; Robotics,Elsevier Ltd,scopus-ai,74,Thinking AI,"['purchase intent', 'environmental benefits', 'consumer evaluations', 'signaling theory', 'targeted products']","The abstract discusses how AI-enhanced products can influence consumer purchase intent through their autonomous and static environmental benefits. This aligns with market analysis and targeting strategies, as the study examines different consumer segments and their responses to these benefits. The emphasis on understanding consumer behavior and the varying effects based on demographics indicates a strategic analysis approach typical of Thinking AI applications.",10%,5%,70%,0%,15%
Perception of Innovative Usage of AI in Optimizing Customer Purchasing Experience within the Sustainable Fashion Industry,Bolesnikov M.; Popović Stijačić M.; Keswani A.B.; Brkljač N.,2022,10.3390/su141610082,"The research was designed to contribute to scientific efforts in exploring the attitude of fashion stakeholders towards AI and its use in attaining sustainability in fashion industry. Although the role of AI in Fashion has been studied before, the aim of this research is to challenge and analyze the attitudes towards sustainable fashion of both stakeholders and consumers. The research considers the views of consumers, industry professionals and company shareholders on the role AI plays in pursuing ideas of Sustainable Fashion. Contrary to expectations, the companies with significant turnover did not show any greater awareness of the new trends in the fashion business. Furthermore, previous familiarity with the usage of AI did not prove to promote openness towards the recommendation of apps which use AI to promote Sustainable Fashion. The value of this research lies in the findings, which help provide a framework which can be used to change the viewpoint of the key market players. The crucial finding is that the AI approach on sustainability will influence both users (changing their purchasing decisions toward more sustainable choices if provided with a set of information on ecological impact, production choices), and corporate businesses (changing the overall business strategy, planning, marketing communication and production designs). The paper offers milestones for further research on synergies between AI, fashion industry lined with UNS SDGs and purchasing behavior. © 2022 by the authors.",AI smart apps; business models; customer experience; efficiency; environment; fashion industry; Industry 4.0; innovation; pollution; sustainability,MDPI,scopus-ai,9,Thinking AI,"['sustainability', 'AI', 'fashion industry', 'attitudes', 'stakeholders', 'consumers', 'purchasing decisions', 'business strategy', 'marketing communication', 'production designs']","The abstract discusses the attitudes of fashion stakeholders and consumers towards AI in achieving sustainability, indicating a focus on market analysis and understanding how AI can influence purchasing behavior and corporate business strategies. This aligns primarily with the Thinking AI category, which emphasizes market analysis and targeting strategies. The findings suggest a strategic use of AI in marketing communications and production design, reflecting a clear application of thinking AI concepts.",10%,10%,80%,0%,0%
Mentorrd EduTech: charting new territories through social media marketing,Senecha N.; Srivastava R.,2022,10.1108/EEMCS-09-2021-0310,"Learning outcomes: After studying and analyzing this case, students will be able to: understand and evaluate the integrated marketing communications (IMC) strategy for online businesses; understand and create the various components of an IMC plan; determine the challenges of scaling up a business and how social media marketing can help in that; learn how to assemble the positioning statement of a startup; determine and differentiate the different business models (revenue models); and understand and create the social media marketing strategy. Case overview/synopsis: It was late April 2021, and Mr Srinivas Rao, the co-founder and director of Mentorrd EduTech, India, was contemplating the journey of more than five years. Much had changed since the startup Mentorrd Education Technologies Pvt. Ltd. (Mentorrd EduTech) was launched in 2015. From being an online artificial intelligence (AI)-based tool for analyzing and building resumes, Mentorrd expanded to specialized premium services for career development catering to MBA aspirants from India to international markets. However, during the same time, many problems had also started showing up. The competition had increased, and conversions became difficult. Mentorrd generated 95% of its leads through Google Ads pay per click (PPC) advertising. However, now, the increased competition made PPC costlier, where Mentorrd started at INR 10 per click but was now paying INR 50 per click. The customers also were only limited to searching for keywords; hence, actual lead conversion was minimal. Mentorrd was present on different social media platforms and had developed an audience: LinkedIn (close to 10,000 followers), Facebook (1,600+ followers) and Twitter (numbers), but conversions from there were only contributing to 5% of the total revenue.Mr Rao wondered that with a change in demand from general review services to specialist resume and interview preparation services such as MBA, he would have to develop a sound social media strategy integrated with the current Google Ads usage to reach the audience and generate conversions. He had a limited marketing budget which he wanted to use most effectively but was not sure how to spend across platforms. Complexity academic level: This case can be used as an IMC strategy case for MBA courses in marketing. In a marketing course, the focus should be on components of IMC strategy, customer perception, company positioning and marketing channels. The case can also be applied as a strategy case for courses in entrepreneurship or digital marketing strategy. In an entrepreneurship course, the focus should be on the business model, growth and scaling decisions a startup needs to make to grow the business. In a digital marketing strategy course, the focus should be on social media marketing and search engine marketing decisions and the implications for revenues and profits. The case can also be used in executive-level courses to illustrate IMC, growth and digital marketing strategies for a startup. Supplementary materials: Teaching notes are available for educators only. Subject code: CSS 8: Marketing. © 2022, Emerald Publishing Limited.",Digital marketing; Marketing mix; Marketing strategy; Sales promotions; Social marketing; Social media strategy,Emerald Group Holdings Ltd.,scopus-ai,1,Feeling AI,"['customer understanding', 'positioning', 'social media marketing strategy', 'customer perception', 'company positioning']","The abstract discusses the challenges faced by Mentorrd EduTech in understanding its customer base and developing an effective marketing strategy. The emphasis on creating a social media marketing strategy and understanding customer needs indicates a focus on customer understanding and positioning, aligning well with the Feeling AI category. Additionally, the case aims to help students learn about customer perception and emotional needs, which further supports this classification.",60%,20%,20%,0%,0%
Advertising Benefits from Ethical Artificial Intelligence Algorithmic Purchase Decision Pathways,Rodgers W.; Nguyen T.,2022,10.1007/s10551-022-05048-7,"Artificial intelligence (AI) has dramatically changed the way organizations communicate, understand, and interact with their potential consumers. In the context of this trend, the ethical considerations of advertising when applying AI should be the core question for marketers. This paper discusses six dominant algorithmic purchase decision pathways that align with ethical philosophies for online customers when buying a product/goods. The six ethical positions include: ethical egoism, deontology (i.e., rule-based), relativist, utilitarianism, virtue ethics, and ethics of care (i.e., stakeholders’ perspective). Furthermore, this paper launches an “intelligent advertising” AI theme by examining its present and future as well as identifying the key phases of intelligent advertising. Several research questions are offered to guide future research on intelligent advertising to benefit ethical AI decision-making. Finally, several areas that can be widely applied to ethical intelligent advertising are suggested for future research. © 2022, The Author(s).",AI Algorithms; Digital marketing; Ethical considerations,Springer Science and Business Media B.V.,scopus-ai,46,Feeling AI,"['ethical considerations', 'consumer understanding', 'stakeholders’ perspective', 'emotional data']","The abstract discusses the ethical implications of AI in marketing, focusing on how organizations can understand and interact with consumers on a deeper emotional level. It emphasizes the need for ethical pathways and considerations that align with customer needs and values, indicating a focus on customer understanding and emotional engagement. The mention of various ethical positions also suggests an engagement with the emotional and relational aspects of consumer behavior, which aligns with the Feeling AI category.",60%,20%,20%,0%,0%
"Sophia Sophia tell me more, which is the most risk-free plan of all? AI anthropomorphism and risk aversion in financial decision-making",Cui Y.,2022,10.1108/IJBM-09-2021-0451,"Purpose: This research examines whether anthropomorphizing artificial intelligence (AI) chatbots alters consumers' risk preferences toward financial investment options involving differential risks. Design/methodology/approach: An experimental approach has been adopted with three studies, all featuring a between-subjects design. Findings: Through three studies, the findings document that, in a financial decision-making context, anthropomorphizing AI leads to significantly greater risk aversion in investment decision-making (Study 1). This occurs because AI-enabled chatbot anthropomorphization activates greater psychological risk attachment, which enacts consumers to manifest stronger risk aversion tendency (Studies 2 and 3). Originality/value: Anthropomorphizing AI has undeniable relevance in the contemporary marketing landscape, such as humanoid robotics and emotion AI algorithms. Despite of anthropomorphism's significance and relevance, the downstream impact of anthropomorphism remains unfortunately underexplored. © 2022, Emerald Publishing Limited.",Anthropomorphism; Artificial intelligence (AI); Political ideology; Psychological closeness; Psychological risk attachment; Risk aversion,Emerald Publishing,scopus-ai,20,Feeling AI,"['anthropomorphizing', 'risk aversion', 'psychological risk attachment', 'consumer emotional needs']","The abstract discusses how anthropomorphizing AI chatbots affects consumers' emotional responses, specifically increasing risk aversion in financial decision-making. This directly relates to understanding and addressing customer emotional needs and preferences, which aligns with the Feeling AI category.",70%,0%,30%,0%,0%
When do you trust AI? The effect of number presentation detail on consumer trust and acceptance of AI recommendations,Kim J.; Giroux M.; Lee J.C.,2021,10.1002/mar.21498,"When do consumers trust artificial intelligence (AI)? With the rapid adoption of AI technology in the field of marketing, it is crucial to understand how consumer adoption of the information generated by AI can be improved. This study explores a novel relationship between number presentation details associated with AI and consumers' behavioral and evaluative responses toward AI. We theorized that consumer trust would mediate the preciseness effect on consumer judgment and evaluation of the information provided by AI. The results of five studies demonstrated that the use of a precise (vs. imprecise) information format leads to higher evaluations and behavioral intentions. We also show mediational evidence indicating that the effect of number preciseness is mediated by consumer trust (Studies 2, 4, and 5). We further show that the preciseness effect is moderated by the accuracy of AI-generated information (Study 3) and the objective product quality of the recommended products (Study 4). This study provides theoretical implications to the AI acceptance literature, the information processing literature, the consumer trust literature, and the decision-making literature. Moreover, this study makes practical implications for marketers of AI businesses including those who strategically use AI-generated information. © 2021 Wiley Periodicals LLC",AI adoption; AI technology; artificial intelligence; marketing; preciseness; recommendation; trust,John Wiley and Sons Inc,scopus-ai,102,Feeling AI,"['consumer trust', 'behavioral intentions', 'evaluative responses', 'emotional preferences']","The abstract discusses consumer trust in artificial intelligence and how it mediates evaluations and behavioral intentions towards AI-generated information. This aligns closely with the focus of Feeling AI, which emphasizes understanding customer emotional needs and tailoring communications based on emotional responses. The study investigates how consumers’ trust influences their evaluation of AI-generated information, indicating a strong emotional component in the relationship between AI and consumers.",70%,10%,20%,0%,0%
Transparency and insurance professionals: a study of Swedish insurance practice attitudes and future development,Dexe J.; Franke U.; Rad A.,2021,10.1057/s41288-021-00207-9,"The insurance industry is being challenged by increased adoption of automated decision-making. AI advances could conceivably automate everything: marketing, customer service, underwriting and claims management alike. However, such automation challenges consumer trust, as there is considerable public and scholarly debate over the ‘black box’ character of many algorithms. Insurance being a business of trust, this suggests a dilemma. One suggested solution involves adopting algorithms in a transparent manner. This article reports a study of how Swedish insurers deal with this dilemma, based on (i) eight interviews with insurance professionals representing four companies with a joint market share of 45–50% of the Swedish property insurance market and (ii) a questionnaire answered by 71 professionals in a Swedish insurance company. The results show that while transparency is seen as potentially valuable, most Swedish insurers do not use it to gain a competitive advantage or identify clear limits to transparency and are not using AI extensively. © 2021, The Geneva Association.",Competitive advantage; Insurance; Openness; Sweden; Transparency; Trust,Palgrave Macmillan,scopus-ai,7,Out of Scope,"['automated decision-making', 'trust', 'transparency', 'insurance', 'AI', 'claims management']","The abstract discusses the implications of AI in the insurance industry, particularly focusing on automation and consumer trust. It does not relate specifically to marketing applications or strategies that would fit into the defined categories of Mechanical AI, Thinking AI, or Feeling AI. Instead, it addresses broader issues of trust and transparency in automated processes within the insurance sector, which falls outside the scope of marketing applications.",0%,0%,0%,100%,0%
"Think with me, or think for me? On the future role of artificial intelligence in marketing strategy formulation",Eriksson T.; Bigi A.; Bonera M.,2020,10.1108/TQM-12-2019-0303,"Purpose: This paper explores if and how Artificial Intelligence can contribute to marketing strategy formulation. Design/methodology/approach: Qualitative research based on exploratory in-depth interviews with industry experts currently working with artificial intelligence tools. Findings: Key themes include: (1) Importance of AI in strategic marketing decision management; (2) Presence of AI in strategic decision management; (3) Role of AI in strategic decision management; (4) Importance of business culture for the use of AI; (5) Impact of AI on the business’ organizational model. A key consideration is a “creative-possibility perspective,” highlighting the future potential to use AI not only for rational but also for creative thinking purposes. Research limitations/implications: This work is focused only on strategy creation as a deliberate process. For this, AI can be used as an effective response to the external contingencies of high volumes of data and uncertain environmental conditions, as well as being an effective response to the external contingencies of limited managerial cognition. A key future consideration is a “creative-possibility perspective.” Practical implications: A practical extension of the Gartner Analytics Ascendancy Model (Maoz, 2013). Originality/value: This paper aims to contribute knowledge relating to the role of AI in marketing strategy formulation and explores the potential avenues for future use of AI in the strategic marketing process. This is explored through the lens of contingency theory, and additionally, findings are expressed using the Gartner analytics ascendancy model. © 2020, Emerald Publishing Limited.",AI; Artificial intelligence; Creativity; Marketing strategy; Rationality; TQM/Marketing synergy,Emerald Group Holdings Ltd.,scopus-ai,85,Thinking AI,"['Artificial Intelligence', 'marketing strategy', 'strategic decision management', 'data', 'creative thinking', 'organizational model']","The abstract discusses the role of Artificial Intelligence in marketing strategy formulation, focusing on strategic decision management and how AI can assist in responding to external data contingencies. This aligns closely with the 'Thinking AI' category, particularly in the context of market analysis and targeting, as it emphasizes the importance of AI in making strategic marketing decisions and leveraging data for competitive advantage.",10%,20%,60%,5%,5%
Artificial intelligence for hospitality big data analytics: developing a prediction model of restaurant review helpfulness for customer decision-making,Lee M.; Kwon W.; Back K.-J.,2021,10.1108/IJCHM-06-2020-0587,"Purpose: Big data analytics allows researchers and industry practitioners to extract hidden patterns or discover new information and knowledge from big data. Although artificial intelligence (AI) is one of the emerging big data analytics techniques, hospitality and tourism literature has shown minimal efforts to process and analyze big hospitality data through AI. Thus, this study aims to develop and compare prediction models for review helpfulness using machine learning (ML) algorithms to analyze big restaurant data. Design/methodology/approach: The study analyzed 1,483,858 restaurant reviews collected from Yelp.com. After a thorough literature review, the study identified and added to the prediction model 4 attributes containing 11 key determinants of review helpfulness. Four ML algorithms, namely, multivariate linear regression, random forest, support vector machine regression and extreme gradient boosting (XGBoost), were used to find a better prediction model for customer decision-making. Findings: By comparing the performance metrics, the current study found that XGBoost was the best model to predict review helpfulness among selected popular ML algorithms. Results revealed that attributes regarding a reviewer’s credibility were fundamental factors determining a review’s helpfulness. Review helpfulness even valued credibility over ratings or linguistic contents such as sentiment and subjectivity. Practical implications: The current study helps restaurant operators to attract customers by predicting review helpfulness through ML-based predictive modeling and presenting potential helpful reviews based on critical attributes including review, reviewer, restaurant and linguistic content. Using AI, online review platforms and restaurant websites can enhance customers’ attitude and purchase decision-making by reducing information overload and search cost and highlighting the most crucial review helpfulness features and user-friendly automated search results. Originality/value: To the best of the authors’ knowledge, the current study is the first to develop a prediction model of review helpfulness and reveal essential factors for helpful reviews. Furthermore, the study presents a state-of-the-art ML model that surpasses the conventional models’ prediction accuracy. The findings will improve practitioners’ marketing strategies by focusing on factors that influence customers’ decision-making. © 2021, Emerald Publishing Limited.",Artificial intelligence; Big data analytics; Machine learning; Prediction; Restaurant reviews; Review helpfulness,Emerald Group Holdings Ltd.,scopus-ai,80,Thinking AI,"['big data analytics', 'machine learning', 'prediction models', 'review helpfulness', 'customer decision-making', 'attributes', 'reviewer’s credibility', 'marketing strategies']","The abstract focuses on using machine learning algorithms to analyze big data, specifically restaurant reviews, to predict review helpfulness, which is directly related to market analysis and customer decision-making processes. The study aims to improve marketing strategies by understanding the factors that influence customers' choices, aligning well with the definitions under Thinking AI.",0%,20%,80%,0%,0%
Interpretable video tag recommendation with multimedia deep learning framework,Yang Z.; Lin Z.,2022,10.1108/INTR-08-2020-0471,"Purpose: Tags help promote customer engagement on video-sharing platforms. Video tag recommender systems are artificial intelligence-enabled frameworks that strive for recommending precise tags for videos. Extant video tag recommender systems are uninterpretable, which leads to distrust of the recommendation outcome, hesitation in tag adoption and difficulty in the system debugging process. This study aims at constructing an interpretable and novel video tag recommender system to assist video-sharing platform users in tagging their newly uploaded videos. Design/methodology/approach: The proposed interpretable video tag recommender system is a multimedia deep learning framework composed of convolutional neural networks (CNNs), which receives texts and images as inputs. The interpretability of the proposed system is realized through layer-wise relevance propagation. Findings: The case study and user study demonstrate that the proposed interpretable multimedia CNN model could effectively explain its recommended tag to users by highlighting keywords and key patches that contribute the most to the recommended tag. Moreover, the proposed model achieves an improved recommendation performance by outperforming state-of-the-art models. Practical implications: The interpretability of the proposed recommender system makes its decision process more transparent, builds users’ trust in the recommender systems and prompts users to adopt the recommended tags. Through labeling videos with human-understandable and accurate tags, the exposure of videos to their target audiences would increase, which enhances information technology (IT) adoption, customer engagement, value co-creation and precision marketing on the video-sharing platform. Originality/value: The proposed model is not only the first explainable video tag recommender system but also the first explainable multimedia tag recommender system to the best of our knowledge. © 2021, Emerald Publishing Limited.",Convolutional neural network; Interpretable AI; Machine learning; Multimedia; Recommender system; User-generated content,Emerald Group Holdings Ltd.,scopus-ai,19,Thinking AI,"['customer engagement', 'tag recommendation', 'interpretable', 'transparency', 'trust', 'target audiences', 'precision marketing']","The abstract describes a video tag recommender system that utilizes artificial intelligence to enhance customer engagement on video-sharing platforms. The focus is on improving recommendation performance through an interpretable model that builds user trust and prompts the adoption of tags, suggesting an analytical approach to market behavior and user preferences. This aligns with the definitions of 'Thinking AI', specifically with market analysis and targeting.",10%,10%,70%,0%,10%
The sustainability of artificial intelligence: an urbanistic viewpoint from the lens of smart and sustainable cities,Yigitcanlar T.; Cugurullo F.,2020,10.3390/su12208548,"The popularity and application of artificial intelligence (AI) are increasing rapidly all around the world—where, in simple terms, AI is a technology which mimics the behaviors commonly associated with human intelligence. Today, various AI applications are being used in areas ranging from marketing to banking and finance, from agriculture to healthcare and security, from space exploration to robotics and transport, and from chatbots to artificial creativity and manufacturing. More recently, AI applications have also started to become an integral part of many urban services. Urban artificial intelligences manage the transport systems of cities, run restaurants and shops where every day urbanity is expressed, repair urban infrastructure, and govern multiple urban domains such as traffic, air quality monitoring, garbage collection, and energy. In the age of uncertainty and complexity that is upon us, the increasing adoption of AI is expected to continue, and so its impact on the sustainability of our cities. This viewpoint explores and questions the sustainability of AI from the lens of smart and sustainable cities, and generates insights into emerging urban artificial intelligences and the potential symbiosis between AI and a smart and sustainable urbanism. In terms of methodology, this viewpoint deploys a thorough review of the current status of AI and smart and sustainable cities literature, research, developments, trends, and applications. In so doing, it contributes to existing academic debates in the fields of smart and sustainable cities and AI. In addition, by shedding light on the uptake of AI in cities, the viewpoint seeks to help urban policymakers, planners, and citizens make informed decisions about a sustainable adoption of AI. © 2020 by the authors. Licensee MDPI, Basel, Switzerland.",Artificial intelligence (AI); Artificially intelligent city; Climate change; Planetary challenges; Smart and sustainable cities; Smart city; Sustainable urbanism; Technological disruption; Urban artificial intelligences; Urban policy,MDPI,scopus-ai,179,Out of Scope,"['artificial intelligence', 'urban services', 'sustainability', 'smart cities', 'transport systems', 'monitoring', 'energy']","The abstract discusses the application of AI in urban services and sustainability contexts, focusing on transport systems, infrastructure management, and urban planning. It does not specifically address marketing applications or customer engagement strategies. Therefore, it does not fit into any of the marketing-related categories.",0%,0%,0%,100%,0%
Embracing AI and Big Data in customer journey mapping: From literature review to a theoretical framework,Arco M.D.; Presti L.L.; Marino V.; Resciniti R.,2019,10.21511/im.15(4).2019.09,"Nowadays, Big Data and Artificial Intelligence (AI) play an important role in different functional areas of marketing. Starting from this assumption, the main objective of this theoretical paper is to better understand the relationship between Big Data, AI, and customer journey mapping. For this purpose, the authors revised the extant literature on the impact of Big Data and AI on marketing practices to illustrate how such data analytics tools can increase the marketing performance and reduce the complexity of the pattern of consumer activity. The results of this research offer some interesting ideas for marketing managers. The proposed Big Data and AI framework to explore and manage the customer journey illustrates how the combined use of Big Data and AI analytics tools can offer effective support to decision-making systems and reduce the risk of bad marketing decision. Specifically, the authors suggest ten main areas of application of Big Data and AI technologies concerning the customer journey mapping. Each one supports a specific task, such as (1) customer profiling; (2) promotion strategy; (3) client acquisition; (4) ad targeting; (5) demand forecasting; (6) pricing strategy; (7) purchase history; (8) predictive analytics; (9) monitor consumer sentiments; and (10) customer relationship management (CRM) activities. © 2019 LLC CPC Business Perspectives. All rights reserved.",consumer analytics; data-driven; decision support systems; marketing analytics,LLC CPC Business Perspectives,scopus-ai,26,Thinking AI,"['Big Data', 'Artificial Intelligence', 'customer journey', 'data analytics', 'marketing performance', 'decision-making', 'customer profiling', 'promotion strategy', 'ad targeting', 'predictive analytics', 'customer relationship management']","The abstract discusses the integration of Big Data and AI in marketing, focusing on how these technologies can enhance decision-making and marketing performance. It emphasizes tasks like customer profiling, promotion strategy, ad targeting, and predictive analytics—all of which align with the strategic analysis and targeting aspects of Thinking AI. Additionally, the framework proposed is aimed at improving market analysis and decision systems, which is a hallmark of Thinking AI applications.",0%,0%,100%,0%,0%
Setting B2B digital marketing in artificial intelligence-based CRMs: A review and directions for future research,Saura J.R.; Ribeiro-Soriano D.; Palacios-Marqués D.,2021,10.1016/j.indmarman.2021.08.006,"The new business challenges in the B2B sector are determined by connected ecosystems, where data-driven decision making is crucial for successful strategies. At the same time, the use of digital marketing as a communication and sales channel has led to the need and use of Customer Relationship Management (CRM) systems to correctly manage company information. The understanding of B2B traditional Marketing strategies that use CRMs that work with Artificial Intelligence (AI) has been studied, however, research focused on the understanding and application of these technologies in B2B digital marketing is scarce. To cover this gap in the literature, this study develops a literature review on the main academic contributions in this area. To visualize the outcomes of the literature review, the results are then analyzed using a statistical approach known as Multiple Correspondence Analysis (MCA) under the homogeneity analysis of variance by means of alternating least squares (HOMALS) framework programmed in the R language. The research results classify the types of CRMs and their typologies and explore the main techniques and uses of AI-based CRMs in B2B digital marketing. In addition, a discussion, directions and propositions for future research are presented. © 2021 Elsevier Inc.",Artificial intelligence-based CRMs; B2B digital marketing; Multiple correspondence analysis; R,Elsevier Inc.,scopus-ai,168,Thinking AI,"['data-driven decision making', 'Customer Relationship Management (CRM)', 'digital marketing', 'B2B', 'AI-based CRMs', 'market analysis', 'techniques', 'typologies']","The abstract discusses the importance of data-driven decision making in B2B marketing, highlighting the role of AI-based CRMs in enhancing digital marketing strategies. The focus is on market analysis, the classification of CRMs, and exploring AI techniques, which aligns closely with the definitions under Thinking AI, particularly in terms of market analysis and targeting. There are no significant references to emotional understanding or automated processes that would suggest a classification under Feeling or Mechanical AI.",0%,20%,80%,0%,0%
Turning the blackbox into a glassbox: An explainable machine learning approach for understanding hospitality customer,Sharma R.; Kumar A.; Chuah C.,2021,10.1016/j.jjimei.2021.100050,"Travel and hospitality industry are adopting high end technology to reach out their customers. New levels of disruption are being introduced using Artificial Intelligence and Machine Learning techniques of research. In the realm of physical and tangible aspects of service, since this sector have vast amounts of data available application of these techniques are being tested to explore various aspect of the customer experience. Data analysis algorithms like machine learning have been used by firms across the world to analyze these data and understand various facets of customer experience. However, these algorithms suffer from blackbox issues where businesses do not know how the outcome was achieved and if the analysis is biased in some way. In this study, we utilize an explainable machine learning approach on Airbnb data to understand solve two challenges associated with large-scale marketing data. First, we identify and prioritize the customer experience factors like bedrooms, host status, host response rate etc. that have an impact on product pricing. Secondly, we build and test an explainable predictive model on the same. Our research has significant implications for academia and industry in identifying applications of explainable algorithms in decision-making. © 2021 The Author(s)",Artificial intelligence; Customer experience; Explainable AI; Machine learning; Tourism,Elsevier Ltd,scopus-ai,41,Thinking AI,"['customer experience', 'data analysis', 'predictive model', 'pricing', 'customer factors']","The abstract focuses on analyzing customer experience factors and building a predictive model to understand their impact on product pricing, which aligns well with the market analysis and targeting aspects of Thinking AI. It discusses the use of explainable machine learning to understand and prioritize factors that influence customer experience, which is a form of market analysis and strategic decision-making.",0%,0%,100%,0%,0%
The Future of Destination Marketing Organizations in the Insight Era,Huang A.; De la Mora Velasco E.; Haney A.; Alvarez S.,2022,10.3390/tourhosp3030049,"There has been a growing interest in examining the implementation of insight-era technologies (e.g., AI, social media) and big data for sustainable tourism development. However, actionable guidelines to promote a holistic adaptation and the effective functioning of destination marketing/management organizations (DMOs) in the increasingly data-infused world are still needed. This perspective paper posits a research-based framework that DMOs can use to become more responsive and efficient in their marketing and planning efforts in the current AI-infused world. Four propositions are presented to support DMOs’ transition to the insight-era: (a) DMOs’ organizational adaptations and workforce development and training, (b) active engagement with destinations’ stakeholders and data sharing, (c) leverage user-generated data and emergent technologies for destination marketing, and (d) DMOs’ data-driven decision making. © 2022 by the authors.",artificial intelligence; big data; data-driven decision-making; data-driven eco-systems; destination marketing organizations; insight Era; the Internet of Things,Multidisciplinary Digital Publishing Institute (MDPI),scopus-ai,9,Thinking AI,"['data-driven decision making', 'stakeholder engagement', 'user-generated data', 'destination marketing', 'organizational adaptations']","The abstract discusses the need for destination marketing/management organizations (DMOs) to adapt and leverage AI and big data for more effective marketing and planning. This aligns closely with the definitions of Thinking AI, particularly in the focus on market analysis, targeting, and data-driven decision making. The mention of leveraging user-generated data and stakeholder engagement indicates a strategic analysis of customer preferences and market positioning. There is less emphasis on emotional understanding or automation processes that would fit under Feeling or Mechanical AI.",10%,20%,70%,0%,0%
A Framework for Collaborative Artificial Intelligence in Marketing,Huang M.-H.; Rust R.T.,2022,10.1016/j.jretai.2021.03.001,"We develop a conceptual framework for collaborative artificial intelligence (AI) in marketing, providing systematic guidance for how human marketers and consumers can team up with AI, which has profound implications for retailing, which is the interface between marketers and consumers. Drawing from the multiple intelligences view that AI advances from mechanical, to thinking, to feeling intelligence (based on how difficult for AI to mimic human intelligences), the framework posits that collaboration between AI and HI (human marketers and consumers) can be achieved by 1) recognizing the respective strengths of AI and HI, 2) having lower-level AI augmenting higher-level HI, and 3) moving HI to a higher intelligence level when AI automates the lower level. Implications for marketers, consumers, and researchers are derived. Marketers should optimize the mix and timing of AI-HI marketing team, consumers should understand the complementarity between AI and HI strengths for informed consumption decisions, and researchers can investigate innovative approaches to and boundary conditions of collaborative intelligence. © 2021 New York University",Artificial intelligence; Augmentation; Collaborative AI; Collaborative intelligence; Replacement,Elsevier Ltd,scopus-ai,168,Feeling AI,"['collaborative artificial intelligence', 'human marketers', 'consumers', 'complementarity', 'emotional needs', 'customer engagement']","The abstract discusses a framework for collaboration between AI and human intelligence (HI) in marketing, emphasizing the importance of understanding emotional needs and the relational aspects of marketing. It highlights how AI can augment human capabilities and improve customer engagement, which aligns closely with the objectives of Feeling AI, such as understanding existing and potential customer needs and wants, and tailoring communication based on emotional preferences.",60%,20%,15%,0%,5%
AI voice bots: a services marketing research agenda,Klaus P.; Zaichkowsky J.,2020,10.1108/JSM-01-2019-0043,"Purpose: This paper aims to document how AI has changed the way consumers make decisions and propose how that change impacts services marketing, service research and service management. Design/methodology/approach: A review of the literature, documentation of sales and customer service experiences support the evolution of bot-driven consumer decision-making, proposing the bot-driven service platform as a key component of the service experience. Findings: Today the focus is on convenience, the less time and effort, the better. The authors propose that AI has taken convenience to a new level for consumers. By using bots as their service of choice, consumers outsource their decisions to algorithms, hence give little attention to traditional consumer decision-making models and brand emphasis. At the moment, this is especially true for low involvement types of decisions, but high involvement decisions are on the cusp of delegating to AI. Therefore, management needs to change how they view consumers’ decision-making-processes and how services are being managed. Research limitations/implications: In an AI-convenience driven service economy, the emphasis needs to be on search ranking or warehouse stock, rather than the traditional drivers of brand values such as service quality. Customer experience management will shift from interaction with products and services toward interactions with new service platforms such as AI, bots. Hence, service marketing, as the authors know it might be in decline and be replaced by an efficient complex attribute computer decision-making model. Originality/value: The change in consumer behavior leads to a change in the service marketing approach needed in the world of AI. The bot, the new service platform is now in charge of search and choice for many purchase situations. © 2020, Emerald Publishing Limited.",Artificial Intelligence; Big data; Bots; Consumer decision-making; Customer experience; Customer service; Robotics; Service experience; Service platforms; Service strategy; Services marketing,Emerald Group Holdings Ltd.,scopus-ai,105,Feeling AI,"['consumer decision-making', 'service experience', 'customer experience management', 'interactions with new service platforms', 'AI convenience']","The abstract discusses how AI, particularly through bots, influences consumer decision-making and the customer experience. It emphasizes the emotional aspect of convenience and how consumers are increasingly relying on AI for low-involvement decisions, which relates directly to understanding and meeting customer needs. The focus on interactions with AI as a service platform also aligns with the relationalization aspect of Feeling AI, as it suggests an emotional connection and engagement with the service provided by AI.",60%,25%,10%,0%,5%
How to Build an AI Climate-Driven Service Analytics Capability for Innovation and Performance in Industrial Markets?,Akter S.; Wamba S.F.; Mariani M.; Hani U.,2021,10.1016/j.indmarman.2021.07.014,"AI climate-driven service analytics capability has been anecdotally argued as a viable strategy to enhance service innovation and market performance in B2B markets. While AI climate refers to the shared perceptions of policies, procedures, and practices to support AI initiatives, cognitive service analytics capability refers to the analytical insights driven by AI climate and augmented by both machines and humans to make marketing decisions. However, there is limited knowledge on the antecedents of such analytics capabilities and their overall effects on service innovation and market performance. Drawing on service analytics literature and the microfoundations of dynamic capability theory, this study fills this research gap using in-depth interviews (n = 30) and a survey (n = 276) of service analytics managers within the AI climate in Australia. The findings confirm the five microfoundations of cognitive service analytics capabilities (cognitive technology, cognitive information, cognitive problem solving, cognitive knowledge & skills, cognitive training & development). The findings also highlight the significant mediating effect of service innovation in the relationship between analytics climate and market performance and cognitive service analytics capability and market performance. © 2021 Elsevier Inc.",AI climate; B2B markets; Cognitive service analytics capability; Market performance; Service innovation,Elsevier Inc.,scopus-ai,58,Thinking AI,"['service innovation', 'market performance', 'cognitive service analytics', 'analytics capability', 'market analysis', 'cognitive problem solving']","The abstract discusses the role of AI climate and cognitive service analytics capabilities in enhancing service innovation and market performance, indicating a strong focus on strategic analysis and market performance metrics. The findings emphasize market analysis through cognitive insights and their mediating effect on service innovation and market performance, aligning with the characteristics of Thinking AI.",0%,0%,100%,0%,0%
AI-Enabled Marketing Solutions in Marketing Decision Making: AI Application in Different Stages of Marketing Process,Ljepava N.,2022,10.18421/TEM113-40,"The digital transformation led by disruptive technologies can help organizations address numerous challenges and deliver better customer value through innovative technologies in all business areas. Artificial intelligence (AI) is finding its application in various business disciplines and is expected to be one of the most important technological tools used in marketing in the years to come. The paper addresses the expected role of artificial intelligence solutions in marketing decision-making throughout the five steps of the marketing process. The study provides a systematic review of the research articles addressing the application of AI for marketing decision-making published in the period from 2020 to 2022. Identified applications are then mapped to five steps of the marketing process: analysis, strategy, tactics, customer relations, and value proposition creation. The findings indicate that most of the current AI applications are utilized in the first stage of the marketing process related to understanding and predicting customer behaviour and in the tactical stage of creating a marketing mix. The paper concludes with recommendations for marketing practitioners and recommendations for further research. © 2022 Nikolina Ljepava; published by UIKTEN.",Ai marketing; Decision-making; Machine learning; Marketing process,UIKTEN - Association for Information Communication Technology Education and Science,scopus-ai,20,Thinking AI,"['artificial intelligence', 'marketing decision-making', 'customer behaviour', 'marketing process', 'analysis', 'strategy', 'tactics', 'customer relations', 'value proposition']","The abstract discusses the application of AI within the marketing decision-making process, particularly focusing on understanding and predicting customer behavior, which aligns with market analysis and targeting. It emphasizes the systematic review of AI applications across the marketing process, indicating analytical and strategic functions rather than purely emotional or mechanical aspects.",10%,20%,70%,0%,0%
Framing the communication: The effectiveness of price promotion in the Cash&Carry format; [La comunicazione del pricing di breve e di lungo periodo ai fini della costruzione dell’immagine di convenienza nel Cash&Carry],Cristini G.; Cardinali M.G.; Grandi B.,2019,10.1431/93966,"Understanding how to increase satisfaction and loyalty is of interest to retailers since it has been demonstrated that loyal customers are more profitable than non-loyal ones. The extant literature demonstrated that marketing mix components can affect the satisfaction and loyalty to the retailer. These levers can be divided into two groups: micro (price differentiation, fidelity cards) and macro (price, assortment, private label, services) levers. Among macro ones, price seems to be the most important variable able to influence the selection of a retailer, the level of satisfaction and loyalty. However, customers are not able to judge the real value for money, so it is very important to analyze the perceived price image and to identify the variables on which it depends on. Previous studies have demonstrated that our perceptions, judgments and even preferences are influenced by the way decision problems are framed, so how pricing strategies are communicated is a critical element. This is true, not only for companies that face with final customers but also for wholesalers and, specifically, for Cash and Carry wholesalers, which face with final customers, restaurants and retailers. But, if on one hand, price communication has been deeply investigated in the retailing sector, the same cannot be said for what concerns wholesalers and, in particular, Cash and Carry format. For these reasons, the present work aims to analyze the impact of different ways of price communication can affect customers’ satisfaction and loyalty in the Cash and Carry format, through focus groups methodology, given the novelty of the topic. Findings could help wholesalers to more optimally communicate price promotions in order to better meet the needs of different types of customers and increase the level of satisfaction. © 2019 Societa Editrice Il Mulino. All rights reserved.",cash and carry; communication; framing; price promotion; Wholesaler,Societa Editrice Il Mulino,scopus-ai,0,Feeling AI,"['customer satisfaction', 'loyalty', 'price communication', 'perceived price image', 'decision problems', 'customer needs']","The abstract discusses the importance of understanding customer satisfaction and loyalty, especially in relation to how pricing strategies are communicated, which aligns with the Feeling AI category. The focus on customer perceptions, emotional responses to price communication, and the need to tailor approaches to different types of customers indicates a strong connection to understanding and meeting emotional needs.",70%,10%,20%,0%,0%
"A theory of multiformat communication: mechanisms, dynamics, and strategies",Moffett J.W.; Folse J.A.G.; Palmatier R.W.,2021,10.1007/s11747-020-00750-2,"Extant communication theories predate the explosion of digital formats and technological advances such as virtual reality, which likely explains their predominant focus on traditional and format-level (e.g., face-to-face, email) rather than digital or characteristic-level (e.g., visual cues, synchronicity) design decisions. Firms thus lack insights into how to create and use emerging digital formats, individually or synergistically. To establish a holistic framework of bilateral multiformat communication for relationship marketing, this article reviews communication theory to establish a foundation for understanding multiformat communication and to identify any gaps (e.g., AI agents, simulated cues). The authors then review bilateral communication research in light of the identified theoretical gaps, to inform their framework. Finally, by decomposing these formats according to six fundamental characteristics, they predict how each characteristic might promote effective, efficient, and experiential communication goals, in light of distinct message, temporal, and dyadic factors. Ultimately, these combined insights reveal an overarching framework, with characteristic-level propositions grouped into five key themes, that can serve as a platform for academics and managers to develop multiformat communication theory and relationship strategies. © 2020, Academy of Marketing Science.",Communication strategy; Multichannel communication; Multiformat communication; Online relationships; Simulated cues,Springer,scopus-ai,50,Feeling AI,"['bilateral communication', 'relationship marketing', 'customer emotional needs', 'effective communication', 'experiential communication']","The abstract discusses the development of a framework for multiformat communication in relationship marketing, emphasizing the need to understand customer emotional needs and preferences. This aligns closely with the 'Feeling AI' category, which focuses on customer understanding, relationalization, and tailoring communication to emotional preferences. The attention to effective, efficient, and experiential communication goals further supports this classification.",60%,10%,20%,0%,10%
Intelligent purchasing: How artificial intelligence can redefine the purchasing function,Allal-Chérif O.; Simón-Moya V.; Ballester A.C.C.,2021,10.1016/j.jbusres.2020.11.050,"Artificial intelligence (AI) can affect all of a company's functions, not least the purchasing department. In addition to automating and optimizing existing processes, AI opens up new opportunities for purchasers to undertake new, strategic, collaborative, enduring missions. AI enables complex, strategic decision-making in an unpredictable, hostile environment. This article analyzes to what extent AI can improve the performance of the purchasing department. First, a review is undertaken of how AI is used in purchasing. Thereafter, the research follows an exploratory, inductive, and qualitative approach based on a multiple case study of the following technologies: (1) the Synertrade automated international purchasing system; (2) the Silex matching system; (3) SAP Ariba decision support; (4) Jaggaer supplier relations management; and (5) the Ideapoke collaborative ideation and innovative project management platform. The present study's contributions lie in its redefinition of the purchasing function, of the purchaser's role, of supplier relationship management policy, and of interdepartmental collaboration, involving, for example, Marketing and R&D. © 2020 Elsevier Inc.",Artificial intelligence; Collaborative project management; Decision-making; Machine learning; Matching systems; Purchasing function,Elsevier Inc.,scopus-ai,100,Out of Scope,"['artificial intelligence', 'purchasing department', 'strategic decision-making', 'supplier relationship management', 'interdepartmental collaboration']","The abstract discusses the impact of AI on the purchasing department and highlights technologies that enhance purchasing functions, rather than focusing on marketing applications like customer personalization or market analysis. The AI applications mentioned are primarily related to procurement and supplier management, which do not fit within marketing-focused AI categories.",0%,0%,0%,100%,0%
Letting the computers take over: Using Ai to solve marketing problems,Overgoor G.; Chica M.; Rand W.; Weishampel A.,2019,10.1177/0008125619859318,"Artificial intelligence (AI) has proven to be useful in many applications from automating cars to providing customer service responses. However, though many firms want to take advantage of AI to improve marketing, they lack a process by which to execute a Marketing AI project. This article discusses the use of AI to provide support for marketing decisions. Based on the established Cross-Industry Standard Process for Data Mining (CRISP-DM) framework, it creates a process for managers to use when executing a Marketing AI project and discusses issues that might arise. It explores how this framework was used to develop three cutting-edge Marketing AI applications. © The Regents of the University of California 2019.",Analytics; Artificial intelligence; Marketing; Social media; Social networks,SAGE Publications Ltd,scopus-ai,107,Thinking AI,"['artificial intelligence', 'marketing decisions', 'marketing AI project', 'CRISP-DM framework', 'market analysis']","The abstract discusses the use of AI to support marketing decisions and mentions the development of a process for executing Marketing AI projects. This aligns with the focus on market analysis and targeting within the Thinking AI category, as it emphasizes the strategic application of AI in marketing. The reference to using the CRISP-DM framework further supports the analytical aspect of the project.",0%,30%,70%,0%,0%
Artificial intelligence marketing (AIM): connecting-the-dots using bibliometrics,Anayat S.; Rasool G.,2022,10.1080/10696679.2022.2103435,"This study provides a detailed bibliometric analysis of AI in marketing by analyzing 328 existing studies using performance analysis and science mapping. Prominent topics in the field found through science mapping are AI for data analytics; AI for decision-making; AI for digital behavior; AI for consumer service; AI for predictive analysis; AI for design thinking; Value Co-creation through AI; AI for marketing automation, and managing negative side of AI. Furthermore, based on gaps found during science mapping and literature review, this study also asserts pertinent questions that could facilitate future research on the role of AI in marketing. © 2022 Taylor & Francis Group, LLC.",,Routledge,scopus-ai,22,Thinking AI,"['AI for data analytics', 'AI for decision-making', 'AI for digital behavior', 'AI for predictive analysis', 'AI for marketing automation']","The abstract discusses various applications of AI in marketing, focusing on data analytics, decision-making, and predictive analysis, which align with the strategic analysis and targeting aspects of Thinking AI. The identified topics emphasize the importance of market analysis and decision-making processes facilitated by AI, indicating a strong relevance to the Thinking AI category.",10%,20%,60%,0%,10%
A value based approach to management,Kothari A.; Lackner J.,2006,10.1108/08858620610672614,"Purpose: The paper aims to present a three-step approach that enables companies to define and quantify what customers value, systematically deploy their resources to deliver greater value than the competition, and capture a greater share of the value delivered to customers. Design/methodology/approach: Each of the three the three steps in the value creation cycle is examined, and the tools and approaches that leading companies use to maximize shareholder wealth are outlined. Findings: A customer-value based approach to management can help companies instill a fact-based decision-making process in the enterprise. This promotes faster growth through differentiated customer investment. It ensures that the highest return initiatives are prioritized. Enterprises using this disciplined three-step approach will be well positioned to better understand value potential, creating value, delivering value, and managing their market position to maximize the value they capture. Originality/value: Mastering the value cycle enables enterprises to win in both the customer markets and the financial markets. In short, it leads them to long-term profitable growth. Take the example of a commercial printer which had traditionally played in the procure and produce step of the print value chain associated with retail inserts. Retail inserts are one of the primary demand generation vehicles for retailers, who use these to drive store traffic. One retailer saw their store traffic drop by 20 percent over a one-month period after they decided to stop printing inserts. In this value chain print was fast becoming a commodity and, like its competitors, the company was looking for growth strategy amidst declining margins. An analysis of the value chain (see Table AI) revealed that while the print component of the value chain was fast being commoditized, value was pooling at the front of the value chain with the players who delivered the insert to the end customers. The pain experienced by the retailers was so high that they committed to co-developing a solution that would introduce a discontinuity in the value chain and redirect the pooling of value back to other participants of the value chain. The printer managed to escape the commodity trap and position itself towards profitable growth. Ashish Kothari is a Principal with Charter Consulting. Mr Kothari has over nine years of consulting experience advising Fortune 500 C-Level executives in the arenas of strategy, process and technology. During this time, Mr Kothari has helped companies in a range of industries (software, telecommunications, petrochemicals, consumer business, and logistics) improve their sales and marketing effectiveness, develop market entry strategies into new verticals and geographies, develop and commercialize new products, and improve their new product development processes. Mr Kothari earned an MBA in Strategy, Finance and Organizational design from the University of Chicago Graduate School of Business. Mr Kothari also has his undergraduate and Master's degree in Chemical Engineering from the Indian Institute of Technology, Mumbai. Ashish Kothari is the corresponding author and can be contacted at: akothari± charterconsult.com Joseph Lackner is a Principal with Charter Consulting. Mr Lackner has over ten years of consulting and marketing experience, with a focus on helping customers leverage market insights to improve their competitive performance. Mr Lackner leverages his deep experience in large scale, global market research design and analysis to help his clients drive the insights that allow them to strengthen their market offerings. Mr Lackner earned a BA in Psychology from the University of Chicago. Mr Lackner is a member of the American Marketing Association, the Product Development Management Association, and the Strategic Management Society. © Emerald Group Publishing Limited.",Business development; Customers; Shareholders; Value added,,scopus-ai,32,Thinking AI,"['customer value', 'value creation cycle', 'market analysis', 'competitive advantages', 'decision-making', 'prioritization', 'differentiated customer investment']","The abstract emphasizes a three-step approach to understanding and maximizing customer value which relates closely to market analysis and strategic decision-making. It discusses how companies can leverage a customer-value based management approach to prioritize initiatives for higher returns, aligning well with the 'Thinking AI' category that focuses on market analysis and targeting. The concepts of defining and quantifying customer value, deploying resources effectively, and analyzing competitive advantages are central to the framework presented, indicating a strong alignment with 'Thinking AI'.",0%,0%,100%,0%,0%
An efficient smart data mining framework based cloud internet of things for developing artificial intelligence of marketing information analysis,Liu Y.; Alzahrani I.R.; Jaleel R.A.; Sulaie S.A.,2023,10.1016/j.ipm.2022.103121,"Because of the big volume of marketing data, a human analyst would be unable to uncover any useful information for marketing that could aid in the process of making decision. Smart Data Mining (SDM), which is considered an important field from Artificial Intelligence (AI) is completely assisting in the performance business management analytics and marketing information. In this study, most reliable six algorithms in SDM are applied; Naïve Bayes (NB), Logistic Regression (LR), Random Forest (RF), Support Vector Machine (SVM), ID3, and C4.5 on actual data of marketing for bank that taken from Cloud Internet of Thing (CIoT). The objectives of this study are to build an efficient framework to increase campaign of marketing for banks by identifying main characteristics that affect a success and to test the performance of CIoT and SDM algorithms. This study is expected to enhance the scientific contributions to investigating the marketing information capacities by integrating SDM with CIoT. The performances of SDM algorithms are calculated by eight measures; accuracy, balance accuracy, precision, mean absolute error, root mean absolute error, recall, F1- Score and running time. The experimental findings show that the proposed framework is successful, with higher accuracies and good performance. Results revealed that customer service & marketing tactics are essential for a Company’ success & survival. Also, the C4.5 has accomplished better achievement than the SVM, RF, LR, NB, & ID3. At the end, CIoT Platform was evaluated by response time, request rate & processing of bank data. © 2022 Elsevier Ltd",Analysis; Artificial intelligence (AI); CIoT; Data of bank; Marketing; SDM,Elsevier Ltd,scopus-ai,29,Thinking AI,"['Smart Data Mining', 'marketing information', 'performance business management analytics', 'campaign of marketing', 'customer service & marketing tactics', 'C4.5', 'accuracy', 'precision', 'recall', 'F1-Score']","The abstract focuses on using Smart Data Mining (SDM) algorithms to analyze marketing data for banks, aiming to enhance marketing campaigns and identify key characteristics that contribute to success. This aligns with the 'Thinking AI' category, which emphasizes market analysis, targeting, and the use of analytical methods to derive insights from data. The study's goal of improving marketing strategies through analytics indicates a strategic analysis rather than emotional or mechanical processes.",0%,20%,80%,0%,0%
Impact of the new middle class on consumer behavior: a case study of Delhi-NCR,Chaudhary A.; Khatoon S.,2022,10.1108/JABES-07-2020-0080,"Purpose: The paper examines the increase in annual income of the new middle-class (The NMC) of Delhi-NCR and its impact on their investment habits, consumption habits and lifestyle. The paper aims to look into the transformation of the new middle-class into the NMC in emerging economies and its potential to the companies and investors. Design/methodology/approach: This study draws insight from 558 new middle-class consumers in Delhi-NCR. ANOVA, post hoc tests, and hierarchical multiple linear regression model are applied to test the proposed hypotheses. Findings: The NMC living in India's megacities imitates the lifestyle of their counterparts living in the West. To maintain their status and present themselves different from those living in middle or lower-middle-class categories, they spend audaciously, even though the income is low. When they enter the new middle class, their consumption, saving and lifestyle diversify positively. Research limitations/implications: This study has limitations. First, the authors do not apply any behavioral theory or marketing model such as the theory of reasoned action (TRA), Engel-kollat-Blackwell (EKB) model or theory of normative model of target markets. Second, the research is limited to the NMC of only one emerging economy, i.e., India. Third, the research sample is limited to only one megacity of India, i.e., Delhi. Finally, this research used only one factor, i.e., AI, to study the consumption pattern. Practical implications: The results suggest that considering the buying habits and lifestyle of Indian the NMC, consumers would prove helpful to the companies in product decision-making. Furthermore, understanding change in investment habits across different income levels would be advantageous to financial institutions, investment planners and marketers while designing their products to attract investment. Originality/value: The research holds significance from the point of view of understanding Indian consumers encompassing the the NMC and predicting their implications on consumer goods-producing industries, which shall, in turn, facilitate producers and government in formulating policies and strategies. © 2021, Asiya Chaudhary and Sabiha Khatoon.",Annual income (AI); Buying/ spending habits (B/SH); Consumer behavior (CB); Investment habits (IH); Lifestyle (LS); Middle class (MC); New middle class (NMC),Emerald Group Holdings Ltd.,scopus-ai,1,Thinking AI,"['investment habits', 'consumption habits', 'lifestyle', 'market analysis', 'target markets']","The abstract discusses the changing investment and consumption habits of the new middle-class in Delhi-NCR, which aligns with market analysis, particularly in understanding how income impacts consumer behavior and investment strategies. The findings suggest insights that could be useful for companies and financial institutions in product decision-making and targeting strategies, indicating a strong focus on market analysis and targeting rather than mechanical or emotional aspects.",0%,0%,100%,0%,0%
Applying the Hunt Vitell ethics model to artificial intelligence ethics,Ferrell O.C.; Ferrell L.,2021,10.1080/21639159.2020.1785918,"The Hunt-Vitell (H-V) model of marketing ethics has been validated over the last 30 years. The model explains how people make ethical decisions. Artificial intelligence (AI), involving machine learning, is replacing humans and making decisions based on algorithms or rules developed by programmers. The challenge is how to program the ethical component of AI decisions normally provided by humans. H-V is a descriptive model that can be applied to making AI ethical decisions. A blueprint and revised H-V model is developed as a guide to implementing AI ethics. © 2021 Korean Scholars of Marketing Science.",Artificial intelligence ethics; business ethics; ethical evaluations; Hunt Vitell ethics model; machine learning,Taylor and Francis Ltd.,scopus-ai,15,Thinking AI,"['ethical decisions', 'AI ethics', 'H-V model', 'algorithm', 'programming']","The abstract discusses the application of the Hunt-Vitell model to ethical decision-making in AI, highlighting how algorithms make decisions traditionally made by humans. This aligns closely with market analysis and strategic targeting in marketing, as the article focuses on the ethics behind AI decision-making related to marketing practices. It does not primarily focus on emotional understanding or automated processes, which are characteristic of Feeling AI and Mechanical AI respectively.",10%,15%,70%,0%,5%
Machine learning and AI in marketing – Connecting computing power to human insights,Ma L.; Sun B.,2020,10.1016/j.ijresmar.2020.04.005,"Artificial intelligence (AI) agents driven by machine learning algorithms are rapidly transforming the business world, generating heightened interest from researchers. In this paper, we review and call for marketing research to leverage machine learning methods. We provide an overview of common machine learning tasks and methods, and compare them with statistical and econometric methods that marketing researchers traditionally use. We argue that machine learning methods can process large-scale and unstructured data, and have flexible model structures that yield strong predictive performance. Meanwhile, such methods may lack model transparency and interpretability. We discuss salient AI-driven industry trends and practices, and review the still nascent academic marketing literature which uses machine learning methods. More importantly, we present a unified conceptual framework and a multi-faceted research agenda. From five key aspects of empirical marketing research: method, data, usage, issue, and theory, we propose a number of research priorities, including extending machine learning methods and using them as core components in marketing research, using the methods to extract insights from large-scale unstructured, tracking, and network data, using them in transparent fashions for descriptive, causal, and prescriptive analyses, using them to map out customer purchase journeys and develop decision-support capabilities, and connecting the methods to human insights and marketing theories. Opportunities abound for machine learning methods in marketing, and we hope our multi-faceted research agenda will inspire more work in this exciting area. © 2020 Elsevier B.V.",Artificial intelligence (AI); Big data; Digital marketing; Interpretation; Machine learning; Marketing theory; Network; Prediction; Tracking data; Unstructured data,Elsevier B.V.,scopus-ai,330,Thinking AI,"['machine learning', 'market research', 'predictive performance', 'data analysis', 'customer purchase journeys']","The abstract emphasizes the application of machine learning methods in marketing research, particularly focusing on analyzing large-scale and unstructured data to extract insights and improve predictive performance. It discusses opportunities for using these methods in empirical marketing research, which aligns closely with the definitions under 'Thinking AI' that focus on market analysis and strategic targeting.",0%,25%,75%,0%,0%
An appreciative inquiry into the first export order,Crick D.; Crick J.,2016,10.1108/QMR-01-2015-0001,"Purpose – This study aims to report on an investigation into decision-making leading to a UK firm’s first export order. It demonstrates the application of appreciative inquiry (AI) as an underutilised research method in marketing investigations. Design/methodology/approach – An AI research approach was undertaken in a firm that had not started exporting at the commencement of the study whereby the interventionist approach allowed the management team to overcome negative perceptions in their decision-making. From a research perspective, marketing decision-making could be understood in real time as opposed to in hindsight. Findings – While the key decision-maker is likely to be the owner/manager in small newly internationalising firms, a variety of factors will affect the decision to start exporting including the influence of the management team. In particular, the management team’s perceptions towards a combination of effectuation- and causation-based decision-making where risk/reward considerations in exploiting various international marketing opportunities are undertaken in light of perceived affordable losses, as well as against evolving objectives. Originality/value – The contribution is to demonstrate the AI methodology, which to date has received attention in management domains other than marketing; it offers an interventionist approach to help managers overcome barriers and move positively forward in decision-making. It offers researchers an opportunity to understand marketing decision-making in real time. © 2016, Emerald Group Publishing Limited.",Appreciative inquiry; Export; Internationalisation; Marketing,Emerald Group Publishing Ltd.,scopus-ai,33,Feeling AI,"['decision-making', 'management team', 'perceptions', 'risk/reward considerations', 'customer engagement']",The abstract discusses how the management team of a UK firm utilized appreciative inquiry to overcome negative perceptions in their decision-making process regarding their first export order. This relates closely to the 'Feeling AI' category as it emphasizes understanding and addressing emotional factors that influence customer engagement and management decision-making. The study's focus on the perceptions and emotional dynamics within the management team aligns well with the idea of understanding customer emotional needs and wants.,70%,0%,30%,0%,0%
Influence of artificial intelligence (AI) on firm performance: the business value of AI-based transformation projects,Wamba-Taguimdje S.-L.; Fosso Wamba S.; Kala Kamdjoug J.R.; Tchatchouang Wanko C.E.,2020,10.1108/BPMJ-10-2019-0411,"Purpose: The main purpose of our study is to analyze the influence of Artificial Intelligence (AI) on firm performance, notably by building on the business value of AI-based transformation projects. This study was conducted using a four-step sequential approach: (1) analysis of AI and AI concepts/technologies; (2) in-depth exploration of case studies from a great number of industrial sectors; (3) data collection from the databases (websites) of AI-based solution providers; and (4) a review of AI literature to identify their impact on the performance of organizations while highlighting the business value of AI-enabled projects transformation within organizations. Design/methodology/approach: This study has called on the theory of IT capabilities to seize the influence of AI business value on firm performance (at the organizational and process levels). The research process (responding to the research question, making discussions, interpretations and comparisons, and formulating recommendations) was based on a review of 500 case studies from IBM, AWS, Cloudera, Nvidia, Conversica, Universal Robots websites, etc. Studying the influence of AI on the performance of organizations, and more specifically, of the business value of such organizations’ AI-enabled transformation projects, required us to make an archival data analysis following the three steps, namely the conceptual phase, the refinement and development phase, and the assessment phase. Findings: AI covers a wide range of technologies, including machine translation, chatbots and self-learning algorithms, all of which can allow individuals to better understand their environment and act accordingly. Organizations have been adopting AI technological innovations with a view to adapting to or disrupting their ecosystem while developing and optimizing their strategic and competitive advantages. AI fully expresses its potential through its ability to optimize existing processes and improve automation, information and transformation effects, but also to detect, predict and interact with humans. Thus, the results of our study have highlighted such AI benefits in organizations, and more specifically, its ability to improve on performance at both the organizational (financial, marketing and administrative) and process levels. By building on these AI attributes, organizations can, therefore, enhance the business value of their transformed projects. The same results also showed that organizations achieve performance through AI capabilities only when they use their features/technologies to reconfigure their processes. Research limitations/implications: AI obviously influences the way businesses are done today. Therefore, practitioners and researchers need to consider AI as a valuable support or even a pilot for a new business model. For the purpose of our study, we adopted a research framework geared toward a more inclusive and comprehensive approach so as to better account for the intangible benefits of AI within organizations. In terms of interest, this study nurtures a scientific interest, which aims at proposing a model for analyzing the influence of AI on the performance of organizations, and at the same time, filling the associated gap in the literature. As for the managerial interest, our study aims to provide managers with elements to be reconfigured or added in order to take advantage of the full benefits of AI, and therefore improve organizations’ performance, the profitability of their investments in AI transformation projects, and some competitive advantage. This study also allows managers to consider AI not as a single technology but as a set/combination of several different configurations of IT in the various company’s business areas because multiple key elements must be brought together to ensure the success of AI: data, talent mix, domain knowledge, key decisions, external partnerships and scalable infrastructure. Originality/value: This article analyses case studies on the reuse of secondary data from AI deployment reports in organizations. The transformation of projects based on the use of AI focuses mainly on business process innovations and indirectly on those occurring at the organizational level. Thus, 500 case studies are being examined to provide significant and tangible evidence about the business value of AI-based projects and the impact of AI on firm performance. More specifically, this article, through these case studies, exposes the influence of AI at both the organizational and process performance levels, while considering it not as a single technology but as a set/combination of the several different configurations of IT in various industries. © 2020, Emerald Publishing Limited.",Artificial intelligence; Business value; Cases studies; Firm performance; Process innovation,Emerald Group Holdings Ltd.,scopus-ai,474,Thinking AI,"['AI', 'firm performance', 'business value', 'transformation', 'competitive advantages', 'process optimization', 'organizational performance']","The abstract discusses the influence of AI on firm performance, focusing on the business value of AI-enabled transformation projects. It emphasizes market analysis, competitive advantages, and the optimization of processes, which aligns well with the definitions and examples provided under Thinking AI. The study highlights how organizations can enhance their performance through strategic use of AI technologies, which fits the market analysis and targeting aspects of Thinking AI.",0%,0%,100%,0%,0%
AI based decision making: combining strategies to improve operational performance,Al-Surmi A.; Bashiri M.; Koliousis I.,2022,10.1080/00207543.2021.1966540,"This study investigates the strategic alignment between marketing and information technology (IT) strategies and provides production and operations decision makers a model for improving operational performance. Based on a comprehensive literature review, the combined strategies were used to develop a novel decision-making framework. The hypothesised relationships of an SEM model are validated with data collected from 242 managers from various industries. An artificial intelligence (AI)–based method is developed using artificial neural networks (ANN) feeding into a decision-making framework which explores the optimality of the combined strategies. The results indicate that (a) IT strategy is positively mediated by marketing strategy on performance and (b) the organisational structure moderates the mediation of marketing strategy on performance. The analysis confirms that the extracted strategies based on the proposed framework have superior performance compared to existing strategies. This paper contributes to the literature by conceptualising and empirically testing the mediation role of marketing strategy on IT strategy, performance and operational decision-making. The use of a novel three-phase decision-making framework which uses AI processes improves operational efficiency, increases insights and enhances the decision accuracy of complex problems at the strategic level in industries such as manufacturing. It could help operations executives to apply effective decisions. © 2021 The Author(s). Published by Informa UK Limited, trading as Taylor & Francis Group.",AI based decision making; neural network; operational strategies; optimal strategy selection; SEM,Taylor and Francis Ltd.,scopus-ai,55,Thinking AI,"['strategic alignment', 'marketing strategy', 'information technology strategy', 'operational performance', 'decision-making framework', 'artificial intelligence', 'artificial neural networks', 'performance', 'organizational structure']","The abstract discusses the alignment of marketing and IT strategies to improve operational performance, indicating a focus on market analysis and decision-making frameworks that utilize AI. The use of artificial neural networks for optimal decision-making aligns with the 'Thinking AI' category, which emphasizes market analysis, targeting, and improving performance through strategic insights.",0%,0%,100%,0%,0%
Does marketing analytics capability boost firms' competitive marketing performance in data-rich business environment?,Rahman M.S.; Hossain M.A.; Abdel Fattah F.A.M.,2022,10.1108/JEIM-05-2020-0185,"Purpose: Few well-documented studies have explained the importance of researching firms' marketing analytics capability (FMAC). In spite of its significance, there is scant attention to conceptualising and empirically investigating FMAC and its consequences in a data-driven business context. Thus, this study aims to develop and test a conceptual model that relates FMAC and its repercussions in the data-rich business environment. Design/methodology/approach: This study analysed the data from 250 managers amongst large and medium-sized manufacturing and service-intensive firms. Furthermore, this research performed an empirical study by using operationalised questionnaire survey method to verify the hypotheses and reach its theoretical and managerial implications. Structural equation modelling with maximum-likelihood estimation method was applied to verify the validity of the proposed research model. Findings: Multivariate analysis results show that FMAC significantly influences firms' competitive marketing performance (FCMP) with the presence of holistic marketing decision-making (HMDM) as a mediator. Moreover, adoption of artificial intelligence (AAI) enhances the relationship of FMAC-HMDM and FMAC-FCMP linkages. Practical implications: This study analyses how FMAC can enhance FCMP and contributes to resource-based views and technological capability theories. From a managerial perspective, guidelines are provided for marketers to adopt advance technologies, such as AI, to optimise FMAC and HMDM to achieve competitive marketing performance. Originality/value: Believing that “how to be competitive in marketing performance under data-rich-environment”, this research is the first to use the data of a firm manager to facilitate the understanding of FMAC, which provides a new direction for improving marketing performance. In addition, HMDM and AAI are also proposed for firms to optimise FCMP. © 2021, Emerald Publishing Limited.",Artificial intelligence; Competitive marketing performance; Holistic marketing decision; Marketing analytics capability,Emerald Group Holdings Ltd.,scopus-ai,36,Thinking AI,"['marketing analytics capability', 'competitive marketing performance', 'holistic marketing decision-making', 'adoption of artificial intelligence', 'empirical study']","The abstract discusses the relationship between firms' marketing analytics capability (FMAC) and their competitive marketing performance (FCMP), emphasizing the importance of market analysis and decision-making in a data-driven environment. The mention of using artificial intelligence to enhance these relationships further aligns with the strategic analysis focus of Thinking AI.",0%,0%,100%,0%,0%
Virtual reality’s impact on destination visit intentions and the moderating role of amateur photography,Morrison A.M.; Bag S.; Mandal K.,2024,10.1108/TR-12-2022-0621,"Purpose: This paper aims to investigate the effects of virtual reality experiences (VREs) and emotions on holiday destination visit intentions by applying the stimulus-organism-response (S-O-R) framework. It also examined the role of amateur photography as a moderator in the relationship between VREs, emotions and visit intentions. Design/methodology/approach: Primary data were collected through a structured survey questionnaire administered in India, and structural equation modelling (SEM) was used to examine relationships among variables. The formal survey was preceded by a pilot study. The partial least squares-SEM product indicator technique was applied to measure the moderation effect of amateur photography. Findings: When people have high levels of positive emotions in the pre-travel stage with VRE participation, their intentions to visit destinations are stronger. Amateur photography moderated the relationships between user interactivity, memorable experiences, mental imagery and visit intentions. No significant moderating effect was found between emotional experiences and visit intentions. Practical implications: The results indicate that creators of virtual reality (VR) communications should concentrate on producing interactive and visually striking VR content, as the research found that VR experiences with tourism-related activities have a significant impact on potential visitor emotions. Therefore, VR producers should incorporate authentic and distinctive elements into contents, giving viewers realistic and trustworthy VR tourism experiences. Destination marketers should evoke emotions in people to increase motivations to visit the VR-presented places. Destination marketers should create VR content with hedonic elements, fostering a connection and desire to visit the destination presented in the VR. For example, destination marketers can enhance the sensory aspects of VR content with audio, video, haptics and artificial intelligence, encouraging people to be emotionally captivated and fully immersed. The findings indicate that amateur photography has a significant moderating effect on prospective tourists’ intentions to visit a place presented in VR. Thus, destination marketers are advised to provide photogenic and relevant content to users. By using amateur photography, destinations can market their attractions to potential visitors in a more interactive and relatable manner. Showcasing images taken by amateur photographers presents a genuine perspective of the offerings, thereby increasing visit intentions among prospective visitors. Additionally, amateur photography helps promote the destination in a positive light, emphasizing the attractions and other offerings, and this encourages potential visitors to consider the destination as a travel option, thereby increasing visit intentions. Encouraging amateur photographers to take and share images also increases their engagement with the destination, creating a sense of community and connection and ultimately driving visit intentions. Destination marketers should embrace VR tourism content as a means of promoting their destinations to potential customers by considering the three crucial elements of memorable experiences, emotional experiences and mental imagery. In essence, destination management organizations and other decision makers should develop complete VR communication plans that incorporate interactive and visually striking activities. This can be done by creating VR experiences for prospective tourists, which will enable them to pick their preferred destinations at the pre-travel stage. Through this approach, an effective destination marketing strategy can be established. Originality/value: This research has value in making several potential contributions to the tourism applications of VR. It is the first study to use and test the S-O-R framework to analyse tourist behaviour from the perspective of emotions generated by VR applications. The analysis focuses on India’s tourism market, which has not been explored much in the context of VR and from the perspective of a developing country. The research emphasizes the use of VR as a tool to understand tourist behaviour rather than just focusing on visit intentions. The findings provide valuable insights into the importance of VR in tourism. The knowledge generated will contribute to the understanding of the impact of VR experiences on emotions and visit intentions and the moderating effect of amateur photography. It has practical implications for destination marketers in developing effective marketing strategies that enhance tourists’ emotions and motivate visit intentions. © 2023, Emerald Publishing Limited.",Amateur photography; Emotional experiences; Holiday destinations; S-O-R framework; Structural equation modelling; Virtual reality experiences; Visit intentions,Emerald Publishing,scopus-artificial intelligence,15,Feeling AI,"['emotions', 'virtual reality experiences', 'visit intentions', 'amateur photography', 'customer engagement', 'memorable experiences']","The abstract focuses on the influence of emotions generated through virtual reality experiences on individuals' intentions to visit holiday destinations. This aligns with the 'Feeling AI' category, which emphasizes understanding customer emotions and their needs. Additionally, the involvement of amateur photography as a moderator in the emotional experience further indicates a relational approach to marketing, which seeks to connect with potential visitors on an emotional level. The findings suggest strategies for marketers to evoke emotions and create memorable experiences, reinforcing the classification into 'Feeling AI'.",70%,0%,30%,0%,0%
A study of user comment mining and new media marketing under multi-categorical evidence inference,Luo Y.,2024,10.1504/IJISD.2024.140844,"We study the construction of a new media sales review mining model based on convolutional neural network (CNN) review text recognition algorithm and artificial intelligence classification decision algorithm of evidence inference. A long and short term memory algorithm is introduced in the CNN model to extract the contextual meaning of the text, and the classification structure of evidence inference is used to carry out the text semantic reclassification of the model. The experimental results show that the support of evidence classification of the model is within the range of 0.77–0.79, and the correlation between evidence and classification is obvious. The classification accuracy is 0.947 and the recall rate is 0.728. Compared with other experimental algorithms, the classification accuracy and recall rate of the proposed algorithm are higher. The correlation experiments and validity experimental data prove that the CNN-ER model’s has high classification accuracy, stable algorithm computation and robustness in online sales user evaluation. © 2024 Inderscience Enterprises Ltd.",classification support; CNN; convolutional neural network; evidence inference algorithm; long and short-term memory algorithm; network sales; semantic recognition,Inderscience Publishers,scopus-artificial intelligence,0,Mechanical AI,"['CNN', 'review text recognition', 'classification accuracy', 'contextual meaning', 'evidence inference']","The abstract discusses a model that utilizes a convolutional neural network (CNN) for text recognition and classification in the context of media sales reviews. The focus on high classification accuracy and the use of algorithms to process text data aligns with the objectives of Mechanical AI, which pertains to data collection and segmentation. The emphasis on algorithmic performance and stability in user evaluations also supports this classification.",0%,80%,20%,0%,0%
"Influential Factors in the Decision to Pursue a Bachelor’s Degree in Computer Engineering and Artificial Intelligence at the School of Engineering and Technology, Walailak University",Kaewrat N.; Suwannarat K.,2024,10.55766/sjss-2-2024-273145,"Background and Objectives: University education is essential for empowering individuals and fostering economic, social, and intellectual growth. In Thailand, fair and competitive university admissions are ensured across 75 institutions by the Thai University Center Admission System (TCAS). At the same time, each individual’s decision to pursue higher education is influenced by the quality of program’s curriculum and academic reputation, along with geographical considerations and parental guidance. This study investigates factors influencing the decision to pursue a bachelor's degree in Computer Engineering and Artificial Intelligence (CEAI) at Walailak University, focusing in particular on their revised curriculum. Insights gained aim to enhance curriculum alignment, boost recruitment, and meet the diverse needs of students. Methodology: This study employed an exploratory approach, using descriptive statistics and multiple regression analysis. The population consisted of 126 students enrolled in the CEAI program at Walailak University in 2022. A sample of 96 participants were randomly selected and voluntarily completed an online questionnaire. The questionnaire, distributed via academic platforms and social media, elicited demographic information and explored factors influencing participants’ decision to pursue this degree. Main Results: The results showed that curriculum factors had the greatest impact on the decision to pursue the program, followed by financial factors, educational institution factors, and personal reasons. The t-test results indicated that gender impacted decision regarding course enrollment and the total monthly income of the family affected the decision as to whether or not to enroll at a particular institution. Discussions: This study revealed key factors influencing enrollment decisions for CEAI students at Walailak University. Curriculum relevance, faculty expertise, and financial considerations emerged as their primary concerns. Notably, female students valued curriculum aspects more highly than their male counterparts, yet they remain underrepresented, highlighting persistent gender stereotypes in engineering. Income-related differences significantly impacted perceptions of financial factors. To address these findings, we recommend: (1) curriculum-focused marketing emphasizing industry relevance, ( 2) targeted outreach to female students, (3) expanded financial support and transparency, and ( 4) enhanced public relations leveraging social media and outreach programs. These strategies aim to create a more diverse and inclusive program, aligning with global trends in STEM education and workforce development. Conclusions: The study reveals that curriculum factors, particularly job market relevance and faculty expertise, are most important to students in Walailak University's CEAI program. Gender and income related differences significantly influence student perspectives. These insights can help improve program quality, develop targeted admission strategies, and better serve diverse student needs. © 2024, Suranaree University of Technology. All rights reserved.",admission; bachelor’s degree; continue to study; decision making; engineering,Suranaree University of Technology,scopus-artificial intelligence,0,Thinking AI,"['curriculum factors', 'financial factors', 'educational institution factors', 'personal reasons', 'market relevance', 'targeted outreach', 'gender stereotypes']","The abstract discusses factors influencing students' decisions to pursue a degree, emphasizing market relevance of the curriculum, financial considerations, and targeted outreach strategies. These elements align with the strategic analysis and targeting focus of Thinking AI, as the study aims to identify key influences on enrollment decisions and recommends targeted marketing approaches.",15%,10%,75%,0%,0%
UNIFYING ALGORITHMIC AND THEORETICAL PERSPECTIVES: EMOTIONS IN ONLINE REVIEWS AND SALES,Yu Y.; Yang Y.; Huang J.; Tan Y.,2023,10.25300/MISQ/2022/16600,"Emotion artificial intelligence, the algorithm that recognizes and interprets various human emotions beyond valence (positive and negative polarity), is still in its infancy but has attracted attention from industry and academia. Based on discrete emotion theory and statistical language modeling, this work proposes an algorithm to enable automatic domain-adaptive emotion lexicon construction and multidimensional emotion detection in texts. Using a large-scale dataset of China’s movie market from 2012 to 2018, we constructed and validated a domain-specific emotion lexicon and demonstrated the predictive power of eight discrete emotions (i.e., surprise, joy, anticipation, love, anxiety, sadness, anger, and disgust) in online reviews on box office sales. We found that representing overall emotions through discrete emotions yields higher prediction accuracy than valence or latent emotion variables generated by topic modeling. To understand the source of the predictive power from a theoretical perspective and to test the cross-culture generalizability of our prediction study, we further conducted an experiment in the U.S. movie market based on theories on emotion, judgment, and decision-making. We found that discrete emotions, mediated by perceived processing fluency, significantly affect the perceived review helpfulness, which further influences purchase intention. Our work shows the economic value of emotions in online reviews, generates insight into the mechanism of their effects, and has managerial implications for online review platform design, movie marketing, and cinema operations. © 2023 University of Minnesota. All rights reserved.",box office; Emotion; online reviews; perceived helpfulness; perceived processing fluency; purchase intention,University of Minnesota,scopus-artificial intelligence,12,Feeling AI,"['emotion artificial intelligence', 'emotion lexicon', 'multidimensional emotion detection', 'discrete emotions', 'purchase intention', 'perceived review helpfulness']","The abstract focuses on understanding and interpreting human emotions in the context of online reviews and their impact on consumer behavior, particularly in the movie market. The proposed algorithm aims to enhance customer understanding by analyzing discrete emotions, which aligns with the goals of Feeling AI to understand and meet customer emotional needs and wants. The findings emphasize the economic value of emotions in reviews and their influence on purchase intention, reinforcing the relevance to customer engagement and emotional preferences.",80%,10%,10%,0%,0%
Organizational frontlines in the digital age: The Consumer–Autonomous Technology–Worker (CAW) framework,van Doorn J.; Smailhodzic E.; Puntoni S.; Li J.; Schumann J.H.; Holthöwer J.,2023,10.1016/j.jbusres.2023.114000,"While organizational frontlines in the digital age involve complex interactions between consumers, autonomous technology (AT), and frontline workers, research so far largely focuses on the effect of AT on either the consumer or the worker. Bridging the fields of marketing and organizational behavior, we develop the Consumer–Autonomous Technology–Worker (CAW) framework, which reflects the implications of consumer–worker–AT interactions. We consider that AT can be consumer-facing, such as service robots, or worker-facing, such as AT-enabled knowledge-based systems supporting a worker's decision-making. Drawing on illustrative interviews in hospitality contexts with workers who co-work with robots and the consumers served, we develop research propositions that highlight avenues for future research. We expect consumer–worker relations to strengthen when AT augments instead of replaces the worker. Human leadership is critical for consumers’ and workers’ acceptance of AT, while AT anthropomorphism is less critical in the presence of a human worker. © 2023 The Author(s)",Artificial intelligence; Automation; Human–machine collaboration; Robots; Service,Elsevier Inc.,scopus-artificial intelligence,27,Feeling AI,"['consumer', 'worker', 'autonomous technology', 'human leadership', 'acceptance', 'anthropomorphism', 'relationship']","The abstract discusses the interactions between consumers, workers, and autonomous technology, emphasizing the importance of human leadership in ensuring acceptance of technology by consumers and workers. It also highlights the strengthening of consumer-worker relations when technology augments rather than replaces human workers, indicating a focus on emotional understanding and relational dynamics.",60%,20%,20%,0%,0%
Exploring the generational influence on social media-based tourist decision-making in India,Gulati S.,2024,10.1108/IDD-11-2022-0115,"Purpose: This study aims to explore how social media affects decision-making among tourists and whether there is a potential effect of age, which is studied through generations. For this purpose, baby boomers, Gen X, Gen Y and Gen Z tourists are studied and real-time implications are offered. Design/methodology/approach: The study adopts a descriptive and exploratory design where the conceptual model of social media-based decision-making is developed through a review of the literature. Quantitative analysis is conducted on primary data from 600 Indian tourists. This is done using a self-administered questionnaire adopted from Gulati (2022) after checking its validity and reliability. The statistical analysis for hypothesis testing is done using PLS-SEM path modelling on pooled data. To study the categorical moderating effect of generations, partial least squares multigroup analysis (PLS-MGA) is performed as a paired comparison on every successive generation. Findings: After testing every successive younger generation with an older generation through PLS-MGA, none of the pairs found any significant differences in path coefficients, as the values obtained were 0.05 < p < 0.95 for all five paths (SM → NR, SM → IS, SM → E, SM → P, SM → PPB). This indicates all the generations behave in a similar manner irrespective of them being older or younger, and age does not moderate social media’s impact on decision-making among Indian tourists. Research limitations/implications: The study establishes India as a unique geographical market and suggests tourism marketers to treat all generations at par, irrespective of age, as they behave and interact with social media in a similar manner. But, because this study is restricted to a single geographical location, i.e. India, further regions can be explored for global generalisation. Future research can also explore other demographics for combined, moderated analysis. Findings from the study suggest that marketers should ensure that equal attention is given to all generations as they engage with social media in a similar manner. Targeted marketing using artificial intelligence can help in ensuring custom ads. Personalisation according to generations can also facilitate greater purchases. Originality/value: The study fills a major population and knowledge gap by exploring a topic that has been highly under-researched. Also, the study adopts an inclusive approach by analysing all the generations, both younger and older, to understand the potential effect of age on moderating the impact that social media has on tourist decision-making. Further, real-time suggestions and implications are offered to tourism marketers with special reference to the Indian tourism industry. © 2023, Emerald Publishing Limited.",Generations; India; Social media; Tourist decision-making; User generated content,Emerald Publishing,scopus-artificial intelligence,2,Thinking AI,"['social media', 'decision-making', 'generations', 'tourists', 'targeted marketing', 'personalization', 'custom ads']","The abstract discusses how social media influences decision-making among tourists across different generations. It emphasizes the need for tourism marketers to treat all generations equally because their behavior regarding social media is similar. This aligns with the 'Thinking AI' category, which focuses on market analysis and targeting, particularly around the use of marketing analytics and personalization strategies. The study suggests that AI can help in ensuring custom ads and personalization, which further strengthens its connection to the 'Thinking AI' category.",0%,0%,100%,0%,0%
Two Brothers Organic Farms: building shared value in a competitive market,Laddha S.; Bose V.,2024,10.1108/EEMCS-10-2023-0416,"Learning outcomes: After completion of the case study, students will be able to understand organic farming challenges in India, analyze Two Brothers Organic Farms’ (TBOF) value chain for creating shared values, evaluate marketing mix and product development strategies, explore social media’s impact on marketing and explore and propose strategies for long-term sustainability in the organic farming industry. Case overview/synopsis: The case study revolves around the entrepreneurial journey of Ajinkya and Satyajit Hange, two brothers who transitioned from successful banking careers to pursue their passion for organic farming. Establishing TBOF in Pune, India, the duo faced challenges in introducing organic produce to a market resistant to change. With a commitment to regenerative agriculture, they implemented innovative farming practices, including desi cow rearing, multicropping and indigenous seeds. The narrative unfolds the brothers’ strategic roles, where Ajinkya manages crop production, and Satyajit focuses on marketing. Emphasizing a trusted brand built on quality, they expanded their product portfolio (Figure 2), reaching 52 countries through direct marketing and word of mouth. As the organic food industry surged postpandemic, TBPF faced challenges in meeting rising demand. The case study discusses the organic farming sector in India, underscoring the brothers’ efforts to combat harmful agro-inputs. The dilemmas lie in navigating the niche organic market, supply–demand imbalances and the need for sustainable business processes. The case study aims to explore the strategic decisions and dilemmas encountered by TBOF, offering insights into the complexities of sustainable entrepreneurship in the Indian organic farming sector. Complexity academic level: This case study should be used in marketing and management classes at the undergraduate level. Applicable concepts include artificial intelligence, social media, content and information. Supplementary materials: Teaching notes are available for educators only. Subject code: CSS 11: Strategy. © 2024, Emerald Publishing Limited.",Marketing mix; Sustainability; Value chain,Emerald Publishing,scopus-artificial intelligence,0,Thinking AI,"['market analysis', 'strategic decisions', 'sustainability', 'product development strategies', 'marketing mix', 'social media impact']","The abstract discusses the strategic analysis and marketing decisions made by Two Brothers Organic Farms (TBOF) in navigating the organic farming market. It emphasizes the evaluation of marketing mix and product development strategies, which aligns with the focus of Thinking AI on market analysis and targeting. The mention of exploring social media's impact further supports this classification as it relates to understanding competitive advantages in the market.",0%,0%,100%,0%,0%
Virtual influencer marketing: a study of millennials and gen Z consumer behaviour,Angmo P.; Mahajan R.,2024,10.1108/QMR-01-2023-0009,"Purpose: Virtual influencers (VIs), who are fictional characters, have gained popularity in recent years, particularly among Generation Z and millennials. With the hype surrounding VIs, more research is required. Thus, this study aims to examine how Gen Z members and millennials react to VIs used for marketing purposes. Design/methodology/approach: This study follows an exploratory approach. The data were collected from 29 participants (14 male and 15 female) through two focus groups and semi-structured interviews. Findings: The authors found that opinions about VIs were mixed, and two main themes emerged from the study: (1) challenges and potential and (2) decision-making and psychological aspects. Originality/value: This study broadens the paradigm for analysing the efficacy of VIs. This emerging topic is of relevance for the marketing sector as well as for transdisciplinary research and practice. © 2024, Emerald Publishing Limited.",Artificial intelligence; Computer-generated influencer; Exploratory study; Social media; Virtual influencer,Emerald Publishing,scopus-artificial intelligence,9,Feeling AI,"['virtual influencers', 'Generation Z', 'millennials', 'psychological aspects', 'customer understanding', 'emotional data']","The abstract discusses how Generation Z and millennials react to virtual influencers in marketing, highlighting psychological aspects and challenges related to emotional responses. These elements align closely with 'Feeling AI', which focuses on understanding customer emotions and needs. The mixed opinions and the exploration of decision-making processes indicate an engagement with customer emotional preferences, making it relevant for customer understanding and relationalization.",70%,10%,20%,0%,0%
Marketing analytics stages: Demystifying and deploying machine learning,Paas L.J.,2023,10.1177/14707853231191726,"Organisations that develop analytical capabilities can leverage advanced data platforms and cloud-based solutions; they may also experiment with sophisticated machine learning algorithms. But when business analysts or data scientists fail to bridge the gaps among data, analytics, and decision-making, it might imply a premature implementation of complex data analytics. This article aims to derive clear guidelines from management literature to formulate a stepwise approach for deploying marketing analytics with increasing levels of complexity. Furthermore, we demystify the relevant jargon. © The Author(s) 2023.",artificial intelligence; big data; business applications; data maturity; machine learning,SAGE Publications Ltd,scopus-artificial intelligence,0,Thinking AI,"['analytical capabilities', 'data analytics', 'decision-making', 'marketing analytics', 'guidelines', 'complexity']","The abstract discusses the importance of bridging gaps between data, analytics, and decision-making, which aligns well with the strategic analysis focus of Thinking AI. It emphasizes the development of analytical capabilities and the structured approach to deploying marketing analytics, reflecting the need for market analysis and identification of competitive advantages.",0%,0%,80%,0%,20%
The role of anthropomorphism and racial homophily of virtual influencers in encouraging low- versus high-cost pro-environmental behaviors,Wan C.; Lee D.; Ng P.,2024,10.1002/mar.22013,"Virtual influencers have great potential to shape the audience's perception and motivate behavioral change. Drawing upon anthropomorphism theory and social identity theory, this paper examined the interaction effect of anthropomorphism and racial homophily of virtual influencers in shaping audiences' trust and subsequently pro-environmental behaviors in low- and high-cost contexts. Two online studies employing experimental materials generated by artificial intelligence were conducted. Study 1 revealed that high anthropomorphism (human-like virtual influencers) and high racial homophily (local-like virtual influencers) are more effective for eliciting trust in the context of low-cost pro-environmental behaviors. The findings also showed that low racial homophily (foreign-like virtual influencers) would further weaken the trust level of a virtual influencer in low anthropomorphism (animate-like virtual influencers). Study 2 aimed to replicate the findings from Study 1 in the context of high-cost pro-environmental behaviors. The findings showed that low racial homophily (foreign-like virtual influencers) enhanced the trust in a high anthropomorphism (human-like virtual influencers) virtual influencer. The moderated mediation analyses confirmed the hypothesized relationships in the proposed research model. This research advanced our understanding on the moderating role of racial homophily that serves as a cognitive shortcut for low-cost and quick decisions. However, a low racial homophily (foreign-like) virtual influencer would be more effective for high-cost and symbolic pro-environmental behaviors. These insights provide valuable guidance to businesses, marketers, and environmental advocates aiming to leverage virtual influencers for encouraging sustainability practices. © 2024 The Authors. Psychology & Marketing published by Wiley Periodicals LLC.",artificial intelligence; influencing marketing; pro-environmental behaviors; sustainability; virtual influencers,John Wiley and Sons Inc,scopus-artificial intelligence,13,Feeling AI,"['trust', 'behavioral change', 'audience perception', 'emotional needs', 'sustainability practices']","The abstract discusses how virtual influencers can shape audience perceptions and motivate behavioral change, which ties closely to understanding customer emotional needs and wants. It emphasizes the role of trust and the emotional responses elicited by different types of virtual influencers, particularly in relation to pro-environmental behaviors. This aligns well with the focus of Feeling AI on customer understanding and relationalization.",60%,0%,40%,0%,0%
How should B2B firms create image content for high social media engagement? A multimodal analysis,Singh S.; Gandhi M.; Kar A.K.; Tikkiwal V.A.,2023,10.1108/IMDS-08-2022-0470,"Purpose: This study evaluates the effect of the media image content of business to business (B2B) organizations to accelerate social media engagement. It highlights the importance of strategically designing image content for business marketing strategies. Design/methodology/approach: This study designed a computation extensive research model based upon the stimulus-organism-response (SOR) theory using 39,139 Facebook posts of 125 organizations selected from Fortune 500 firms. Attributes from images and text were estimated using deep learning models. Subsequently, inferential analysis was established with ordinary least squares regression. Further machine learning algorithms, like support vector regression, k-nearest neighbour, decision tree and random forest, are used to analyze the significance and robustness of the proposed model for predicting engagement metrics. Findings: The results indicate that the social media (SM) image content of B2B firms significantly impacts their social media engagement. The visual and linguistic attributes are extracted from the image using deep learning. The distinctive effect of each feature on social media engagement (SME) is empirically verified in this study. Originality/value: This research presents practical insights formulated by embedding marketing, advertising, image processing and statistical knowledge of SM analytics. The findings of this study provide evidence for the stimulating effect of image content concerning SME. Based on the theoretical implications of this study, marketing and media content practitioners can enhance the efficacy of SM posts in engaging users. © 2023, Emerald Publishing Limited.",Artificial intelligence; Big data analytics; Deep learning; Multimodal analysis; Social media engagement; Stimulus-response model,Emerald Publishing,scopus-artificial intelligence,5,Thinking AI,"['social media engagement', 'image content', 'deep learning', 'marketing strategies', 'inferential analysis', 'predicting engagement metrics']","The abstract discusses the evaluation of media image content of B2B organizations to enhance social media engagement, which aligns closely with the focus of market analysis and targeting in the Thinking AI category. The use of deep learning models and machine learning algorithms for analyzing engagement metrics indicates a strategic approach to understanding market dynamics and enhancing marketing effectiveness. It emphasizes the importance of image content in B2B marketing strategies, which relates to identifying competitive advantages and recommending best targets.",0%,0%,100%,0%,0%
The impact of marketing modification on the performance of food processing SMEs in Ghana,Abrokwah-Larbi K.; Awuku-Larbi Y.,2024,10.1108/JRME-01-2022-0010,"Purpose: The purpose of this study is to empirically examine the effect of marketing modification on business performance from the perspective of marketing capabilities theory. Design/methodology/approach: This study employed a survey method to collect data from 225 food processing small- and medium-sized enterprises (SMEs) on the Ghana Enterprise Agency (GEA) registered list in the Eastern Region of Ghana. The effect of marketing modification on the performance of SMEs in the food processing industry was evaluated using a structural equation modeling (SEM) – path analysis. Findings: According to the study’s findings, marketing modification has a positive and significant impact on the financial performance (FP), customer performance (CP), internal business process performance (IBPP) and learning and growth performance (LGP) of Ghanaian SMEs engaged in food processing. The results of this study also demonstrated the importance of marketing modification determinants, such as marketing resources (MR), cross-functional and interenterprise collaboration (CFIEC), architectural marketing capability (AMC) and marketing strategy decision implementation (MSDI), in achieving food processing SME performance in Ghana. Research limitations/implications: This current research has its limitation, even though its importance has been mentioned earlier. First, the study can be improved by expanding the sample size through the inclusion of other SMEs from other industries since it is industry specific (i.e. food processing SME). Second, this current study was conducted in Ghana. To compare results, the current study may be replicated in other emerging countries. Third, future research studies may consider how business environmental factors such as technological change (e.g. use of artificial intelligence and machine learning) moderate the relationship between marketing modification and SME performance. Practical implications: The outcomes of this research study are anticipated to give profitable implications to both academicians and practitioners. For the academic aspect, this study provides an important contribution to marketing modification and performance literature by examining the impact of innovative marketing on the performance of food processing SMEs in Ghana. For practitioners, this study indicates that food processing SME owners/managers must focus on marketing modification to develop their performance. The increase in marketing modification application through marketing capabilities such as MR and CFIEC will enable owners/managers to achieve performance targets. Social implications: The application of marketing modification among food processing SMEs in Ghana will contribute greatly to their profitability, survival and growth. The growth and survival of food processing SMEs (not limited to food processing SMEs) in Ghana will help in the control of unemployment, which is a major social issue in Ghana. Originality/value: The study’s findings provide solid support for the marketing capabilities theory. This study also supports the notion that food processing SMEs should perceive marketing modification and its determinants (i.e. MR, CFIEC, AMC and MSDI) as a critical strategic capacity to enhance their performance (i.e. FP, CF, IBPP and LGP). In terms of contribution, this study adds to the body of knowledge already available on marketing modification and business performance, particularly in the setting of an emerging economy. © 2023, Emerald Publishing Limited.",Business performance; Food processing SMEs; Ghana; Marketing modification,Emerald Publishing,scopus-artificial intelligence,0,Thinking AI,"['marketing modification', 'business performance', 'marketing capabilities', 'financial performance', 'customer performance', 'internal business process performance', 'learning and growth performance', 'determinants', 'marketing resources', 'cross-functional collaboration', 'marketing strategy']","The abstract focuses on examining the effect of marketing modification on various performance metrics of SMEs, indicating a strategic analysis of marketing capabilities. The study employs structural equation modeling to evaluate how different marketing modification determinants affect business performance, aligning closely with the market analysis and targeting aspects of Thinking AI. The emphasis on performance metrics and marketing strategy decision implementation further supports its classification under Thinking AI.",0%,0%,100%,0%,0%
A decision support system to evaluate the quality and warranty policies for remanufactured products,Kuik S.; Ban J.; Diong L.; Qi X.,2023,10.1108/TQM-02-2022-0046,"Purpose: This paper proposes optimisation models to evaluate and examine the selling of extended warranty policies in terms of improved profits in producing/marketing remanufactured products. These models are numerically solved using a quadratic programming solution approach and implemented in the decision support system (DSS). Design/methodology/approach: The purpose of this paper is to develop the optimisation models for a DSS and evaluate different warranty policies for buyers. Findings: This study has demonstrated the flexibility and usefulness of a model-driven DSS for the quality and warranty management, which is applied to examine and evaluate different configurations (i.e. component reuse, rebuild and recycle) for remanufactured products and propose the selling of extended warranty policies for buyers. Research limitations/implications: The developed model-driven DSS can assist manufacturers to select and increase the number of components, e.g. to be reused, rebuilt, and recycled for producing a remanufactured product and propose suitable warranty policies for buyers. However, this study focusses only on the evaluation of warranty policies for specific remanufactured products in a DSS, i.e. types of air compressors for production operations in manufacturing industry. Originality/value: This study developed optimisation models to be used in a DSS for proposing the selling of extended warranty of a remanufactured product to improve customer satisfaction and maximise the gained profits for manufacturers. © 2022, Emerald Publishing Limited.",Decision support system; Product remanufacturing; Quality management; Reliability; Warranty,Emerald Publishing,scopus-artificial intelligence,2,Mechanical AI,"['optimisation models', 'decision support system', 'warranty policies', 'remanufactured products', 'profits']","The abstract discusses the development of optimisation models for a decision support system intended to improve the selling of extended warranty policies for remanufactured products. This aligns with the Mechanical AI category, which focuses on automating processes to meet customer needs and enhancing marketing strategies through data-driven approaches. The emphasis on improving profits through marketing remanufactured products indicates an automated approach to market analysis and segmentation, which are key aspects of Mechanical AI.",0%,70%,20%,0%,10%
Complementing human effort in online reviews: A deep learning approach to automatic content generation and review synthesis,Carlson K.; Kopalle P.K.; Riddell A.; Rockmore D.; Vana P.,2023,10.1016/j.ijresmar.2022.02.004,"Online product reviews are ubiquitous and helpful sources of information available to consumers for making purchase decisions. Consumers rely on both the quantitative aspects of reviews such as valence and volume as well as textual descriptions to learn about product quality and fit. In this paper we show how new achievements in natural language processing can provide an important assist for different kinds of review-related writing tasks. Working in the interesting context of wine reviews, we demonstrate that machines are capable of performing the critical marketing task of writing expert reviews directly from a fairly small amount of product attribute data (metadata). We conduct a kind of “Turing Test” to evaluate human response to our machine-written reviews and show strong support for the assertion that machines can write reviews that are indistinguishable from those written by experts. Rather than replacing the human review writer, we envision a workflow wherein machines take the metadata as inputs and generate a human readable review as a first draft of the review and thereby assist an expert reviewer in writing their review. We next modify and apply our machine-writing technology to show how machines can be used to write a synthesis of a set of product reviews. For this last application we work in the context of beer reviews (for which there is a large set of available reviews for each of a large number of products) and produce machine-written review syntheses that do a good job – measured again through human evaluation – of capturing the ideas expressed in the reviews of any given beer. For each of these applications, we adapt the Transformer neural net architecture. The work herein is broadly applicable in marketing, particularly in the context of online reviews. We close with suggestions for additional applications of our model and approach as well as other directions for future research. © 2022",Artificial intelligence; Automation; Deep learning; Machine learning; Online reviews; Review synthesis; Wine reviews,Elsevier B.V.,scopus-artificial intelligence,15,Mechanical AI,"['natural language processing', 'machine-written reviews', 'metadata', 'product reviews', 'synthesis of reviews']","The abstract discusses how natural language processing can automate the process of writing reviews based on product attribute data, demonstrating a focus on the automation of tasks related to marketing. This aligns with the Mechanical AI category, which emphasizes the automation of processes and outputs in response to customer needs. While there are elements of customer understanding and relationalization, the primary focus is on the automation aspect, which is characteristic of Mechanical AI.",15%,70%,15%,0%,0%
Dark sides of artificial intelligence: The dangers of automated decision-making in search engine advertising,Schultz C.D.; Koch C.; Olbrich R.,2024,10.1002/asi.24798,"With the growing use of artificial intelligence, search engine providers are increasingly pushing advertisers to use automated bidding strategies based on machine learning. Such automated decision-making systems leave advertisers in the dark about the data being used and how they can influence the outcome of the decision-making process. Previous literature on artificial intelligence lacks an understanding of the dangers related to artificially intelligent systems and their lack of transparency. In response, our paper addresses the inherent risks of the automated optimization of advertisers' bidding strategies in search engine advertising. The selected empirical case of a service company therefore demonstrates how data availability can trigger a long-term decline in advertising performance and how search engine advertising performance metrics develop before and after an event of data scarcity. Based on data collected for 525 days, difference-in-differences analysis shows that the algorithmic approach has a considerable and lasting negative impact on advertising performance. Furthermore, the empirical case indicates that self-regulated learning can initialize a downward spiral that gradually impairs advertising performance. Thus, the aim of this study is to increase awareness regarding automated decision-making dangers in search engine advertising and help advertisers take preventive measures to reduce the risks of algorithm missteps. © 2023 The Authors. Journal of the Association for Information Science and Technology published by Wiley Periodicals LLC on behalf of Association for Information Science and Technology.",,John Wiley and Sons Inc,scopus-artificial intelligence,3,Thinking AI,"['automated bidding', 'machine learning', 'advertising performance', 'decision-making', 'data scarcity', 'algorithmic approach']","The abstract discusses the use of automated bidding strategies based on machine learning in search engine advertising, highlighting the implications of data availability and algorithmic decision-making on advertising performance. This aligns closely with the 'Thinking AI' category, particularly in terms of market analysis and the identification of risks associated with competitive advertising strategies. The analysis of performance metrics before and after data scarcity further emphasizes strategic analysis related to market performance.",0%,0%,100%,0%,0%
TO BOAST OR NOT TO BOAST: THE IMPACT OF ADVERTISING THE USE OF AUTONOMOUS ALGORITHMS TO BANK AND HOSPITAL CUSTOMERS AND EMPLOYEES; [HVALITI SE ILI NE: UTJECAJ OGLAŠAVANJA UPOTREBE AUTONOMNIH ALGORITAMA NA KUPCE I ZAPOSLENIKE BANAKA I BOLNICA],Modliński A.,2024,10.30924/mjcmi.29.1.5,"In the current phase of artificial intelligence development, more and more attention is being paid to technologies that make autonomous decisions. Little attention has been paid to the customers’ and job seekers’ perceptions of heavily technology-empowered organizations in the management and marketing literature. The purpose of this research is to fill this research gap. A between-subject experiment with fictitious brands was conducted with 239 subjects to answer four hypotheses about customers’ attitudes, intention to use the offer, intention to recommend the company to others, and job seekers’ intentions. The results show that an autonomous algorithm universally influences job seekers more than customer referral behaviors. People confronted with brochures from banks and hospitals that use autonomous technologies express a higher intention to work in such organizations than in analogous institutions that do not offer such a service. However, only in banks that use autonomous algorithms the customers have a more positive attitude and a higher intention to use or recommend the service. The hospital’s unknown brand does not benefit from such an advertising approach. This is the first study ever conducted with fictitious brands of banks and hospitals to investigate the referral towards companies using autonomous technologies. The topic is worth exploring as key market players (such as Oracle) recognize autonomous technologies as the most ground-breaking innovation that will shape business in the coming years. © 2024, University of Split - Faculty of Economics. All rights reserved.",autonomous systems; customer behavior; employer branding; innovation; intelligent technologies; marketing,University of Split - Faculty of Economics,scopus-artificial intelligence,0,Feeling AI,"['customer attitudes', 'intention to recommend', ""job seekers' intentions"", 'positive attitude']","The abstract discusses how customers and job seekers perceive organizations that use autonomous technologies. It specifically highlights emotional responses such as attitudes towards the service and intentions to work or recommend organizations based on these perceptions. This aligns closely with the 'Feeling AI' category, which focuses on understanding customer emotional needs and wants, as well as developing positioning that resonates with customers.",60%,20%,15%,0%,5%
"ChatGPT in marketing: innovative pathways, decision systems, and forward perspectives",Singh H.; Arora M.; Singh A.,2024,10.1080/12460125.2024.2438615,"ChatGPT has the potential to significantly transform various sectors, especially in modern business applications. This study pursues two primary objectives: first, it reviews ChatGPT’s role across four key sectors—education, research, healthcare, and tourism; second, it examines its applications in ten dimensions of decision-making within marketing automation. To achieve this, the authors conducted a comprehensive literature review focused on ChatGPT’s impact across marketing’s functional domains. The findings reveal that ChatGPT technologies can enhance decision-making in content creation, matching the quality and speed of human creators. Additionally, automating customer service and facilitating demographic research can lead to substantial time and cost savings for businesses. This study contributes to the existing body of knowledge by expanding the marketing domain through methodically formulated research questions and identifying critical factors influencing ChatGPT’s application. Ultimately, these insights are intended to benefit marketers, scholars, and policymakers by illuminating the opportunities and challenges present in the digital era. © 2024 Informa UK Limited, trading as Taylor & Francis Group.",artificial intelligence; ChatGPT; digital transformation; marketing; OpenAI,Taylor and Francis Ltd.,scopus-artificial intelligence,0,Thinking AI,"['decision-making', 'content creation', 'marketing automation', 'customer service', 'demographic research']","The abstract discusses how ChatGPT enhances decision-making in marketing automation by improving content creation and automating customer service. This aligns well with the characteristics of Thinking AI, which focuses on market analysis, targeting, and personalization. The mention of demographic research indicates an analytical approach to understanding customer segments, further supporting the classification under Thinking AI. The automation aspect also suggests a strategic application of AI in marketing.",0%,20%,80%,0%,0%
Salmon Consumption Behavior Prediction Based on Bayesian Optimization and Explainable Artificial Intelligence,Wu Z.; Cha S.; Wang C.; Qu T.; Zou Z.,2025,10.3390/foods14030429,"Predicting seafood consumption behavior is essential for fishing companies to adjust their production plans and marketing strategies. To achieve accurate predictions, this paper introduces a model for forecasting seafood consumption behavior based on an interpretable machine learning algorithm. Additionally, the Shapley Additive exPlanation (SHAP) model and the Accumulated Local Effects (ALE) plot were integrated to provide a detailed analysis of the factors influencing Shanghai residents’ intentions to purchase salmon. In this study, we constructed nine regression prediction models, including ANN, Decision Tree, GBDT, Random Forest, AdaBoost, XGBoost, LightGBM, CatBoost, and NGBoost, to predict the consumers’ intentions to purchase salmon and to compare their predictive performance. In addition, Bayesian optimization algorithm is used to optimize the hyperparameters of the optimal regression prediction model to improve the model prediction accuracy. Finally, the SHAP model was used to analyze the key factors and interactions affecting the consumers’ willingness to purchase salmon, and the Accumulated Local Effects plot was used to show the specific prediction patterns of different influences on salmon consumption. The results of the study show that salmon farming safety and ease of cooking have significant nonlinear effects on salmon consumption; the BO-CatBoost nonlinear regression prediction model demonstrates superior performance compared to the benchmark model, with the test set exhibiting RMSE, MSE, MAE, R2 and TIC values of 0.155, 0.024, 0.097, 0.902, and 0.313, respectively. This study can provide technical support for suppliers in the salmon value chain and help their decision-making to adjust their corporate production plan and marketing activities © 2025 by the authors.",consumption behavior prediction; influencing factors; machine learning; salmon; SHAP model,Multidisciplinary Digital Publishing Institute (MDPI),scopus-artificial intelligence,0,Thinking AI,"['predicting seafood consumption', 'marketing strategies', 'forecasting', 'factors influencing purchase', 'regression prediction models', 'predictive performance', 'Bayesian optimization', 'decision-making']","The abstract discusses a model for forecasting seafood consumption behavior, which involves market analysis through the use of machine learning algorithms to understand consumer intentions. It highlights the importance of analyzing factors influencing purchases and optimizing marketing strategies based on predictive models. These elements align closely with the Thinking AI category, particularly in relation to market analysis and targeting strategies.",0%,0%,100%,0%,0%
Virtual or human? The impact of the influencer type on Gen Z consumer outcomes,Kholkina V.; Chesnokova E.; Zelenskaya E.,2025,10.1108/JPBM-12-2023-4885,"Purpose: Virtual influencers are a growing trend in digital marketing strategies. This paper aims to compare the impact of virtual and human influencers on Gen Z consumer outcomes (Source Trust, Intention to Follow, Word-of-Mouth and Brand Attachment). Design/methodology/approach: The authors surveyed young consumers (N = 317) in Europe and the CIS. The data are analyzed through Welch’s t-test and partial least squares structural equation modeling. Findings: This study demonstrates that for Gen Z, human influencers are still a more effective marketing tool than virtual influencers. The latter arouse greater social-psychological distance that significantly affects consumer outcomes. Consumers with a higher need-for-uniqueness and novelty seeking have a lower social-psychological distance from virtual influencers. Practical implications: This study offers valuable insights for practitioners in terms of influencer marketing decisions in the digital environment with respect to one of the most solvent target groups – Gen Z. Originality/value: This research contributes to the empirical investigation of the impact of virtual influencers on the behavioral outcomes of Gen Z by including Novelty Seeking and Brand Attachment in the analysis. The research sample includes CIS and European consumers, which allows for a more comprehensive investigation. © 2024, Emerald Publishing Limited.",Artificial intelligence; Brand attachment; Generation Z; Influencer marketing; Intention to follow; Psychological distance; Social media influencer; Source trust; Virtual influencer; Word-of-mouth,Emerald Publishing,scopus-artificial intelligence,1,Feeling AI,"['virtual influencers', 'human influencers', 'social-psychological distance', 'consumer outcomes', 'Brand Attachment', 'need-for-uniqueness', 'novelty seeking']","The abstract discusses the impact of virtual and human influencers on Gen Z's emotional responses and behavioral outcomes, particularly focusing on brand attachment and social-psychological distance. This aligns closely with the 'Feeling AI' category, which emphasizes understanding customer emotions and needs. The findings suggest how emotional factors, such as the perception of influencers and the desire for uniqueness, influence consumer behavior, indicating a strong connection to customer understanding and relationalization.",60%,10%,30%,0%,0%
The effect of supply chain finance on sustainability performance: empirical analysis and fsQCA,Wang S.; Yu H.; Wei M.,2023,10.1108/JBIM-03-2022-0154,"Purpose: In the context of global economic downturn and intense competition, firms are increasingly resorting to supply chains to acquire capital support and achieve sustainability. This study aims to investigate the effect of supply chain finance (SCF) on corporate sustainability performance (CSP) and identifies SCF-related recipes for CSP. Design/methodology/approach: Based on a sample of 1,038 firms that disclose CSP – namely, corporate financial performance (CFP) and environmental, social and governance performance (ESGP) – the authors use a quasi-replication method consisting of empirical analysis with fuzzy-set qualitative comparative analysis (fsQCA) to investigate SCF’s effects on CSP. Findings: The authors find that SCF has a “doing well by doing good” effect on CSP. CFP can promote the positive effect of SCF and ESGP while ESGP’s positive effect on SCF and CFP is nonsignificant. In addition, heterogeneity tests show that SCF’s promoting effect on CSP is affected by high-low CFP and ESGP. The fsQCA results verify the empirical findings and reveal five SCF-related recipes for achieving high CSP. Research limitations/implications: This study has the following two limitations. First, we do not consider how SCF affects CSP in different industries. There is a need to investigate whether industry heterogeneity changes SCF’s effects on CSP, especially in prominent industries, such as the energy industry, with its high susceptibility to ESGP, and the manufacturing industry, with its extensive application of SCF. It will be important to investigate these industries to better understand SCF’s role in sustainability. Second, we study the secondary supply chain – namely, core firm–suppliers and core firm–customers. The authors do not consider financial institutions (e.g. banks and guarantee institutions). SCF modes that include the participation of financial institutions, such as factoring financing and reverse factoring financing, cater more to the capital needs of diversified firms. In the future, studying specific industries that have made significant contributions to the application of SCF along with others that are more sensitive to environmental governance could better highlight the effect of SCF on sustainability and help supply chain managers understand the application value of SCF. Future research could also extend SCF participants into multiple roles to explore separate effects. Tracking financing demanders, fund providers and credit guarantors could capture SCF characteristics more comprehensively. Methodologically, it will be challenging to accurately measure SCF networks in terms of quantification. In future work, this could be performed with the help of artificial intelligence. Practical implications: First, our findings indicate that SCF has a “doing well by doing good” effect on core firms. SCF can not only overcome the capital shortage of SMEs but also provide significant benefits to core firms. Second, our findings provide SCF-related recipes to help firms fulfil ESGP obligations without sacrificing CFP under the pressure to “do good.” The authors provide valuable insights and diverse recommendations to help supply chain managers, marketing executives and researchers adjust supply chain management strategies. Third, this work can guide executives in various fields to adopt SCF to achieve sustainability as a risk-mitigation strategy by means of marketing. Originality/value: This study identifies better, more straightforward SCF-related recipes for CSP (consisting of CFP and ESGP) using a quasi-replication analysis that improves upon conventional methods such as regression analysis, which have limited power. The authors provide valuable insights and diverse recommendations to help managers pursue sustainable development. The findings point to practical guidelines and feasible solutions that can support well-founded operational strategic and management decision-making, which can enhance a firm’s competitiveness under uncertainty and a sluggish economy. © 2022, Emerald Publishing Limited.",Environmental; Financial performance; Recipe; social and governance performance; Supply chain finance; Sustainability performance,Emerald Publishing,scopus-artificial intelligence,20,Thinking AI,"['supply chain finance', 'corporate sustainability performance', 'corporate financial performance', 'environmental social governance performance', 'market analysis', 'strategic decision-making']","The abstract discusses the impact of supply chain finance (SCF) on corporate sustainability performance (CSP), focusing on how firms can strategically leverage SCF to enhance both their financial and sustainability outcomes. This aligns with the Thinking AI category, which emphasizes market analysis and strategic targeting. The study provides insights and recommendations to help firms achieve better market positioning and competitiveness, indicative of strategic analysis and decision-making in marketing. The empirical analysis and identification of SCF-related recipes for CSP further support this classification.",0%,0%,100%,0%,0%
Practice papers ChatGPT and search engine optimisation: The future is here,Cutler K.,2023,,"The new chatbot from artificial intelligence company OpenAI, called ChatGPT, has grown aggressively since its launch in late 2022. ChatGPT provides information back to users who populate questions in a clear and easy to understand structure. This technology can be used for different purposes, including writing code, creating business proposals, writing stories and answering complex questions. Because this technology is considered a breakthrough in terms of its ability to process natural language, it stands to reason that it could have future effects on the fundamental digital marketing tactic known as search engine optimisation (SEO), a process by which websites are developed and updated with the goal of increasing natural ranking, traffic and customers from search engines like Google and Bing. For the past 20 years, people have turned to search engines for information, news articles, images, videos and answers to questions both mundane and complex. This technological advance with chatbots could indicate a significant general shift for marketers, specifically related to web searches and how marketers think about SEO. In fact, Microsoft’s decision to invest in ChatGPT and include it within their search engine, Bing, has already created waves in the search engine ecosystems. In this paper, ChatGPT will be examined, its capabilities and how they could affect search marketing and SEO. © Henry Stewart Publications.",chat bots; ChatGPT; digital marketing; search engine marketing; search engine optimisation; search marketing; SEO,Henry Stewart Publications,scopus-artificial intelligence,16,Thinking AI,"['ChatGPT', 'SEO', 'search engine', 'marketers', 'digital marketing', 'market analysis']","The abstract discusses how ChatGPT, an advanced AI technology, can potentially affect search marketing and SEO strategies. This aligns with the 'Thinking AI' category, which focuses on market analysis and strategic implications for marketers. The mention of search engine ecosystems and the impact of AI on traditional search methods indicates a need for marketers to analyze competitors and adapt their strategies accordingly. The concepts of market analysis, targeting, and competitive advantage are central to this classification.",0%,0%,100%,0%,0%
The paradox of technology: Negativity bias in consumer adoption of innovative technologies,Frank D.-A.; Chrysochou P.; Mitkidis P.,2023,10.1002/mar.21740,"Innovative technologies often feature inherently conflicting properties. This poses a challenge for marketers because negative properties not only weigh heavily on consumers' technology adoption decisions but potentially do more so than positive ones. To shed light on the paradox of technology and its underlying processes, the present research develops a conceptual model drawing on technology adoption and valence perception theories about the prevalence of negativity bias in consumers' technology adoption decisions with its unique effect through the serial chain of consumers' perceptions of risk and trust regarding the technology. Results of three studies (N = 1309) demonstrate that the effect of negative valence consistently outperforms that of positive valence in consumers' technology adoption intentions (Studies 1–2) and decisions (Study 3). Furthermore, results show that the disproportionate effect of negative (vs. positive) valence can be explained by the proposed serial causal chain through consumers' perception of risk of the technology and trust in the technology (Studies 2–3) while ruling out company trust and consumer knowledge as alternative drivers of the effects (Study 3). These findings contribute to the pertinent literature on consumer psychology in decisions to adopt novel technologies in that they quantify and explain the potential outcome stemming from the ambiguous properties of novel technology. Moreover, this study finds negativity bias to be an often overlooked consumer bias with implications for marketing practice and useful for understanding and lowering resistance towards artificial intelligence technology. © 2022 The Authors. Psychology & Marketing published by Wiley Periodicals LLC.",artificial intelligence; innovation adoption; negativity bias; paradox of technology; risk; technology acceptance; trust,John Wiley and Sons Inc,scopus-artificial intelligence,28,Feeling AI,"['negativity bias', 'risk', 'trust', 'consumer psychology', 'technology adoption', 'emotional needs']","The abstract discusses how negative properties of technology influence consumer adoption decisions, emphasizing the emotional aspects of risk perception and trust. This aligns closely with the focus of Feeling AI on understanding customer emotions and needs, as well as developing positioning that resonates with customers. The studies reveal how emotional responses, particularly negativity bias, impact technology adoption, which is a key aspect of customer understanding.",70%,0%,30%,0%,0%
Sentiment Analysis of Product Reviews Using Machine Learning and Pre-Trained LLM,Ghatora P.S.; Hosseini S.E.; Pervez S.; Iqbal M.J.; Shaukat N.,2024,10.3390/bdcc8120199,"Sentiment analysis via artificial intelligence, i.e., machine learning and large language models (LLMs), is a pivotal tool that classifies sentiments within texts as positive, negative, or neutral. It enables computers to automatically detect and interpret emotions from textual data, covering a spectrum of feelings without direct human intervention. Sentiment analysis is integral to marketing research, helping to gauge consumer emotions and opinions across various sectors. Its applications span analyzing movie reviews, monitoring social media, evaluating product feedback, assessing employee sentiments, and identifying hate speech. This study explores the application of both traditional machine learning and pre-trained LLMs for automated sentiment analysis of customer product reviews. The motivation behind this work lies in the demand for more nuanced understanding of consumer sentiments that can drive data-informed business decisions. In this research, we applied machine learning-based classifiers, i.e., Random Forest, Naive Bayes, and Support Vector Machine, alongside the GPT-4 model to benchmark their effectiveness for sentiment analysis. Traditional models show better results and efficiency in processing short, concise text, with SVM in classifying sentiment of short length comments. However, GPT-4 showed better results with more detailed texts, capturing subtle sentiments with higher precision, recall, and F1 scores to uniquely identify mixed sentiments not found in the simpler models. Conclusively, this study shows that LLMs outperform traditional models in context-rich sentiment analysis by not only providing accurate sentiment classification but also insightful explanations. These results enable LLMs to provide a superior tool for customer-centric businesses, which helps actionable insights to be derived from any textual data. © 2024 by the authors.",GPT-4; large language models (LLMs); machine learning; OpenAI; product reviews; sentiment analysis; text analysis,Multidisciplinary Digital Publishing Institute (MDPI),scopus-artificial intelligence,0,Feeling AI,"['sentiment analysis', 'customer emotions', 'textual data', 'consumer sentiments', 'customer-centric', 'emotional preferences']","The abstract discusses the use of sentiment analysis to understand consumer emotions and opinions, which aligns closely with the 'Feeling AI' category's focus on customer understanding and emotional data analytics. The mention of capturing subtle sentiments and providing actionable insights for customer-centric businesses reinforces this classification.",70%,10%,20%,0%,0%
Unlocking high-value football fans: unsupervised machine learning for customer segmentation and lifetime value,Chouaten K.; Rodriguez Rivero C.; Nack F.; Reckers M.,2024,10.3389/fspor.2024.1362489,"Introduction: In the modern competitive landscape of football, clubs are increasingly leveraging data-driven decision-making to strengthen their commercial positions, particularly against rival clubs. The strategic allocation of resources to attract and retain profitable fans who exhibit long-term loyalty is crucial for advancing a club's marketing efforts. While the Recency, Frequency, and Monetary (RFM) customer segmentation technique has seen widespread application in various industries for predicting customer behavior, its adoption within the football industry remains underexplored. This study aims to address this gap by introducing an adjusted RFM approach, enhanced with the Analytic Hierarchy Process (AHP) and unsupervised machine learning, to effectively segment football fans based on Customer Lifetime Value (CLV). Methods: This research employs a novel weighted RFM method where the significance of each RFM component is quantified using the AHP method. The study utilizes a dataset comprising 500,591 anonymized merchandising transactions from Amsterdamsche Football Club Ajax (AFC Ajax). The derived weights for the RFM variables are 0.409 for Monetary, 0.343 for Frequency, and 0.248 for Recency. These weights are then integrated into a clustering framework using unsupervised machine learning algorithms to segment fans based on their weighted RFM values. The simple weighted sum approach is subsequently applied to estimate the CLV ranking for each fan, enabling the identification of distinct fan segments. Results: The analysis reveals eight distinct fan clusters, each characterized by unique behaviors and value contributions: The Golden Fans (clusters 1 and 2) exhibit the most favourable scores across the recency, frequency, and monetary metrics, making them relatively the most valuable. They are critical to the club's profitability and should be rewarded through loyalty programs and exclusive services. The Promising segment (cluster 3) shows potential to ascend to Golden Fan status with increased spending. Targeted marketing campaigns and incentives can stimulate this transition. The Needs Attention segment (cluster 4) are formerly loyal fans whose engagement has diminished. Re-engagement strategies are vital to prevent further churn. The New Fans segment (clusters 5 and 6) are fans who have recently transacted and show potential for growth with proper engagement and personalized offerings. Lastly, the Churned/Low Value segment (clusters 7 and 8) are fans who relatively contribute the least and may require price incentives to potentially re-engage, though they hold relatively lower priority compared to other segments. Discussion: The findings validate the proposed method's utility through its application to AFC Ajax's Customer Relationship Management (CRM) data and provides a robust framework for fan segmentation in the football industry. The approach offers actionable insights that can significantly enhance marketing strategies by identifying and prioritizing high-value segments based on the club's preferences and requirements. By maintaining the loyalty of Golden Fans and nurturing the Promising segment, football clubs can achieve substantial gains in profitability and fan engagement. Additionally, the study underscores the necessity of re-engaging formerly loyal fans and fostering new fans' growth to enable long-term commercial success. This methodology not only aims to bridge a research gap, but also equips marketing practitioners with data-driven tools for effective and efficient customer segmentation in the football industry. 2024 Chouaten, Rodriguez Rivero, Nack and Reckers.","artificial intelligence; clustering analysis; customer lifetime value, RFM model; customer segmentation; football; machine learning",Frontiers Media SA,scopus-artificial intelligence,0,Thinking AI,"['data-driven decision-making', 'customer segmentation', 'Customer Lifetime Value (CLV)', 'marketing strategies', 'fan engagement', 'targeted marketing campaigns']","The abstract discusses the application of an adjusted RFM approach combined with AHP and unsupervised machine learning to effectively segment football fans based on their value contributions and behaviors. This aligns with 'Thinking AI' as it emphasizes market analysis through the segmentation of customers (fans) for targeted marketing strategies. The study aims to enhance marketing efforts by identifying high-value segments, which is a form of strategic analysis and targeting, rather than focusing on emotional understanding or automated processes.",0%,0%,100%,0%,0%
A multi-criteria intelligence aid approach to selecting strategic key opinion leaders in digital business management,Lam H.Y.; Tang V.; Wu C.H.; Cho V.,2024,10.1016/j.jik.2024.100502,"In the wake of the global disruption caused by the coronavirus pandemic, digital channels have emerged as a significant driver of business sales. As such, the value of digital business management has received considerable attention from industrial practitioners. Beyond conventional promotion techniques, collaboration with digital market influencers has shown significant potential for business organisations by creating a circle of trust. However, managing influencers in the business-to-business market is far more complex than in business-to-consumer markets, as it involves balancing business processes, competitive advantages, company image and risks rather than solely motivating customer engagement. It is, therefore, critical for organisations to carefully select key opinion leaders (KOLs). To address this challenge, this study introduces an intelligent multi-criteria KOL analytics framework that embeds the fuzzy best-worst method and the fuzzy technique for order preference by similarity to the ideal solution. The framework converts subjective and linguistic criteria, determines the attribute most relevant to the business, and then selects the most suitable KOLs for the campaign. A case study was conducted in partnership with a digital marketing agency in Hong Kong to demonstrate the feasibility and advantages of this approach. This model facilitates the evolution of digital business management by systematically identifying and assessing KOLs, contributing to significant changes in the digital business environment for companies. © 2024 The Authors",Artificial intelligence; Business-to-business; Digital business management; Key opinion leaders; Multi-criteria decision-making,Elsevier B.V.,scopus-artificial intelligence,0,Thinking AI,"['digital channels', 'influencers', 'KOL analytics framework', 'market analysis', 'competitive advantages']","The abstract discusses the use of an intelligent framework for selecting key opinion leaders (KOLs) in digital marketing, focusing on strategic analysis and market positioning in a business-to-business context. It emphasizes the importance of evaluating influencers based on multiple criteria, which aligns with market analysis and targeting strategies, characteristic of Thinking AI. Additionally, the emphasis on competitive advantages and the systematic approach to KOL assessment further supports this classification.",10%,10%,80%,0%,0%
Toward a decision-making system based on artificial intelligence for precision marketing: A case study of Morocco,El Koufi N.; Belangour A.; sadiq M.,2024,10.1016/j.joitmc.2024.100250,"The insurance sector plays a crucial role in fostering sustainable economic development within a country. As the customer base grows, insurance companies must prioritize transitioning to data-driven strategies to cut costs and make more informed marketing choices in today's digital era. This study proposes a new decision-making framework for precision marketing, based on a real case study from a Moroccan insurance company that aims to solve a practical problem. The proposed decision-making system consists of four components, with each component involving important steps. Firstly, data preparation was performed, consisting of four critical stages: data acquisition, data cleaning and filtering, feature selection, and oversampling. Secondly, top 20% and top 50% consumers are taken as examples to present their customer persona in detail. Based on the processed data, we analysed consumer consumption behaviors using four ML algorithms and made a performance comparison of the four algorithms. Additionally, we conducted feature selection methods to identify the most relevant features and evaluate the system's performance. The aim of the proposed precision decision-making system is to assist managers in discerning the distinctive characteristics of potential customers and proposing tailored precision marketing strategies. This approach is expected to substantially reduce advertising expenses and enhance overall marketing efficiency. A case study using real-world data from a Moroccan insurance company was conducted to demonstrate the practical implementation of the proposed framework. The results of the study indicate that the proposed system yielded favourable outcomes. © 2024 The Authors",Decision making system; Insurance sector; Machine learning; MRMR; Precision marketing; Relief,Elsevier B.V.,scopus-artificial intelligence,3,Thinking AI,"['data-driven strategies', 'consumer consumption behaviors', 'precision marketing', 'feature selection', 'tailored marketing strategies', 'performance comparison', 'customer persona']","The abstract discusses the development of a decision-making framework for precision marketing using machine learning algorithms to analyze consumer behaviors. This aligns with the 'Thinking AI' category, focused on market analysis, targeting, and personalization. The framework aims to assist managers in identifying customer characteristics and proposing tailored marketing strategies, which directly relates to the objectives of targeting and market analysis.",0%,0%,100%,0%,0%
Does the belief of farmers on land as God influence the adoption of smart farming technologies?,Vasan M.; Yoganandan G.,2024,10.1108/BIJ-10-2022-0645,"Purpose: Artificial Intelligence-based smart farming technologies have brought impressive changes in farming. This paper aims at exploring the farmers’ intention to adopt smart farming technologies (SFT). Also, the authors intend to know how far the belief of farmers on land as God influences their decision to adopt SFT. Design/methodology/approach: The data were gathered from 500 farmers chosen purposively. A well-crafted survey instrument was employed to amass data from farmers for measuring their adoption of SFT. As the authors sought to measure the farmers’ behavioural intention (BI) towards the adoption of SFT, the technology acceptance model developed by Davis (1989) came in handy, including perceived usefulness (PU), perceived ease of use (PEU) and BI. The authors have adopted this model as it was considered a superior model. The items on the attitude of confidence (AC) were adapted from Adrian et al. (2005). Survey instruments of Thompson and Higgins (1991) and Compeau and Higgins (1995) were also referred to finalize the statements relating to attitude towards use. Moreover, the authors developed items relating to the perceived belief of land as God based on frequent interaction with the farmers. Findings: The study results divulged that attitude to use (AU) is directly influenced by the rural farmers’ PU, PEU and AC. Similarly, this investigation has observed behaviour intention directly influenced by the AU of farmers. It is observed that AU was the most influential variable, which ultimately influenced the BI to use SFT. Research limitations/implications: This study has an important limitation in the form of representing only the culture, belief and value system of farmers in India. Practical implications: The outcome of this study will facilitate the policymakers to draw suitable policy measures keeping the sensitivities of the farmers in mind in their technology adoption drive. The agricultural officers can encourage farmers to take logical decisions by supplying adequate information in a time-bound manner. Marketers can make suitable adjustments in their sales and promotion activities that focus on farmers. Social implications: The belief of farmers on land as God has a small yet unmissable influence on farmers’ AU and BI in their technology adoption decision. Based on the above evidence, the authors recommend that marketers fine-tune their product design, product packaging and promotional activities keeping the belief and sensitivities of farmers at the core of their marketing campaign. Originality/value: This article provides original insights by demonstrating the positive influence of PU, PEU and AC on technology adoption by farmers. This research is the first of a kind linking the belief of farmers on land as God with smart farming technology adoption in farming. © 2023, Emerald Publishing Limited.",Agriculture; Land as God; Rural farmers; Smart farming technologies; Structural equation modelling; TAM; Technology adoption,Emerald Publishing,scopus-artificial intelligence,2,Feeling AI,"[""farmers' beliefs"", 'technology adoption', 'attitude', 'perceived usefulness', 'perceived ease of use']","The abstract explores the emotional and cultural beliefs of farmers, particularly their belief in land as God, which influences their attitudes towards adopting smart farming technologies. The findings suggest that understanding farmers' emotional and cultural context is essential for technology adoption, aligning with the focus on customer understanding and relationalization in Feeling AI.",60%,10%,20%,5%,5%
An empirical investigation of traceability technology adoption: a case of perishable products supply chain,Kumar S.; Ramtiyal B.; Soni G.; Vijayvargy L.; Chandra C.; Dey I.,2024,10.1108/BIJ-05-2024-0461,"Purpose: Traceability is predicted to usher in a fundamental shift in the way transactions in supply chains (SCs) are carried out. By reducing the negative aspects of trust-related issues in a SC, traceability enables improved visibility and transparency. Design/methodology/approach: We advance research on traceability adoption in the perishable products supply chain by developing and validating an integrated model that combines the technology acceptance model (TAM), the technology readiness index (TRI) and the theory of planned behavior (TPB). A quantitative approach was employed, collecting data through an online survey of 174 supply chain professionals in major Indian cities using a five-point Likert scale. Participants were selected via LinkedIn, each with at least two years of SCM experience. Nonresponse bias was assessed by comparing early and late respondents, revealing no significant differences. Structural equation modeling (SEM) was used to test various research hypotheses derived from literature. Composite reliability and discriminant validity of constructs were verified before examining the relationships among the constructs within the structural model. Findings: The study found that the TRI components of optimism and innovation did not impact perceived ease of use or perceived utility. Additionally, behavioral intention is shaped by perceived utility, attitude and perceived behavioral control. Practical implications: This research provides valuable insights for managers aiming to adopt traceability in supply chains (SCs). It helps identify critical factors for effective traceability adoption, showing that perceived ease of use (PEU) and perceived usefulness are pivotal in shaping practitioners’ intentions. Managers should prioritize developing intuitive, user-friendly traceability applications that demonstrate clear value in optimizing SC efficiency. The study also reveals that while practitioners are generally optimistic about traceability, they may feel indifferent or lack a sense of control over it. Therefore, companies should focus on marketing strategies that empower decision-makers, highlighting the ease of use and practical benefits of traceability. Additionally, the findings suggest that perceived behavioral control, combined with intention, can effectively predict traceability adoption. By understanding these dynamics, managers can better guide their firms in successfully implementing traceability, ensuring both technological acceptance and operational efficiency. Originality/value: This research offers a novel and in-depth exploration of traceability as an emerging concept in supply chains, particularly in India, where adoption remains limited. It highlights that while SC practitioners recognize traceability’s potential, they lack practical expertise, often driven by curiosity about decentralized databases. It underscores the critical role of artificial intelligence, IoT devices and big data in ensuring precise data collection and analytics, essential for successful traceability. The research also introduces a predictive model combining TAM, TRI and TPB constructs, identifying perceived usefulness, attitude and perceived behavioral control as key factors influencing traceability adoption. © 2024, Emerald Publishing Limited.",Food supply chain; Innovation; Supply chain traceability; Sustainability; Technology adoption models,Emerald Publishing,scopus-artificial intelligence,0,Mechanical AI,"['traceability', 'data collection', 'supply chain', 'perceived ease of use', 'perceived usefulness', 'technology acceptance', 'operational efficiency']","The abstract discusses the adoption of traceability in supply chains, emphasizing the importance of data collection and technological acceptance in improving visibility and transparency. The focus on perceived ease of use and perceived usefulness aligns closely with the Mechanical AI category, which involves automating processes and enhancing data collection capabilities. There are no significant elements relating to emotional understanding or strategic market analysis that would place it in the other categories.",0%,80%,20%,0%,0%
The connected consumer: Connected devices and the evolution of customer intelligence,Cooke A.D.J.; Zubcsek P.P.,2017,10.1086/690941,"Technological advances are increasing the connections between customers and companies, products, and one another. Consumers’ use of connected devices is providing rich sources of data about consumers, their activity, and their environment, which we collectively label customer intelligence. At the same time, changes in statistical algorithms and artificial intelligence are making automated inferences and decisions regarding consumer behavior possible. One likely result of these changes is the emergence of companies that are especially adept at generating and using customer intelligence. This article explores how changes in sensing technology, causal modeling, and intelligent marketing platforms may affect the generation and utilization of customer intelligence. We envision a merging of these tradition-ally separate activities in companies that possess a large, active customer base and the ability to collect, process, and apply data from these customers quickly and accurately. Such a convergence offers substantial potential value but also notable risk for tomorrow’s connected consumers. © 2017 the Association for Consumer Research. All rights reserved.",,University of Chicago Press,scopus-artificial intelligence,21,Mechanical AI,"['customer intelligence', 'data collection', 'connected devices', 'automated inferences', 'statistical algorithms', 'sensing technology', 'data processing']","The abstract discusses the technological advancements in data collection and processing that enhance the connection between customers and companies. It highlights the rise of automated inferences and decisions regarding consumer behavior, which aligns with the Mechanical AI focus on data collection and segmentation. The emphasis on the ability to collect, process, and apply data from customers quickly and accurately fits well within the Mechanical AI category.",10%,70%,20%,0%,0%
Classification of potential electric vehicle purchasers: A machine learning approach,Bas J.; Cirillo C.; Cherchi E.,2021,10.1016/j.techfore.2021.120759,"Among the many approaches towards fuel economy, the adoption of electric vehicles (EV) may have the greatest impact. However, existing studies on EV adoption predict very different market evolutions, which causes a lack of solid ground for strategic decision making. New methodological tools, based on Artificial Intelligence, might offer a different perspective. This paper proposes supervised Machine Learning (ML) techniques to identify key elements in EV adoption, comparing different ML methods for the classification of potential EV purchasers. Namely, Support Vector Machines, Artificial Neural Networks, Deep Neural Networks, Gradient Boosting Models, Distributed Random Forests, and Extremely Randomized Forests are modeled utilizing data gathered on users’ inclinations towards EV. Although a Support Vector Machine with polynomial kernel slightly outperforms the other algorithms, all of them exhibit comparable predictability, implying robust findings. Further analysis provides evidence that having only partial information (e.g. only socioeconomic variables) has a significant negative impact on model performance, and that the synergy across several types of variables leads to higher accuracy. Finally, the examination of misclassified observations reveals two well-differentiated groups, unveiling the importance that the profiling of potential purchaser may have for marketing campaigns as well as for public agencies that seek to promote EV adoption. © 2021",Adoption; Cluster analysis; Electric vehicle; Imputation; Machine learning; Prediction,Elsevier Inc.,scopus-artificial intelligence,40,Thinking AI,"['Machine Learning', 'EV adoption', 'market evolutions', 'predictability', 'profiling', 'marketing campaigns']","The abstract discusses the use of Machine Learning techniques to analyze and classify potential electric vehicle purchasers, indicating a focus on market analysis and targeting strategies. The mention of identifying key elements in EV adoption and the importance of profiling potential purchasers aligns with the 'Thinking AI' category, which emphasizes market analysis and targeting. While there are elements of understanding customer behavior, the primary focus remains on strategic decision-making and market predictions.",10%,20%,60%,0%,10%
An explainable recommendation framework based on an improved knowledge graph attention network with massive volumes of side information,Shimizu R.; Matsutani M.; Goto M.,2022,10.1016/j.knosys.2021.107970,"In recent years, explainable recommendation has been a topic of active study. This is because the branch of the machine learning field related to methodologies is enabling human understanding of the reasons for the outputs of recommender systems. The realization of explainable recommendation is widely expected to increase both user satisfaction and the demand for explainable recommendation systems. Explainable recommendation utilizes a wealth of side information (such as sellers, brands, user ages and genders, and bookmark information, among others) to expound the decision-making reasoning applied by recommendation models. In explainable recommendation, although learning side information containing numerous variables leads to rich interpretability, learning too many variables presents a challenge because decreases the amount of learning that a given computational resource can perform, and the accuracy of the recommendation model may be degraded. However, numerous and diverse variables are included in the side information stored by the actual companies operating massive real-world services. Hence, to realize practical applications of this valuable information, it is necessary to resolve problems such as computational cost. In this study, we propose a new framework for explainable recommendation based on an improved knowledge graph attention network model, which utilizes the side information of items and realizes high recommendation accuracy. The proposed framework enables direct interpretation by visualizing the reasons for the recommendations provided. Experimental results show that the proposed framework reduced computational time requirements by approximately 80%, while maintaining recommendation accuracy by enabling the model to learn the probabilistically given edges included in the graph structure. Moreover, the results show that the proposed framework exhibited richer interpretability than the conventional model. Finally, a multifaceted analysis suggests that the proposed framework is not only effective as an explainable recommendation model but also provides a powerful tool for planning various marketing strategies. © 2021 The Author(s)",Explainable artificial intelligence; Explainable recommendation; Knowledge graph attention network; Knowledge graph embedding; Knowledge graph enabled recommendation; Model-intrinsic approach,Elsevier B.V.,scopus-artificial intelligence,61,Thinking AI,"['explainable recommendation', 'user satisfaction', 'recommendation accuracy', 'computational cost', 'marketing strategies']","The abstract discusses a framework for explainable recommendation systems that enhances user satisfaction and supports marketing strategies. It emphasizes the importance of market analysis and personalization through understanding the reasons behind recommendations. Therefore, it aligns closely with 'Thinking AI', which focuses on market analysis and targeting. The keywords indicate a strategic approach to utilizing data for improved recommendations.",10%,20%,70%,0%,0%
"New approaches to psychographic consumer segmentation: Exploring fine art collectors using artificial intelligence, automated text analysis and correspondence analysis",Pitt C.S.; Bal A.S.; Plangger K.,2020,10.1108/EJM-01-2019-0083,"Purpose: While the motivation for collecting art has received considerable attention in the literature, less is known about the characteristics of the typical art collector. This paper aims to explore these characteristics to develop a typology of art consumers using a mixed method approach over several studies. Design/methodology/approach: This is achieved by analyzing qualitative data, gathered via semi-structured interviews of art collectors, and quantitatively by means of natural language processing analysis and automated text analysis and using correspondence analysis to analyze and present the results. Findings: The study’s findings reveal four distinct clusters of art collectors based on their “Big Five” personality traits, as well as uncovering insights into how these types talk about their possessions. Research limitations/implications: In addition to contributing to the arts marketing literature, the findings provide a more nuanced understanding of consumers that managers can use for market segmentation and target marketing decisions in other markets. The paper also offers a methodological contribution to the literature on correspondence analysis by demonstrating the “doubling” procedure to deal with percentile data. Practical implications: In addition to contributing to the arts marketing literature, the findings provide a more nuanced understanding of art collectors that managers can use for market segmentation and target marketing decisions. The paper also offers a methodological contribution to the literature on correspondence analysis by demonstrating a non-traditional application of correspondence analysis using the “doubling” procedure. Buyer behavior in the fine art market is not exhaustively studied. By understanding the personality traits of consumers in the art market, sales forces can better provide assistance and product to consumers. Further, understanding the personalities of consumers is better for art retail spaces to better serve consumers. Originality/value: This paper demonstrates a unique mixed methods approach to analyzing unstructured qualitative data. It shows how text data can be used to identify measurable market segments for which targeted strategies can be developed. © 2020, Emerald Publishing Limited.",Art collectors; Artificial intelligence; Automated text analysis; Correspondence analysis; Psychographic consumer segmentation; Psychographic segmentation; Quantitative analysis of qualitative data,Emerald Group Holdings Ltd.,scopus-artificial intelligence,46,Feeling AI,"['personality traits', 'consumer understanding', 'market segmentation', 'target marketing', 'emotional needs']","The abstract discusses the characteristics of art collectors and their personality traits, which ties directly into understanding customer emotional needs and preferences. The focus on developing a typology of art consumers and the insights into how these types communicate about their possessions further emphasize the importance of customer understanding and emotional engagement. This aligns closely with the 'Feeling AI' category, which is centered around customer understanding and relationalization.",70%,10%,20%,0%,0%
A decision support system for a third-party coordinator managing supply chain with demand uncertainty,Banerjee S.; Golhar D.Y.,2013,10.1080/09537287.2011.639586,"Global supply chains reduce cost but increase lead times, complexities and uncertainties. Retailers in consumer products industry are getting shorter lead time to respond to market demand. To meet this challenge, many rely on third party supply chain managers (SCMs) for economically supplying required quantities of finished products quickly. However, due to shorter time to market, the SCM has to procure raw materials and start production process based on expected demand. Since SCM absorbs financial penalties associated with under-and over-estimation of demand from retailer, finding an optimal production lot size and product customisation strategy are essential to an SCM's operation. We develop a profit maximisation model and provide a close-form solution that allows an SCM to calculate optimal production lot size. The model is used to examine profitability of postponing product customisation. Finally, the effect of demand variation on SCM's profitability is explored. © 2013 Copyright Taylor and Francis Group, LLC.",customisation postponement; decision support system; demand uncertainty; supply chain manager,,scopus-artificial intelligence,8,Thinking AI,"['supply chain managers', 'profit maximisation model', 'optimal production lot size', 'demand variation', 'product customisation', 'market demand']","The abstract discusses the challenges faced by supply chain managers in the consumer products industry, particularly in optimizing production lot sizes and customizing products based on expected demand. This aligns with the focus of Thinking AI on market analysis and profitability, as it emphasizes strategic planning and decision-making to enhance profitability in response to market conditions. The use of a profit maximization model further supports the classification under Thinking AI.",0%,0%,100%,0%,0%
Traveling with Companions: The Social Customer Journey,Hamilton R.; Ferraro R.; Haws K.L.; Mukhopadhyay A.,2021,10.1177/0022242920908227,"When customers journey from a need to a purchase decision and beyond, they rarely do so alone. This article introduces the social customer journey, which extends prior perspectives on the path to purchase by explicitly integrating the important role that social others play throughout the journey. The authors highlight the importance of “traveling companions,” who interact with the decision maker through one or more phases of the journey, and they argue that the social distance between the companion(s) and the decision maker is an important factor in how social influence affects that journey. They also consider customer journeys made by decision-making units consisting of multiple individuals and increasingly including artificial intelligence agents that can serve as surrogates for social others. The social customer journey concept integrates prior findings on social influences and customer journeys and highlights opportunities for new research within and across the various stages. Finally, the authors discuss several actionable marketing implications relevant to organizations’ engagement in the social customer journey, including managing influencers, shaping social interactions, and deploying technologies. © American Marketing Association 2020.",customer experience; customer journey; joint consumption; social distance; social influence,SAGE Publications Ltd,scopus-artificial intelligence,166,Feeling AI,"['social influence', 'customer journey', 'decision maker', 'social distance', 'traveling companions', 'emotional needs', 'social interactions']","The abstract discusses the social customer journey and emphasizes the role of social influences and emotional connections during the purchasing process. It highlights how decision makers are impacted by 'traveling companions' and how social distance can influence decision making. This aligns with the Feeling AI category, which focuses on understanding and meeting customer emotional needs and wants. There are no significant elements related to mechanical processes or analytical strategies that would classify it as Mechanical or Thinking AI.",70%,10%,20%,0%,0%
Defining an Integrated and Computed Methodology Approach for Sentiment and Psychographic Analysis in Tourism Research,Izzo F.; Picone Q.,2022,10.29036/jots.v13i25.393,"High-performance computational resources and artificial intelligence-based tools can enhance tourism research and marketing. However, a formal methodological approach using digital technologies in this field is still missing. This research work presents the preliminary results of defining an integrated computational methodology in tourism research and marketing. In addition, the paper aims to provide guidelines for a methodological approach leveraging technological resources and Big Data. The proposed research method is based on online User-Generated Content (UGC) analysis through a psychographic approach based on the Big Five Model, Sentiment Analysis, and Machine Learning techniques. The study is supported by high-performance computing resources, artificial intelligence-based tools, and open-source Python-based software for data collection, text analysis, and psychographic attribution. Results show a remarkable performance of the BFF prediction model and confirm the role of personality in the tourists’ decision-making and appreciation of a site. Future developments of this project involve using the acquired structured dataset labeled with sentiment and psychographic attribution to create a further prediction model on tourist segments and appreciation as part of a marketing strategy in tourism management. Future research should push forward the development of further integrated and performing computer-based methodology in tourism research and marketing, leveraging the massive amount of data and the potential of high-performance computing techniques. The main contribution of this research effort is twofold: the definition of a general-purpose BFF/Sentiment Analysis methodology and the development of a prediction model from online UGC based on the Big Five personality traits in the tourism research scenario. © 2022 Ikenga. All right reserved.",Big Five Factor model; Machine Learning; Sentiment Analysis,Center for International Scientific Research of VSO and VSPP,scopus-artificial intelligence,7,Thinking AI,"['tourism research', 'psychographic approach', 'Big Five Model', 'Sentiment Analysis', 'Machine Learning', 'prediction model', 'User-Generated Content', 'customer decision-making']","The abstract discusses the development of a computational methodology to analyze online User-Generated Content (UGC) in tourism research and marketing through a psychographic approach. It emphasizes market analysis by leveraging sentiment analysis and personality traits to understand tourist decisions, which aligns with the 'Thinking AI' category focusing on market analysis and targeting. The study's aim to create a prediction model for tourist segments indicates a strategic analysis of customer behavior.",20%,30%,50%,0%,0%
How is the hospitality and tourism industry in India responding to the dynamic digital era?,Singh A.; Munjal S.,2021,10.1108/WHATT-09-2020-0118,"Purpose: This paper aims to introduce the background with the theme issue question: How is the hospitality and tourism industry in India responding to the dynamic digital era? Design/methodology/approach: The paper has discussed the importance of digital technologies and its scope in customer engagement and marketing of hospitality and tourism products; nevertheless, it also identifies the role of human touch and traditional marketing by suggesting the appropriate mix. This paper has examined the role of influencers and online reviews in impacting the purchase tech decisions related to travel and tourism. Findings: This paper highlights the current digital trends in hospitality and tourism of India and highlights the contribution of authors toward the strategic question. Practical implications: The theme issues draw extensively from industry leaders, digital agencies, restaurant owners and tech consumers to offer relevant and varied perspectives. Originality/value: India is making significant progress in the adoption of digital technologies; yet, there is limited research in providing insights and barriers about hospitality and tourism services. This theme issue will identify the untapped potential and issues with respect to the Indian context. © 2021, Emerald Publishing Limited.",Artificial intelligence; Digital hospitality; Hospitality; Hotels; Tourism; Trends,Emerald Group Holdings Ltd.,scopus-artificial intelligence,6,Feeling AI,"['customer engagement', 'human touch', 'influencers', 'online reviews', 'emotional needs', 'customer preferences']","The abstract emphasizes the importance of customer engagement and the role of human touch in the hospitality and tourism industry. It also discusses how influencers and online reviews impact customer purchase decisions, which aligns with understanding and meeting customer emotional needs and wants. The focus on varied perspectives from industry leaders and tech consumers suggests a relational approach to marketing, indicative of Feeling AI.",70%,10%,20%,0%,0%
Community-based influence maximization in social networks under a competitive linear threshold model,Bozorgi A.; Samet S.; Kwisthout J.; Wareham T.,2017,10.1016/j.knosys.2017.07.029,"The main purpose in influence maximization, which is motivated by the idea of viral marketing in social networks, is to find a subset of key users that maximize influence spread under a certain propagation model. A number of studies have been done over the past few years that try to solve this problem by considering a non-adversarial environment in which there exists only one player with no competitor. However, in real world scenarios, there is always more than one player competing with other players to influence the most nodes. This is called competitive influence maximization. Motivated by this, we try to solve the competitive influence maximization problem by proposing a new propagation model which is an extension of the Linear Threshold model and gives decision-making ability to nodes about incoming influence spread. We also propose an efficient algorithm for finding the influential nodes in a given social graph under the proposed propagation model which exploits the community structure of this graph to compute the spread of each node locally within its own community. The aim of our algorithm is to find the minimum number of seed nodes which can achieve higher spread in comparison with the spread achieved by nodes selected by other competitor. Our experiments on real world and synthetic datasets show that our approach can find influential nodes in an acceptable running time. © 2017 Elsevier B.V.",Community detection; Competitive influence maximization; Influence maximization; Linear threshold model; Social network,Elsevier B.V.,scopus-artificial intelligence,111,Thinking AI,"['influence maximization', 'competitive influence', 'social networks', 'propagation model', 'algorithm', 'community structure', 'influential nodes']","The abstract discusses a competitive influence maximization problem in the context of social networks, focusing on identifying key users who maximize influence spread. This aligns with market analysis and targeting, as it aims to identify influential nodes within a competitive landscape. The proposed algorithm and model extension indicate a strategic analytical approach to understanding and optimizing influence in a marketing context, which falls under Thinking AI.",0%,0%,100%,0%,0%
"Adoption of computer-based technology (CBT) in agriculture in Kentucky, USA: Opportunities and barriers",Gyawali B.R.; Paudel K.P.; Jean R.; Banerjee S.“.,2023,10.1016/j.techsoc.2023.102202,"We conducted a study to understand the factors affecting farmers' decisions to use computer-based technologies (CBT) so that feasible and farmer-friendly CBT can be developed as farm-decision support systems to improve farm productivity and sustainability. We analyzed data from 314 mail and in-person interview surveys from farmers in Kentucky, USA. We used a logistic regression model to identify sociodemographic factors influencing the adoption of CBT in farm management, production, and marketing by Kentucky farmers. Results suggest that the higher the farmer's education level, the more likely they will use CBT. Younger farmers are more likely to use CBT than older farmers, and the more acres a farmer owns, the more likely they are to use CBT. The results could help improve education and outreach strategies to reach out to farmers with innovative farm management and marketing strategies. © 2023",Adoption; Computer-based technologies (CBT); Farm management; Logistic regression; Regression; Small farms,Elsevier Ltd,scopus-artificial intelligence,15,Out of Scope,"['farmers', 'computer-based technologies', 'farm management', 'sociodemographic factors', 'education level', 'farm productivity']","The abstract discusses the study of factors affecting farmers' decisions to use computer-based technologies for improving farm productivity and sustainability. The focus is on agricultural practices and decision support systems, which are not related to marketing applications of AI. There is no mention of market analysis, customer understanding, or emotional data that would connect the study to marketing strategies.",0%,0%,0%,100%,0%
Online relationship marketing,Steinhoff L.; Arli D.; Weaven S.; Kozlenkova I.V.,2019,10.1007/s11747-018-0621-6,"Online interactions have emerged as a dominant exchange mode for companies and customers. Cultivating online relationships—defined as relational exchanges that are mediated by Internet-based channels—presents firms with challenges and opportunities. In lockstep with exponential advancements in computing technology, a rich and ever-evolving toolbox is available to relationship marketers to manage customer relationships online, in settings including e-commerce, social media, online communities, mobile, big data, artificial intelligence, and augmented reality. To advance academic knowledge and guide managerial decision making, this study offers a comprehensive analysis of online relationship marketing in terms of its conceptual foundations, evolution in business practice, and empirical insights from academic research. The authors propose an evolving theory of online relationship marketing, characterizing online relationships as uniquely seamless, networked, omnichannel, personalized, and anthropomorphized. Based on these five essential features, six tenets and 11 corresponding propositions parsimoniously predict the performance effects of the manifold online relationship marketing strategies. © 2018, Academy of Marketing Science.",E-commerce; Mobile shopping; Online relationships; Online retailing; Online shopping; Relationship marketing; Relationship selling; Social media; Virtual assistants,Springer New York LLC,scopus-artificial intelligence,252,Feeling AI,"['online relationships', 'customer relationships', 'personalized', 'emotional needs', 'engagement']","The abstract focuses on the cultivation of online relationships between companies and customers, emphasizing the need to understand and meet customer emotional needs and wants. It discusses personalization and tailoring communication, which aligns closely with the definitions and applications of Feeling AI. The emphasis on relational exchanges and the evolving theory of online relationship marketing suggest a strong consideration of customer emotions and engagement.",70%,10%,20%,0%,0%
Predicting consumer healthy choices regarding type 1 wheat flour,Fiore M.; Gallo C.; Tsoukatos E.; La Sala P.,2017,10.1108/BFJ-04-2017-0200,"Purpose: Healthy and safety food issues are more and more becoming the purchasing process core of conscious consumer. “Type 1” wheat flour means higher protein and ash content. The purpose of this paper is to investigate the attributes usually referred to the characteristics of wheat flour known to consumers and at implementing a predictive model of purchasing that allows to make correct decisions without the necessary experience of a real human expert. Design/methodology/approach: In order to investigate the research aims of the paper, an online survey was carried out and conducted by means of the Google Forms in the detection time January-April 2016. The online survey collected responses from 467 Italian respondents asked to give feedback about their buying habits of various types of flour. The responses were analyzed through a data mining approach. This paper implements predictive analytics to create a statistical model of future behavior by means of a machine learning algorithms. Findings: In line with recent healthy and dynamic trends in the food industry, conscious consumer seems to be willing to pay a price for “type 1” wheat flour that is four times higher than the price related to the basic types of wheat flour. Social implications: Consumer seems not to know well the “type 1” wheat flour and its healthy characteristics; then, it should be crucial to implement promotional strategies and marketing hand in hand. Promotion can be a key element in putting across the health benefits of special kinds of wheat flour. Originality/value: Highlighting health issues about the “type 1” wheat flour gives insights and sheds some light on the crucial need of changing eating and purchasing behavior. Then, originality of this paper can be found in the used predictive algorithm of the artificial intelligence. © 2017, © Emerald Publishing Limited.",Basis types of wheat flour; Consumer behaviour; Healthy food; Machine learning algorithms,Emerald Group Publishing Ltd.,scopus-artificial intelligence,14,Thinking AI,"['predictive model', 'purchasing behavior', 'consumer feedback', 'marketing strategies', 'health benefits']","The abstract discusses the implementation of a predictive model using machine learning algorithms to analyze consumer behavior related to 'type 1' wheat flour. This aligns with the Thinking AI category, which focuses on market analysis and using analytics to understand consumer preferences and behaviors. The emphasis on creating a statistical model for future purchasing behavior further supports this classification.",0%,10%,90%,0%,0%
Cross-Platform Analysis of Seller Performance and Churn for Ecommerce Using Artificial Intelligence,Batta A.; Kar A.K.; Satpathy S.,2023,10.4018/JGIM.322439,"Suppliers and sellers play a crucial role in the ecommerce ecosystem. Sellers and ecommerce firms use social media to increase user engagement, visibility, and sales. Seller ratings are as important as the product ratings on ecommerce platforms to drive buying decisions. Based on sellers’ actions on social media, this study examines seller turnover and disengagement on e-commerce platforms. The study has been supported by the justice theory. Seller reviews and ratings from e-commerce platforms and conversations from social media platforms have been gathered. Using natural language processing, machine learning, partial least squares (PLS) path analysis, and statistical inferences, objectives of the study are met. The study offers recommendations for both practitioners and researchers. The sellers must focus more on interaction and communication than marketing. Through a longitudinal analysis, the study also establishes that ecommerce organizations can use seller social media performance as a predictor of future seller churn and disengagement so they can take the necessary remedial action. © 2023 IGI Global. All rights reserved.",Cross platform Impact; E-Commerce; Machine learning; Natural language processing; Seller Churn; Seller disengagement; Seller Review Consensus; Social Media Content Type,IGI Global,scopus-artificial intelligence,6,Thinking AI,"['social media', 'seller ratings', 'engagement', 'buyer decisions', 'market analysis', 'predictor of churn']","The abstract discusses the relationship between sellers' actions on social media and their impact on seller turnover and disengagement within the e-commerce ecosystem. It emphasizes analyzing seller performance to predict future seller behavior, which aligns with market analysis and targeting strategies typical of Thinking AI applications. The use of statistical methods and machine learning to derive insights about seller engagement further supports this classification.",0%,0%,100%,0%,0%
Sentiment analysis system adaptation for multilingual processing: The case of tweets,Balahur A.; Perea-Ortega J.M.,2015,10.1016/j.ipm.2014.10.004,"Nowadays opinion mining systems play a strategic role in different areas such as Marketing, Decision Support Systems or Policy Support. Since the arrival of the Web 2.0, more and more textual documents containing information that express opinions or comments in different languages are available. Given the proven importance of such documents, the use of effective multilingual opinion mining systems has become of high importance to different fields. This paper presents the experiments carried out with the objective to develop a multilingual sentiment analysis system. We present initial evaluations of methods and resources performed in two international evaluation campaigns for English and for Spanish. After our participation in both competitions, additional experiments were carried out with the aim of improving the performance of both Spanish and English systems by using multilingual machine-translated data. Based on our evaluations, we show that the use of hybrid features and multilingual, machine-translated data (even from other languages) can help to better distinguish relevant features for sentiment classification and thus increase the precision of sentiment analysis systems. © 2014 Elsevier Ltd. All rights reserved.",Chat analysis; Multilingual resources; Sentiment analysis; Social media mining; Subjectivity analysis,Elsevier Ltd,scopus-artificial intelligence,44,Thinking AI,"['multilingual sentiment analysis', 'opinion mining', 'sentiment classification', 'market analysis', 'customer preferences']","The abstract discusses the development of a multilingual sentiment analysis system aimed at improving the understanding of customer opinions and sentiments, which directly relates to market analysis and understanding customer needs. The focus on enhancing performance through hybrid features and machine-translated data suggests strategic analysis capabilities that align with the Thinking AI category.",20%,0%,80%,0%,0%
Digital transformation of professions in physical education and sport sector,Ermakov A.V.; Skarzhynska E.N.; Novoselov M.A.,2022,,"Objective of the study was to reveal the trends of transformation of tracks of the professional physical education and sports specialist training system in the context of the ongoing economic digitalization process and data-driven management approach of the physical education and sports experts. Methods and structure of the study. We made a content analysis of 135,000 documents (including study reports and corporate sports management vacancies in Europe, North and South America) to rank requirements to the competences and job responsibilities in special digital services of the modern physical education and sport sector service personnel. Results and conclusion. On the whole, the global physical education and sport sectors show a special demand for personnel having digital competences and, therefore, we recommend the national physical education and sport sector decision-makers to give a special priority to the following education disciplines: “SMM in sports"", ""Customer Relationship Management in corporate sports"", ""Digital Marketing in Sports"", ""Artificial Intelligence in physical education and sports"", ""Digital technologies in sports"";; plus the following special modules: ""Data analysis in sports"", ""Artificial Intelligence and machine learning in sports"", ""Digital project management in sports"", ""Big Data with artificial Intelligence technologies"", etc. © 2022, Teoriya i praktika fizicheskoy kul'tury i sporta. All rights reserved.",coach; corporate sports manager; digital economic competences; digital trail; digitalization; physical education; referee; sports; sports agent,Teoriya i praktika fizicheskoy kul'tury i sporta,scopus-artificial intelligence,1,Mechanical AI,"['digital competences', 'data analysis', 'digital marketing', 'artificial intelligence', 'sports management', 'customer relationship management']","The abstract discusses the demand for personnel with digital competences in the physical education and sports sectors, particularly in the context of economic digitalization and data-driven management. It emphasizes the need for education in digital services and data analysis, which aligns with the Mechanical AI focus on data collection and processing, as well as segmentation for identifying customer preferences. The mention of specific educational disciplines related to digital technologies supports the classification under Mechanical AI.",0%,70%,30%,0%,0%
Big data and firm marketing performance: Findings from knowledge-based view,Gupta S.; Justy T.; Kamboj S.; Kumar A.; Kristoffersen E.,2021,10.1016/j.techfore.2021.120986,"A universal trend in advanced manufacturing countries is defining Industry 4.0, industrialized internet and future factories as a recent wave, which may transform the production and its related services. Further, big data analytics has emerged as a game changer in the business world due to its uses for increasing accuracy in decision-making and enhancing performance of sustainable industry 4.0 applications. This study intends to emphasize on how to support Industry 4.0 with knowledge based view. For the same, a conceptual model is framed and presented with essential components that are required for a real world implementation. The study used qualitative analysis and was guided by a knowledge-based theoretical framework. Thematic analysis resulted in the identification of a number of emergent categories. Key findings highlight significant gaps in conventional decision-making systems and demonstrate how big data enhances firms’ strategic and operational decisions as well as facilitates informational access for improved marketing performance. The resulting proposed model can provide managers with a reference point for using big data to line up firms’ activities for more effective marketing efforts and presents a conceptual basis for further empirical studies in this area. © 2021",Artificial intelligence; Big data analytics; Knowledge-based view; Marketing performance,Elsevier Inc.,scopus-artificial intelligence,103,Thinking AI,"['big data analytics', 'decision-making', 'strategic decisions', 'operational decisions', 'marketing performance']","The abstract emphasizes the role of big data analytics in enhancing strategic and operational decisions, particularly in the context of marketing performance. This aligns closely with the Thinking AI category, which focuses on market analysis and targeting. The study addresses gaps in conventional decision-making systems and suggests a model for aligning activities for effective marketing efforts, indicating a strong focus on strategic analysis and decision-making in a marketing context.",0%,20%,80%,0%,0%
Knowledge management system selection by multi-choice goal programming,Liao C.-N.; Chih I.-L.,2014,10.3233/HSM-140806,Goal programming (GP) is an important technique for solving many practice applications. This paper adopts multi-choice goal programming model (MCGP) approach to solve a multi-objectives decision-making problem. The decision model is developed as a multi-choice aspiration levels goal programming model base on a case study. The overall objective is to select an effective resource distribution in a knowledge management system (KMS) projects selection process. The main contribution of this work is development a mathematical model for KMS project evaluate and selection. The advantage of this method is that it allows decision makers to set multi-objective aspiration levels for KMS selection problems. The MCGP model facilitates decision-making process in business resources planning. © 2014 - IOS Press and the authors. All rights reserved.,Knowledge management system; marketing decision support system (MDSS); multi-choice goal programming model (MCGP),IOS Press,scopus-artificial intelligence,6,Thinking AI,"['multi-objectives decision-making', 'resource distribution', 'knowledge management system', 'mathematical model', 'project selection']","The abstract discusses a multi-choice goal programming model aimed at solving a multi-objectives decision-making problem related to resource distribution in knowledge management system (KMS) projects. This aligns with the Thinking AI category, which focuses on market analysis and decision-making processes. The development of a mathematical model for evaluating and selecting KMS projects indicates a strategic analytical approach rather than emotional or automated processes.",0%,0%,100%,0%,0%
Applications of big data in emerging management disciplines: A literature review using text mining,Kushwaha A.K.; Kar A.K.; Dwivedi Y.K.,2021,10.1016/j.jjimei.2021.100017,"The importance of data-driven decisions and support is increasing day by day in every management area. The constant access to volume, variety, and veracity of data has made big data an integral part of management studies. New sub-management areas are emerging day by day with the support of big data to drive businesses. This study takes a systematic literature review approach to uncover the emerging management areas supported by big data in contemporary times. For this, we have analyzed the research papers published in the reputed management journals in the last ten years, fir using network analysis followed by natural language processing summarization techniques to find the emerging new management areas which are yet to get much attention. Furthermore, we ran the same exercise in each of these management areas to uncover these areas better. This research will act as a reference for future information systems (IS) scholars who want to perform analysis that is deep-dive in nature on each of these management areas, which in the coming times will get all the due attention to become dedicated research domains in the management area. We finally conclude the study by identifying the scope of future research in each of these management areas, which will be a true value addition for IS researchers. © 2021",Artificial intelligence; Big data; Data science; Finance; Marketing; Operations management; Services management,Elsevier Ltd,scopus-artificial intelligence,219,Thinking AI,"['data-driven decisions', 'big data', 'management areas', 'market analysis', 'future research']","The abstract discusses the systematic literature review focused on emerging management areas supported by big data, indicating a focus on market analysis and identifying new research domains. It highlights the use of network analysis and natural language processing summarization techniques, which aligns with the strategic analysis aspect of Thinking AI. The emphasis on uncovering new management areas suggests a deeper analytical approach rather than just data collection or emotional understanding.",0%,20%,80%,0%,0%
Autonomous Shopping Systems: Identifying and Overcoming Barriers to Consumer Adoption,de Bellis E.; Venkataramani Johar G.,2020,10.1016/j.jretai.2019.12.004,"Technologies are becoming increasingly autonomous, able to make decisions and complete tasks on behalf of consumers. Virtual assistants already take care of grocery shopping by replenishing used up ingredients while cooking machines prepare these ingredients and implement recipes. In the future, consumers will be able to delegate substantial parts of the shopping process to autonomous shopping systems. Whereas the functional benefits of these systems are evident, they challenge psychological consumption motives and ingrained human–machine relationships due to the delegation of decisions and tasks to technology. The authors take a cross-disciplinary approach drawing from research in marketing, psychology, and human–computer interaction to examine barriers to adoption of autonomous shopping systems. They identify different types of psychological and cultural barriers, and suggest ways to craft the online and bricks-and-mortar retail environment to overcome these barriers along the consumer journey. The article finishes with implications for policy makers and a future research agenda for researchers examining autonomous technologies. © 2019 The Authors",Adoption barrier; Artificial intelligence; Autonomous technology; Shopping behavior; Smart product; Task delegation,Elsevier Ltd,scopus-artificial intelligence,155,Mechanical AI,"['autonomous shopping systems', 'delegation of decisions', 'consumer journey', 'psychological and cultural barriers']","The abstract discusses the rise of autonomous shopping systems that can make decisions and complete tasks for consumers, which aligns with the focus on automating processes in Mechanical AI. The emphasis on how these technologies collect data and manage the shopping experience through automation indicates a strong connection to Mechanical AI applications such as data collection and standardization of customer interactions.",20%,60%,15%,0%,5%
Time for marketing to embrace reinforcement learning,Murphy L.; Perales F.; Gopal A.; Gyurdieva Y.; Gueorguiev V.; Shandilya P.,2022,,"Since COVID-19 upended the world, marketers can no longer rely on historical data to inform their decisions. Channel splits have changed and online conversations have exploded. Marketing budgets have decreased as a percentage of revenue, meaning marketing funds must be used more effectively and efficiently than ever. Fortunately, the relatively new application of reinforcement learning — a data science approach — in marketing offers additional opportunities to gain competitive advantage using artificial intelligence. Unlike other types of machine learning, reinforcement learning uses algorithms that do not typically rely only on historical data sets, to learn to make predictions. Rather, these algorithms learn as humans often do, through trial and error, adjusting their ‘behaviour’ based on the outcomes of their actions. While the algorithms and computations behind reinforcement learning can be complex and sophisticated, its ability to deal with real-time decision making makes it an attractive option for marketers. This paper shows that with the right ‘business translator’ — that is, a person or team operating as the ‘glue’ between data science and business performance — sophisticated data science becomes accessible to commercial teams looking to drive performance improvements. © 2022, Henry Stewart Publications. All rights reserved.",artificial intelligence; change management; data science; digital marketing; marketing analytics; reinforcement learning,Henry Stewart Publications,scopus-artificial intelligence,0,Thinking AI,"['reinforcement learning', 'real-time decision making', 'business translator', 'competitive advantage', 'data science']","The abstract discusses the application of reinforcement learning in marketing, focusing on how it can aid in real-time decision-making and provide a competitive advantage. It emphasizes the need for effective use of marketing funds and the importance of understanding market dynamics post-COVID-19. These elements align closely with the 'Thinking AI' category, particularly in the context of market analysis and targeting, as it involves sophisticated analytics to optimize marketing strategies and decisions.",0%,0%,90%,0%,10%
Artificial intelligence in business and economics research: Trends and future,Ruiz-Real J.L.; Uribe-Toril J.; Torres J.A.; Pablo J.D.E.,2021,10.3846/jbem.2020.13641,"Artificial Intelligence is a disruptive technology developed during the 20th century, which has undergone an accelerated evolution, underpinning solutions to complex problems in the business world. Neural Networks, Machine Learning, or Deep Learning are concepts currently associated with terms such as digital marketing, decision making, industry 4.0 and business digital transformation. Interest in this technology will increase as the competitive advantages of the use of Artificial Intelligence by economic entities is realised. The aim of this research is to analyse the state-of-the-art research of Artificial Intelligence in business. To this end, a bibliometric analysis has been implement using the Web of Science and Scopus online databases. By using a fractional counting method, this paper identifies 11 clusters and the most frequent terms used in Artificial Intelligence research. The present study identifies the main trends in research on Artificial Intelligence in business and proposes future lines of inquiry. © 2020 The Author(s). Published by Vilnius Gediminas Technical University.",Artificial intelligence; Bibliometrics; Business; Decision-making; Economics; Research trends,VGTU,scopus-artificial intelligence,73,Thinking AI,"['Artificial Intelligence', 'business', 'decision making', 'digital marketing', 'research', 'bibliometric analysis', 'competitive advantages']","The abstract discusses the application of Artificial Intelligence in business, emphasizing market analysis, decision making, and competitive advantages. The focus is on identifying trends and research in AI as it pertains to business, which aligns with the Thinking AI category's emphasis on market analysis and targeting.",0%,0%,100%,0%,0%
A Decision Support System for market-driven product positioning and design,Lei N.; Moon S.K.,2015,10.1016/j.dss.2014.11.010,"This paper presents a Decision Support System (DSS) for market-driven product positioning and design, based on market data and design parameters. The proposed DSS determines market segments for new products using Principal Component Analysis (PCA), K-means, and AdaBoost classification. The system combines the data integrity, security, and reliability of a database with the unparalleled analytical capability of the Matlab tool suite through an intuitive Graphical User Interface (GUI). This GUI allows users to explore and evaluate alternative scenarios during product development. To demonstrate the usefulness of the proposed system, we conducted a case study using US automotive market data. For this case study, the proposed DSS achieved classification accuracies in a range from 76.1% to 93.5% for different scenarios. These high accuracy levels make us confident that the DSS can benefit enterprise decision makers by providing an objective second opinion on the question: To which market segment does a new product design belong? Having information about the market segment implies that the competition is known and marketing can position the product accurately. Furthermore, the design parameters can be adjusted such that (a) the new product fits this market segment better or (b) the new product is relocated to a different market segment. Therefore, the proposed system enables enterprises to make better informed decisions for market-driven product positioning and design. © 2014 Elsevier B.V. All rights reserved.",AdaBoost; Data mining; Decision Support System; Market segmentation; Product design; Product positioning,Elsevier,scopus-artificial intelligence,58,Thinking AI,"['Decision Support System', 'market segments', 'classification', 'market-driven product positioning', 'case study', 'classification accuracies', 'product design']","The abstract describes a Decision Support System (DSS) designed for market-driven product positioning and design, which aligns with the focus on market analysis and targeting in Thinking AI. The use of market data to classify products into segments and gain insights into competitive positioning illustrates analytical capabilities. The emphasis on providing decision makers with objective assessments further supports its categorization under Thinking AI, as it aims to enhance strategic marketing decisions based on data.",0%,0%,100%,0%,0%
An Adaptive Intelligent Management System of Advertising for Social Networks: A Case Study of Facebook,Aguilar J.; Garcia G.,2018,10.1109/TCSS.2017.2759188,"At present, social networks are strongly used for personal or professional purposes. The social networks have accumulated a large amount of information, which can be used in different ways. One of such possible purposes is advertising. In particular, when a company pays for advertising in a social network, it wants to get an ideal deployment of the ads on the network. The ideal behavior aims at reducing the high costs to pay, the number of hours to design advertising, the difficulty in the creation of ads by lots, among other things. In particular, the optimization of the production of advertising on social networks, based on the performance of the ads, is not an easy task. If we make an incorrect design, this can result in losses for a company. In this sense, this paper presents an intelligent system of management of social network advertising, based on data mining techniques, to automatically produce ads. In addition, we test our adaptive mechanism of automated production (generation) of online advertising on Facebook. Our system carries out automatic modifications and improvements of ads. Facebook is one of the more popular social networks, being widely used by companies for advertising, in order to create contents attracting the attention of users. © 2014 IEEE.",Decision support systems; Facebook; intelligent systems; online advertising; social networks,Institute of Electrical and Electronics Engineers Inc.,scopus-artificial intelligence,22,Mechanical AI,"['automated production', 'data mining', 'automatic modifications', 'advertising', 'social networks']","The abstract discusses an intelligent system for managing social network advertising that focuses on automating the production of ads and making automatic modifications to improve them. This aligns with the Mechanical AI category, which emphasizes automation in processes related to advertising and data handling. It does not focus on emotional understanding or strategic market analysis.",0%,80%,20%,0%,0%
