Title,Authors,Year,DOI,Abstract,Keywords,Publisher,Source,Cited,classification,keywords,rationale,Feeling AI,Mechanical AI,Thinking AI,Out of Scope,Not Identified
The Problem of Copyright Protection for Machine Learning Databases: A Comparative Study,Khong D.W.K.; Yeh W.-J.,2021,,"This paper examines the applications of copyright protection standards to the creation and utilisation of databases for machine learning purposes and compares the law from Malaysia, Taiwan and the European Union. The current international regime for copyright protection of databases requires that compilations of data be protected “by reason of the selection or arrangement of their contents [which] constitute intellectual creations"". However, Malaysia continues to follow the sweat of the brow approach to copyright protection of tables or compilations although a provision similar to TRIPS separately exists. On the other hand, Taiwan adopts a similar, but not identical approach to the TRIPS. The key differences are that Taiwan’s formulation uses the word “creativity” instead of “creation” sans“intellectual” and uses the conjunction “and” instead of “or” between selection and arrangement. The ECJ’s decision in Football Dataco Ltd v Yahoo! UK Ltd in interpreting the European Database Directive emphasised that copyright protection for databases must be determined solely on the basis of the selection or arrangement but not on the creation of content. Likewise, the Fixture Marketing cases decided by the ECJ held that only the obtaining, verification or presentation of “existing independent material” matters to the sui generis database rights but not that of newly created data. It would appear that most, if not all, machine learning datasets will not satisfy the “intellectual creations” requirement and thus fail to qualify for copyright protection. Enacting a universal sui generis database protection may not be an easy solution. Perhaps, it is time for the international community to get down from the philosophical high horse and to accept that databases should be protected in copyright simply on account of the effort in their compilation, without the necessity to judge whether there is any intellectual input in the selection or arrangement of their content. © 2021",Copyright Protection of Databases; European Database Directive; Machine Learning Datasets; Malaysia; Taiwan,National Taipei University of Technology,scopus-machine learning,1,Out of Scope,"['copyright protection', 'databases', 'machine learning', 'international regime', 'intellectual creations']","The abstract primarily discusses legal aspects related to copyright protection of databases used for machine learning, without any direct connection to marketing applications. It focuses on legal interpretations and international comparisons rather than marketing strategies or AI applications in a marketing context.",0%,0%,0%,100%,0%
Consideration-set heuristics,Hauser J.R.,2014,10.1016/j.jbusres.2014.02.015,"Consumers often choose products by first forming a consideration set and then choosing from among considered products. When there are many products to screen (or many features to evaluate), it is rational for consumers to use consider-then-choose decision processes and to do so with heuristic decision rules. Managerial decisions (product development, marketing communications, etc.) depend upon the ability to identify and react to consumers' heuristic consideration-set rules. We provide managerial examples and review the state-of-the-art in the theory and measurement of consumers' heuristic consideration-set rules. Advances in greedoid methods, Bayesian inference, machine-learning, incentive alignment, measurement formats, and unstructured direct elicitation make it feasible and cost-effective to understand, quantify, and simulate ""what-if"" scenarios for a variety of heuristics. These methods now apply to a broad set of managerial problems including applications in complex product categories with large numbers of product features and feature-levels. © 2014 Elsevier Inc.",Consideration sets; Consumer behavior; Decision heuristics; Fast-and-frugal decisions; Marketing; Product development,Elsevier Inc.,scopus-machine learning,168,Thinking AI,"['consideration set', 'decision processes', 'heuristic decision rules', 'managerial decisions', 'marketing communications', 'Bayesian inference', 'machine-learning', 'what-if scenarios']","The abstract discusses how consumers form a consideration set and utilize heuristic decision-making processes when choosing products. It emphasizes the importance of understanding these heuristics for managerial decisions in marketing, indicating a focus on market analysis and strategic targeting. The mention of Bayesian inference, machine learning, and measuring consumer behavior aligns closely with the applications of thinking AI in identifying competitive advantages and recommending target strategies.",0%,0%,100%,0%,0%
"Disjunctions of conjunctions, cognitive simplicity, and consideration sets",Hauser J.R.; Toubia O.; Evgeniou T.; Befurt R.; Dzyabura D.,2010,10.1509/jmkr.47.3.485,"The authors test methods, based on cognitively simple decision rules, that predict which products consumers select for their consideration sets. Drawing on qualitative research, the authors propose disjunctions-ofconjunctions (DOC) decision rules that generalize well-studied decision models, such as disjunctive, conjunctive, lexicographic, and subset conjunctive rules. They propose two machine-learning methods to estimate cognitively simple DOC rules. They observe consumers' consideration sets for global positioning systems for both calibration and validation data. They compare the proposed methods with both machinelearning and hierarchical Bayes methods, each based on five extant compensatory and noncompensatory rules. For the validation data, the cognitively simple DOC-based methods predict better than the ten benchmark methods on an information theoretic measure and on hit rates. The results are robust with respect to format by which consideration is measured, sample, and presentation of profiles. The article closes with an illustration of how DOC-based rules can affect managerial decisions. © 2010, American Marketing Association.",Cognitive simplicity; Conjoint analysis; Consideration sets; Consumer heuristics; Decision theory; Lexicography; Machine learning; Noncompensatory decisions,American Marketing Association,scopus-machine learning,112,Thinking AI,"['decision rules', 'consideration sets', 'machine-learning', 'market analysis', 'cognitive', 'prediction']","The abstract discusses the development and testing of decision rules for predicting consumer behavior in the context of product selection. This involves analyzing how consumers form consideration sets and applying machine learning methods for better prediction, which aligns closely with the market analysis and targeting focus of Thinking AI. The insights drawn from the analysis can guide managerial decisions, further supporting its classification.",0%,0%,100%,0%,0%
Model selection for direct marketing: Performance criteria and validation methods,Cui G.; Leung M.W.; Zhang G.; Li L.,2008,10.1108/02634500810871339,"Purpose - The purpose of this paper is to assess the performance of competing methods and model selection, which are non-trivial issues given the financial implications. Researchers have adopted various methods including statistical models and machine learning methods such as neural networks to assist decision making in direct marketing. However, due to the different performance criteria and validation techniques currently in practice, comparing different methods is often not straightforward. Design/methodology/approach - This study compares the performance of neural networks with that of classification and regression tree, latent class models and logistic regression using three criteria - simple error rate, area under the receiver operating characteristic curve (AUROC), and cumulative lift - and two validation methods, i.e. bootstrap and stratified k-fold cross-validation. Systematic experiments are conducted to compare their performance. Findings - The results suggest that these methods vary in performance across different criteria and validation methods. Overall, neural networks outperform the others in AUROC value and cumulative lifts, and the stratified ten-fold cross-validation produces more accurate results than bootstrap validation. Practical implications - To select predictive models to support direct marketing decisions, researchers need to adopt appropriate performance criteria and validation procedures. Originality/value - The study addresses the key issues in model selection, i.e. performance criteria and validation methods, and conducts systematic analyses to generate the findings and practical implications.",Database marketing; Direct marketing; Modelling; Neural nets; Performance criteria,,scopus-machine learning,17,Thinking AI,"['neural networks', 'model selection', 'performance criteria', 'direct marketing', 'validation methods', 'market analysis']","The abstract discusses the assessment of various AI methods, particularly focusing on their performance in direct marketing, which aligns with market analysis and model selection strategies. The emphasis on comparing different predictive models based on their performance criteria and validation techniques indicates a strategic approach to targeting and decision making, typical of Thinking AI. The study does not focus on emotional aspects or automated customer interactions, which are more aligned with Feeling AI and Mechanical AI, respectively.",0%,0%,100%,0%,0%
Forecasting market prices in a supply chain game,Kiekintveld C.; Miller J.; Jordan P.R.; Callender L.F.; Wellman M.P.,2009,10.1016/j.elerap.2008.11.005,"Predicting the uncertain and dynamic future of market conditions on the supply chain, as reflected in prices, is an essential component of effective operational decision-making. We present and evaluate methods used by our agent, Deep Maize, to forecast market prices in the trading agent competition supply chain management game (TAC/SCM). We employ a variety of machine learning and representational techniques to exploit as many types of information as possible, integrating well-known methods in novel ways. We evaluate these techniques through controlled experiments as well as performance in both the main TAC/SCM tournament and supplementary Prediction Challenge. Our prediction methods demonstrate strong performance in controlled experiments and achieved the best overall score in the Prediction Challenge. © 2008 Elsevier B.V. All rights reserved.",Forecasting; Machine learning; Markets; Price prediction; Supply chain management; Trading agent competition,,scopus-machine learning,23,Thinking AI,"['predicting', 'market prices', 'forecast', 'machine learning', 'market conditions', 'operational decision-making']","The abstract discusses the prediction of market prices using various machine learning techniques, which aligns with market analysis and strategic decision-making. The focus is on forecasting market conditions that can inform operational decisions, indicating a use of analytics to understand market dynamics rather than direct customer interactions or emotional insights.",0%,0%,100%,0%,0%
An introduction to audio and visual research and applications in marketing,Xiao L.; Kim H.-J.; Ding M.,2013,10.1108/S1548-6435(2013)0000010012,"Purpose - The advancement of multimedia technology has spurred the use of multimedia in business practice. The adoption of audio and visual data will accelerate as marketing scholars become more aware of the value of audio and visual data and the technologies required to reveal insights into marketing problems. This chapter aims to introduce marketing scholars into this field of research. Design/methodology/approach - This chapter reviews the current technology in audio and visual data analysis and discusses rewarding research opportunities in marketing using these data. Findings - Compared with traditional data like survey and scanner data, audio and visual data provides richer information and is easier to collect. Given these superiority, data availability, feasibility of storage, and increasing computational power, we believe that these data will contribute to better marketing practices with the help of marketing scholars in the near future. Practical implications: The adoption of audio and visual data in marketing practices will help practitioners to get better insights into marketing problems and thus make better decisions. Value/originality - This chapter makes first attempt in the marketing literature to review the current technology in audio and visual data analysis and proposes promising applications of such technology.We hope it will inspire scholars to utilize audio and visual data in marketing research. Copyright © 2013 by Emerald Group Publishing Limited.",Audio data; Computer technology; Machine learning; Marketing; Video data,,scopus-machine learning,13,Thinking AI,"['audio and visual data', 'marketing insights', 'data analysis', 'better decisions', 'research opportunities']","The abstract discusses the adoption of audio and visual data in marketing practices, emphasizing its potential for providing richer information for market analysis and decision-making. This aligns closely with the Thinking AI category, which focuses on market analysis, targeting, and leveraging data analytics to gain competitive advantages. The findings highlight how utilizing these data types can lead to better insights into marketing problems, which is a key aspect of strategic analysis in marketing.",0%,0%,100%,0%,0%
A Semantic-Context Embedding Enhanced Attention Fusion BiLSTM: Unraveling Multilingual Sentiments in Product Reviews with Advanced Deep Learning,Purohit A.; Patheja P.S.,2024,10.31341/jios.48.2.9,"For natural language processing (NLP), sentiment analysis (SA) is crucial since it helps to understand users' feelings and opinions in a variety of contexts. Even though Deep Learning (DL) techniques are becoming more popular in SA, effective model optimization can be difficult because they frequently call for a great deal of hyperparameter tuning. However, because current models can't sufficiently capture the variety of review contexts, it introduces bias and inaccuracies, especially in product reviews. For Multilingual Sentiment Analysis (MSA) in product reviews, this research proposed a Semantic-Context Embedding Enhanced Attention Fusion BiLSTM (SCEEAF-BiLSTM). The proposed model combines Continuous Bag-of-Word (CBoW) and Skipgram techniques to extract semantic context after the preprocessing stages of tokenization, stop word removal, and case normalization. A novel Convolutional BiLSTM with Enhanced Attention (CoBLEA) architecture is introduced for multilingual sentiment prediction to extract comprehensive context representations. The model ultimately shows efficacy in dividing multilingual sentiments into positive, neutral, and negative states, providing a viable method for complex SA in several circumstances. The outcome signifies that the proposed approach obtains a high accuracy attained 0.987, precision attained 0.985, recall attained 0.978 and F1-Score attained 0.986 when compared with prior works. With practical applications in sentiment-driven platforms operating in multiple languages, the research presents a method for complex SA in e-commerce, social media, and customer feedback systems. It also emphasizes the significance of comprehending multilingual opinions for enhancing marketing strategies, driving business decisions, and improving customer satisfaction. © 2024 The Authors.",Bidirectional Long Short-Term Memory (BiLSTM); Convolution neural network (CNN); Embedding; Sentiment analysis; tokenization,"University of Zagreb, Faculty of Organization and Informatics",scopus-natural language processing,0,Feeling AI,"['sentiment analysis', 'customer feedback', 'multilingual sentiments', 'customer satisfaction', 'emotional data', 'opinions']","The abstract discusses sentiment analysis, which is intrinsically linked to understanding customer emotions and opinions. The proposed model aims to enhance the understanding of multilingual sentiments, highlighting the importance of comprehending customer feelings in various contexts. This aligns closely with the Feeling AI category, which focuses on customer understanding and emotional needs. The emphasis on improving customer satisfaction and marketing strategies further supports this classification.",60%,15%,25%,0%,0%
Supporting decision making in design creativity through requirements identification and evaluation,Russo D.; Spreafico M.; Spreafico C.,2023,10.1080/21650349.2023.2189625,"Product innovation, based on the identification and implementation of new solutions, is essential to keep a company competitive. However, the risk of failure of a new solution must be properly weighted during the decision-making in the design activity. This study proposes a method to evaluate a new design solution through the comparison with an old one to be substituted, and based on their requirements. In order to better evaluate the new solution, new requirements about its specific peculiarities are extracted from patents of similar solutions and considered in the evaluation. Requirements extraction is carried out automatically, through natural language processing, while the evaluation considers technical, marketing, and economic criteria. In particular, financial proceeds and patents investments were considered. The proposed method was applied in a real industrial case study were the substitution of carbon fiber heating mat over the copper heating mat was assessed. This study contributes to support creativity in innovation design by providing unknown requirements on which to work on the new product. In addition, it can stimulate the designer on this aim, by presenting the requirements along with new ideas, already implementing them in other fields/contexts that can act as sources of inspiration or creativity triggers. © 2023 Informa UK Limited, trading as Taylor & Francis Group.",decision making; market potential; natural language process; patents; Requirements,Taylor and Francis Ltd.,scopus-natural language processing,3,Thinking AI,"['product innovation', 'evaluation', 'requirements extraction', 'natural language processing', 'market analysis', 'financial proceeds', 'patent investments']","The abstract discusses a method for evaluating new design solutions based on technical, marketing, and economic criteria, emphasizing the importance of market analysis and competitive advantages through the extraction of requirements from patents. This aligns well with the focus of Thinking AI on market analysis and targeting.",0%,20%,80%,0%,0%
Construction and Application of the Attention Analysis Model of Brand Management Policies of Agricultural Products with Geographical Indications; [地理标志农产品品牌管理政策注意力分析模型构建及应用],Huo M.; Liu J.; Huang J.,2023,10.13998/j.cnki.issn1002-1248.23-0312,"[Purpose/Significance] Geographical indications (GIs) are an important tool for local governments in China to carry out brand building of agricultural products. Brand management is a continuous systematic project involving multiple subjects. Among them, the problem of government policy attention in the field of brand management of agricultural products with GIs deserves in-depth study. This paper aims to construct a policy attention analysis model in the field of brand management of GI agricultural products based on natural language processing technology. This model provides technical support for local governments to explore the status quo of local GI agricultural products' brand management, analyze the distribution of policy attention, and assist in optimizing strategies to promote their products' brand development. [Method/Process] The study is focused on the distribution of attention paths of GI agricultural products' brand management policies from the perspective of the local government: an analysis model of brand management policies of GI agricultural products was constructed in order to support the local government to carry out the analysis of the status quo of local agricultural products' brand management and policy optimization, and provide decision-making support for the optimization of brand management measures of the local agricultural products. First, this paper built a basic corpus based on the Python crawler technology, collected authoritative public information on the Internet, utilized the domain dictionary and UIE general information extraction framework to extract the text of management measures published in local government policies, and built a database of brand management measures of GI agricultural product. Second, a classification model of brand management measures of GI agricultural products based on the Transformer model was constructed. Third, this paper built a classification model based on the Transformer model, which can classify the extracted brand management measures of agricultural products and construct the policy attention distribution map. Finally, based on the policy attention distri-bution given by the model, we can find the brand management bottlenecks and recommend countermeasures to solve the bottlenecks. [Results/Conclusions] This paper takes Yantai apples as an example for model validation. After extracting and categorizing Yantai apples' brand management data, it is found that the policy attention of Yantai apples is more con-centrated, and the measures are highly similar, with 41.1% of the text of the measures focused on the part of brand positioning and planning, 31.7% on the part of brand competitiveness enhancement, and less than 10% on the part of brand marketing and protection. It can be seen that the brand effect of Yantai apples with GIs has not been well utilized. © 2024 Chinese Journal of Obstetrics and Gynecology/Zhonghua Fu Chan Ke Za Zhi. All rights reserved.",geographical indications of agricultural products; information extraction; natural language processing; policy attention; text classification,"Agricultural Information Institute, Chinese Academy of Agricultural Sciences",scopus-natural language processing,1,Thinking AI,"['policy attention', 'brand management', 'natural language processing', 'market analysis', 'decision-making support']","The abstract discusses the construction of a model to analyze the brand management policies of geographical indications (GIs) for agricultural products. This involves assessing the distribution of policy attention and optimizing strategies, which aligns closely with market analysis and targeting. The focus on analyzing competitive advantages and supporting decision-making through data-driven insights further emphasizes its classification as Thinking AI.",0%,30%,70%,0%,0%
Decoding business analytics: discovering the hidden core through a novel taxonomy,Dinulescu C.C.; Alshare K.; Prybutok V.,2025,10.1108/IMDS-03-2024-0255,"Purpose: This study develops a comprehensive taxonomy of the business analytics (BA) discipline, uncovering its intellectual core and revealing its evolution over the past 12 years. Design/methodology/approach: Using stakeholder-driven identity formation theory, this study explores how organizational identity emerges through stakeholder negotiations. It investigates how top scholarly journals shape the BA discipline’s image and influence perceptions. High-quality articles from top journals listed by the Australian Business Deans Council are analyzed using latent Dirichlet allocation (LDA), a natural language processing and topic modeling method. Findings: The study outlines key research areas identified as analytics methods, marketing, finance, operations and decision support analytics, along with 12 subareas. An analysis of the top 100 topics reveals prevalent research themes, showcasing the breadth of BA. A 12-year time-series review shows initial growth followed by maturation across most areas, except for decision support analytics, which maintained steady growth. These findings provide empirical evidence of BA’s development as a distinct discipline, highlighting its interdisciplinary nature and evolving research focus. Originality/value: This study presents the first comprehensive, data-driven taxonomy of BA research, distilling the intellectual core into five key areas and 12 subareas, while identifying 100 supporting themes. It extends the stakeholders’ approach to identity development theory in the context of BA, providing empirical support for discussions on the field’s identity and diversity. The findings offer valuable insights for scholars, industries, managers and professionals, guiding curriculum development, research directions and practical applications of BA. © 2024, Emerald Publishing Limited.",Business analytics; Latent Dirichlet allocation; LDA; Organizational identity; Stakeholders dynamics,Emerald Publishing,scopus-natural language processing,0,Thinking AI,"['business analytics', 'marketing', 'decision support analytics', 'research themes', 'market analysis', 'curriculum development', 'research directions']","The abstract discusses the development of a comprehensive taxonomy for the business analytics discipline, particularly highlighting research areas such as marketing and decision support analytics. It emphasizes the analysis of high-quality articles to identify prevalent research themes and areas of growth, which aligns with the strategic analysis focus of Thinking AI. The findings are aimed at guiding research directions and practical applications, further indicating a focus on market analysis and targeting.",10%,10%,80%,0%,0%
A social-semantic recommender system for advertisements,García-Sánchez F.; Colomo-Palacios R.; Valencia-García R.,2020,10.1016/j.ipm.2019.102153,"Social applications foster the involvement of end users in Web content creation, as a result of which a new source of vast amounts of data about users and their likes and dislikes has become available. Having access to users’ contributions to social sites and gaining insights into the consumers’ needs is of the utmost importance for marketing decision making in general, and to advertisement recommendation in particular. By analyzing this information, advertisement recommendation systems can attain a better understanding of the users’ interests and preferences, thus allowing these solutions to provide more precise ad suggestions. However, in addition to the already complex challenges that hamper the performance of recommender systems (i.e., data sparsity, cold-start, diversity, accuracy and scalability), new issues that should be considered have also emerged from the need to deal with heterogeneous data gathered from disparate sources. The technologies surrounding Linked Data and the Semantic Web have proved effective for knowledge management and data integration. In this work, an ontology-based advertisement recommendation system that leverages the data produced by users in social networking sites is proposed, and this approach is substantiated by a shared ontology model with which to represent both users’ profiles and the content of advertisements. Both users and advertisement are represented by means of vectors generated using natural language processing techniques, which collect ontological entities from textual content. The ad recommender framework has been extensively validated in a simulated environment, obtaining an aggregated f-measure of 79.2% and a Mean Average Precision at 3 (MAP@3) of 85.6%. © 2019 Elsevier Ltd",Advertising; Knowledge-based systems; Natural language processing; Recommender systems; Social network services,Elsevier Ltd,scopus-natural language processing,81,Thinking AI,"['advertisement recommendation', 'user preferences', 'market analysis', 'data integration', 'natural language processing']","The abstract focuses on the development of an ontology-based advertisement recommendation system that leverages user-generated data from social applications to enhance marketing decision-making. It emphasizes understanding user interests and preferences to provide precise ad suggestions, which aligns with the market analysis and targeting aspects of Thinking AI. The use of natural language processing for generating user and advertisement profiles further supports the classification under strategic analysis.",0%,15%,85%,0%,0%
The Language of Brands in Social Media: Using Topic Modeling on Social Media Conversations to Drive Brand Strategy,Swaminathan V.; Schwartz H.A.; Menezes R.; Hill S.,2022,10.1177/10949968221088275,"This article highlights how social media data and language analysis can help managers understand brand positioning and brand competitive spaces to enable them to make various strategic and tactical decisions about brands. The authors use the output of topic models at the brand level to evaluate similarities between brands and to identify potential cobrand partners. In addition to using average topic probabilities to assess brands’ relationships to each other, they incorporate a differential language analysis framework, which implements scientific inference with multi-test-corrected hypothesis testing, to evaluate positive and negative topic correlates of brand names. The authors highlight the various applications of these approaches in decision making for brand management, including the assessment of brand positioning and future cobranding partnerships, design of marketing communication, identification of new product introductions, and identification of potential negative brand associations that can pose a threat to a brand's image. Moreover, they introduce a new metric, “temporal topic variability,” that can serve as an early warning of future changes in consumer preference. The authors evaluate social media analytic contributions against offline survey data. They demonstrate their approach with a sample of 193 brands, representing a broad set of categories, and discuss its implications. © American Marketing Association 2022.",brand engagement; brand positioning; brand strategy; branding‌; latent Dirichlet allocation; natural language processing; social media; topic modeling,SAGE Publications Ltd,scopus-natural language processing,14,Thinking AI,"['brand positioning', 'brand competitive spaces', 'topic models', 'cobrand partners', 'differential language analysis', 'brand management', 'marketing communication', 'consumer preference']","The abstract discusses the use of social media data and language analysis to evaluate brand positioning, competitive spaces, and strategic decision-making in brand management. This aligns with the 'Thinking AI' category, which focuses on market analysis and decision-making based on data insights. The methods described include evaluating similarities between brands, assessing relationships, and identifying potential partners, which are all analytical processes aimed at enhancing market understanding and strategic targeting.",10%,0%,90%,0%,0%
eWOM for public institutions: application to the case of the Portuguese Army,Azinhaes J.; Batista F.; Ferreira J.C.,2021,10.1007/s13278-021-00837-w,"Social media platforms provide easy access to the public opinion (called electronic word-of-mouth), which can be collected and analyzed to extract knowledge about the reputation of an organization. Monitoring this reputation in the public sector may bring several benefits for its institutions, especially in supporting decision-making and developing marketing campaigns. Thus, to offer a solution aimed at the needs of this sector, the goal of this research was to develop a methodology capable of extracting relevant information about eWOM in social media, using text mining and natural language processing techniques. Our goal was achieved through a methodology capable of handling the small amount of information regarding public state organizations in social media. Additionally, our work was validated using the context of the Portuguese Army and revealed the potential to provide indicators of institutional reputation. Our results present one of the first cases of the application of this type of techniques to an Army organization and to understand its negative reputation among the population. © 2021, The Author(s), under exclusive licence to Springer-Verlag GmbH Austria, part of Springer Nature.",eWOM; Public sector; Reputation; Social media; Voluntary service,Springer,scopus-natural language processing,6,Thinking AI,"['public opinion', 'reputation', 'decision-making', 'marketing campaigns', 'text mining', 'natural language processing', 'institutional reputation']","The abstract discusses the extraction and analysis of electronic word-of-mouth (eWOM) from social media to understand the reputation of public sector organizations, particularly in the context of the Portuguese Army. This aligns with the 'Thinking AI' category, which focuses on market analysis and understanding competitive advantages through data analytics. The methodology developed aims to provide insights into institutional reputation, which is a form of market analysis.",10%,20%,70%,0%,0%
Evaluation and associations: A neural-network model of advertising and consumer choice,Bhatt M.A.,2012,10.1016/j.jebo.2012.02.001,"We propose a neurally motivated network model of advertising where advertisements create complementarities among the directly observable attributes of a product, allowing a brand to obtain social value. The formalization of this process allows us to examine the indirect effects of advertising in addition to how ads might affect the decision utility of a product. We focus mainly on the externalities, both positive (spillovers) and negative (dilution), predicted by this model. © 2012 Elsevier B.V.",Advertising and marketing; Neuroeconomics,,scopus-neural network,7,Thinking AI,"['advertising', 'complementarities', 'social value', 'externalities', 'spillovers', 'dilution']","The abstract discusses a neurally motivated network model of advertising that examines the indirect effects of advertising and its impact on decision utility, particularly focusing on externalities like positive spillovers and negative dilution. This aligns with the 'Thinking AI' category, which emphasizes market analysis and strategic insights derived from advertising's effects on brand value and consumer behavior.",0%,0%,100%,0%,0%
Identifying customer behavioral factors and price premiums of green building purchasing,Juan Y.-K.; Hsu Y.-H.; Xie X.,2017,10.1016/j.indmarman.2017.03.004,"In recent years, global urbanization and overdevelopment have resulted in environmental degradation and an energy crisis. Promoting green buildings is among the most effective methods for achieving environmental sustainability. Although the initial costs of green buildings are higher than those of ordinary buildings, people perceive that the environmental benefits of green buildings justify their higher price premiums. From a developer's perspective, devising optimal pricing strategies according to customer-perceived prices and developers’ expected profit is complex and difficult. Hence, in this study, we developed a framework based on the Howard–Sheth model of consumer behavior to identify behavioral factors that may affect consumer purchases of green buildings. An artificial neural network (ANN) was then used to develop a pricing model for predicting the price premiums of green buildings. The results revealed that the ANN model's overall prediction capability was 94%; the model's robustness was demonstrated by comparing the results produced using the model with those produced using a multiple regression analysis. In addition, the characteristics of consumers who were willing to accept higher price premiums for green buildings were identified and discussed. The proposed model can be applied as an effective decision-support tool for green building pricing and formulating marketing strategies. © 2017 Elsevier Inc.",Artificial neural network (ANN); Consumer behavior; Decision-support model; Green building; Price premium,Elsevier Inc.,scopus-neural network,43,Thinking AI,"['green buildings', 'pricing strategies', 'consumer behavior', 'artificial neural network', 'price premiums', 'marketing strategies']","The abstract discusses the development of a pricing model for green buildings based on consumer behavior using an artificial neural network. This involves market analysis to identify factors influencing consumer willingness to pay higher premiums for green buildings, which aligns with the market analysis and targeting aspects of Thinking AI. Additionally, the study aims to formulate marketing strategies based on the findings, further solidifying its placement in this category.",0%,0%,100%,0%,0%
Campaign participation prediction with deep learning,Ayvaz D.; Aydoğan R.; Akçura M.T.; Şensoy M.,2021,10.1016/j.elerap.2021.101058,"Increasingly, on-demand nature of customer interactions put pressure on companies to build real-time campaign management systems. Instead of having managers to decide on the campaign rules, such as, when, how and whom to offer, creating intelligent campaign management systems that can automate such decisions is essential. In addition, regulations or company policies usually restrict the number of accesses to the customers. Efficient learning of customer behaviour through dynamic campaign participation observations becomes a crucial feature that may ultimately define customer satisfaction and retention. This paper builds on the recent successes of deep learning techniques and proposes a classification model to predict customer responses for campaigns. Classic deep neural networks are good at learning hidden relations within data (i.e., patterns) but with limited capability for memorization. One solution to increase memorization is to use manually craft features, as in Wide & Deep networks, which are originally proposed for Google Play App. recommendations. We advocate using decision trees as an easier way of mining high-level relationships for enhancing Wide & Deep networks. Such an approach has the added benefit of beating manually created rules, which, most of the time, use incomplete data and have biases. A set of comprehensive experiments on campaign participation data from a leading GSM provider shows that automatically crafted features make a significant increase in the accuracy and outperform Deep and Wide & Deep models with manually crafted features. © 2021 Elsevier B.V.",Decision tree classification; Deep learning; Feature extraction; Real-time marketing; Wide & Deep network models,Elsevier B.V.,scopus-neural network,10,Mechanical AI,"['campaign management', 'customer interactions', 'real-time', 'automated decisions', 'customer behavior', 'dynamic campaign participation', 'deep learning', 'automatically crafted features']","The abstract discusses the development of intelligent campaign management systems that automate decisions related to marketing campaigns based on customer interactions. This aligns with the Mechanical AI category, which focuses on automating processes such as data collection and segmentation, particularly in understanding customer behavior and optimizing marketing strategies.",0%,80%,20%,0%,0%
METHODICAL PRINCIPLES OF THE IMPLEMENTATION OF THE INSTRUMENTATION OF THE INNOVATIVE CULTURE OF PERSONNEL MANAGEMENT,Klipkova O.; Kozmuk N.; Kantsir I.; Golub Н.,2022,10.55643/fcaptp.1.42.2022.3385,"The article materials are accented to the identification of the concept of the innovative culture of personnel management and the possibility of implementing universal project management methods in its formation. The urgency of the research is determined, first of all, by the need for a constant dynamic correction of techniques and instrument management personnel in order to build an innovative culture of personnel management at domestic enterprises. When writing, analytical and statistical methods are used during the detection and processing of domestic and foreign statistical data, the method of expert assessments in the formation of structural models, historical and logical methods in the extrapolation of the state of the past years for the future. The article materials emphasize the definition and characteristics of the concept of «Innovative Culture of Personnel Management». It is determined that the practical implementation of the instrument of the personnel management of the enterprise needs to use innovative techniques. Among these techniques, it is crucial to underscore Gantt charts, the Dupon method and Game Theory, personal marketing management, and others. Particular attention is focused on a graphical display of a Gantt chart, which reflects the time interval from the time of decision-making on the introduction of innovative methods in managing personnel to increase labor productivity and the growth of other enterprise performance indicators. It is noted that when making decisions on the expediency of changing the existing personnel management culture at the enterprise, it is worth using neural network models based on which it is possible to reveal a causal relationship between the decision and the reaction of the entire organizational system or a separate personality. It is detected that one of the main methods of investigation of the probable results from the introduction of an innovative culture of personnel management at the enterprise is to identify strengths and weaknesses in the process of implementing changes. The study of the LIFT methodological approach that uses the tools of ballroom assessments of the groups of attractiveness indicators of decisions on introducing an innovative personnel management culture and indicators that determine their risks are distinguished. The probability and expediency of using GAP analysis for the comparative characteristics of actual and potential development opportunities are researched and analyzed. It is stated that the use of this information will distinguish at the expertise stage the possibility of practical implementation of an innovative culture tool in full or fragmented scope to determine the means and techniques that will give the greatest effect to develop the intellectual and labor potential of the enterprise. It is proposed to use GAP analysis when implementing an innovative personnel management culture for the restoration strategy and maintaining employees’ mental health, forcing the enterprise’s loyalty system, introducing the foundations of corporate and organizational culture of the enterprise. © Klipkova O., Kozmuk N., Kantsir I., Golub Н.",corporate culture; innovative culture of personnel management; mental health; personnel loyalty; personnel management,Fintech Aliance LLC,scopus-neural network,0,Out of Scope,[],"The abstract focuses on the innovative culture of personnel management and project management methods, which are more related to organizational behavior and human resource management rather than marketing applications of AI. The methods discussed involve analytical and statistical approaches for improving organizational performance rather than directly applying AI techniques to market analysis, customer understanding, or personalization.",0%,0%,0%,100%,0%
Classifying non-life insurance customers based on improved som and rfm models,Chun Y.; Lu L.,2020,10.11925/infotech.2096-3467.2019.0715,"[Objective] This paper uses neural network algorithms to classify non-life insurance customers, aiming to realize precision marketing. [Methods] We modified the RFM model from the macro and micro perspectives, and then introduced the index of claim amounts to establish the RFMC model. Then, we dynamically set the training speed and weight vector of the SOM neural network model. Finally, we improved the convergence speed of the proposed model and finished customer classification. [Results] We examined our model with information on non-life insurance customers. The proposed model was stable and its self-organization speed increased by 21. 6%. [Limitations] All of the non-life insurance customers were from the same insurance company. [Conclusions] This paper divides non-life insurance customers into seven categories, and proposes different strategies for each type, which effectively improve the marketing decisions. © 2020, Chinese Academy of Sciences. All rights reserved.",Customer Classification; Marketing Strategy; RFM Model; SOM Neural Network,Chinese Academy of Sciences,scopus-neural network,3,Thinking AI,"['neural network', 'classification', 'precision marketing', 'customer categorization', 'marketing decisions', 'strategies']","The abstract focuses on classifying non-life insurance customers using neural network algorithms, which reflects strategic analysis and targeting for marketing purposes. The model aims to improve marketing decisions by categorizing customers and proposing tailored strategies, indicating a strong alignment with the principles of Thinking AI, specifically in market analysis and targeting.",0%,20%,80%,0%,0%
Supply chains in network economy,Fiala P.,2003,,"A supply chain can be shown as a set of units interconnected by material, financial, information and decision flows from initial suppliers to ultimate customers. Supply chain management is more and more affected by network business environment and by information and communication technologies. The paper analyzes a combination of non-cooperative and cooperative decision making of supply chains in network economy.",e-commerce; Network economy; Non-cooperative and cooperative decision-making; Supply chain,,scopus-neural network,0,Not Identified,[],"The abstract discusses supply chain management and decision-making within a network economy but does not specify applications or implications directly related to marketing strategies, customer engagement, or emotional understanding. It focuses more on cooperative and non-cooperative decision-making mechanisms rather than any specific AI application in marketing.",0%,0%,0%,0%,100%
Neural network model to support international market entry decisions,Dikmen I.; Birgonul M.T.,2004,10.1061/(ASCE)0733-9364(2004)130:1(59),"Bidding for international construction projects is a critical decision for companies that aim to position themselves in the global construction market. Determination of attractive projects and markets where the competitive advantage of a company is high requires extensive environmental scanning, forecasting, and learning from the experience of competitors in international markets. In this paper, a neuronet model has been developed as a decision support tool that can classify international projects with respect to attractiveness and competitiveness based on the experiences of Turkish contractors in overseas markets. The model can be used to guide decision makers on which type of data should be collected during international business development and further help them to prepare priority lists during strategic planning. Information derived from the model demonstrates that the most important factors that increase attractiveness of an international project are availability of funds, market volume, economic prosperity, contract type, and country risk rating. Similarly, level of competition, attitude of host government, existence of strict quality requirements, country risk rating, and cultural/religious similarities are the most important factors that affect competitiveness of Turkish contractors in international markets.",Bids; Construction industry; Contractors; Foreign projects; Neural networks; Turkey,,scopus-neural network,66,Thinking AI,"['decision support', 'market analysis', 'competitiveness', 'attractiveness', 'environmental scanning', 'forecasting']","The abstract discusses the development of a neuronet model as a decision support tool for classifying international construction projects based on attractiveness and competitiveness. This aligns with the 'Thinking AI' category, which focuses on market analysis and the use of marketing analytics to understand competitive advantages. The emphasis on analyzing factors that affect project attractiveness and competitiveness further supports this classification.",0%,0%,100%,0%,0%
"Digital marketing model innovation and Generation Z as consumer decision-making style. Making predictions with an artificial neural network, in Mexico",Trejo J.M.,2021,10.22201/fca.24488410e.2021.3258,"This research aims to assess the predictive capabilities between the Digital Marketing Model Innovation (DMMI), based on the Oslo Manual 4th ed., and the Consumer Decision-Making Style (CDMS) model. The methodology involved an artificial neural network based on SPSS software to analyze data collected from 400 young Mexican students (Generation Z) belonging to ten local Guadalajara city universities from January to June 2019. The above mentioned are essential for several organizations interested in recognizing how to collect and measure innovation data of DMMI related to different CDMS internet behavior to increase competitiveness. The results suggest improvements on each one of the strategic relationships at the DMMI-CDMS model. Such improvements involving a high prediction level based on Multilayer Perceptron (MLP) as a predictive neural network on different variables compared with a Binary Logistic Regression (BLR) to assess and explain the scope of such predictions of the DMMI-CDMS model. © 2021 Universidad Nacional Autonoma de Mexico. All rights reserved.",Artificial neural network; Binary logistic regression; Consumer decision-making style; Digital marketing model innovation; Generation Z; Mexico,Universidad Nacional Autonoma de Mexico,scopus-neural network,2,Thinking AI,"['predictive capabilities', 'Consumer Decision-Making Style', 'Digital Marketing Model Innovation', 'artificial neural network', 'data analysis', 'strategic relationships', 'market competitiveness', 'predictive neural network']","The abstract discusses the use of artificial neural networks to analyze data related to consumer decision-making styles in the context of digital marketing. This aligns with the focus on market analysis and targeting, as it aims to assess how different consumer behaviors influence marketing strategies, thereby enhancing competitiveness. The emphasis on predictive capabilities indicates a strategic analysis of the data, which is characteristic of Thinking AI.",0%,15%,85%,0%,0%
Development of eye fixation points prediction model from eye tracking data using Neural Network,Moch B.N.; Komarudin; Susilo M.S.,2017,10.14716/ijtech.v8i6.717,"Fixation points, as the stopping location of eye movements, can be extracted to generate valuable information about a picture or an object. This information is valuable as it enables the identification of the area/part of the picture that attracts people's attention, which can be used as a consideration when making decisions in the future, for example in marketing. For this reason, in this study, a Neural Network (NN) model was developed to predict the fixation points of a picture. Specifically, the authors experimented with various transfer and training functions in the NN in order to determine which causes the fewest errors. The results show that the method used is applicable in practice since it produces MAPE (Mean Absolute Percent Error) of around 13-15% and MSE (Mean Squared Error) of 0.9-1.1%. © IJTech 2017.",Eye tracking; Fixation points; MAPE; MSE; Neural network,"Faculty of Engineering, Universitas Indonesia",scopus-neural network,2,Mechanical AI,"['fixation points', 'eye movements', 'attention', 'Neural Network', 'error prediction']","The abstract discusses the extraction of fixation points from eye movements to gather information about what attracts attention in images, which is relevant to understanding customer behavior in marketing. The focus on developing a Neural Network model to predict fixation points indicates a data-driven approach, aligning with the data collection aspect of Mechanical AI. The application of this model to future marketing decisions further emphasizes its relevance in automating the collection and analysis of customer interaction data.",0%,70%,20%,0%,10%
A hybrid intelligent approach for modeling brand choice and constructing a market response simulator,Kazemi S.M.R.; Hadavandi E.; Mehmanpazir F.; Nakhostin M.M.,2013,10.1016/j.knosys.2012.11.016,"Brand choice models, used for describing the process of choosing mutually exclusive alternatives, attracted a large amount of attention from researchers in the early of the recent decade. These models can be used as a market response simulator for simulating marketing strategies and assessing how changes in marketing variables such as pricing and promotions will influence consumer behavior and thus perform 'what-if' simulations. So a reliable and relevant brand choice model can be very useful and effective, which, in fact, represents a worthwhile opportunity to improve the efficiency of the marketing decisions. In this paper we offer a new approach by integrating of Probabilistic Neural Network (PNN) and Data preprocessing for brand choice modeling and constructing a market response simulator. This approach, called Preprocessed-Probabilistic Neural Network (PPNN), consists of two main stages. First, a robust Genetic Based Instance Selection Model (GBIS) employed to look for a representative data subset of instances in training data set. The second stage ends up with a relevant brand choice model, using a probabilistic neural network trained by Dynamic Decay Adjustment Algorithm (DDA). The evaluation process is carried out using the same data set been used in literature for modeling individual consumer choices in a retail coffee market. The evaluation results show that the offered approach outperforms all previous methods, so it can be considered as an effective tool for consumer behavior modeling and simulation. © 2012 Elsevier B.V. All rights reserved.",Brand choice; Dynamic decay algorithm; Instance selection; Market response simulator; Probabilistic neural networks,,scopus-neural network,15,Thinking AI,"['brand choice models', 'market response simulator', 'consumer behavior', 'marketing strategies', 'what-if simulations', 'probabilistic neural network', 'data preprocessing']","The abstract discusses the development of a brand choice model that simulates consumer behavior in response to marketing strategies, effectively analyzing market dynamics and the impact of marketing variables. This aligns with the focus on market analysis and targeting within the Thinking AI category.",0%,0%,100%,0%,0%
A SEM-neural network approach to predict customers' intention to purchase battery electric vehicles in China's Zhejiang Province,Xu Y.; Zhang W.; Bao H.; Zhang S.; Xiang Y.,2019,10.3390/su11113164,"As part of the increasing efforts toward the prevention and control of motor vehicle pollution, the Chinese government has practiced a range of policies to stimulate the purchase and use of battery electric vehicles (BEVs). Zhejiang Province, a key province in China, has proactively implemented and monitored an environmental protection plan. This study aims to contribute toward streamlining marketing and planning activities to introduce strategic policies that stimulate the purchase and use of BEVs. This study considers the nature of human behavior by extending the theory of planned behavior model to identify its predictors, as well as its non-linear relationship with customers' purchase intention. To better understand the predictors, a substantial literature review was given to validate the hypotheses. A quantitative study using 382 surveys completed by customers in Zhejiang Province was conducted by integrating a structural equation model (SEM) and a neural network (NN). The initial analysis results from the SEM revealed five factors that have impacted the customers' purchase intention of BEVs. In the second phase, the normalized importance among those five significant predictors was ranked using the NN. The findings have provided theoretical implications to scholars and academics, and managerial implications to enterprises, and are also helpful for decision makers to implement appropriate policies to promote the purchase intention of BEVs, thereby improving the air quality. © 2019 by the authors.",Battery electric vehicles; Neural network; Purchase intention; Structural equation model; Theory of planned behavior,MDPI,scopus-neural network,71,Thinking AI,"['purchase intention', 'predictors', 'market analysis', 'behavior', 'strategic policies']","The abstract discusses the identification of predictors affecting customer purchase intentions for battery electric vehicles (BEVs) through an analysis of human behavior and strategic policy implementation. This aligns with the 'Market analysis' and 'Targeting' focuses of Thinking AI, as it aims to understand customer behavior and develop strategies to influence purchasing decisions.",10%,15%,65%,0%,10%
On the brink: Predicting business failure with mobile location-based checkins,Wang L.; Gopal R.; Shankar R.; Pancras J.,2015,10.1016/j.dss.2015.04.010,"Abstract Mobile-enabled location-based services are generating a huge amount of customer checkin data every day. It is vital to understand how small businesses, like restaurants, use this real-time data to make better-informed business operation decisions in this mobile marketing era. Using data collected from Foursquare, a leading location-based service provider, and Yelp, we aim to find out the predictive power of customer checkins on business failure of restaurants in New York City by using several predictive modeling techniques, such as Neural Network, Logit model and K-nearest neighbor. Our findings are encouraging. The customer checkin data from both a focal restaurant and its neighbors have shown strong predictive power on business failure. Compared to the baseline model in which we only use business characteristic variables to predict failure, incorporating the checkin data captured from location-based services gives a remarkable improvement on predictive accuracy. Our findings provide the foundation for future studies on the predictive power of information obtained from location-based services on business operations. © 2015 Elsevier B.V.",K-nearest neighbor; Location-based services; Logit model; Neural network; Predictive modeling,Elsevier,scopus-neural network,50,Thinking AI,"['customer checkin data', 'predictive power', 'business failure', 'predictive modeling', 'market analysis']","The abstract discusses the use of customer checkin data from location-based services to predict business failure in restaurants, which involves market analysis techniques and predictive modeling. This aligns well with the 'Thinking AI' category, which focuses on market analysis and predictive analytics to make informed business decisions.",0%,0%,100%,0%,0%
The effect of subjectivity and objectivity in online reviews: A convolutional neural network approach,Park S.K.; Song T.; Sela A.,2023,10.1002/jcpy.1382,"User reviews are now an essential source of information for consumers, exerting strong influence on purchase decisions. Broadly speaking, reviews rated by consumers as more helpful exert a greater influence downstream. The current research examines how the linguistic characteristics of a review affect its helpfulness score. Using a convolutional neural network (CNN), this research analyzes the linguistic subjectivity and objectivity of over 2 million reviews on Amazon. The results show that, ceteris paribus, both linguistic subjectivity and objectivity have a positive impact on review helpfulness. However, contrary to consumers' intuition, when subjectivity and objectivity are combined in the same review, review helpfulness increases less than their respective separate effects would predict, especially for hedonic products. We conceptualize that this results from the increased complexity of messages mixing subjective and objective sentences, which requires more effortful processing. The findings extend the literature on online reviews, word-of-mouth, and text analysis in marketing, and offer practical implications for marketing communication and facilitation of reviews. © 2023 Society for Consumer Psychology.",neural network; online reviews; subjectivity; text analysis; word-of-mouth,John Wiley and Sons Inc,scopus-neural network,6,Thinking AI,"['user reviews', 'helpfulness', 'linguistic characteristics', 'subjectivity', 'objectivity', 'market analysis', 'purchase decisions']","The abstract discusses how linguistic characteristics of user reviews influence their helpfulness, which relates to market analysis and understanding consumer behavior. The research employs a convolutional neural network to analyze the data, demonstrating an analytical approach to understanding the dynamics of online reviews and their impact on purchase decisions. This aligns closely with the 'Thinking AI' category focused on market analysis and the implications for marketing communication.",10%,5%,85%,0%,0%
Classifying Consumer Purchasing Decision for Imported Ready-to-Eat Foods in China Using Comparative Models,Lilavanichakul A.; Chaveesuk R.; Kessuvan A.,2018,10.1080/10599231.2018.1525250,"This study aims to identify factors influencing consumer purchasing decision for imported ready-to-eat foods by investigating marketing factors and lifestyles in China (Beijing and Shanghai) using comparative models. Consumers in each city showed different specific lifestyles but shared consumption culture and traditions in common. Regarding lifestyles, consumers who usually buy instant food products face long commutes to work and prefer less cooking time were more likely to buy imported ready-to-eat foods. Findings suggest that product development, labelling with quality guarantees, packaging design, the production process, and multichannels are the prominent factors persuading Chinese consumers to purchase imported ready-to-eat products. © 2018, © 2018 Taylor & Francis Group, LLC.",artificial neural network; China; consumer purchasing decision; lifestyles; logistic regression; marketing factors; ready-to-eat foods,Routledge,scopus-neural network,1,Thinking AI,"['consumer purchasing decision', 'marketing factors', 'lifestyles', 'product development', 'packaging design', 'multichannels']","The abstract discusses factors influencing consumer purchasing decisions for imported ready-to-eat foods, with a focus on marketing factors and lifestyle analysis. It highlights the importance of market analysis in understanding consumer behavior and preferences, which aligns with the Thinking AI category. Additionally, the study suggests product development and marketing strategies tailored to the identified consumer lifestyles, indicating a strategic analysis of the market.",10%,15%,75%,0%,0%
Combination of empirical study with qualitative simulation for optimization problem in mobile banking adoption,Wei X.; Hu B.; Carley K.M.,2013,10.18564/jasss.2222,"To explore the minimization of the marketing cost and the maximization of the user perceived utility, an optimization model for mobile banking adoption with incomplete information is developed. A combination of qualitative simulation and empirical study can serve as a solution to the optimization problem. Firstly, we use mobile banking system as an example with questionnaire designed to obtain data from customers, which is then statistically analyzed using SPSS to examine the interactions among adoption drivers. Secondly, a qualitative simulation method is introduced to drive the evolution of the interactions among these adoption drivers. Thirdly, according to the empirical relations, an optimization model is established, and the objective functions are examined by the BP neural network. Then, to examine the feasibility of the framework, a prototype system based on MATLAB is implemented. It is found that the results are consistent with common sense (oscillation-equilibrium theory), and the framework is able to contribute to real-time optimization decision supports in the mobile banking marketing. In practice, the identification of the optimal combination of change directions can serve as the development priorities in adoption drivers, and is likely to influence resource allocation in the future mobile banking development. © JASSS.",BP neural network; Empirical study; Mobile banking adoption; Optimization; QSIM,University of Surrey,scopus-neural network,7,Thinking AI,"['optimization model', 'mobile banking adoption', 'empirical study', 'statistically analyzed', 'adoption drivers', 'qualitative simulation', 'optimization decision supports', 'resource allocation']","The abstract describes the development of an optimization model aimed at maximizing user utility and minimizing marketing costs associated with mobile banking adoption. It involves statistical analysis of customer data, interaction among adoption drivers, and the application of a neural network to refine decision-making, which aligns with market analysis and targeting strategies typical of Thinking AI. The focus on empirical relationships and optimization indicates a strategic analysis approach rather than purely mechanical or emotional aspects of AI.",0%,20%,80%,0%,0%
Detecting fake reviewers from the social context with a graph neural network method,Cheng L.-C.; Wu Y.T.; Chao C.-T.; Wang J.-H.,2024,10.1016/j.dss.2023.114150,"With the development of mobile Web technologies, people can easily seek advice from social media before making purchases or decisions. Some companies employ expert writers to fabricate reviews or use automated techniques to improve the appeal of their products or services, or to undermine the credibility of their rivals. This obstructs the detection of fake reviews and reviewers. This paper proposes a novel graph neural network-based framework for detecting spammers, who originate fake reviews in discussion forums to capture information from different social network combinations in various subgraphs. These subgraphs include a complete social context graph, homogeneous user–user subgraph, and heterogeneous user–post subgraph. A novel two-stage architecture with focal loss was designed to create a training model. This model can be applied to solve the issue of imbalance data classification. The proposed framework was applied to evaluate a ground truth dataset collected from an actual fraudulent review event on a discussion forum. The experimental results show that this aggregate social context representation method can be effectively applied to detect fake reviewers. © 2023 Elsevier B.V.",eWOM marketing; Fake review detection; Graph neural network; Social context,Elsevier B.V.,scopus-neural network,10,Mechanical AI,"['fake reviews', 'detection', 'spammers', 'graph neural network', 'social context', 'data classification']","The abstract discusses a framework for detecting fake reviews using graph neural networks, focusing on data collection and classification of spammers. This aligns with the Mechanical AI category, which emphasizes data collection and processing. The use of automated techniques to detect fraudulent activity further supports this classification.",0%,70%,20%,0%,10%
Predicting donation behavior: Acquisition modeling in the nonprofit sector using Facebook data,Schetgen L.; Bogaert M.; Van den Poel D.,2021,10.1016/j.dss.2020.113446,"The purpose of this study is to demonstrate the value of Facebook data in predicting first-time donation behavior. More specifically, we provide evidence that Facebook data can be used as a valuable data source for nonprofit organizations in acquiring new donors. To do so, we evaluate three different dimensionality reduction techniques (i.e., singular value decomposition, non-negative matrix factorization, and latent Dirichlet allocation) over seven classification techniques (i.e., logistic regression, k-nearest neighbors, bagged trees, random forest, adaboost, extreme gradient boosting, and artificial neural networks) using five times twofold cross-validation. Next, we assess what type of Facebook data and which predictors are most important. The results indicate that we can predict first-time donation behavior based on Facebook data with high predictive performance. Our benchmark indicates that the combination of singular value decomposition and logistic regression outperforms all other analytical methodologies with an area under the receiver operating characteristic of 0.72 and a top decile lift of 3.33. The results show that Facebook pages and categories of Facebook pages are the most important data types. The most important predictors are dimensions related to age, education, residence, materialism, responsible consumption, and interest in nonprofits. The presented acquisition models can be used by nonprofit organizations to implement a one-to-one targeted marketing campaign towards Facebook fans. To the best of our knowledge, our study is the first to determine the predictive value of Facebook data for nonprofits in a real-life acquisition context. © 2020 Elsevier B.V.",CRM; Customer acquisition; Facebook; Predictive analytics; Social media,Elsevier B.V.,scopus-neural network,21,Thinking AI,"['Facebook data', 'predicting first-time donation behavior', 'nonprofit organizations', 'targeted marketing campaign', 'predictors', 'classification techniques']","The abstract focuses on using Facebook data to predict donation behavior for nonprofit organizations, indicating a strategic analysis of data to identify potential donors. The study evaluates various analytical methodologies and highlights the importance of specific predictors and data types, aligning with the definition of Thinking AI, which emphasizes market analysis and targeting. There are no significant emotional data or automated processes related to customer engagement found in the abstract.",0%,0%,100%,0%,0%
"Predicting cause-related marketing patronage intentions, corporate social responsibility motives and moderating role of spirituality",Suryavanshi A.K.S.; Bhatt V.; Thomas S.; Patel R.; Jariwala H.,2024,10.1108/SRJ-12-2022-0564,"Purpose: Recent studies have observed rise in consumer’s ethical concerns about the online retailers while making a purchase decision. The impetus for businesses to use corporate social responsibility (CSR) is evident, but the effects of CSR motives on corresponding processes underlying cause-related marketing (CRM) patronage intention have not been thoroughly examined. This study, anchored on attribution theory, established a research model that better explains the influence of CSR motives on patronage intentions toward CRM-oriented online retailers. Additionally, this study aims to examine the moderating role of spirituality (SPT) on CSR motives and CRM patronage intention (CPI). Design/methodology/approach: Primary data has been collected from 722 respondents and analyzed by using deep neural-network architecture by using the innovative PLS-SEM-ANN method to predict/rank the factors impacting CPI. Findings: The results revealed the normalized importance of the predictors of CPI and found that value-driven motive was the strongest predictor, followed by strategic motive, SPT, age and stakeholder-driven motive. In contrast, egoistic motive, education and income were found insignificant. Originality/value: The pandemic has transformed the way consumers shop and fortified the online economy, thereby resulting in a paradigm shift toward usage of e-commerce platforms. The results offer valuable insights to online retailers and practitioners for predicting patronage intentions by CSR motives and, thus, effectively engage CRM consumers by designing promotions in a way that would deeply resonate with them. This study assessed and predicted the factors influencing the CPI s, thereby guiding the online retailers to design CSR strategies and manage crucial CRM decisions. © 2023, Emerald Publishing Limited.",Cause-related marketing; CRM patronage intentions; CSR motives; PLS-SEM-ANN; Spirituality,Emerald Publishing,scopus-neural network,7,Feeling AI,"['ethical concerns', 'corporate social responsibility', 'patronage intentions', 'spirituality', 'consumer engagement']","The abstract discusses how consumers' ethical concerns and CSR motives influence their patronage intentions towards CRM-oriented online retailers. It highlights the importance of understanding customer emotions and ethical preferences, which aligns with the objectives of Feeling AI that focuses on customer understanding and emotional needs. The mention of spirituality further emphasizes the emotional connection consumers have with brands, supporting the classification under Feeling AI.",60%,10%,30%,0%,0%
Residual value forecasting using asymmetric cost functions,Dress K.; Lessmann S.; von Mettenheim H.-J.,2018,10.1016/j.ijforecast.2018.01.008,"Leasing is a popular channel for marketing new cars. However, the pricing of leases is complicated because the leasing rate must embody an expectation of the car's residual value after contract expiration. This paper develops resale price forecasting models in order to aid pricing decisions. One feature of the leasing business is that different forecast errors entail different costs. The primary objective of this paper is to identify effective ways of addressing cost asymmetry. Specifically, this paper contributes to the literature by (i) consolidating prior work in forecasting on asymmetric functions of the cost of errors; (ii) systematically evaluating previous approaches and comparing them to a new approach; and (iii) demonstrating that forecasting using asymmetric cost of error functions improves the quality of decision support in car leasing. For example, if the costs of overestimating resale prices are twice those of underestimating them, incorporating cost asymmetry into forecast model development reduces costs by about 8%. © 2018 International Institute of Forecasters",Asymmetric cost of error; Automotive industry; Ensemble learning; Neural networks; Quantile regression,Elsevier B.V.,scopus-neural network,14,Thinking AI,"['resale price forecasting', 'forecast errors', 'cost asymmetry', 'decision support', 'pricing decisions']","The abstract discusses the development of forecasting models for resale prices in the car leasing market, with a focus on evaluating and improving pricing decisions based on cost asymmetry. This aligns with the Thinking AI category, specifically in the area of market analysis and strategic decision support. The emphasis on comparing previous approaches and demonstrating improvements in forecasting quality indicates a strategic analysis of market factors. Additionally, the mention of cost implications of forecasting errors suggests a focus on optimizing market strategies rather than automating processes or addressing emotional factors.",0%,0%,100%,0%,0%
A Multiarmed Bandit Approach for House Ads Recommendations,Aramayo N.; Schiappacasse M.; Goic M.,2023,10.1287/mksc.2022.1378,"Nowadays, websites use a variety of recommendation systems to decide the content to display to their visitors. In this work, we use a multiarmed bandit approach to dynamically select the combination of house ads to exhibit to a heterogeneous set of customers visiting the website of a large retailer. House ads correspond to promotional information displayed on the website to highlight some specific products and are an important marketing tool for online retailers. As the number of clicks they receive not only depends on their own attractiveness but also on how attractive are other products displayed around them, we decide about complete collections of ads that capture those interactions. More-over, as ads can wear out, in our recommendations we allow for nonstationary rewards. Furthermore, considering the sparsity of customer-level information, we embed a deep neural network to provide personalized recommendations within a bandit scheme. We tested our methods in controlled experiments where we compared them against decisions made by an experienced team of managers and the recommendations of a variety of other bandit policies. Our results show a more active exploration of the decision space and a sig-nificant increment in click-through and add-to-cart rates. © 2022 INFORMS.",deep learning; house ads; multiarmed bandits; personalization,INFORMS Inst.for Operations Res.and the Management Sciences,scopus-neural network,7,Thinking AI,"['recommendation systems', 'personalized recommendations', 'click-through rates', 'deep neural network', 'customer interactions']","The abstract discusses the use of a multiarmed bandit approach to optimize the display of house ads to visitors on a retail website, focusing on dynamic selection, personalized recommendations, and the effectiveness of marketing strategies through controlled experiments. This aligns closely with the Thinking AI category, which emphasizes market analysis and personalization based on customer preferences. The emphasis on increasing click-through and add-to-cart rates through strategic analysis indicates a strong alignment with the objectives of Thinking AI.",0%,0%,100%,0%,0%
"Predicting user loyalty and repeat intention to donate towards fantasy sports gaming platforms: A large-sample study based on a model integrating philanthropic actions, well-being and flow experience",Suryavanshi A.K.S.; Thomas S.; Trivedi T.; Patel R.; Bhatt V.,2024,10.1002/nvsm.1819,"India has become one of the world's largest gaming destinations, and in the last few years, the rapid rise of online gaming has led to the domination of fantasy sports gaming platforms. Very little is understood about how users on fantasy sports gaming platforms perceive and approach giving and what essentially matters to users before selecting or engaging with such fantasy sports gaming platforms. This study aims to predict user loyalty and repeat intention to donate towards fantasy sports gaming platforms by examining philanthropic actions, well-being (WB) and flow experience (FE). A large-scale research study on 2091 samples was undertaken by adopting three-fold SEM-ANN-NCA (structural equation modeling-artificial neural network-necessary condition analysis) for establishing and empirically testing a comprehensive model by integrating philanthropic actions, WB and FE to predict user loyalty and repeat intention to donate towards online fantasy sports gaming platforms. The findings add depth to our understanding of philanthropic actions linked to fantasy sports gaming platforms and users' loyalty and donation intentions towards such platforms. The results of ANN indicated the normalized importance of the predictors of user loyalty and found that philanthropic action was the strongest predictor. Likewise, philanthropic actions, WB, and FE were necessary conditions (must-have) to determine user loyalty during NCA. The findings would provide invaluable intelligence to fantasy gaming companies to oversee critical philanthropic decisions proficiently. In addition, the results would provide valuable insights to decision-makers in philanthropic foundations and other entities, such as practitioners and online fantasy gaming companies, to devise effective marketing strategies to gauge user loyalty and shape donation intentions. © 2023 John Wiley & Sons Ltd.",and fantasy sports gaming; flow experience; philanthropic actions; repeat intention to donate; user loyalty; well-being,John Wiley and Sons Inc,scopus-neural network,1,Feeling AI,"['philanthropic actions', 'user loyalty', 'donation intentions', 'well-being', 'flow experience']","The abstract discusses how users on fantasy sports gaming platforms perceive and approach giving, focusing on their emotional and psychological engagement. The study aims to understand user loyalty and repeat intentions to donate, which directly relates to customer understanding and emotional needs. The emphasis on philanthropic actions and their impact on user loyalty suggests a strong connection to the emotional aspects of customer engagement. Thus, it aligns with the Feeling AI category.",70%,10%,20%,0%,0%
Key determinants of purchase intentions for geographical indication agricultural products: A hybrid PLS-SEM and ANN approach,Lv Z.,2025,10.1016/j.jretconser.2024.104209,"In recent years, the sales of Geographical Indication agricultural products (GI agri-products) have increased annually, yet various aspects of their perceived value remain inadequately defined. This study reconstructs the perceived value model for GI agri-products based on their unique regional attributes, while also integrating the Theory of Planned Behavior (TPB). Aims to delve into these factors to clarify how GI products attract consumers and influence their purchase decisions. A mixed-method approach was employed, combining PLS-SEM and Artificial Neural Networks (ANN) to analyze data collected from 358 consumers in the Chinese market. Notably, ANN complements SEM by addressing its limitations in capturing nonlinear relationships. Results indicate that perceived value is the primary driver of purchase intentions, followed by attitude and perceived behavioral control, with subjective norms having a lesser yet still significant impact. These insights provide valuable implications for marketing strategies, assisting stakeholders in effectively promoting GI agri-products. By enhancing consumers' experiences of the non-functional value of GI agri-products, marketing efforts for these products can be more effectively realized. © 2024 Elsevier Ltd",Agriculture products; Geographical indication; Perceived value; Purchase intention; Theory of planned behavior,Elsevier Ltd,scopus-neural network,0,Thinking AI,"['perceived value', 'purchase intentions', 'attitude', 'behavioral control', 'subjective norms', 'marketing strategies']","The abstract discusses the perceived value model for Geographical Indication agricultural products and how various factors influence consumer purchase decisions. It focuses on market analysis by examining how perceived values and consumer attitudes impact buying behavior, which aligns with the Thinking AI category's focus on market analysis and targeting. The use of PLS-SEM and ANN indicates a strategic analytical approach to understanding consumer behavior in the market.",20%,0%,80%,0%,0%
Predicting the supplier relationship management system’s magnificence and investigating its effect on corporate shareholder value via the mediating role of marketing brand strength: A SEM-ANN hypered approach,Aburayya A.,2024,10.24294/jipd.v8i6.5190,"Purpose—In the business sector, reliable and timely data are crucial for business management to formulate a company’s strategy and enhance supply chain efficiency. The main goal of this study is to examine how strong brand strength affects shareholder value with a new Supplier Relationship Management System (SRMS) and to find the specific system qualities that are linked to SRMS adoption. This leads to higher brand strength and stronger shareholder value. Design/Methodology/Approach—This study employed a cross-sectional design with an explanatory survey as a deductive technique to form hypotheses. The primary method of data collection used a drop-off questionnaire that was self-administered to the UAE-based healthcare suppliers. Of the 787 questionnaires sent to the healthcare suppliers, 602 were usable, yielding a response rate of 76.5%. To analyze the data gathered, the study used Partial Least Squares Structural Equation modelling (PLS-SEM) and artificial neural network (ANN) techniques. Findings—The study’s data proved that SRMS adoption and brand strength positively affected and improved healthcare suppliers’ shareholder value. Additionally, it demonstrates that user satisfaction is the most significant predictor of SRMS adoption, while the results show that the mediating role of brand strength is the most significant predictor of shareholder value. The results demonstrated that internally derived constructs were better explained by the ANN technique than by the PLS-SEM approach. Originality/Value—This study demonstrates its practical value by offering decision-makers in the healthcare supplier industry a reference on what to avoid and what elements to take into account when creating plans and implementing strategies and policies. © 2024 by author(s).",artificial neural network analysis; brand strength; business to business; corporate shareholder value; Social Exchange Theory; supplier relationship management; Supply Chain Intelligence System,"EnPress Publisher, LLC",scopus-neural network,1,Out of Scope,"['shareholder value', 'Supplier Relationship Management System', 'brand strength', 'healthcare suppliers', 'user satisfaction']","The abstract focuses on the impact of brand strength and Supplier Relationship Management on shareholder value in the healthcare sector. It does not pertain to marketing strategies or customer engagement but rather examines business management and operational efficiency in a healthcare context. Therefore, it falls outside the scope of marketing applications of AI.",0%,0%,0%,100%,0%
Ranking Micro-Influencers: A Multimedia Framework with Multi-Task and Interpretable Architectures,Elwood A.; Gasparin A.; Rozza A.,2022,10.1142/S1793351X22400098,"With the rise in use of social media to promote branded products, the demand for effective influencer marketing has increased. Brands are looking for improved ways to identify valuable influencers among a vast catalogue; this is even more challenging with micro-influencers, which are more affordable than mainstream ones but difficult to discover. In this paper, we propose a novel multi-task learning framework to improve the state of the art in micro-influencer ranking based on multimedia content. Moreover, since the visual congruence between a brand and influencer has been shown to be a good measure of compatibility, we provide an effective visual method for interpreting our model's decisions, which can also be used to inform brands' media strategies. We compare with the current state of the art on a recently constructed public dataset and we show significant improvement both in terms of accuracy and model complexity. We also introduce a methodology for tuning the image and text contribution to the final ranking score. The techniques for ranking and interpretation presented in this work can be generalized to arbitrary multimedia ranking tasks that have datasets with a similar structure.  © 2022 World Scientific Publishing Company.",Influencer marketing; interpretability; multi-task learning; multimodal; neural networks,World Scientific,scopus-neural network,1,Thinking AI,"['influencer marketing', 'micro-influencers', 'ranking', 'compatibility', 'media strategies', 'market analysis']","The abstract discusses the implementation of a multi-task learning framework to improve the ranking of micro-influencers based on multimedia content, which relates to market analysis and targeting. The focus on identifying valuable influencers and optimizing brand strategies aligns with the Thinking AI category, particularly in terms of market analysis and targeting. The emphasis on visual congruence and media strategies also reinforces this classification.",10%,5%,80%,0%,5%
A dss-based dynamic programming for finding optimal markets using neural networks and pricing,Fazlollahtabar H.,2021,10.22059/IJMS.2020.269091.673397,"One of the substantial challenges in marketing efforts is determining optimal markets, specifically in market segmentation. The problem is more controversial in electronic commerce and electronic marketing. Consumer behaviour is influenced by different factors and thus varies in different time periods. These dynamic impacts lead to the uncertain behaviour of consumers and therefore harden the target market determination. Real time decision making is a crucial task for obtaining competitive advantage. Decision Support Systems (DSSs) can be an appropriate process for taking real time decisions. DSSs are classified as information system based computational systems helping in decision making supporting business decision making and facilitate data collection and processing within market analysis. In this paper, different markets exist that are supplied by a producer. The producers need to find out which markets provide more profits for more marketing focuses. All consumers' transactions are recorded in databases as unstructured data. Then, neural network is employed for large amount of data processing. Outputs are inserted to an economic producer behaviour mathematical model and integrated with a proposed dynamic program to find the optimal chain of markets. The sensitivity analysis is performed using pricing concept. The applicability of the model is illustrated in a numerical example. © 2021 Iranian journal of Management Studies.",Decision Support Systems (DSS); Dynamic Programming (DP); Information Technology (IT); Perceptron Neural Network,"University of Tehran, College of Farabi",scopus-neural network,2,Thinking AI,"['market segmentation', 'consumer behaviour', 'real time decision making', 'Decision Support Systems', 'market analysis', 'neural network', 'economic producer behaviour', 'dynamic program', 'optimal chain of markets', 'sensitivity analysis']","The abstract discusses the challenges of market segmentation and consumer behavior in electronic commerce, focusing on using Decision Support Systems (DSSs) for real-time decision-making. The use of neural networks for processing large amounts of data and integrating this with economic models indicates a strategic analysis of market opportunities, aligning closely with the 'Thinking AI' category.",0%,20%,80%,0%,0%
Predicting cause-related marketing patronage intentions based on Schwartz's theory of human values: a large-scale sample study anchored on female fashion leadership,Thomas S.; A.K.S S.; Bhatt V.; Malkar V.; Pandey S.; Patel R.,2024,10.1108/JFMM-11-2023-0303,"Purpose: Businesses embark on cause-related marketing (CRM) initiatives as a marketing strategy to fortify consumers' behavioural intentions. Prior research indicates that human values could be tapped to understand the consumers' responses to perceived organizational motives behind undertaking social cause initiatives. This research employs Schwartz's theory of human values to examine consumers' patronage intentions towards CRM-linked fashion products. Moreover, fashion leaders play a crucial role in the diffusion of the latest fashion and fashion trends. This research investigates by integrating human values and fashion leadership, offering insights into CRM-linked fashion consumption motives. Design/methodology/approach: The overarching goal was to investigate the complex interplay between human values and female fashion leadership to predict CRM patronage intention (CPI). Hence, a large-scale research study on 2,050 samples was undertaken by adopting threefold partial least squares–multigroup analysis–artificial neural network (PLS-MGA-ANN) to establish and empirically test a comprehensive model. Findings: This study is unique as it establishes and validates the relative or normalized importance placed on human values by fashion leaders, thereby predicting CPIs. The results revealed that women with high-fashion leadership and specific value types (benevolence, universalism, self-direction) are more likely to patronize CRM-linked fashion retailers. In addition, the findings validated that women with low-fashion leadership and specific value types (tradition, security, conformity) are more likely to patronize CRM-linked fashion stores. Originality/value: The findings provide a valuable rationale to non-profit marketers, fashion marketing experts and practitioners to design customer value-based profiling and manage crucial CRM decisions. © 2024, Emerald Publishing Limited.",Cause-related marketing; CRM patronage intention; Female fashion leadership; Human values; Non-profit marketing,Emerald Publishing,scopus-neural network,6,Feeling AI,"['human values', 'consumer responses', 'patronage intentions', 'emotional needs']","The abstract focuses on understanding consumer behavior and emotional responses towards cause-related marketing initiatives in the fashion industry. It emphasizes the role of human values and how they influence patronage intentions, which aligns with the goals of customer understanding and meeting emotional needs. The research findings highlight how different value types affect consumer decisions, indicating a strong emotional and relational aspect of marketing.",70%,0%,30%,0%,0%
Product Choice with Large Assortments: A Scalable Deep-Learning Model,Gabel S.; Timoshenko A.,2022,10.1287/mnsc.2021.3969,"Personalized marketing in retail requires a model to predict how different marketing actions affect product choices by individual customers. Large retailers often handle millions of transactions daily, involving thousands of products in hundreds of categories. Product choice models thus need to scale to large product assortments and customer bases, without extensive product attribute information. To address these challenges, we propose a custom deep neural network model. The model incorporates bottleneck layers to encode cross-product relationships, calibrates time-series filters to capture purchase dynamics for products with different interpurchase times, and relies on weight sharing between the products to improve convergence and scale to large assortments. The model applies to loyalty card transaction data without predefined categories or product attributes to predict customer-specific purchase probabilities in response to marketing actions. In a simulation, the proposed product choice model predicts purchase decisions better than baseline methods by adjusting the predicted probabilities for the effects of recent purchases and price discounts. The improved predictions lead to substantially higher revenue gains in a simulated coupon personalization problem. We verify predictive performance using transaction data from a large retailer with experimental variation in price discounts. Copyright: © 2021 INFORMS",cross-category choice; neural networks; product choice model; retail analytics; targeting,INFORMS Inst.for Operations Res.and the Management Sciences,scopus-neural network,18,Thinking AI,"['personalized marketing', 'predict', 'purchase probabilities', 'marketing actions', 'revenue gains']","The abstract focuses on a deep neural network model designed to predict individual customer product choices in response to marketing actions. It emphasizes personalization based on customer behaviors and the effectiveness of marketing strategies, aligning closely with the Thinking AI category that emphasizes market analysis, targeting, and personalization. The model's ability to predict customer-specific purchase probabilities and its application in coupon personalization further support its classification as Thinking AI.",0%,20%,80%,0%,0%
Examining the dark side of using gamification elements in online community engagement: an application of PLS-SEM and ANN modeling,Srivastava G.; Bag S.; Rahman M.S.; Pretorius J.H.C.; Gani M.O.,2023,10.1108/BIJ-03-2022-0160,"Purpose: The negative influence of gamification on online communities has received little attention in the available literature. The study examines the adverse effects of gamification during engaging in online communities. Design/methodology/approach: Gap-spotting methods were used to develop the research questions, followed by model development using the social exchange and social-network theories. Data were collected from 429 samples. The study applied partial least squares structural equation modeling to test the research hypotheses followed by ANN application. Findings: The study identified five factors related to gamification that have a significant adverse effect on the mental and emotional well-being of the users. Furthermore, the results of PLS-SEM were then compared through an artificial neural network (ANN) analytic process, revealing consistency for the model. This research presents a theoretical contribution by providing critical insights into online gamers' mental and emotional health. It implies that gamification can even bring mental and emotional disturbance. The resulting situation might lead to undesirable social consequences. Practical implications: The result highlights the managerial and social relevance from the perspective of a developing country. As respondents are becoming more engrossed in online gaming, managers and decision-makers need to take preventive measures to overcome the dark side of online gaming. Originality/value: The present study shows that the dark side of gamification has some adverse effects on human mental and emotional health. The study's findings can be used to improve gamification strategies while engaging online communities. © 2022, Emerald Publishing Limited.",Adverse effects; Artificial neural network; Cyberbullying; Fatigue; Gamification; Marketing; PLS-SEM,Emerald Publishing,scopus-neural network,11,Feeling AI,"['mental well-being', 'emotional health', 'adverse effects', 'gamification', 'social consequences', 'customer emotional needs']","The abstract discusses the negative impacts of gamification on the mental and emotional health of users in online communities. It highlights the importance of understanding customer emotional needs and the potential adverse social consequences of gamification, aligning well with the focus of Feeling AI, which emphasizes customer understanding and meeting emotional needs.",70%,10%,20%,0%,0%
Customer segmentation model based on value generation for marketing strategies formulation; [Modelo de segmentação do cliente baseado na criação de valor para a formulação de estratégias de marketing]; [Modelo de segmentación de clientes basado en la generación de valor para la formulación de estrategias de mercadeo],Cuadros A.J.; Domínguez V.E.,2014,10.1016/j.estger.2014.02.005,"When deciding in which segment to invest or how to distribute the marketing budget, managers generally take risks in making decisions without considering the real impact every client or segment has over organizational profits. In this paper, a segmentation framework is proposed that considers, firstly, the calculation of customer lifetime value, the current value, and client loyalty, and then the building of client segments by self-organized maps. The effectiveness of the proposed method is demonstrated with an empirical study in a cane sugar mill where a total of 9 segments of interest were identified for decision making. © 2012 Universidad ICESI. Published by Elsevier España, S.L. All rights reserved.",Artificial neural network; Customer value; Segmentation; Self-organized maps,Universidad Icesi,scopus-neural network,26,Thinking AI,"['segmentation', 'customer lifetime value', 'client loyalty', 'market budget', 'decision making']","The abstract discusses a segmentation framework that involves calculating customer lifetime value and client loyalty, highlighting strategic decision-making in marketing budget allocation. This aligns with the 'Thinking AI' category, which focuses on market analysis and targeting, as it emphasizes the analytical aspect of customer segmentation and profit impacts over traditional methods.",0%,25%,75%,0%,0%
Cafe Galavis: a brand with the aroma of innovation,Perez Perez J.E.,2023,10.1108/EEMCS-04-2023-0100,"Learning outcomes: Upon completion of the case study, the students will be able to analyze the brand equity construct through the associative neural network model for decision-making; identify prospective scenarios through the Delphi method for the construction of strategic plans in organizations; and propose the innovation of a product by applying creativity techniques to enter international markets. Case overview/synopsis: Cafe Galavis was one of the leading family businesses in industrial development and had the highest business recognition, with a century of experience in producing and commercializing roasted and ground coffee in Cucuta, Colombia. In 2015, the diplomatic crisis between the governments of Colombia and Venezuela led to the indefinite closure of the Colombian–Venezuelan border, which caused an increase in income from smuggled coffee. In addition, the presence of different competitors and traditional brands negatively impacted the level of sales, which considerably affected financial stability. Likewise, internal difficulties of family nature and administrative management led to the change of senior management. By 2016, Juan Yáñez was appointed chief executive officer (CEO) and was in charge of avoiding the company’s closure. In January 2023, he received feedback from his consulting team, and upon evaluation of the new market challenges with his collaborators, he realized a great challenge that merited the search for a priority alternative solution. How to design a new product considering the loss of brand identity in the face of the generational change of its consumers? These were some of the challenges posed by the CEO that consequently required starting a strategic management process of innovation. Complexity academic level: The teaching case is aimed at students of postgraduate academic programs in the areas of knowledge of innovation, product design, industrial design, marketing or MBA. In the modules of marketing, strategic management, brand management and strategic foresight, the case allowed for the orientation of the concepts of brand value or branding as well as the analysis of the value chain for the implementation of strategies that promote competitive advantages of companies. Similarly, in the modules of product or service design, creativity and innovation and complex thinking, the case allows one to approach a complex problem and apply creativity techniques for its solution. Supplementary material: Teaching notes are available for educators only. Subject code: CSS: 8 Marketing. © 2023, Emerald Publishing Limited.",Brand management; Creativity; Innovation; Marketing; Strategic management,Emerald Publishing,scopus-neural network,2,Thinking AI,"['brand equity', 'market challenges', 'strategic plans', 'innovation', 'creativity techniques', 'competitive advantages']","The abstract discusses the analysis of brand equity and the identification of market challenges, indicating a focus on strategic planning and market analysis. The case emphasizes the need for decision-making based on market conditions and the competitive landscape, aligning well with the Thinking AI category which focuses on market analysis and identifying competitive advantages. The mention of strategic management and product innovation further supports this classification.",0%,0%,100%,0%,0%
Using a heterogeneous multinomial probit model with a neural net extension to model brand choice,Hruschka H.,2007,10.1002/for.1013,"The multinomial probit model introduced here combines heterogeneity across households with flexibility of the (deterministic) utility function. To achieve flexibility deterministic utility is approximated by a neural net of the multilayer perceptron type. A Markov Chain Monte Carlo method serves to estimate heterogeneous multinomial probit models which fulfill economic restrictions on signs of (marginal) effects of predictors (e.g., negative for price). For empirical choice data the heterogeneous multinomial probit model extended by a multilayer perceptron clearly outperforms all the other models studied. Moreover, replacing homogeneous by heterogeneous reference price mechanisms and thus allowing price expectations to be formed differently across households also leads to better model performance. Mean utility differences and mean elasticities w.r.t. price and price deviation from reference price demonstrate that models with linear utility and nonlinear utility approximated by a multilayer perceptron lead to very different implications for managerial decision making. Copyright © 2007 John Wiley & Sons, Ltd.",Choice model; Hierarchical Bayesian modeling; Marketing; Neural networks; Probit model,John Wiley and Sons Ltd,scopus-neural network,8,Thinking AI,"['heterogeneity', 'utility function', 'neural net', 'empirical choice data', 'mean utility differences', 'managerial decision making']","The abstract discusses a multinomial probit model that incorporates economic restrictions and heterogeneous responses to utility, which aligns with market analysis and targeting strategies. It emphasizes empirical choice data and managerial implications drawn from utility differences and elasticities, indicating a focus on strategic analysis in marketing. The use of neural networks suggests advanced analytical techniques for understanding customer behavior, fitting within the Thinking AI category.",0%,0%,100%,0%,0%
Impacts of marketing decisions on delivery performance and flexibility of the operations area,Finger M.E.; Lacerda D.P.; Camargo L.R.; Piran F.S.; Cassel R.A.; Morandi M.I.W.M.,2022,10.1108/IJPPM-05-2020-0238,"Purpose: The purpose of this paper is to investigate the relations in the Marketing/Operations interface through the analysis of data of the operational reality of a Brazilian company with a low technological intensity. The study aims to quantify and determine the impacts of marketing decisions on delivery performance and on flexibility of the operations area. Design/methodology/approach: A longitudinal case study was conducted and the variables used in the model were derived from established theories and were evaluated with artificial neural networks. The case of a food manufacturing company was selected to reflect the relations in the marketing/operations interface of a low technological intensity enterprise. Findings: The results show that the decisions on Place/Channel, Price and Product dimensions of marketing exert a significant impact on flexibility and delivery performance of the operation area. Research limitations/implications: The findings of the case study cannot be generalised and the outcomes are specific to just one firm. However, the approach lends itself to replication, particularly within low technological intensity companies. Originality/value: Prior studies have focussed on coordination among functional areas as marketing and operations at higher levels of abstraction. The study contemplate empirical propositions through the data analysis of a company with a low technological intensity that can be used to improve managers' decisions and alignment in the Marketing/Operation Interface. © 2021, Emerald Publishing Limited.",Artificial neural networks; Delivery; Flexibility; Marketing; Operations,Emerald Publishing,scopus-neural network,1,Thinking AI,"['marketing decisions', 'delivery performance', 'flexibility', 'data analysis', 'empirical propositions']","The abstract discusses the impact of marketing decisions on operational performance, indicating a focus on market analysis and strategic decision-making. The use of artificial neural networks for evaluating marketing variables suggests a deeper analytical approach rather than mere data collection or emotional understanding. This aligns with the Thinking AI category, which emphasizes market analysis and targeting.",0%,25%,75%,0%,0%
Predicting Indian Shoppers’ Malls Loyalty Behaviour,Prashar S.; Singh H.; Parsad C.; Vijay T.S.,2017,10.1177/0256090917731431,"Mall managers tend to believe that purchasing decisions are made inside the shopping malls. These decisions, however, are influenced by various antecedent factors. This implies that shoppers look beyond the basic chore of shopping and experience while shopping plays a vital role. To attract the attention of shoppers, mall developers make huge investments in mall promotion and ambient factors in order to enhance the shopping experience. As the Indian shoppers’ euphoria about shopping malls gets toned down with time, mall managers need to focus on something more substantive. Such fundamental benefits can be offered to shoppers only if mall managers know what is more relevant for the shoppers visiting the malls. Past studies have identified a number of factors such as ambience, physical infrastructure, convenience, safety, and marketing activities. This research posits that a more optimal and focused approach in mall management requires identification of relative significance of various influencing factors. This way, mall managers would be able to offer the most meaningful benefits to shoppers at a very optimal level of investment. Once shoppers get what they value the most, they are expected to be more loyal to the shopping mall. Despite the development of various forecasting techniques, predicting mall loyalty has remained under-explored in marketing literature. This article addresses the gap by using neural network model to predict shoppers’ loyalty towards a particular mall. To gain more insights from the model, the authors have also identified relative significance of the factors impacting shoppers’ mall selection. This study establishes that mall shoppers value ‘convenience’ as the most influencing factor in their selection of malls. This factor alone garners one-third of the total weightage among the five factors, which reflects that significance of convenience is 66 per cent more than what is expected in a scenario when all determinants contribute equally. This strongly indicates that Indian mall shoppers are more utilitarian than hedonic. © 2017, © 2017 Indian Institute of Management, Ahmedabad.",Malls selection; Neural network; Predictive analysis; Retailing; Shopping environment; Shopping experience; Shopping mall,SAGE Publications Ltd,scopus-neural network,10,Thinking AI,"['loyalty', 'influencing factors', 'market analysis', 'convenience', ""shoppers' selection""]","The abstract discusses how mall managers can enhance shopper loyalty by understanding the factors that influence mall selection, specifically emphasizing the importance of convenience. This aligns with the focus on market analysis and targeting within the Thinking AI category, as it involves identifying significant customer preferences and factors that affect shopping behavior.",10%,0%,90%,0%,0%
Designing an algorithm for predicting plane ticket prices using feedforward neural network modeling,Mojoodi A.; Jalalian S.; Kumail T.,2024,10.1108/JHTI-11-2023-0832,"Purpose: This research aims to determine the ideal fare for various aircraft itineraries by modeling prices using a neural network method. Dynamic pricing has been studied from the airline’s point of view, with a focus on demand forecasting and price differentiation. Early demand forecasting on a specific route can assist an airline in strategically planning flights and determining optimal pricing strategies. Design/methodology/approach: A feedforward neural network was employed in the current study. Two hidden layers, consisting of 18 and 12 neurons, were incorporated to enhance the network’s capabilities. The activation function employed for these layers was tanh. Additionally, it was considered that the output layer’s functions were linear. The neural network inputs considered in this study were flight path, month of flight, flight date (week/day), flight time, aircraft type (Boeing, Airbus, other), and flight class (economy, business). The neural network output, on the other hand, was the ticket price. The dataset comprises 16,585 records, specifically flight data for Iranian airlines for 2022. Findings: The findings indicate that the model achieved a high level of accuracy in approximating the actual data. Additionally, it demonstrated the ability to predict the optimal ticket price for various flight routes with minimal error. Practical implications: Based on the significant alignment observed between the actual data and the tested data utilizing the algorithmic model, airlines can proactively anticipate ticket prices across all routes, optimizing the revenue generated by each flight. The neural network algorithm utilized in this study offers a valuable opportunity for companies to enhance their decision-making processes. By leveraging the algorithm’s features, companies can analyze past data effectively and predict future prices. This enables them to make informed and timely decisions based on reliable information. Originality/value: The present study represents a pioneering research endeavor that investigates using a neural network algorithm to predict the most suitable pricing for various flight routes. This study aims to provide valuable insights into dynamic pricing for marketing researchers and practitioners. © 2024, Emerald Publishing Limited.",Airlines; Dynamic pricing; Neural network; Price prediction; Revenue management system,Emerald Publishing,scopus-neural network,1,Mechanical AI,"['neural network', 'dynamic pricing', 'ticket price', 'data', 'airlines', 'flight data']","The abstract focuses on using a neural network to model and predict ticket prices for airlines, relating closely to the automation of price setting and processing of flight data. The emphasis on forecasting and optimal pricing aligns with the Mechanical AI category, particularly in automating processes related to pricing strategies.",0%,80%,20%,0%,0%
Forecasting Buying Intention Through Artificial Neural Network: An Algorithmic Solution on Direct-to-Consumer Brands,Prasad B.; Ghosal I.,2022,10.1177/23197145211046126,"The direct-to-consumer (DTC) brands are emerging to reach more number of consumers with more potential to meet their expectations. They are characterized through their metamorphosis as the vertical brands sell their products from the manufacturer to consumers directly without any interruptions from distribution channels as in traditional mode of doing business. They are annihilating themselves in the virtual platforms and later disrupting their existing linear sales models. This empirical investigation is targeted to construct an algorithmic model through a deep learning process which has been instrumental to predict the purchase decision. This investigation has churned a predictive model that is based on the attributes of the buying behaviour of the consumers. The attributes of online buying behaviour like safety of transaction, availability of innovative products and quality of products have been considered to build a predictive model through artificial neural network (ANN). The accuracy of training and testing data are closer, which infers about the consistency and validity of the predictive model. There are several consequences arising from the predictive model obtained that can be seeded from customer-centred marketing and further stemmed from the framing of business strategy, gaining insights into market architecture and choice of customer © 2022 Fortune Institute of International Business.",artificial neural network (ANN); deep learning; demand forecasting; Direct to consumer brands; purchase intention,Sage Publications India Pvt. Ltd,scopus-neural network,21,Thinking AI,"['predictive model', 'buying behaviour', 'customer-centred marketing', 'market architecture', 'business strategy']","The abstract discusses the development of a predictive model based on consumer buying behavior attributes, which is aligned with market analysis and understanding consumer preferences. The focus on creating insights into market architecture and framing business strategy indicates a strategic analytical approach, which falls under the Thinking AI category. The content does not emphasize emotional understanding or mechanical automation processes.",0%,0%,100%,0%,0%
What’s Stopping You from Migrating to Mobile Tourism Shopping?,Wan S.-M.; Cham L.-N.; Tan G.W.-H.; Lo P.-S.; Ooi K.-B.; Chatterjee R.-S.,2022,10.1080/08874417.2021.2004564,"Tourism shopping via mobile applications has revolutionized the tourism industry. The research examined the antecedents to the adoption of mobile tourism shopping (MTS) via an integrated model, consisting of the Mobile Technology Acceptance Model, consumer perception of merchant ethics, consumer decision-making styles, and characteristics of mobile applications. The results were empirically validated via the PLS-SEM-ANN method. The findings indicated that mobile usefulness, mobile ease of use, application quality, and service quality have significant positive correlations with the intention to use MTS, whereas privacy concern has displayed a significant negative relationship. Moreover, source reliability, application reputation, perfectionism, and novelty-fashion consciousness were revealed to be statistically insignificant to the development of adoption intention toward MTS. Furthermore, the ANN results have indicated the existence of a non-linear hidden attribute in the prediction of ANN Model A. The research has generated valuable theoretical implications and practical insights. For one, the advantages that come with the adoption of MTS and the security measures taken by the service providers should be highlighted to the prospects via effective marketing messages to nurture confidence, which can subsequently drive adoption. © 2021 International Association for Computer Information Systems.",artificial neural network analysis; consumer decision-making; Mobile commerce; privacy concern; tourism,Taylor and Francis Ltd.,scopus-neural network,27,Thinking AI,"['mobile tourism shopping', 'adoption intention', 'market analysis', 'consumer perception', 'service quality']","The abstract discusses the adoption of mobile tourism shopping (MTS) and analyzes various antecedents that influence consumer behavior. It emphasizes the importance of mobile usefulness and ease of use in predicting adoption intentions, which aligns with market analysis and targeting aspects of Thinking AI. The findings suggest effective marketing messages to nurture confidence in consumers, indicating strategic analysis and understanding of competitive advantages in promoting MTS.",10%,20%,70%,0%,0%
Quality of life modelling based on decision trees; [Modelování kvality života pomocí rozhodovacích stromů],Krupka J.; Kašparová M.; Jirava P.,2010,,"This paper presents one of the possibilities of the decision theory that can be used in the modelling of the quality of life in a given city in the Czech Republic. Real data sets of citizen questioners for the city of Chrudim were analysed, pre-processed, and used in the model. This model is defined as classification model and it uses algorithms used in decision trees. A decision tree is a predictive model which can be used to represent both classifiers and regression models. In operations research, a decision trees refers to a hierarchical model of decisions and their consequences. When decision tree are used as a classification tasks, it is more appropriately referred to as a classification tree. Classification trees are used to classify an object, or an instance, to a predefined set of classes based on their attribute's value. These trees are frequently used in applied fields such as: finance, marketing, engineering, and medicine. They are useful as an exploratory technique. There are various top-down decision trees inducers such as ID3, C4.5, and C&RT. In our case we used C5.0, C&RT, and CHAID algorithm for the modelling of the quality of life in the previously mentioned city. Similar results were achieved through out our research when using the mentioned algorithms. However, the best results were achieved when using the C5.0 algorithm. Finally, we summarized the presented problems, and compared its accuracy in classification on the basis of decision trees, with classification results based on the probabilistic neural network and the radial basis function neural network.",Classification; Decision trees; Quality; Regional management,,scopus-neural network,15,Out of Scope,"['decision theory', 'classification model', 'decision trees', 'quality of life', 'algorithms', 'C5.0', 'C&RT', 'CHAID']","The abstract discusses the application of decision trees and algorithms to model the quality of life in a city, which is primarily a research and analytical focus rather than a direct application to marketing strategies or customer engagement. The content centers on classification models and their accuracies, which are not directly related to marketing applications as defined in the categories.",0%,0%,0%,100%,0%
Exploring the relationship between marketing and operations: Neural network analysis of marketing decision impacts on delivery performance,Marques A.; Lacerda D.P.; Camargo L.F.R.; Teixeira R.,2014,10.1016/j.ijpe.2014.02.020,"This study has the objective of exploring the relationship between two functional areas: marketing and operations. This relationship has been the focus of attention of other scholars, but much remains to be done in terms of providing a better understanding of it. To help fill this gap, we analyze the impact of marketing decisions on delivery performance. More specifically, we seek to know how sales, sellers, promotion and other variables that characterize marketing decisions impact delivery performance. We collected data about marketing decisions and delivery performance for a period of 30 months in a large manufacturing company in Brazil. We performed an artificial neural network analysis to assess how these marketing decision variables impact delivery performance variables in the company analyzed. Results show that seller characteristics are the variables that have the greatest impact on the performance of delivery operations. © 2014 Elsevier B.V. All rights reserved.",Delivery; Marketing; Operations; Performance; Relationship between marketing and operations,Elsevier,scopus-neural network,35,Thinking AI,"['marketing decisions', 'delivery performance', 'sales', 'promotion', 'artificial neural network', 'market analysis']","The abstract discusses the relationship between marketing decisions and delivery performance, focusing on how various marketing variables impact operations. This aligns with the 'Market analysis' and 'Targeting' aspects of Thinking AI, as it involves analyzing data to understand competitive advantages and decision impacts. The use of artificial neural networks further emphasizes strategic analysis rather than mechanical or emotional aspects.",0%,20%,80%,0%,0%
A principled approach for building and evaluating neural network classification models,Berardi V.L.; Patuwo B.E.; Hu M.Y.,2004,10.1016/S0167-9236(03)00093-9,"In this paper, we propose a principled approach to building and evaluating neural network classification models for decision support system (DSS) implementations. First, the usefulness of neural networks for use with e-commerce data and for Bayesian classification is discussed. Next, the theory concerning model accuracy and generalization is presented. Then, the principled approach, which is developed with consideration of these issues, is described. Through an illustrative problem, it is seen that when problem complexity is considered, the classification performance of the neural networks can be much better than what is observed. Furthermore, it is seen that model order selection processes based upon a single dataset can lead to an incorrect conclusion concerning the best model, which impacts model error and utility. © 2003 Elsevier B.V. All rights reserved.",Artificial neural networks; Classification; Data utilization; Decision processes; E-commerce; Model bias; Model error; Model variance,,scopus-neural network,17,Thinking AI,"['neural networks', 'classification models', 'decision support system', 'model accuracy', 'generalization', 'e-commerce data', 'Bayesian classification']","The abstract discusses the application of neural networks in building classification models specifically for decision support systems, which are crucial for market analysis and e-commerce. The focus on model accuracy and generalization suggests a strategic analysis aspect that aligns well with the 'Thinking AI' category. Additionally, it mentions Bayesian classification, which is often used to make informed decisions based on data analysis. Therefore, the paper fits primarily within the context of market analysis and targeting.",0%,0%,100%,0%,0%
A two-stage SEM-neural network analysis to predict drivers of m-commerce in India,Madan K.; Yadav R.,2019,10.1504/IJEMR.2019.098750,"The rapid developments in the field of mobile technologies and deep penetration of smartphones have created tremendous opportunities for m-commerce worldwide. The purpose of this study is to investigate factors that predict consumer's intention to adopt m-commerce. The study identifies variables relevant for m-commerce environment and empirically establishes their influence on m-commerce adoption intention. A two-stage analysis comprising of structural equation modelling (SEM) and neural network (NN) technique is employed to test the proposed model. The results obtained from SEM analysis observed that perceived risk is the strongest predictor of m-commerce adoption decision, followed by performance expectancy, variety of services and perceived critical mass. Effort expectancy is found to be statistically insignificant. The significant factors from SEM were used as inputs to NN model and the results established performance expectancy to be the most important input variable in predicting m-commerce adoption intention followed by variety of services, perceived risk and perceived critical mass. The findings of this study are useful for m-commerce marketers and service providers, in developing suitable marketing strategies to scale up their business. This study is one of the few empirical studies conducted in India to examine the adoption intention of m-commerce. Copyright © 2019 Inderscience Enterprises Ltd.",India; M-commerce; Neural network; PCM; Perceived critical mass; Perceived risk; SEM; Structural equation modelling; Variety of services; VOS,Inderscience Publishers,scopus-neural network,3,Thinking AI,"['m-commerce', 'adoption intention', 'performance expectancy', 'perceived risk', 'variety of services', 'structural equation modelling', 'neural network']","The abstract discusses an empirical study that investigates factors predicting consumer intention to adopt m-commerce. It employs statistical methods like structural equation modeling (SEM) and neural networks (NN) to analyze variables influencing adoption. This aligns with the 'Thinking AI' category, as it focuses on market analysis to identify critical factors that can influence marketing strategies. The emphasis on performance expectancy and perceived risks also indicates a strategic analysis of consumer behavior to enhance targeting and marketing approaches.",0%,0%,100%,0%,0%
"Customer engagement, innovation, and sustainable consumption: Analyzing personalized, innovative, sustainable phygital products",Anwar R.S.; Ahmed R.R.; Streimikiene D.; Strielkowski W.; Streimikis J.,2025,10.1016/j.jik.2024.100642,"Purpose: This research explores the relationship between factors that play a crucial role in e-commerce. This research aimed to check the direct relationship between customer engagement, innovation, and behavior of consumers towards phygital products on patronage intention. Furthermore, this study has explored the mediating role of the behavior of consumers toward phygital products and the moderating role of the level of innovation and sustainable consumption on the direct relationship between customer engagement and patronage intention toward phygital products. Method: This study applied decision tree analysis, structural equation modeling (SEM), and artificial neural networks (ANN) to test all these proposed relationships. The data was collected from 412 Pakistani internet users who used different shopping applications. Moreover, JASP 0.19.0.0 was employed for analysis, and the data was collected on existing scales. Findings: The findings show that customer engagement, innovation, personalization, and sustainable consumption significantly affect patronage intentions. However, the moderating effect of consumer behavior was not supportive in this study. Decision tree analysis offered a transparent, interpretable framework for comprehending these dynamics, while the neural network model exposed the nonlinear relationships between these variables. Originality/implications: This study provides new insights into phygital marketing, notably in Pakistan's fast-growing e-commerce sector. The insights can help marketers optimize their strategy in increasingly linked physical and digital experiences. © 2024 The Author(s)",Behavior of consumers; Customer engagement; Level of innovation; Patronage intention; Phygital products; Sustainable consumption,Elsevier B.V.,scopus-neural network,0,Feeling AI,"['customer engagement', 'sustainable consumption', 'consumer behavior', 'patronage intention', 'personalization']","The abstract discusses the relationship between customer engagement and patronage intention, emphasizing emotional and behavioral aspects associated with consumer interactions with phygital products. The focus on consumer behavior and the exploration of emotions related to innovation and engagement suggest a strong alignment with the Feeling AI category, which prioritizes understanding customer needs and emotional responses. The mention of personalization also indicates a connection to tailoring experiences to customer preferences.",60%,10%,30%,0%,0%
A hybrid econometric-neural network modeling approach for sales forecasting,Luxhøj J.T.; Riis J.O.; Stensballe B.,1996,10.1016/0925-5273(96)00039-4,"Business sales forecasting is an example of management decision making in an ill-structured, uncertain problem domain. Due to the dynamic complexities of both internal and external corporate environments, many firms resort to qualitative forecasting techniques. However, these qualitative techniques lack the structure and extrapolation capability of quantitative forecasting models, and forecasting inaccuracies typically lead to dramatic disturbances in production planning. This paper presents the development of a hybrid econometric-neural network model for forecasting total monthly sales. This model attempts to integrate the structural characteristics of econometric models with the non-linear pattern recognition features of neural networks to create a ""hybrid"" modeling approach. A three-stage model is created that attempts to sequentially ""filter"" forecasts where the output from one stage becomes part of the input to the next stage. The forecasts from each of the individual sub-models are then ""averaged"" to compute the hybrid forecast. Model development is discussed in the content of an actual sales forecasting problem from a Danish company that produces consumer goods. Actual model performance is reported for a six-month time period. Knowledge gained from the modeling approach is placed in the context of organizational learning about the nature of sales forecasting for this particular company.",Hybrid econometric-neural network; Sales forecasting,Elsevier,scopus-neural network,93,Thinking AI,"['sales forecasting', 'market analysis', 'modeling', 'organizational learning']","The abstract discusses a hybrid econometric-neural network model for forecasting total monthly sales, which is closely related to market analysis and strategic decision-making. It focuses on improving forecasting accuracy, which is a critical aspect of understanding market dynamics and competitive advantages. The development of the model and its application in a real-world context indicates a sophisticated level of analysis rather than just data collection or emotional understanding.",0%,0%,100%,0%,0%
Forecasting and analysis of marketing data using neural networks,Yao J.; Teng N.; Poh H.-L.; Tan C.L.,1998,,"This study aims to incorporate Artificial Neural Networks into a Marketing Decision Support System (MDSS), specifically, by discovering important variables that influence sales performance of colour television (CTV) sets in the Singapore market using neural networks. Three kinds of variables, expert knowledge, marketing information and environmental data, are examined. The information about the effects of each of these variables has been studied and made available for decision making. However, their combined effect is unknown. This study attempts to explore the combined effect for the benefit of our collaborator, a multinational corporation (MNC) in the consumer electronics industry in Singapore. Putting these three variables together as input variables results in a neural network model. Neural network training is conducted using historical data on CTV sales in Singapore collected over the past one and a half years. Sensitivity analysis is then performed to reduce input variables of neural networks. This is done by analyzing the weights of the input node connections in the trained neural networks using two different methods. The weaker variables can be excluded, and this results in a simpler model. Further, an R-Square value of almost 1 is obtained through the inclusion of an Unknown variable when the network model consisting only of the most influential variables is trained and tested. Knowing the most influential variables, which in this case include Average Price, Screen Size, Stereo Systems, Flat-Square screen type and Seasonal Factors, marketing managers can improve sales performance by paying more attention to them.",Artificial neural networks; Marketing decision support systems; Marketing mix; Sales forecasting; Variable reduction,,scopus-neural network,63,Thinking AI,"['Artificial Neural Networks', 'sales performance', 'marketing information', 'environmental data', 'neural network model', 'sensitivity analysis', 'influential variables', 'Average Price', 'Screen Size', 'Seasonal Factors']","The abstract discusses the use of Artificial Neural Networks to analyze variables that influence sales performance in marketing. This aligns with the Thinking AI category, which focuses on market analysis and identifying important factors affecting sales. The study aims to provide insights for marketing managers, recommending attention to specific variables to improve sales, indicating a strategic analysis of market data rather than emotional or mechanical processes.",0%,0%,100%,0%,0%
Using neural networks to understand service risk in the holiday product,Mitchell V.-W.; Davies F.; Moutinho L.; Vassos V.,1999,10.1016/S0148-2963(98)00020-4,"Despite being one of the most symbolic, important, involving, costly, exciting, uncertain and complicated decisions most consumers make each year, holiday purchasing has received relatively little academic treatment in the service marketing literature. By extending and refining previous work, this study examines the usefulness of perceived risk theory to understand consumers' behaviour in one of the most common holiday experiences, the package holiday. Unlike other studies, this research undertakes a more detailed assessment of the risks involved, as well as examining how consumers reduce those risks. Forty-three risky attributes and fifteen risk reducers were identified and a neural network analysis uncovered a relationship between risk and risk reduction which involved functional, financial and hotel dominated risks, whilst the relationship between risk and purchase intention was mediated by trust in the tour operator and anxiety. The paper explores the nature of the risk in the holiday product and discusses how perceived risk can be measured and used by travel marketers in further research. J Busn Res 1999. 46.167-180. © 1999 Elsevier Science Inc. All rights reserved.",,Elsevier Inc.,scopus-neural network,92,Feeling AI,"['perceived risk', 'trust', 'anxiety', 'consumer behavior', 'risk reduction']","The abstract discusses how perceived risk influences consumer behavior in holiday purchasing, emphasizing emotional factors such as trust in the tour operator and anxiety. These elements align closely with the focus of Feeling AI, which centers on understanding customer emotions and needs. The identification of risky attributes and risk reducers indicates an effort to understand and meet customer emotional needs, making it more aligned with the Feeling AI category rather than market analysis or automation.",70%,10%,20%,0%,0%
Integrating arbitrage pricing theory and artificial neural networks to support portfolio management,Hung S.-Y.; Liang T.-P.; Liu V.W.-C.,1996,10.1016/S0167-9236(96)80006-6,"The paper presents an innovative approach that integrates the arbitrage pricing theory (APT) and artificial neural networks (ANN) to support portfolio management. The integrated approach takes advantage of the synergy between APT and ANN in extracting risk factors, predicting the trend of individual risk factor, generating candidate portfolios, and choosing the optimal portfolio. It uses quadratic programming for identifying surrogate portfolios in APT and ANN to predict factor returns. Empirical results indicate that the integrated method beats the benchmark and outperforms the traditional method that uses the ARIMA model.",Arbitrage pricing theory; Artificial neural networks; Decision support systems; Portfolio management; System integration; Unified programming,Elsevier,scopus-neural network,17,Out of Scope,"['arbitrage pricing theory', 'artificial neural networks', 'portfolio management', 'risk factors', 'quadratic programming', 'factor returns', 'benchmark', 'traditional method', 'ARIMA model']",The abstract discusses an innovative approach that integrates financial theories and artificial intelligence techniques for portfolio management and does not relate to marketing applications. The focus is on financial modeling and prediction rather than marketing strategies or customer insights.,0%,0%,0%,100%,0%
Marketing Analysis on Apparel Based on Neural Network,Watada J.; Arisawa M.; Matumura K.; Nawata F.,1992,10.11419/senshoshi1960.33.508,"In this paper the clustering analysis of the consumer's behaviors based on a neural network is proposed. The main objective is to model the experts’ classification of consumer's behaviors on apparel goods in terms of their attributes and tastes and then to realize the experts decision making based on a neural network. In the paper the attributes and tastes of consumers, and the classification of the consoumers provided by fashion experts are learned by a neural network model. The learning realizes the latent ability of complex and difficult clustering of consumers by their attributes and tastes which experienced experts have. The paper shows that this model can perform the same ability as fashion experts in the classification of consumers’ behaviors. © 1992, The Japan Research Association for Textile End-Uses. All rights reserved.",apparel; attributes; clustering; consumer's behavior; decision markig; experts; marketing; neural network; tastes,,scopus-neural network,1,Thinking AI,"['clustering analysis', 'consumer behaviors', 'neural network', 'attributes', 'tastes', 'classification', 'experts', 'decision making']","The abstract discusses the use of a neural network to model and classify consumer behaviors based on their attributes and tastes, which aligns with the focus on market analysis and targeting. The paper emphasizes the ability to replicate expert classification, indicating a strategic analysis of consumer data that fits within the Thinking AI category.",0%,0%,100%,0%,0%
The effect of misclassification costs on neural network classifiers,Berardi V.L.; Zhang G.P.,1999,10.1111/j.1540-5915.1999.tb00902.x,"The potential of neural networks for classification problems has been established by numerous successful applications reported in the literature. One of the major assumptions used in almost all studies is the equal cost consequence of misclassification. With this assumption, minimizing the total number of misclassification errors is the sole objective in developing a neural network classifier. Often this is done simply to ease model development and the selection of classification decision points. However, it is not appropriate for many real situations such as quality assurance, direct marketing, bankruptcy prediction, and medical diagnosis where misclassification costs have unequal consequences for different categories. In this paper, we investigate the issue of unequal misclassification costs in neural network classifiers. Through an application in thyroid disease diagnosis, we find that different cost considerations have significant effects on the classification performance and that appropriate use of cost information can aid in optimal decision making. A cross-validation technique is employed to alleviate the problem of bias in the training set and to examine the robustness of neural network classifiers with regard to sampling variations and cost differences.",Classification; Medical diagnosis; Misclassification Costs; Neural Networks; Statistical Techniques,Decision Sciences Institute,scopus-neural network,50,Out of Scope,"['neural networks', 'classification', 'misclassification costs', 'thyroid disease diagnosis', 'cross-validation', 'decision making']","The abstract focuses on the application of neural networks in classification problems, particularly addressing the issue of unequal misclassification costs in scenarios like medical diagnosis. This application is primarily related to healthcare and does not pertain to marketing, making it out of scope.",0%,0%,0%,100%,0%
Neural networks and the multinomial logit for brand choice modelling: A hybrid approach,Bentz Y.; Merunka D.,2000,10.1002/(SICI)1099-131X(200004)19:3<177::AID-FOR738>3.0.CO;2-6,"The study of brand choice decisions with multiple alternatives has been successfully modelled for more than a decade using the Multinomial Logit model. Recently, neural network modelling has received increasing attention and has been applied to an array of marketing problems such as market response or segmentation. We show that a Feedforward Neural Network with Softmax output units and shared weights can be viewed as a generalization of the Multinomial Logit model. The main difference between the two approaches lies in the ability of neural networks to model non-linear preferences with few (if any) a priori assumptions about the nature of the underlying utility function, while the Multinomial Logit can suffer from a specification bias. Being complementary, these approaches are combined into a single framework. The neural network is used as a diagnostic and specification tool for the Logit model, which will provide interpretable coefficients and significance statistics. The method is illustrated on an artificial dataset where the market is heterogeneous. We then apply the approach to panel scanner data of purchase records, using the Logit to analyse the non-linearities detected by the neural network. Copyright © 2000 John Wiley & Sons, Ltd.",Brand choice; Choice models; Multinomial Logit model; Neural networks,John Wiley and Sons Ltd,scopus-neural network,85,Thinking AI,"['neural network', 'Multinomial Logit model', 'market response', 'segmentation', 'non-linear preferences', 'market analysis', 'diagnostic', 'specification tool']","The abstract discusses the application of neural networks and the Multinomial Logit model in understanding brand choice decisions and market response, which aligns with market analysis and targeting. The focus on modeling non-linear preferences and analyzing purchase records indicates strategic analysis rather than just data collection or emotional understanding.",0%,0%,100%,0%,0%
Using a neural network to forecast inflation,Aiken M.,1999,10.1108/02635579910291984,"Forecasting inflation is a major concern for economists and businessmen. Most researchers have relied upon statistical techniques with their stringent data assumptions and low accuracy rates to predict changes in inflation, but only a few have investigated how neural networks can improve forecasts. Here, we show the results of Consumer Price Index (CPI) forecasts from an artificial neural network using leading economic indicator data in the USA. Results show that the neural network predicts the level of the CPI with a high degree of accuracy.",,Emerald,scopus-neural network,33,Out of Scope,"['forecasting', 'inflation', 'neural networks', 'Consumer Price Index', 'economic indicators']","The abstract discusses the use of artificial neural networks to forecast inflation and analyze economic indicators, which are primarily related to economic modeling and forecasting rather than marketing applications. The focus is on predicting economic trends rather than any marketing strategy, customer analysis, or engagement, thereby falling outside the relevant marketing categories.",0%,0%,0%,100%,0%
An empirical comparison of neural network and logistic regression models,Kumar A.; Rao V.R.; Soni H.,1995,10.1007/BF00996189,"The purpose of this paper is to critically compare a neural network technique with the established statistical technique of logistic regression for modeling decisions for several marketing situations. In our study, these two modeling techniques were compared using data collected on the decisions by supermarket buyers whether to add a new product to their shelves or not. Our analysis shows that although neural networks offer a possible alternative approach, they have both strengths and weaknesses that must be clearly understood. © 1995, Kluwer Academic Publishers. All rights reserved.",back-propagation; C-Index; empirical comparison; logistic regression; neural networks; sigmoid function,,scopus-neural network,65,Thinking AI,"['neural network', 'logistic regression', 'modeling', 'decisions', 'supermarket buyers', 'marketing situations']","The abstract discusses a comparison between neural networks and logistic regression for modeling marketing decisions, particularly in the context of product placement in supermarkets. This aligns with the focus on market analysis and strategic decision-making, which are key elements of Thinking AI. The analysis seeks to understand the effectiveness of these methods in a marketing context, indicating an analytical approach rather than an emotional or mechanical one.",0%,0%,100%,0%,0%
A Neural Network Design to Support Decision Making with a Complex Multicriteria Problem,Boscarino M.; Gianoglio P.; Ostanello A.,1993,10.1080/12460125.1993.10511571,"This paper investigates the potentialities of the new technology based on neural networks to realize a DSS that might help the marketing and product planning management of a factory in conceiving strategic decisions regarding prices and product performance levels in an oligopolistic market. A possible oligopolistic market scenario assumes a multiplicity of customers whose choices on a given product set have to be explained; the individual choices of these subjects contribute to defining some market shares to be estimated—with their possible evolution—by a multicriteria model (management’s problem formulation). Very few computer based systems to support such a complex problem are found in literature; developed essentially with “classic” methodologies and techniques, they suffer from considering either one single decisional subject (the market/consumer) or a multiplicity of monocriterion choices under uncertainty conditions, without taking into account any integrated representation wich might permit a multiactorial interpretation of “the market” to be given. An approach based on neural networks seems to allow such limits to be overcome, as it has been applied successfully to design and develop a prototype of DSS (MUTANT) for the problem formulated. Some first computational experiments allow some positive judgements to be expressed about the system’s validity and the promising potentialities of a new “modelling and problem solving” approach that might be usefully applied so as to enlarge some potentialities of other multicriteria decision aid (MCDA) methods. © 1993 Taylor & Francis Group, LLC.",Explicative models; Multicriteria decisions; Multiple choices; Neural networks,,scopus-neural network,0,Thinking AI,"['neural networks', 'DSS', 'marketing', 'product planning', 'strategic decisions', 'oligopolistic market', 'multicriteria model', 'market shares', 'decision aid']","The abstract discusses the development of a decision support system (DSS) using neural networks to assist in strategic marketing and product planning decisions within an oligopolistic market. This aligns closely with the Thinking AI category, which focuses on market analysis and utilizing analytics for strategic decision-making. The emphasis on understanding market shares and customer choices indicates a strong application of market analysis techniques.",0%,0%,100%,0%,0%
A comparative analysis of neuromarketing methods for brand purchasing predictions among young adults,Garczarek-Bąk U.; Szymkowiak A.; Gaczek P.; Disterheft A.,2021,10.1057/s41262-020-00221-7,"Until now, neuromarketing studies have usually been aimed at assessing the predictive value of psychophysiological measures gathered while watching a marketing message related to a particular product. This study is the first attempt to verify the possibility of predicting familiar and unfamiliar brand purchases based on psychophysiological reactions to a retailer television advertisement measured by EEG, EDA and eye-tracking. The number of private label products chosen later served to assess the binary dependent variable. A logistic regression model (with a prediction rate of 61.2%) was applied to determine which psychophysiological variables explained the largest part of the variance of a final purchase decision. The results show that among various measures, only the electrodermal peaks per second were significant in predicting further purchase decisions. The decision to buy was also influenced by brand familiarity. The article concludes that EDA is an unobtrusive measure of emotion-related anticipation of significant outcomes, particularly for dynamic stimuli, as related to decision-making. © 2021, Springer Nature Limited.",Decision making; EDA; EEG; Eye-tracking; Marketing communication; Neuroscientific methods,Palgrave Macmillan,scopus-prediction,27,Feeling AI,"['psychophysiological measures', 'electrodermal activity (EDA)', 'emotional data', 'customer decision-making', 'brand familiarity']","The abstract discusses how psychophysiological measures, particularly EDA, can predict consumer purchase decisions, linking emotional responses to marketing stimuli. This aligns with the Feeling AI category, which focuses on understanding customer emotions and needs. The study emphasizes the significance of emotional anticipation in decision-making, which is central to the Feeling AI approach.",70%,10%,20%,0%,0%
Customer churn analysis using feature optimization methods and tree-based classifiers,Ehsani F.; Hosseini M.,2025,10.1108/JSM-04-2024-0156,"Purpose: As internet banking service marketing platforms continue to advance, customers exhibit distinct behaviors. Given the extensive array of options and minimal barriers to switching to competitors, the concept of customer churn behavior has emerged as a subject of considerable debate. This study aims to delineate the scope of feature optimization methods for elucidating customer churn behavior within the context of internet banking service marketing. To achieve this goal, the author aims to predict the attrition and migration of customers who use internet banking services using tree-based classifiers. Design/methodology/approach: The author used various feature optimization methods in tree-based classifiers to predict customer churn behavior using transaction data from customers who use internet banking services. First, the authors conducted feature reduction to eliminate ineffective features and project the data set onto a lower-dimensional space. Next, the author used Recursive Feature Elimination with Cross-Validation (RFECV) to extract the most practical features. Then, the author applied feature importance to assign a score to each input feature. Following this, the author selected C5.0 Decision Tree, Random Forest, XGBoost, AdaBoost, CatBoost and LightGBM as the six tree-based classifier structures. Findings: This study acclaimed that transaction data is a reliable resource for elucidating customer churn behavior within the context of internet banking service marketing. Experimental findings highlight the operational benefits and enhanced customer retention afforded by implementing feature optimization and leveraging a variety of tree-based classifiers. The results indicate the significance of feature reduction, feature selection and feature importance as the three feature optimization methods in comprehending customer churn prediction. This study demonstrated that feature optimization can improve this prediction by increasing the accuracy and precision of tree-based classifiers and decreasing their error rates. Originality/value: This research aims to enhance the understanding of customer behavior on internet banking service platforms by predicting churn intentions. This study demonstrates how feature optimization methods influence customer churn prediction performance. This approach included feature reduction, feature selection and assessing feature importance to optimize transaction data analysis. Additionally, the author performed feature optimization within tree-based classifiers to improve performance. The novelty of this approach lies in combining feature optimization methods with tree-based classifiers to effectively capture and articulate customer churn experience in internet banking service marketing. © 2024, Emerald Publishing Limited.",Customer churn; Feature optimization; Internet banking service marketing; Transaction data; Tree-based classifiers,Emerald Publishing,scopus-prediction,0,Thinking AI,"['feature optimization', 'customer churn behavior', 'tree-based classifiers', 'transaction data', 'feature reduction', 'feature selection', 'feature importance', 'customer retention']","The abstract discusses the optimization of features to predict customer churn behavior in internet banking, which aligns with market analysis and targeting. The use of various tree-based classifiers and the focus on improving prediction accuracy through feature optimization methods suggest a strategic analysis of customer behaviors rather than emotional understanding or automated processes. This aligns closely with the Thinking AI category, particularly in the context of using marketing analytics to understand customer behavior and improve retention strategies.",0%,0%,100%,0%,0%
How does Store Branded Lookalike Packaging Affect Competition in a Dyadic Supply Chain: A Consumer Confusion Perspective,Zha Y.; Guo X.; Chen H.; Ling L.,2022,10.1016/j.tre.2022.102841,"Store branded lookalike packaging resembling national brand product (NB) packaging creates confusion for consumers who are uncertain about their quality preference of the store brand product (SB). This paper presents a model for exploring the NB manufacturer's wholesale price decision, and the response of the SB retailer, considering consumer confusion. Consumers differ in their quality preferences for products and are classified into two groups: deliberate and confused, depending on whether they have precise quality preferences of the SB. We find that when facing a hybrid structure of consumers, the retailer will introduce the SB only when the quality preference difference between high- and low-end consumers is moderate. When the SB is offered, the retailer may not always benefit from targeting low-end consumers with the SB only; a mixed strategy by attracting low-end (high-end) consumers to the national (store) brand product can bring higher profit. Examining the effect of consumer confusion, we find that it may bring a win-win, lose-lose, or win-lose situation for the manufacturer and retailer, depending on the quality preference difference and proportion of high-end consumers. We then consider the case when being deliberate is a choice of the consumer, finding that the retailer will induce consumers to be deliberate only when the store brand quality is low. Consumer confusion will always create a win-win outcome for the manufacturer and retailer when (1) SB quality is higher than NB quality, (2) SB quality is endogenized, or (3) consumers are confused about their quality preference for both the NB and SB. The consumer surplus may be enhanced or weakened, depending on the retailer's market segmentation strategy. Our results reconcile some discrepancies between theoretical predictions and empirical findings regarding the impacts of consumer confusion about the SB derived from lookalike packaging on a two-echelon supply chain, and our insights are robust. © 2022 Elsevier Ltd",Competition; Consumer confusion; Store brand; Store branded lookalike packaging; Supply chain management,Elsevier Ltd,scopus-prediction,8,Thinking AI,"['consumer confusion', 'quality preference', 'market segmentation', 'retailer profit', 'manufacturer price decision']","The abstract discusses the impact of consumer confusion on the decision-making processes of retailers and manufacturers in the context of store brands and national brands. It focuses on market analysis regarding consumer preferences and pricing strategies, which aligns with the Thinking AI category's focus on market analysis and targeting. The exploration of how consumer segmentation affects retailer strategy further reinforces this classification.",5%,10%,85%,0%,0%
Data-driven method for mobile game publishing revenue forecast,Su Y.; Backlund P.; Engström H.,2022,10.1007/s11761-021-00332-2,"Games as a service is similar to software as a service, which provides players with game content on a continuous monetization model. Game revenue forecast is vital to game developers to make the right business decisions, such as determining the marketing budget, controlling the development cost, and setting up benchmarks for evaluating game publishing performance. How to make the revenue forecast and integrate it with the game publishing process is hard for small and medium-sized independent (indie) game developers. This includes all steps of the process, from forecasting to decision-making based on the results. This paper provides a data-driven method that uses the mobile game revenue forecast based on different time-series prediction models to drive the game publishing. We demonstrate how to use the data-driven method to guide an indie game studio to forecast revenue and then set the revenue forecast as the internal benchmark to drive game publishing. In practice, we involve a real game project from an indie game studio and provide guidance for one of their casual game projects. Then, based on the revenue forecast, we discuss how to set the revenue forecast as an internal benchmark and drive the actions for mobile game publishing. Finally, we make a conclusion on how our data-driven method can be used to drive mobile game publishing and also discuss future research work. © 2021, The Author(s).",Benchmark; Business Intelligence; Game analytics; Game metrics; Game publishing; Indie game developer; Time-series prediction,Springer Science and Business Media Deutschland GmbH,scopus-prediction,2,Thinking AI,"['revenue forecast', 'data-driven method', 'market analysis', 'game publishing', 'business decisions']","The abstract discusses a data-driven method for forecasting revenue in mobile game publishing, emphasizing market analysis and decision-making based on revenue predictions. This aligns with the 'Thinking AI' category, which focuses on market analysis and strategic targeting.",0%,0%,100%,0%,0%
Time-of-day effects on (un)healthy product purchases: Insights from diverse consumer behavior data,Yang S.; Wang Y.; Li Z.; Chen C.; Yu Z.,2022,10.1016/j.jbusres.2022.07.058,"There is a growing need in the marketing field to understand how consumers can be persuaded to consume healthier products. This research makes novel predictions about the time-of-day effects on (un)healthy product purchases based on self-control theory. We investigated whether and how time of day (morning vs. evening) influences consumers’ (un)healthy product purchases. A field study based on point-of-sales data indicated that consumers tend to buy more unhealthy products in the evening. Two laboratory experiments confirmed that this is due to a decrease in self-control in the evening, which leads consumers to purchase more unhealthy products at this time. A follow-up eye-tracking experiment further revealed potential mechanisms whereby lower self-control causes consumers to focus more on unhealthy products and weakens the effect of attention to healthy products on purchases. The findings provide valuable insights into consumer behavior and marketing decisions for marketing academics, retailers and consumer marketing companies. © 2022 Elsevier Inc.",Eye-tracking; Purchase decision; Self-control; Synchrony effect; User-generated behavior,Elsevier Inc.,scopus-prediction,11,Feeling AI,"['self-control', 'consumer behavior', 'emotional needs', 'persuasion', 'focus', 'attention']","The abstract focuses on understanding consumer behavior in relation to healthy and unhealthy product purchases, particularly how emotions and self-control vary by time of day. It emphasizes the need to understand and potentially influence consumer decisions based on emotional and psychological factors, which aligns closely with the 'Feeling AI' category focused on customer understanding and emotional data.",70%,10%,20%,0%,0%
Predicting CRM patronage intentions based on Schwartz’s theory of human values: a large-sample study anchored on male fashion leadership,Thomas S.; Suryavanshi A.K.S.; Bharath K.; Patel R.; Bhatt V.; Pandey S.,2024,10.1007/s12208-024-00420-x,"Businesses adopt cause-related marketing (CRM) strategies to align with societal concerns. Human values are crucial in shaping consumers’ responses toward companies that engage in CRM activities. While the non-profit marketing literature is largely focused on exploring the relationship between values and CRM, empirical evidence on the prediction of CRM patronage intentions (CPI) in the context of human values is scarce. This study, rooted in the Schwartz human values theory, focused on understanding the effect of human values on corresponding processes underlying CPI. In addition, we have examined and validated the impact of fashion leadership on human values and CPI by assessing the effects within the sub-groups (high and low fashion leadership). This research addresses the gap in the literature by focusing on the intricate relationship between human values and CPI thereby providing a normalized ranking of the relevant predictors while predicting CPI. A large-scale, robust investigation was undertaken with 2,289 respondents using integrated PLS-MGA-ANN to validate a predictive model that triggers value-based profiling. The results reveal that high male fashion leadership aligning with certain value types (self-direction, universalism, and benevolence) and low male fashion leadership aligning with certain value types (security, tradition, and conformity) had higher patronage towards CRM-associated fashion retailers. This study offers invaluable intelligence to practitioners, non-profit marketers, and fashion marketers for devising value-based profiling and managing pivotal CRM decisions. © The Author(s), under exclusive licence to Springer-Verlag GmbH Germany, part of Springer Nature 2024.",Cause-related marketing; CRM patronage intention; CRM-associated fashion marketers; Human values; Male fashion leadership,Springer Nature,scopus-prediction,2,Feeling AI,"['human values', 'consumer responses', 'patronage intentions', 'value-based profiling', 'emotional data']","The abstract discusses the influence of human values on consumer behavior towards cause-related marketing (CRM). It emphasizes understanding consumer emotional responses and preferences in relation to CRM strategies, particularly in the fashion sector. The study's focus on values aligns closely with customer understanding and emotional needs, making it fit within the Feeling AI category. Additionally, the research provides insights into how emotional values can guide marketing decisions.",60%,10%,30%,0%,0%
"Understanding the role of image, quality and price for developing prestigious mass brands",Singh B.,2023,10.1108/APJML-08-2021-0628,"Purpose: This research article aims to understand the role of brand image, service quality and price (charge) in revitalising functional mass brands into prestigious mass brands. Design/methodology/approach: The empirical research framework was developed by synthesising the past literature on masstige marketing and brand extension. Data was collected using a survey questionnaire from 396 respondents availing M-Wallet. Structural equation modelling was used to validate the brand revitalization attributes; further, the binary logistic regression model examined the effect of revitalization attributes on the chance of increasing customer's perception of masstige. Findings: The exploratory study suggested brand image, service quality and value for money pricing as essential attributes to revitalize mass brands into masstige brands; furthermore, path analysis validated the positive effects of these attributes on the perception of masstige. The proposed binary logistic regression model suggested brand image as sensitive attributes, increasing the odds ratio by 9.39 times in favour of perceiving brand as masstige followed by the perceived service quality that is 5.87 times. The prediction capability of the proposed binary logistic regression model is found to be 96%. Practical implications: The methodology of this study provides the basis for future researchers to advance research on masstige. This study will assist the marketers of mass brands to make better marketing decisions related to how masstige image can be sustained or a new or less known brand can be revitalized into a prestigious brand. Originality/value: This study is the first to provide empirical evidence of how the mass brand can be revitalised as masstige brands by considering image, quality and price attributes. © 2022, Emerald Publishing Limited.",Brand revitalization; Image; Logistic regression; Masstige; Mobile payment system; Price; Service quality; Up-scale line extension,Emerald Publishing,scopus-prediction,15,Feeling AI,"['brand image', 'service quality', 'value for money pricing', 'customer perception', 'masstige branding']","The abstract discusses the role of brand image, service quality, and pricing in revitalizing mass brands into prestigious brands, indicating an understanding of customer emotional needs and perceptions. It emphasizes how these attributes affect customer perception and positioning of brands, which aligns closely with the focus on customer understanding and relationalization found in Feeling AI.",60%,10%,30%,0%,0%
The impact of analyst stock recommendations on firms’ relative exploration orientation,Wang X.; Cui A.S.,2024,10.1007/s11747-024-01070-5,"To better understand the impact of financial analysts on firm innovation, we examine an often-overlooked relationship between stock recommendations and firms’ strategic emphasis on exploration over exploitation. In contrast to studies suggesting that firms respond to earnings forecasts in a myopic manner that reduces R&D spending and hurts innovation, we show that low stock recommendations motivate firms to emphasize exploration despite the risks. The degree to which firms’ responses follow this behavioral-theory-based prediction is contingent on CEOs’ motivation and ability in strategic decision-making. Governance mechanisms, including equity compensation and institutional ownership, align CEOs’ personal interest with firm interest and motivate them to choose the predicted response. Marketing department power enhances CEOs’ ability to choose the predicted response because it enables the use of market knowledge to evaluate benefits and risks of exploration and exploitation. The findings contribute to research on financial analysts, the role of marketing, and exploration/exploration strategy. © Academy of Marketing Science 2024.",Corporate governance; Exploitation; Exploration; Financial analyst; Innovation; Marketing department power; R&D department power; Stock recommendation,Springer,scopus-prediction,0,Out of Scope,"['financial analysts', 'stock recommendations', 'firm innovation', 'exploration', 'exploitation', 'CEOs', 'strategic decision-making', 'governance mechanisms']","The abstract discusses the influence of financial analysts and stock recommendations on firm innovation, which does not directly relate to marketing applications such as customer understanding or market analysis. The focus is primarily on corporate strategy and governance rather than marketing strategies or AI applications in marketing.",0%,0%,0%,100%,0%
Preference modelling in sorting problems: Multiple criteria decision aid and statistical learning perspectives,Erişkin L.,2021,10.1002/mcda.1737,"Many decision problems in a variety of fields such as marketing, quality prediction, and economics correspond to the sorting decision problematic where an ordinal scale is used to express a preference of objects. Both Multiple Criteria Decision Aid and Statistical Learning fields offer methodologies to represent the preference of the decision maker facing the sorting problem, however, there are differences in terminology, objectives, key assumptions, and solution philosophies. In this context, this paper aims to explain these differences as well as similarities and connections between these two fields by reviewing exemplary methodologies in sorting problems. As we discuss, there are significant research opportunities for developing new methodologies by exploiting the strong aspects of these two fields. © 2021 John Wiley & Sons, Ltd.",multiple criteria decision aid; ordinal classification; ordinal regression; preference learning; sorting; statistical learning,John Wiley and Sons Ltd,scopus-prediction,8,Not Identified,"['decision problems', 'sorting decision', 'ordinal scale', 'preference', 'methodologies', 'Multiple Criteria Decision Aid', 'Statistical Learning']","The abstract discusses the differences and connections between methodologies in sorting decision problems, specifically within the fields of marketing, quality prediction, and economics. However, it does not provide clear applications or examples directly related to marketing strategies, customer emotional understanding, or automation processes that fit neatly into the defined categories of Mechanical AI, Thinking AI, or Feeling AI. Instead, it focuses more on theoretical comparisons and research opportunities, making it difficult to classify under the specified categories.",0%,0%,0%,0%,100%
Influencer recommendation system: choosing the right influencer using a network analysis approach,Jha A.K.; Ray S.,2023,10.1108/MIP-04-2023-0149,"Purpose: The rise of social media has led to the emergence of influencers and influencer marketing (IM) domains, which have become important areas of academic inquiry. However, despite its prominence as an area for study, several significant challenges must be addressed. One significant challenge involves identifying, assessing and recommending social media influencers (SMIs). This study proposes a semantic network model capable of measuring an influencer's performance on specific topics or subjects to address this issue. This study can assist managers in identifying suitable SMIs based on their estimated reach. Design/methodology/approach: Data from popular YouTube influencers and publicly available performance measures (views and likes) are extracted. Second, the titles of the past videos made by the influencer are used to develop a semantic network connecting all the videos to other videos based on similarity measures. Third, the nearest neighbor approach extracts the neighbors of the target title video. Finally, based on the set of neighbors, a range prediction is made for the views and likes of the target video with the influencer. Findings: The results show that the model can predict an accurate range of views and likes based on the suggested video titles and the content creator, with 69–78% accuracy across different influencers on YouTube. Research limitations/implications: The current study introduces a novel and innovative approach that exploits the textual association between a SMI's previous content to forecast the outcome of their future content. Although the findings are encouraging, this research recognizes various constraints that upcoming researchers may tackle. Forecasting views of posts concerning novel subjects and precisely adjusting video view counts based on their age constitute two primary limitations of this study. Practical implications: Managers interested in hiring influencers can employ the suggested approach to evaluate an influencer's potential performance on a specific topic. This research aids managers in making informed decisions regarding influencer selection, utilizing data-based metrics that are simple to comprehend and explain. Originality/value: The study contributes to outreach evaluation and better estimating the impact of SMIs using a novel semantic network approach. © 2023, Emerald Publishing Limited.",Influencer marketing; Network analytics; Prediction model; Semantic network; Social media influencers,Emerald Publishing,scopus-prediction,4,Thinking AI,"['influencer marketing', 'social media influencers', 'performance measurement', 'video views', 'likes prediction', 'semantic network model', 'market analysis', 'informed decisions']","The abstract discusses a study focused on identifying and assessing social media influencers using a semantic network model to predict their performance. This aligns with the 'Thinking AI' category, which emphasizes market analysis and targeting through data-driven insights. The study aids managers in making informed decisions regarding influencer selection, which corresponds to the use of marketing analytics to identify competitive advantages. The predictive aspect of assessing influencer performance also ties closely to strategic analysis.",0%,20%,80%,0%,0%
"Improved retention analysis in freemium role-playing games by jointly modelling players’ motivation, progression and churn",Karmakar B.; Liu P.; Mukherjee G.; Che H.; Dutta S.,2022,10.1111/rssa.12730,"We consider user retention analytics for online freemium role-playing games (RPGs). RPGs constitute a very popular genre of computer-based games that, along with a player's gaming actions, focus on the development of the player's in-game virtual character through a persistent exploration of the gaming environment. Most RPGs follow the freemium business model in which the gamers can play for free but they are charged for premium add-on amenities. As with other freemium products, RPGs suffer from the curse of high dropout rates. This makes retention analysis extremely important for successful operation and survival of their gaming portals. Here, we develop a disciplined statistical framework for retention analysis by modelling multiple in-game player characteristics along with the dropout probabilities. We capture players’ motivations through engagement times, collaboration and achievement score at each level of the game, and jointly model them using a generalized linear mixed model (glmm) framework that further includes a time-to-event variable corresponding to churn. We capture the interdependencies in a player's level-wise engagement, collaboration, achievement with dropout through a shared parameter model. We illustrate interesting changes in player behaviours as the gaming level progresses. The parameters in our joint model were estimated by a Hamiltonian Monte Carlo algorithm which incorporated a divide-and-recombine approach for increased scalability in glmm estimation that was needed to accommodate our large longitudinal gaming data-set. By incorporating the level-wise changes in a player's motivations and using them for dropout rate prediction, our method greatly improves on state-of-the-art retention models. Based on data from a popular action based RPG, we demonstrate the competitive optimality of our proposed joint modelling approach by exhibiting its improved predictive performance over competitors. In particular, we outperform aggregate statistics based methods that ignore level-wise progressions as well as progression tracking non-joint model such as the Cox proportional hazards model. We also display improved predictions of popular marketing retention statistics and discuss how they can be used in managerial decision making. © 2021 Royal Statistical Society",,John Wiley and Sons Inc,scopus-prediction,5,Thinking AI,"['retention analytics', 'dropout rates', 'player motivations', 'engagement', 'achievement score', 'predictive performance', 'managerial decision making']","The abstract discusses user retention analytics specifically for online freemium RPGs, focusing on analyzing player behaviors and motivations to improve retention rates. This aligns closely with the market analysis and targeting aspects of Thinking AI, as it involves using data analytics to understand player behavior, optimize retention strategies, and enhance managerial decision-making based on predictive performance. It does not focus on emotions or the automation of processes typically associated with Mechanical or Feeling AI.",0%,0%,100%,0%,0%
PerCLTV: A General System for Personalized Customer Lifetime Value Prediction in Online Games,Zhao S.; Wu R.; Tao J.; Qu M.; Zhao M.; Fan C.; Zhao H.,2023,10.1145/3530012,"Online games make up the largest segment of the booming global game market in terms of revenue as well as players. Unlike games that sell games at one time for profit, online games make money from in-game purchases by a large number of engaged players. Therefore, Customer Lifetime Value (CLTV) is particularly vital for game companies to improve marketing decisions and increase game revenues. Nowadays, as virtual game worlds are becoming increasingly innovative, complex, and diverse, the CLTV of massive players is highly personalized. That is, different players may have very different patterns of CLTV, especially on churn and payment. However, current solutions are inadequate in terms of personalization and thus limit predictive performance. First, most methods just attempt to address either task of CLTV, i.e., churn or payment, and only consider the personalization from one of them. Second, the correlation between churn and payment has not received enough attention and its personalization has not been fully explored yet. Last, most solutions around this line are conducted based on historical data where the evaluation is not convincing enough without real-world tests. To tackle these problems, we propose a general system to predict personalized customer lifetime value in online games, named perCLTV. To be specific, we revisit the personalized CLTV prediction problem from the two sub-Tasks of churn prediction and payment prediction in a sequential gated multi-Task learning fashion. On this basis, we develop a generalized framework to model CLTV across games in distinct genres by heterogeneous player behavior data, including individual behavior sequential data and social behavior graph data. Comprehensive experiments on three real-world datasets validate the effectiveness and rationality of perCLTV, which significantly outperforms other baseline methods. Our work has been implemented and deployed in many online games released from NetEase Games. Online A/B testing in production shows that perCLTV achieves a prominent improvement in two precision marketing applications of popup recommendation and churn intervention. © 2023 Association for Computing Machinery.",churn prediction; multi-Task learning; online games; payment prediction; Personalized customer lifetime value,Association for Computing Machinery,scopus-prediction,13,Thinking AI,"['Customer Lifetime Value', 'personalized', 'churn prediction', 'payment prediction', 'market analysis', 'targeting', 'personalization']","The abstract discusses the importance of predicting Customer Lifetime Value (CLTV) in online games through personalized approaches, focusing on churn and payment behaviors. This aligns with the Thinking AI category, which emphasizes market analysis, targeting, and personalization based on customer data. The proposed system, perCLTV, aims to improve marketing decisions and revenue generation by utilizing sophisticated methods for personalized predictions, indicating strategic analysis and targeted marketing applications.",10%,20%,70%,0%,0%
How virtual reality influences travel intentions: The role of mental imagery and happiness forecasting,Skard S.; Knudsen E.S.; Sjåstad H.; Thorbjørnsen H.,2021,10.1016/j.tourman.2021.104360,"Virtual reality can influence consumer behavior in powerful ways, but in the domain of tourism marketing, less is known about the psychological process. One possibility is that VR has stronger impact on mental imagery than traditional channels, creating vivid simulations of what it would be like to visit destinations. This process might create hedonic expectations of future happiness, which should increase the willingness to actually seek out the destination in real life. The results from a laboratory experiment provided support to this hypothesis. Participants were randomly assigned to view a nature destination either in traditional still images or virtual reality, and then reported their initial responses before making an actual consumer choice. VR exposure led to higher levels of mental imagery and happiness predictions, which in turn was associated with stronger travel intentions and purchasing decisions. However, VR effects on consumer choice were moderated by previous experience with the destination. © 2021 The Authors",Affective forecasting; Behavioral intentions; Mental imagery; Purchase; Telepresence; Virtual reality,Elsevier Ltd,scopus-prediction,90,Feeling AI,"['consumer behavior', 'psychological process', 'mental imagery', 'hedonic expectations', 'happiness', 'travel intentions', 'purchasing decisions']","The abstract discusses how virtual reality can enhance mental imagery and create hedonic expectations that influence consumer behavior in tourism marketing. This aligns with the focus of Feeling AI, which is centered on understanding customer emotions and needs. The findings suggest that VR exposure leads to stronger emotional responses, including happiness predictions, which directly affect travel intentions and purchasing decisions. This indicates a deep understanding of customer emotional engagement and how it drives consumer choices.",70%,10%,20%,0%,0%
Intention to participate in Islamic banking in Indonesia: Does socio-political identity matter?,Fathoni M.A.; Rodoni A.; Al Arif M.N.R.; Hidayah N.,2024,10.1108/JIMA-12-2023-0397,"Purpose: The fact that Islamic banking in Indonesia held only a 7% market share in 2023 is ironic, considering that Indonesia has the largest Muslim population in the world. Beyond differences in ethnicity, race and religious understanding, Indonesia’s sociopolitical diversity also presents an intriguing study area about consumer decisions to use financial services. This study aims to investigate the influence of sociopolitical identity on attitudes and intentions to participate in Islamic banking in Indonesia using the theory of reasoned action as a basis. Design/methodology/approach: This study used SEM-PLS to investigate the intention to participate in Islamic banking among Muslim communities in Indonesia. Its focus on prediction and theory building aligns perfectly with the objectives of this study, making it the most appropriate methodological choice. The sample used in this study comprised 343 respondents. The structural model was used to test the relationship between intention to participate in Islamic banking and religiosity, subjective norms, attitudes and sociopolitical identity, with reputation as mediation. Findings: This study found that three variables significantly affect the intention to participate in Islamic banks: attitude (AT), reputation (RP) and subjective norms (SN). Sociopolitical identity (SP) and religiosity (RE) do not have a direct effect. However, sociopolitical identity (SP), attitudes (AT) and religiosity (RE) have been proven to have an indirect impact through reputation (RP) as mediation, and only subjective norms (SN) have not. Practical implications: This study implies that Islamic banking needs to consider non-marketing aspects because, based on its findings, non-marketing factors such as sociopolitical identity and religiosity have been proven to influence the intention to participate in Islamic banking in Indonesia. Originality/value: This study’s respondents were two Muslim communities in Indonesia with the largest mass and assets, namely, Nahdhatul Ulama and Muhammadiyah. The inclusion of non-marketing aspects, such as sociopolitical identity, in the research model added value, which is still rarely researched. © 2024, Emerald Publishing Limited.",Indonesia; Intention; Islamic bank; Religiosity; Sociopolitic identity,Emerald Publishing,scopus-prediction,1,Feeling AI,"['sociopolitical identity', 'attitudes', 'subjective norms', 'religiosity', 'reputation', 'consumer decisions', 'emotional needs']","The study focuses on understanding consumer attitudes and intentions towards Islamic banking in the context of sociopolitical identity and religiosity. It investigates how these factors influence consumer decisions, which aligns closely with the 'Feeling AI' category that emphasizes customer understanding and relationalization. The findings suggest the importance of emotional and social influences in consumer behavior, which is a key aspect of Feeling AI.",70%,0%,30%,0%,0%
ESTIMATING THE DEMAND FOR RAILWAY FREIGHT TRANSPORTATION: A CASE STUDY IN KAZAKHSTAN,Sultanbek M.; Adilova N.; Sładkowski A.; Karibayev A.,2023,10.20858/tp.2023.18.3.07,"This article focuses on the critical importance of demand estimates for effective planning and decision-making in the railway freight transportation industry. Various departments within transportation companies, including marketing, production, distribution, and finance departments, heavily rely on accurate demand forecasts to make informed decisions. Forecasting demand is a crucial aspect of managing business processes, and the methods for doing this can vary across different industries. The ultimate goal remains consistent—to obtain precise predictions of future demand by analyzing historical data and current environmental factors. In the context of transportation services, accurate demand forecasting is essential for successful operational planning and management of functional areas such as transportation operations, marketing, and finance. The current case study specifically examines the National Company Kazakhstan Temir Zholy (KTZ), a transport and logistics holding engaged in rail transportation in Kazakhstan. KTZ’s main sources of income are related to freight transportation. The volume of cargo transportation (in tons) and the freight turnover play a significant role in assessing demand and forecasting future revenues from freight traffic. Different techniques for demand forecasting are explored, including qualitative and quantitative methods. Qualitative methods rely on judgments and opinions, while quantitative methods utilize historical data or identify causal relationships between variables. Overall, the present study highlights the critical role of demand forecasting in the railway freight transportation industry and its impact on efficient planning and decision-making processes. © 2023 Silesian University of Technology. All rights reserved.",ARIMA; demand estimation; forecast quality assessment; railway freight transportation; volume and turnover,Silesian University of Technology,scopus-prediction,0,Out of Scope,[],"The abstract discusses demand forecasting in the railway freight transportation industry, focusing on operational planning and decision-making processes related to transportation services. While it touches on aspects relevant to marketing, it does not specifically address marketing strategies, customer emotions, or automated marketing processes. The content is more aligned with logistics and operational management rather than marketing applications.",0%,0%,0%,100%,0%
Attention Trajectories Capture Utility Accumulation and Predict Brand Choice,Martinovici A.; Pieters R.; Erdem T.,2023,10.1177/00222437221141052,"Trajectories of attention capture the accumulation of brand utility during complex decision-making tasks. Thus, attention trajectories, as reflected in eye movements, predict the final brand choice of 85% of consumers before they implement it. Even when observing eye movements in only the first quarter of the decision process, attention already predicts brand choice much better (45%) than chance levels (20%). This superior prediction performance is due to a “double attention lift” for the chosen brand: The chosen brand receives progressively more attention toward the moment of choice, and more of this attention is devoted to integrating information about the brand rather than to comparing it with other options. In contrast, the currently owned brand grabs attention early in the task, and its attention gain persists for brand-loyal consumers and shifts for brand-switching consumers. A new attention and choice model used in tandem with the Bayesian K-fold cross-validation methodology on eye-tracking data from 325 representative consumers uncovered these attention trajectory effects. The findings contribute to closing important knowledge gaps in the attention and choice literature and have implications for marketing research and managerial practice. © The Author(s) 2023.",attention and brand choice; Bayesian estimation; eye movements; K-fold cross-validation; prediction; utility accumulation,SAGE Publications Ltd,scopus-prediction,9,Thinking AI,"['attention trajectories', 'brand choice', 'decision-making', 'eye movements', 'market research', 'Bayesian K-fold cross-validation']","The abstract discusses how attention trajectories, as reflected in eye movements, can predict consumer brand choice, indicating a strong analytical approach to understanding consumer behavior. It focuses on analyzing data to derive insights that have implications for marketing strategy, aligning closely with the market analysis and targeting aspects of Thinking AI.",10%,5%,80%,0%,5%
Predicting Mobile Applications Adoption Based on Online Review Data and Integrated Independent Subspaces Method; [基于在线评论和集成独立子空间的移动应用采用预测研究],Shen W.; Shi Q.; Li H.; Dai W.; Sun X.,2023,10.3969/j.issn.1008-0821.2023.08.010,"[Purpose/Significance] This research aims to optimize existing prediction methods of mobile application adoption and provide decision-making bases for application developers and publishers to formulate R&D plans and marketing plans. [Method/Process] Mobile application features were extracted from online reviews collected from application stores. Features sampling and evaluation of the importance of input features were made using the independent subspace method. Then, the adoption of mobile applications was predicted using MLR, CART, ANN, and SVR. [Result/Conclusion] The experimental results show that the integrated method based on the independent subspace proposed in this study can effectively evaluate the importance of input features and accurately predict the trend of mobile application adoption. The results can provide references for application developers, publishers and operations. © 2019 Journal of Modern Information. All rights reserved.",independent subspace method; mobile application; online review; prediction,Editorial Board of Journal of Modern Information,scopus-prediction,0,Thinking AI,"['mobile application adoption', 'prediction methods', 'evaluation of input features', 'decision-making', 'market analysis', 'R&D plans', 'marketing plans']","The abstract focuses on optimizing prediction methods for mobile application adoption, which involves analyzing data from online reviews to inform decision-making for application developers and publishers. This aligns with the market analysis and targeting aspects of Thinking AI. The methods used, including MLR, CART, ANN, and SVR, indicate a strategic approach to understanding market trends and customer behavior.",0%,0%,100%,0%,0%
EYE-TRACKING AS A PHYSIOLOGICAL CORRELATE OF CONSUMER BEHAVIOR: A SYSTEMATIC LITERATURE REVIEW; [EYE-TRACKING COMO CORRELATO FISIOLÓGICO DO COMPORTAMENTO DO CONSUMIDOR: UMA REVISÃO SISTEMÁTICA DA LITERATURA],Neves Pereira M.H.; Bezerra de Melo F.L.N.; Jerônimo Soares A.M.; Soares Ferreira P.B.; da Silva M.P.; Morya E.,2024,10.5585/remark.v23i1.23271,"Objective: This study analyzes, through a systematic literature review, the main approaches used in research on consumer behavior that used eye-tracking as an identifier of physiological reactions. Method: The Preferred Reporting Items for Systematic Reviews and Meta-Analyses (PRISMA) protocol was used to identify and select empirical studies published in the last five years, between 2019 and 2023, in nine research databases (Web of Science, Science Direct, Scopus, Springer, Emerald, Wiley Online, Sage, Taylor & Francis, and Google Scholar). Thus, 243 studies were included in the review. Results: The analyzed studies are mainly classified into four different themes of neuromarketing application: purchase decision, behavioral prediction, advertising effects, and customer retention. The main segments analyzed were e-commerce and retail. The predominance of quantitative studies and the need to control sociodemographic variables in the models is highlighted. In summary, there is a suggested need for more multimethod approaches that combine eye-tracking with quantitative and qualitative methods (retrospective interviews), as well as integrate it with other techniques such as Electroencephalography (EEG), Magnetic Resonance Imaging (MRI), Galvanic Skin Response (GSR), facial biometrics, among others. Theoretical/Methodological Contributions: This research advances the understanding of the state of the art on eye-tracking and its application in neuromarketing, providing insights into methodological pathways. Originality/Relevance: Therefore, the main applications and emerging themes that can be explored in future studies are discussed. The proposal was previously registered in PROSPERO (CRD42022315763) and at the time of registration, there was no similar protocol. © 2024 Universidade Nove de Julho-UNINOVE. All rights reserved.",Consumer behavior; Eye-Tracking; Marketing; Neuromarketing,Universidade Nove de Julho-UNINOVE,scopus-prediction,0,Feeling AI,"['consumer behavior', 'physiological reactions', 'emotional data', 'customer understanding', 'neuromarketing', 'customer retention']","The abstract discusses the use of eye-tracking to analyze consumer behavior, which is closely linked to understanding emotional responses and preferences of customers. The focus is on how physiological reactions can indicate customer needs and wants, making it relevant to the 'Feeling AI' category. The study emphasizes the importance of emotional data in understanding consumer choices and tailoring marketing strategies accordingly.",70%,10%,20%,0%,0%
"Persistence modeling for sales prediction: A simple, self-contained approach",Sbrana G.; Antonetti P.,2023,10.1016/j.jbusres.2023.114103,"The accurate prediction of future retail sales is crucial in business. Marketing persistence modeling is a well-established framework for the analysis of retail sales dynamics using a time series approach. However, dominant academic approaches to persistence modeling are rather complex, requiring sophisticated analytic and computing skills. We introduce a decision making approach that allows jointly testing and predicting the evolution of retail sales using a state-space model. We first propose a model, which incorporates the foundations of persistence modeling, and provide a simple estimation method. Secondly, we show a formal procedure for detecting persistence and, hence, selecting parameters to predict future data. An empirical investigation carried out over nearly 30000 Walmart retail sales, shows that our model provides significantly better prediction performance when compared to standard benchmarks. The combination of simplicity and efficiency makes our approach appealing not only for scholars but also for practitioners. © 2023 Elsevier Inc.",Marketing persistence; Model confident set; Prediction accuracy; State-space models,Elsevier Inc.,scopus-prediction,2,Thinking AI,"['retail sales', 'persistence modeling', 'prediction', 'market analysis', 'state-space model', 'estimation method', 'parameters', 'empirical investigation']","The abstract discusses a model for predicting retail sales, which is a form of market analysis. It emphasizes the need for accurate predictions in business, which aligns with the 'Thinking AI' focus on market analysis and targeting. The proposed model simplifies a complex process, making it accessible for both scholars and practitioners, indicating strategic analysis capabilities.",0%,0%,100%,0%,0%
Reference dependent prices in bargaining: An experimental examination of precise first offers,Kimbrough E.O.; Porter D.; Schneider M.,2021,10.1016/j.joep.2021.102406,"Evidence from psychology and marketing suggests that those who make a “precise” first offer in bargaining get a better deal than those who make a “round” first offer. We report on a series of experiments designed to test for and improve our understanding of the “precise first offer” (PFO) effect in bargaining and whether it likely reflects rational optimizing or equilibrium behavior. Our experiment varies whether decisions are incentivized and whether the PFO effect can emerge as an equilibrium of a cheap-talk signaling game. We find evidence of a PFO effect when subjects read a vignette and make unincentivized individual decisions. When monetary incentives are added to the vignette, we still find the PFO effect, but it is not robust. In a bilateral bargaining situation with a cheap-talk equilibrium, we can not find the PFO effect, which is inconsistent with the equilibrium predictions. Moreover, the PFO effect reemerges in a setting in which initial offers are generated by a random device and thus provides a strong refutation of the signaling model. Our evidence suggests that optimizing and equilibrium accounts of the PFO effect are inadequate. Understanding initial offers as reference points, which subtly change perceptions about the kinds of acceptable counteroffers, provides a plausible account of a new finding on which prior explanations are silent: precise offers induce more precise counteroffers. © 2021 Elsevier B.V.",Bargaining; Precise first offers; Reference points,Elsevier B.V.,scopus-prediction,7,Thinking AI,"['precise first offer', 'bargaining', 'counteroffers', 'market analysis', 'decision making']","The abstract discusses the impact of precise first offers in bargaining situations and experiments that analyze decision-making behaviors in a market context. It relates to market analysis by exploring how initial offers influence perceptions and subsequent counteroffers, which aligns with the application of marketing analytics to identify competitive advantages and optimize strategies. The focus is on understanding decision behavior rather than emotional or automated processes, making it a clear fit for Thinking AI.",10%,10%,80%,0%,0%
A high-performance turnkey system for customer lifetime value prediction in retail brands: Forthcoming in quantitative marketing and economics,Yan Y.; Resnick N.,2024,10.1007/s11129-023-09272-x,"Customer lifetime value (CLV) modeling underpins modern marketing analytics, enabling the development of tailored customer relationship management strategies based on the predicted future value of their customers. As part of Amperity’s enterprise customer data platform (CDP), we deploy and maintain a CLV prediction system that caters to a rapidly growing list of brands across various industries, purchase behaviors, and scales. Given the impracticality of developing bespoke models for each brand, our solution must be adaptive, generalizable, and high-performing ”out of the box”. Furthermore, our platform demands daily prediction updates to facilitate prompt marketing decisions. This paper introduces a turnkey CLV prediction system that achieves state-of-the-art performance across a diverse set of brands. This system has several contributions: 1) the use of encodings and embeddings to incorporate signals from high-cardinality data; 2) a multi-stage churn-CLV modeling framework that augments additional flexibility in adjusting churn probabilities, subsequently reducing CLV prediction errors while maintaining a synergistic learning process; 3) a feature-weighted ensemble of both generative and discriminative models to accommodate diverse underlying purchase patterns. Empirical results show that our enhanced model consistently surpasses benchmark performances for twelve retail brands across six evaluation intervals from June 2020 to September 2022. © The Author(s) 2023. corrected publication 2023.",Churn prediction; Customer data platform; Customer lifetime value; Ensemble modeling; M31; Marketing analytics,Springer,scopus-prediction,1,Thinking AI,"['customer lifetime value', 'CLV prediction', 'marketing decisions', 'predictive modeling', 'customer relationship management', 'purchase behaviors']","The abstract focuses on a CLV prediction system that enhances marketing analytics for brands by providing tailored customer relationship strategies based on predicted future values. This aligns closely with the 'Thinking AI' category, specifically in market analysis and targeting, as it utilizes predictive modeling and analytics to inform marketing decisions. The use of diverse models and frameworks to improve predictions further supports strategic analysis.",0%,20%,80%,0%,0%
Bayesian Ensembles of Exponentially Smoothed Life-Cycle Forecasts,"Guo X.; Lichtendahl K.C., Jr.; Grushka-Cockayne Y.",2025,10.1287/msom.2022.0359,"Problem definition: We study the problem of forecasting an entire demand distribution for a new product before and after its launch. Firms need accurate distributional forecasts of demand to make operational decisions about capacity, inventory, and marketing expenditures. We introduce a unified, robust, and interpretable approach to producing these pre- and postlaunch distributional forecasts. Methodology/results: Our approach is inspired by Bayesian model averaging. Each candidate model in our ensemble is a lifecycle model fitted to the completed life cycle of a comparable product. A prelaunch forecast is an ensemble with equal weights on the candidate models' forecasts, whereas a postlaunch forecast is an ensemble with weights that evolve according to Bayesian updating. Our approach is part frequentist and part Bayesian, resulting in a novel approach tailored to the demand forecasting challenge. We also introduce a new type of life-cycle or product diffusion model with states that can be updated using exponential smoothing. The trend in this model follows the density of an exponentially tilted Gompertz random variable. For postlaunch forecasting, this model is attractive because it can adapt itself to the most recent changes in a product's life cycle. We provide closed-form distributional forecasts from our model. In two empirical studies, we show that when the ensemble's candidate models are all in our new type of exponential smoothing model, this version of the ensemble outperforms several leading approaches in both point and quantile forecasting. Managerial implications: In a data-driven operations environment, our model can produce accurate forecasts frequently and at scale. When quantile forecasts are needed, our model has the potential to provide meaningful economic benefits. In addition, our model's interpretability should be attractive to managers who already use exponential smoothing and ensemble methods for other forecasting purposes. Copyright:  © 2024 INFORMS.",Bayesian model; demand forecasting; new product diffusion; newsvendor; quantile forecasts,INFORMS Inst.for Operations Res.and the Management Sciences,scopus-prediction,0,Thinking AI,"['forecasting', 'demand distribution', 'operational decisions', 'capacity', 'inventory', 'marketing expenditures', 'Bayesian model averaging', 'market analysis', 'quantile forecasting', 'interpretable forecasts']","The abstract discusses a method for forecasting demand for new products, which directly relates to market analysis and operational decision-making. It emphasizes the importance of accurate forecasts for capacity and inventory management, as well as marketing expenditures, indicating a strategic analysis focus. The Bayesian model averaging approach and the ensemble methods mentioned are also aligned with analytical techniques used in marketing. While there is a component of understanding customer needs through forecasts, the primary focus is on analytical methodologies for demand prediction rather than emotional engagement or automated data collection.",10%,5%,85%,0%,0%
A fuzzy approach to determining antecedents to green cosmetic consumption in India,Srivastava R.; Sanjeev M.A.; Gupta S.,2024,10.1108/IJRDM-09-2022-0340,"Purpose: Heightened public concerns for the global environment due to human overexploitation have given rise to many green product initiatives by businesses. Green cosmetics (GC) are products developed and marketed based on ecological sustainability and have shown increasing consumer appeal worldwide. The current research investigates the antecedents of green cosmetics consumption among Indian GC users, hitherto un-investigated comprehensively. Design/methodology/approach: The study is a cross-sectional pairwise comparison of green evaluation criteria for cosmetics using an expert panel of thirty Indian cosmetic users using a fuzzy analytic hierarchy process (F-AHP) and investigate the impact of a comprehensive list of antecedents on the multi-criteria category consumption decision. Findings: The study results indicate that perceived consumer effectiveness is the most critical factor for green cosmetics consumption in India, followed by brand trust, behavioural control, and environmental effectiveness. The least important factors are price and social norms. Research limitations/implications: As the GC category is at nascent stage in India the investigation is limited to the GC category innovators – a set of people high in intellectual and financial resources. The study is also limited to women users as the male cosmetic market in the country is still very small. Practical implications: The study results can help marketers in designing and implementing GC related marketing strategies to deliver higher customer value to the target segment. Academicians can use the study results for better prediction of category related behaviour of consumers. Social implications: The study results will help promote GC category adoption and usage which can benefit the environment and consumer health. Originality/value: The study contributes to literature and practice by assessing a comprehensive set of critical antecedents to GC adoption using a novel approach of F-AHP and an expert user panel. The study results offer insights to marketers that can be used to develop suitable strategies to convert non-GC users into GCs in India and similar markets, improving category penetration and benefitting marketers, retailers, users, and the environment. © 2024, Emerald Publishing Limited.",Antecedents; Behavioral control; Brand trust; Consumer effectiveness; Environmental effectiveness; Fuzzy analytic hierarchy process; Green cosmetics,Emerald Publishing,scopus-prediction,2,Thinking AI,"['green cosmetics', 'consumer effectiveness', 'brand trust', 'environmental effectiveness', 'marketing strategies']","The abstract focuses on understanding the antecedents of green cosmetics consumption among Indian users, highlighting factors such as perceived consumer effectiveness and brand trust. These elements pertain to market analysis and targeting strategies, as marketers can utilize these insights to identify consumer preferences and optimize their marketing strategies. The approach of using a fuzzy analytic hierarchy process (F-AHP) indicates a strategic analysis of consumer decision-making, aligning closely with the definitions of Thinking AI.",10%,0%,90%,0%,0%
Analysis of FDA's Vuse market authorisation: limitations and opportunities,Meshnick A.B.; Faricy L.E.; Lushniak B.D.,2023,10.1136/tc-2022-057540,"This special communication provides a physicians' critique of the US Food and Drug Administration (FDA)'s decision to authorise the Vuse Solo (Vuse) Premarket Tobacco Application (PMTA). The PMTA authorisation represents the first time that FDA has authorised an Electronic Nicotine Delivery System (ENDS) for marketing in the USA. Using the FDA Decision Summary, the special communication identifies significant unanswered public health and scientific questions that prevent the authors from reaching FDA's conclusion that Vuse meets the Appropriate for the Protection of the Public Health (APPH) standard. The authors recommend FDA suspend the market authorisation and use these questions to re-evaluate the PMTA, and to prospectively monitor whether Vuse meets APPH standard. The special communication advances the ENDS harm reduction conversation because it calls for national tobacco regulators to develop an epidemiological prediction of ENDS impact on the population and to expand the scope of their analysis to evaluate the impacts of ENDS on congenital birth defects, abuse liability and non-flavour drivers of youth usage. Through learning from the American experience regulating Vuse, national tobacco regulators around the globe will be better equipped to evaluate the impact of ENDS on the public health.  © Author(s) (or their employer(s)) 2024. No commercial re-use. See rights and permissions. Published by BMJ.",addiction; electronic nicotine delivery devices; harm reduction; public policy,BMJ Publishing Group,scopus-prediction,4,Out of Scope,"['FDA', 'public health', 'Electronic Nicotine Delivery System', 'Vuse', 'tobacco regulators', 'epidemiological prediction', 'harm reduction']","The abstract discusses a critique of the FDA's decision regarding the marketing of an Electronic Nicotine Delivery System (ENDS), focusing on public health implications rather than marketing strategies or customer engagement. The primary subject matter is related to healthcare and regulatory processes, which does not fit within the categories of Mechanical AI, Thinking AI, or Feeling AI as defined in the marketing context.",0%,0%,0%,100%,0%
Impact of International Trade on the Share Prices of the Industrial Bank of Korea Using Stochastic Prediction Modeling,Dar G.F.; Ahn Y.-H.; Dar Q.F.; Ma J.-H.,2023,10.20294/jgbt.2023.19.4.90,"Purpose – The share price of any financial institution fluctuates due to various hidden and visible factors. Predicting share price behavior in the economy and financial marketing theory is crucial but complex. The Industrial Bank of Korea’s (IBK) share prices are also affected by hidden factors, including Korean international trade flow. The study aims to forecast hidden impacts on IBK share prices resulting from the international trade flow in Korea. Design/Methodology/Approach – Two Hidden Markov Model (HMM) approaches are employed, one based on exports, and the other on imports, to identify trends and fluctuations in the hidden states influencing visible states. Findings – The findings reveal a significant positive correlation between IBK share prices and both exports and imports. Notably, increasing exports indicate a 50% probability of IBK share prices rising, while falling imports indicate a 56% chance of IBK share prices increasing. These results demonstrate how changes in exports and imports impact IBK’s share price in the Korean stock market. Research Implications – The research implications are valuable for short-and long-term investors in IBK shares and the Korean stock exchange. This research can help decision-makers identify the relationships between and within the visible/observed states that influence the stock price of IBK. © 2023 International Academy of Global Business and Trade. All rights reserved.",forecasting; portfolio management; stochastic modelling,International Academy of Global Business and Trade,scopus-prediction,0,Out of Scope,"['share price', 'financial institution', 'international trade flow', 'Hidden Markov Model', 'exports', 'imports']","The abstract focuses on predicting share prices of a financial institution based on international trade flows using statistical modeling techniques, which are centered around financial analysis rather than marketing applications. It does not involve customer emotions, automated marketing processes, or strategic marketing analysis relevant to the marketing field.",0%,0%,0%,100%,0%
"Owner CEO narcissism, international entrepreneurial orientation and post-entry speed of internationalization: an empirical study of exporting SMEs from China",Li X.; Wang Y.; Yang M.M.; Tang Y.,2023,10.1108/IMR-07-2020-0169,"Purpose: This study explores the impact of owner chief executive officers' (CEO) narcissism on the exporting small to medium-sized enterprises' (SMEs) decision-making on the international market expansion speed after their initial entry. Specifically, the authors use the mechanism of firms' international entrepreneurial orientation (IEO) to examine how owner CEO narcissism may influence SMEs' post-entry speed of internationalization (PSI), both directly and indirectly. Design/methodology/approach: To test the hypotheses, the authors draw on data from a two-wave questionnaire and on archival export data from 291 Chinese exporting SMEs in three municipalities and 17 provinces from 2019 to 2020. Findings: The results support the theoretical predictions that owner CEO narcissism shapes exporting SMEs' decisions on PSI, both directly and indirectly, through the mediation of firm-level IEO. Originality/value: The study extends emerging research on the role of CEO narcissism in the upper echelons literature into the international marketing (IM) context. It also offers new insights into what drives exporting SMEs' IM decision-making from a psychological microfoundations perspective. Furthermore, the authors theoretically establish and empirically demonstrate the key role of a firm's IEO as a mediator to complement the existing literature's focus on the direct influence of CEO narcissism on firms' internationalization decisions. © 2021, Emerald Publishing Limited.",IM decision-making; International entrepreneurial orientation; Owner CEO narcissism; Post-entry speed of internationalization; SMEs,Emerald Publishing,scopus-prediction,17,Thinking AI,"['CEO narcissism', 'international market expansion', 'decision-making', 'international entrepreneurial orientation', 'post-entry speed', 'exporting SMEs']","The study focuses on the impact of CEO narcissism on decision-making related to the speed of international market expansion for exporting SMEs, which aligns with market analysis and strategic decision-making. The examination of international entrepreneurial orientation as a mediator further supports the classification under 'Thinking AI', emphasizing market strategy and competitive positioning.",0%,0%,100%,0%,0%
Money-Back Guarantees and Service Quality: The Marketing of In Vitro Fertilization Services,Yu S.; Ghosh M.; Viswanathan M.,2022,10.1177/00222437211060733,"Marketing practices like money-back guarantees (MBGs) are prevalent in many expert-service markets but are often decried as marketing gimmicks that take advantage of vulnerable and poorly informed consumers. In this research, conducted in the market for in vitro fertilization services, the authors empirically assess differences in quality of care between clinics that offer MBG programs and those that don't, to investigate whether MBG programs can serve a purpose consistent with signaling and insurance theories. The analysis is conducted on a unique longitudinal data set that includes information on clinic-level treatment, outcome statistics, clinic characteristics, and marketing practices for fertility clinics in the United States, state-level insurance mandates, competition environments, and demographic and geographic characteristics. Using an instrumental variable approach to account for the endogeneity of MBG decisions made by fertility clinics, the authors find that MBG clinics, on average, offer better treatment outcomes in terms of success rates while undertaking lower risks. The results are consistent with signaling theory predictions that market-based programs like MBGs can serve as signals of unobservable clinic quality despite the incentives for clinics to engage in opportunistic behaviors. © American Marketing Association 2022.",expert services; health care marketing; in vitro fertilization; information asymmetry; insurance; money-back guarantees; quality of care; signaling,SAGE Publications Ltd,scopus-prediction,3,Out of Scope,"['money-back guarantees', 'in vitro fertilization', 'quality of care', 'success rates', 'signaling theory', 'insurance theories']","The abstract discusses marketing practices and empirical findings related to healthcare services, specifically in vitro fertilization clinics and their money-back guarantees. Although it mentions marketing aspects, the primary focus is on healthcare outcomes and the implications of MBG in that context, which falls outside the defined marketing AI categories.",0%,0%,0%,100%,0%
Order in multi-attribute product choice decisions: Evidence from discrete choice experiments combined with eye tracking,Zuschke N.,2023,10.1002/bdm.2320,"Over time, research on order effects during information searching and choice tasks has received thorough attention in marketing, psychology, and economics. When early information search influences choice in favor of that information, it is called primacy; the equivalent for later information search is called recency. However, research that disentangles primacy and recency effects during multi-attribute product choice, as well as studies on the cognitive processes underlying primacy and recency effects are lacking. I address this gap with two choice-based conjoint experiments combined with eye tracking and by means of multilevel mediation analysis. Consistent with my prediction that to counterbalance the impact of decision irrelevant information on choice through early information search by later information search is mentally too costly, I find that “spatial position” biases choice due to primacy rather than recency. This bias, however, is small. This suggests that for decision irrelevant information, the causal influence of attention on choice generalizes to more complex decisions, though with little impact. Consistent with my prediction that the level of information elaboration moderates the mediation process, increasing task motivation decreases the dominance of primacy. © 2023 The Author. Journal of Behavioral Decision Making published by John Wiley & Sons Ltd.",bounded rationality; conjoint; consumer decision-making; eye tracking; multi-attribute; order; primacy; recency,John Wiley and Sons Ltd,scopus-prediction,8,Thinking AI,"['primacy', 'recency', 'information search', 'choice', 'cognitive processes', 'attention', 'task motivation']","The abstract discusses the cognitive processes underlying primacy and recency effects in multi-attribute product choice, which aligns with market analysis and the strategic understanding of consumer behavior. The focus on attention and decision-making processes indicates an analytical approach to understanding consumer choices, fitting into the Thinking AI category.",0%,0%,100%,0%,0%
"Performance shortfall, managerial ability and firms′ patenting strategy: An analysis of the tension between quantity and quality; [绩效下跌、管理者能力与企业专利战略: 对专利数量和质量之间张力的分析]",Peng D.,2023,10.13587/j.cnki.jieem.2023.05.002,"The behavioral theory of the firm is an important fundamental theory in the management domain. It describes the strategic decision-making process of a firm as a performance feedback process and argues that performance shortfall, i. e., firms′ failing to achieve their aspirations, would make decision makers launch problemistic search to seek solutions to settling the problem of performance shortfall, consequently leading to organizational changes. Previous studies have established theoretical relationship between performance shortfalls and various kinds of organizational changes. However, no consensus has been reached about the effect of performance shortfalls. On one hand, many studies support the classic predictions of the behavioral theory of the firm and it′s found that performance shortfalls would lead to organizational changes of the firm. On the other hand, some studies indicate contrary evidence that performance shortfalls would reduce firms′ tendency to make organizational changes. This study holds that the way a firm responds to performance shortfall depends on decision makers′ interpretation of performance shortfall and on the characteristics of that organizational change. To make up for the research gap described above, this study incorporates managerial ability into the behavioral theory of the firm and focuses on the quantity and the quality of firms′ patent applications with inherent tension. Specifically, this study examines how performance shortfall influences firms′ patenting strategies involving the quantity and the quality of patent applications and how managerial ability moderates the relationships between performance shortfall and patenting strategies. This study investigates managerial ability, because it would influence the performance feedback process of the two patenting strategies by altering decision makers′ interpretation of performance shortfalls. This study focuses on firms′ patenting strategies for the following reasons. First, patenting strategies are common and important strategies for manufacturing firms to respond to performance shortfalls. Second, there is often a tension between the quantity and the quality of patent applications; therefore, decision makers have to weigh up those two options. Investigating the performance feedback processes of them may reveal the different effects of performance shortfall on organizational changes. This study uses a sample of Chinese A-share manufacturing listed firms in the period of 2011—2017. The data used in this study are from the China Stock Market & Accounting Research Database (CSMAR) and Wind Database (WIND), which have been widely employed in empirical studies on Chinese firms. To alleviate the potential effect of outliers, this study winsorizes variables with possible outliers at the 1st and 99th percentiles of their distributions. This study employs fixed effect models for panel data to test hypotheses. Fixed effect models can solve the problem that the explanatory variables are correlated with unobserved individual effects. This study uses Driscoll-Kraay standard errors to correct the problems of heteroscedasticity and serial correlation. The measurement of the quantity of patent applications is natural logarithm for the total number of patent applications of a firm. The quality of patent applications is measured as the ratio of the number of invention patent applications to the total number of patent applications. Performance shortfall means performance falls below the aspiration level. This study uses return on assets (ROA) to measure firm performance and focuses on social aspiration. Social aspiration is the average performance of all the other firms in focal firm′s industry. This study uses two-step data envelopment analysis (DEA) to obtain the measurement of managerial ability. As to control variables, this study controls R&D intensity, marketing intensity, unabsorbed slack resources, firm size, income tax ratio, the independence of the board, the size of top management team, ownership concentration, proportion of state-owned shares, positive performance discrepancy, industry dummy variables, and year dummy variables. This study suggests that there is a negative relationship between performance shortfalls and the quantity of patent applications so that the more the performance falls short of the performance aspiration, the smaller the quantity of patent applications would be. In addition, managerial ability would undermine this negative relationship. Moreover, there is a positive relationship between performance shortfalls and the quality of patent applications so that the more the performance falls below the performance aspiration, the higher the quality of patent applications would be, and managerial ability would strengthen this positive relationship. © (2023). All Rights Reserved.",Managerial ability; Patent application; Performance feedback; The behavioral theory of the firm,Zhejiang University,scopus-prediction,0,Not Identified,"['performance shortfall', 'managerial ability', 'patenting strategies', 'organizational changes', 'feedback process']","The abstract discusses the behavioral theory of the firm and its implications for patenting strategies in response to performance shortfalls. While it touches on strategic decision-making and the influence of managerial ability on performance feedback, it does not align with the emotional understanding, automated processes, or direct marketing strategies outlined in the specified categories. Thus, it does not fit neatly into any of the defined categories for AI applications in marketing.",0%,0%,0%,0%,100%
Marketing Decision Model and Consumer Behavior Prediction With Deep Learning,Xu A.; Li Y.; Donta P.K.,2024,10.4018/JOEUC.336547,"This article presents a study using ResNet-50, GRU, and transfer learning to construct a marketing decision-making model and predict consumer behavior. Deep learning algorithms address the scale and complexity of consumer data in the information age. Traditional methods may not capture patterns effectively, while deep learning excels at extracting features from large datasets. The research aims to leverage deep learning to build a marketing decision-making model and predict consumer behavior. ResNet-50 analyzes consumer data, extracting visual features for marketing decisions. GRU model temporal dynamics, capturing elements like purchase sequences. Transfer learning improves performance with limited data by using pre-trained models. By comparing the model predictions with ground truth data, the performance of the models can be assessed and their effectiveness in capturing consumer behavior and making accurate predictions can be measured. This research contributes to marketing decision-making. Deep learning helps understand consumer behavior, formulate personalized strategies, and improve promotion and sales. It introduces new approaches to academic marketing research, fostering collaboration between academia and industry. © 2024 IGI Global. All rights reserved.",Decision Models; GRU; Market Marketing; Predicting Consumer Behavior; ResNet-50; Transfer Learning,IGI Global,scopus-prediction,21,Thinking AI,"['deep learning', 'consumer behavior', 'marketing decision-making', 'predict', 'GRU', 'ResNet-50', 'transfer learning', 'personalized strategies', 'academic marketing research']","The abstract discusses the application of deep learning algorithms, specifically ResNet-50 and GRU, to analyze consumer data and predict consumer behavior, which aligns with the market analysis focus of Thinking AI. The intention to formulate personalized strategies and improve marketing decisions further emphasizes the strategic analysis aspect of this category.",10%,10%,80%,0%,0%
"Are Fluent Anchors More Effective? Field Experiment on Anchoring, Anchor Fluency, and Willingness to Pay",Simkova T.; Durinik M.; Prochazka J.,2024,10.1177/21582440241274831,"Processing fluency of stimuli has been shown to impact consumers’ decision-making. We investigate whether inhibiting the processing fluency of an anchor results in a more pronounced anchoring effect, as is proposed in the existing literature. We use a point-of-purchase field experiment to test the hypothesis that a disfluent anchor in a product name influences consumers’ willingness to pay for this product more than a fluent anchor. The results provide strong support against the fluency—willingness to pay relationship. Contrary to theoretical predictions, our study cautions marketing practitioners against the use of low-fluency anchors in product names. © The Author(s) 2024.",anchoring effect; dual process theory; field experiment; processing fluency; willingness to pay,SAGE Publications Inc.,scopus-prediction,0,Thinking AI,"['processing fluency', 'decision-making', 'anchoring effect', 'willingness to pay', 'marketing practitioners']","The abstract discusses how the processing fluency of product names influences consumers' willingness to pay, which relates directly to market analysis and targeting strategies in marketing. It challenges existing theories and provides insights that can be used for strategic analysis and targeting in marketing practices, indicating a focus on understanding consumer behavior and decision-making processes.",10%,0%,90%,0%,0%
The effect of shopping channel (online vs offline) on consumer decision process and firm's marketing strategy,Xu C.; Park J.; Lee J.C.,2022,10.1108/INTR-11-2020-0660,"Purpose: This research investigates the novel questions of whether and how specific forms of shopping channels (online vs offline) influence consumers' decision-making. Moreover, this research investigates marketing firms' proper marketing strategies across different shipping channels. Design/methodology/approach: The authors conducted three studies using a large sample (N = 703) recruited from a diverse pool (students and adults) that examined multiple products (camera and car) across different shopping channels (online vs offline). Study 1a (n = 251) and Study 1b (n = 252) examined the effect of an online versus offline channel on consumers' decision-making using a one-factor (shopping channel: online vs offline) between-subjects design. Meanwhile, Study 2 (n = 200) investigated the effective strategies that firms should employ across different shopping channels using a 2 (shopping channel: online vs offline) × 2 (mental simulation: outcome vs process) between-subjects design. Participants in the online condition evaluated the product on a computer screen, whereas participants in the offline condition evaluated the real product assuming a real-world retail store setting. Findings: The three studies supported the predictions that shopping channels (online vs offline) affect consumers' psychological distance and, in turn, affect their decision process. Specifically, results reveal that the online (offline) channel increases (decreases) psychological distance and leads consumers to pay more attention to a product's desirability (feasibility) aspects. Originality/value: Given that many firms sell the same products through multiple channels, the findings of this research offer insightful theoretical and practical implications. © 2021, Emerald Publishing Limited.",Construal level; Decision-making; Offline; Online; Psychological distance; Shopping channel,Emerald Group Holdings Ltd.,scopus-prediction,20,Feeling AI,"['decision-making', 'psychological distance', 'consumer understanding', 'product desirability', 'product feasibility']","The abstract discusses how different shopping channels (online vs offline) affect consumers' decision-making processes and their psychological distance related to products. These aspects are closely tied to understanding customer emotions and preferences, which aligns with the Feeling AI category focused on customer understanding and relationalization. The findings indicate that marketing strategies need to consider emotional responses and psychological perceptions of consumers, emphasizing how well-positioned marketing can resonate with customer feelings.",70%,10%,20%,0%,0%
Consumer preference analysis based on text comments and ratings: A multi-attribute decision-making perspective,Zhu B.; Guo D.; Ren L.,2022,10.1016/j.im.2022.103626,"With the popularity of social media, extracting consumer preferences from online consumer-generated content is of vital importance for product/service providers to develop tailored marketing strategies. However, existing approaches face difficulties analyzing consumer preferences over different attributes of alternatives (restaurants, hotels, etc.), which hinders product/service providers from comprehensively understanding consumer choice decisions. To address this issue, we solve for the consumer preferences over the attributes represented by attribute weights based on consumers’ historical data, including text comments and overall ratings. Specifically, for each comment and a corresponding rating, we first employ sentiment analysis to calculate values of the attributes, and then develop a quadratic programming model to solve for the weights. Based on a stream of a consumer's text comments and overall ratings, we can correspondingly obtain a stream of weights indexed by the comment time. We then model this stream of weights as hesitant judgments and employ a hesitant multiplicative programming method to solve for the final weights that fit the consumer's preferences over attributes at the highest satisficing level. In the application of recommendation, our approach not only provides insights into the consumer's preferences but also has higher prediction power compared with some state-of-the-art methods. © 2022 Elsevier B.V.",Consumer preference; Decision analysis; Hesitant judgment; Pairwise comparisons; Recommendation; Sentiment analysis,Elsevier B.V.,scopus-prediction,30,Thinking AI,"['consumer preferences', 'sentiment analysis', 'recommendation', 'attribute weights', 'market strategies']","The abstract discusses the extraction of consumer preferences from online content and how these insights can be used to develop tailored marketing strategies. It emphasizes market analysis through sentiment analysis and consumer historical data to derive preferences, fitting the definition of market analysis and personalization under Thinking AI. The focus on understanding consumer choices and providing recommendations aligns well with targeting and personalization aspects.",10%,20%,70%,0%,0%
Share of purchases in B2B: relative customer satisfaction indicators and customer characteristics as main influencers,Alet Vilaginés J.,2023,10.1108/JBIM-05-2021-0274,"Purpose: This study aims to identify a new model of relative customer satisfaction translated into share of purchases (SOP) with the best-related metrics. Design/methodology/approach: This study uses an online customer satisfaction survey to clients of a firm and with a comparative valuation with current competitors by customer. The model builds a weighting through a multiple regression analysis, obtaining β for each variable by relating the variables to the SOP, presenting the relative effect of the variables and the best global explanation of the model. Findings: This new model has good prediction accuracy and shows a clear impact of different relative satisfaction indicators and, to a minor degree, business and relationship characteristics. Research limitations/implications: The main limitation of this model is that it is based on data from only one company, but it should have value in other sectors and provide full insight through its transversal application. Originality/value: The involved advantages demonstrated better predictability and usefulness to decision-makers and determined how the improvements in customer satisfaction translate into business growth. The study shows that the relative evaluation of satisfaction carries different meanings for customers, while all of them are better than absolute satisfaction. It includes a more understandable indicator than other prior relative indicators, the difference in satisfaction and is more effective. Additionally, it guides how to take advantage of the knowledge of relative customer satisfaction before competitors and demonstrates the courses of action with the potential best results. © 2020, Emerald Publishing Limited.",Business-to-business marketing; Customer loyalty; Customer satisfaction model; Customer strategy; Share of purchases; Share of wallet,Emerald Publishing,scopus-prediction,3,Feeling AI,"['customer satisfaction', 'relative satisfaction', 'emotional preferences', 'customer needs', 'business growth']","The abstract focuses significantly on understanding customer satisfaction and how it translates into purchasing behavior. It discusses the implications of relative customer satisfaction, which aligns with emotional data and customer analytics used to understand customer needs and wants. The study emphasizes the importance of evaluating satisfaction relative to competitors, which resonates with the emotional aspects of customer decision-making. Therefore, it fits best under the Feeling AI category.",60%,10%,30%,0%,0%
A neurobehavioral account of differential consumer responses to price and in-store display between un/healthy food,Labban A.; Ma Y.; Dube L.,2021,10.1108/EJM-07-2020-0565,"Purpose: This paper aims to elucidate some of the complexity around food consumption by drawing from neuroscience research of food as a motivated choice (i.e. a neurobehavioral process sensitive to dopaminergic response to food and environmental cues such as marketing). The authors explore the single and compounded effect of the motivational salience of food’s intrinsic reinforcing value tied to its sugar content and that of two marketing food cues, price and in-store display, on actual consumer purchase behavior. Design/methodology/approach: The authors test the above hypotheses in two perceived “healthy” product categories with a wide distribution of sugar content. The authors estimate a within-category model using three years of retail transaction data to test the effect on weekly sales. Findings: The authors confirm the single effect of each of food’s and marketing cues’ motivational salience as well as their compounded effect with high-motivational-salience food being less price elastic and more susceptible to in-store display activities. Research limitations/implications: This research highlights the need to complement current reliance on unhealthy/healthy perception with finer grained objective evidence linked to the formulation of the food itself and the marketing applied to them. Practical implications: The present study findings may help marketing managers and policymakers develop better targeted pricing and display strategies for low- and high-motivational-salience food, attempting to strike a better balance between consumer welfare and commercial performance. Originality/value: This paper is one of the few that links real-world market outcomes to predictions derived from a unique combination of consumer neuroscience and neurobiology of food, advancing data-driven decisions. © 2021, Emerald Publishing Limited.",Consumer neuroscience; Food preference; Merchandising; Pricing; Public policy,Emerald Group Holdings Ltd.,scopus-prediction,4,Thinking AI,"['motivational salience', 'marketing cues', 'consumer purchase behavior', 'pricing strategies', 'in-store display']","The abstract discusses the interplay between food's intrinsic value, marketing cues, and their effects on consumer behavior, aligning closely with market analysis and targeting aspects of Thinking AI. It explores how these elements can inform better marketing strategies, particularly in pricing and display, which indicates a focus on analyzing market dynamics and consumer responses rather than automation or emotional understanding.",10%,15%,75%,0%,0%
Uplift modeling and its implications for B2B customer churn prediction: A segmentation-based modeling approach,De Caigny A.; Coussement K.; Verbeke W.; Idbenjra K.; Phan M.,2021,10.1016/j.indmarman.2021.10.001,"Business-to-business (B2B) customer retention relies heavily on analytics and predictive modeling to support decision making. Given this, we introduce uplift modeling as a relevant prescriptive analytics tool. In particular, the uplift logit leaf model offers a segmentation-based algorithm that combines predictive performance with interpretability. Applied to a real-world data set of 6432 customers of a European software provider, the uplift logit leaf model achieves superior performance relative to three other popular uplift models in our study. The accessibility of output gained from the uplift logit leaf model also is showcased with a case study, which reveals relevant managerial insights. This new tool thus delivers novel insights in the form of customized, global, and segment-level visualizations that are especially pertinent to industrial marketing settings. Overall, the findings affirm the viability of uplift modeling for improving decisions related to B2B customer retention management. © 2021 Elsevier Inc.",Churn prediction; Customer retention; Interpretability; Segmentation-based modeling; Uplift modeling; Visualization,Elsevier Inc.,scopus-prediction,35,Thinking AI,"['customer retention', 'analytics', 'predictive modeling', 'uplift modeling', 'segmentation', 'managerial insights']","The abstract discusses the application of uplift modeling and predictive analytics to improve B2B customer retention decisions. It emphasizes the importance of market analysis and segmentation-based algorithms, which aligns with the Thinking AI category focused on market analysis and targeting. The findings provide insights that can enhance decision-making processes, indicating a strategic analytical application rather than purely mechanical or emotional.",0%,15%,85%,0%,0%
