Title,Authors,Year,DOI,Abstract,Keywords,Publisher,Source,Cited,classification,keywords,rationale,Feeling AI,Mechanical AI,Thinking AI,Out of Scope,Not Identified
Competition for context-sensitive consumers,Apffelstaedt A.; Mechtenberg L.,2021,10.1287/mnsc.2020.3675,"When preferences are sensitive to context, firms may influence purchase decisions by designing the environment of consumption choices. This paper studies how competitive retailers optimally design their product line if preferences at the store depend on whether the choice set draws consumer attention to the quality or price of a product. Before making a purchase decision, a consumer chooses among retailers without (fully) anticipating that her preferences at the store are malleable. We show that this setup can align evidence on retailer marketing practices and the existence of loss leaders with the experimental literature on decoy effects: in equilibrium, retailers use loss leaders to attract the consumer to the store and decoy products to draw consumer attention at the store to more profitable alternatives featuring a higher price (inducing a profitable upsell) or lower production cost (inducing a profitable downsell). We embed and compare the predictions of three recent specifications of choice-set dependent attention - namely, Salience, Focusing, and Relative Thinking. All three specifications predict that firms construct choice environments that utilize decoy effects to up- or downsell the consumer. Because they differ in how attention can be directed using the product line, however, they differ in their predictions of how the decoy will be positioned in the price-quality space.  © 2020 INFORMS.",Context; Decoys; Downselling; Focusing; Naïveté; Relative thinking; Retailer competition; Salience; Upselling,INFORMS Inst.for Operations Res.and the Management Sciences,scopus-prediction,17,Thinking AI,"['consumer preferences', 'retailers', 'market practices', 'decoy effects', 'upsell', 'downsell']","The abstract discusses how retailers can strategically design their product lines to influence consumer purchase decisions based on the context of their choices. It emphasizes the use of marketing strategies, such as loss leaders and decoy products, to attract consumers and guide their attention towards more profitable options. This aligns well with the Thinking AI category, which focuses on market analysis and targeting strategies to optimize competitive advantages.",0%,0%,100%,0%,0%
Platform Service Offering to Business Customers: Strategic Considerations in Engendering Seller Use of Marketing Tools,Yang B.; Yang S.; Dutta S.,2022,10.1287/mksc.2021.1325,"Many e-commerce platforms provide marketing tools to help their sellers attract customers and enhance user experience. However, there is virtually no theoretical framework or systematic evidence that provides insights to platforms on how their business customers use these marketing tools. In this paper, we develop a theoretical framework and apply it to an empirical setting to understand how business customers choose between two service offerings (paid search and hot shop) provided by an e-commerce platform. A unique aspect of our modeling framework is that we incorporate two types of heterogeneous strategic considerations in sellers’ choice decisions of marketing tools: competitor and consumer reactions. To capture seller consideration of competition, we adapt the cognitive hierarchy framework by modeling sellers’ differing abilities to predict how competition affects their decisions. To capture seller consideration of consumer response, we first specify a sales-response model in which sales are affected by the marketing tools used and then incorporate the response parameters in sellers’ payoff functions. Our empirical analysis indicates that these two types of strategic considerations are both important. Our estimation results show that, in making decisions on which marketing tool(s) to use, sellers tend to differentiate themselves from the competition. We also find that sellers with a higher rating tend to be more strategic. This finding provides a useful metric associated with firms’ strategic ability, which is often difficult to quantify, and helps researchers to test theoretical predictions related to firms’ strategic thinking using field data. We perform two comparative statics exercises to derive managerial insights. The first exercise offers a benchmark analysis to help platforms evaluate which targeted promotion strategies are most effective. The second exercise indicates that an increase in seller strategic ability would reduce the overall seller usage of marketing tools, and we offer specific suggestions to help platform managers increase the use of their marketing tools. © 2021 INFORMS.",behavioral economics; business-to-business marketing; choice modeling; cognitive hierarchy; competition; competitive analysis; electronic commerce; marketing tools; sales response parameters,INFORMS Inst.for Operations Res.and the Management Sciences,scopus-prediction,6,Thinking AI,"['marketing tools', 'strategic considerations', 'sales-response model', 'competitor reactions', 'consumer response', 'seller strategic ability', 'comparative statics']","The abstract discusses the development of a theoretical framework to understand how business customers make decisions regarding marketing tools based on strategic considerations such as competition and consumer response. This aligns with the Thinking AI category, which focuses on market analysis and targeting. The emphasis on strategic abilities of sellers and their differentiation from competitors further supports this classification.",0%,0%,100%,0%,0%
Algorithms and heuristics of health technology assessments: A retrospective analysis of factors associated with HTA outcomes for new drugs across seven OECD countries,Kanavos P.; Visintin E.; Gentilini A.,2023,10.1016/j.socscimed.2023.116045,"Context: Positive health technology assessment (HTA) outcomes can have important implications for equity, efficiency and timely patient access to novel therapies. Several outcomes and dimensions of benefit beyond utility feed into HTA processes. Objective: We analyse a proprietary dataset of HTA outcomes in 7 countries, to (a) test whether HTA decision-making is grounded in welfarist or extra-welfarist approaches; and (b) empirically determine the factors associated with positive HTA outcomes, the time to achieve these and establish the magnitude of inter-country differences in assessment processes. Methods: Data were extracted from publicly available HTA reports on drugs that received marketing authorisation between 2009 and 2018 (N = 1415). The outcomes of interest were the probability of positive HTA outcomes and the time-to-HTA outcome; these were examined with respect to clinical, regulatory, product- and disease-related, evidence uncertainty and contextual variables. Econometric models utilising survival analysis and multinomial logistic regression were specified. Findings: Positive HTA outcomes accounted for 87.3% of the sample (n = 1235), of which 71% (n = 1004) were restricted. Drugs with positive HTA outcomes were subject to clinical restrictions (n = 652, 46%), financial risk-sharing (n = 439, 31%) or had been rejected at least once (n = 282, 20%). Significant predictors of positive HTA outcomes were orphan drugs with cancer indications, high quality of evidence linked to clinical and economic evidence uncertainties which had been overcome, and contextual considerations, particularly innovativeness and unmet need. Comparative analyses revealed systematic differences between countries in their propensity to accept the same drugs, particularly oncology and orphan drugs. Conclusions: Our results are contextual and reinforce arguments in favour of explicitly accounting for social value judgements, establishing separate assessment frameworks for highly uncertain products, adopting risk mitigation strategies for novel therapies with early phase evidence, and sharing of HTA practices across settings. Lastly, HTA agencies have adopted an extra-welfarist approach to value assessment and resource allocation. © 2023 The Authors",Affordability; Cost-effectiveness; Drug pricing; Extra-welfarism; Health technology assessment; Priority setting; Social value judgements; Uncertainty,Elsevier Ltd,scopus-prediction,6,Out of Scope,"['health technology assessment', 'novel therapies', 'HTA outcomes', 'clinical restrictions', 'economic evidence', 'orphan drugs']","The abstract discusses health technology assessment (HTA) outcomes, factors influencing these outcomes, and the implications for equity and access to therapies, which are not related to marketing or consumer behavior. It focuses on healthcare evaluations and does not involve marketing strategies, customer analytics, or emotional understanding.",0%,0%,0%,100%,0%
Predicting online customer purchase: The integration of customer characteristics and browsing patterns,Kim S.; Shin W.; Kim H.-W.,2024,10.1016/j.dss.2023.114105,"Despite the relentless growth of online retail, e-commerce platforms still suffer from a low purchase conversion rate. Researchers and practitioners have attempted to understand customer purchase behavior, but it remains elusive due to customers' heterogeneous and complex decision-making processes. This study addresses a gap in existing research by combining two types of factors affecting purchase behavior: past customer characteristics and current website browsing behavior. This study employs recency, frequency, and monetary value (RFM) to extract variables of customer characteristics and utilizes graph metrics to comprehensively measure browsing patterns. Based on these variables, this study conducts predictive analysis for purchase behavior and clustering analysis for session-level customer segmentation. Our findings reveal that integrating customer characteristics and browsing patterns significantly enhances purchase prediction and proposes a novel customer segmentation. This study not only provides theoretical and methodological contributions to decision support and e-commerce literature but also offers practical insights for real-time personalized marketing strategies. © 2023 Elsevier B.V.",Clustering analysis; Customer decision journey; Customer purchase behavior; Graph metrics; Predictive analysis; RFM,Elsevier B.V.,scopus-prediction,5,Thinking AI,"['purchase behavior', 'customer characteristics', 'browsing patterns', 'predictive analysis', 'customer segmentation', 'personalized marketing']","The abstract focuses on understanding and predicting customer purchase behavior by analyzing past customer characteristics and current browsing patterns. This aligns with the Thinking AI category, particularly in market analysis and targeting, as it emphasizes predictive analysis and segmentation to enhance marketing strategies. The study's findings contribute to personalized marketing, which is a key aspect of Thinking AI.",10%,20%,70%,0%,0%
The impact of strategic agility on organizational performance: the mediating role of market orientation and innovation capabilities in emerging industrial sector,Alkandi I.; Helmi M.A.,2024,10.1080/23311975.2024.2396528,"Strategic agility (hereinafter SA) is a continuous development activity and a critical component of organizational performance (hereinafter OP), and the role of market orientation (hereinafter MO) and innovation capabilities (hereinafter IC) are central to achieving organizational objectives. This study was conducted to examine the effect of SA on OP and to determine the extent to which MO and IC mediate the relationship between SA and OP. A quantitative approach was conducted using a cross-sectional method. 300 Managers working in various companies listed in in Saudi Arabia represented the research population. In this study, structural equation modeling (SEM) was used to test the proposed model, following a two-stage approach that entails a measurement model and a causal structural model. To test our hypotheses, we examined our measurements using IBM SPSS AMOS 29. The results revealed that neither SA nor IC have a direct effect on OP. Importantly, MO plays a key role in this dynamic relationship and therefore forges critical connections. Because of the natural tendency of IC’ outcomes, this factor was found to be insignificant in influencing OP either directly or indirectly. This study is the first empirical research to adequately employ MO and IC as mediating units of analysis in the Saudi Industrial Sector. It has established relationship patterns between these focal variables. In addition, it revealed hidden patterns that help predict performance. This research has considerable implications for R&D and marketing managers. It provides insights and predictions managers can use to guide business decisions. These findings contribute to the understanding of the importance of employing strategic MO to improve OP in the Saudi Industrial Sector. © 2024 The Author(s). Published by Informa UK Limited, trading as Taylor & Francis Group.",Business; Corporate Governance; Corporate Social Responsibility & Business Ethics; emerging industrial sector; Environment & Business; Environmental Ethics; Finance; Management and Accounting; mediating; organizational performance; Strategic agility,Cogent OA,scopus-prediction,1,Thinking AI,"['strategic agility', 'market orientation', 'innovation capabilities', 'organizational performance', 'quantitative approach', 'market analysis', 'structural equation modeling']","The abstract discusses the relationship between strategic agility (SA), market orientation (MO), and innovation capabilities (IC) in relation to organizational performance (OP). It emphasizes the importance of market orientation as a mediating factor in this relationship, which aligns with the focus on market analysis, targeting, and understanding competitive advantages found in the Thinking AI category. The study provides insights that can guide business decisions, which is indicative of strategic analysis in marketing.",0%,0%,100%,0%,0%
Compensatory consumption and unplanned purchases: the moderating role of the decision frame effect,Kim J.; Lee E.; Park S.-Y.I.; Chung N.; Koo C.,2024,10.1080/10548408.2024.2309195,"This research aims to investigate the relationship between prior spending and unplanned purchases based on an understanding of decision framing effects and compensatory psychology. We argue that the impact of prior buying on unplanned purchases is moderated by the decision frame (separate vs. integrated). We conducted a series of four sequential scenario-based experimental studies to support our theoretical predictions. Consequently, our study revealed that travelers within a separate decision frame exhibited a stronger compensatory motive, leading to a higher unplanned purchase when prior spending was low. In practice, this research has managerial implications using compensatory consumption marketing strategies. © 2024 Informa UK Limited, trading as Taylor & Francis Group.",choice architecture; Compensatory consumption; decision frame effect; psychological marketing strategy; reference price; unplanned purchase,Routledge,scopus-prediction,0,Feeling AI,"['unplanned purchases', 'compensatory motive', 'decision framing', 'customer needs']","The abstract discusses the relationship between prior spending and unplanned purchases, emphasizing the psychological and emotional aspects of consumer decision-making. It highlights compensatory psychology and decision framing, which are closely linked to understanding customer emotions and motivations. The managerial implications suggest a focus on developing strategies that resonate with customer emotional needs, aligning with the objectives of Feeling AI.",70%,0%,30%,0%,0%
Experiential marketing and Islamic branding: a new perspective on college decision in Islamic higher education,Ambarwati R.; Sari D.K.,2024,10.1108/JIMA-08-2022-0207,"Purpose: This study aims to determine the effect of Islamic branding, experiential marketing and word of mouth on college decisions and to find marketing strategies through strengthening Islamic branding based on experiential marketing to increase the number of students at Muhammadiyah-Aisyiyah Higher Education. Design/methodology/approach: This study used a quantitative method, with data collection carried out using a survey method by giving questionnaires to respondents. The respondents' criteria are active students, at least in semester three, who have studied at Muhammadiyah-Aisyiyah Higher Education in Indonesia, using a sampling technique with accidental sampling. Data analysis used Partial Least Square - Structural Equation Modeling to determine the estimated results or model predictions. Findings: The results showed a significant direct effect of experiential marketing, Islamic branding and word of mouth on college decisions. There is an indirect effect between experiential marketing and Islamic branding on college decisions through word of mouth, but the word-of-mouth variable could not mediate the relationship between experiential marketing and Islamic branding on college decisions perfectly. Research limitations/implications: The limitation of the results of the study is that it uses respondents who are and have participated in learning activities on the Muhammadiyah-Aisyiyah Higher Education, where the Muhammadiyah-Aisyiyah Higher Education has added value compared to other private campuses. The added value on the Muhammadiyah-Aisyiyah Higher Education is the overall learning activity based on Kemuhammadiyahan Islam in Indonesia. Islam Kemuhammadiyahan is the identity of the Islamic branding strategy on the Muhammadiyah-Aisyiyah Higher Education, which is only owned by the Muhammadiyah-Aisyiyah Higher Education. Practical implications: This study recommends marketing strategies through strengthening Islamic branding based on experiential marketing to increase the number of students at Muhammadiyah-Aisyiyah Higher Education. Originality/value: The novelty of this research is the addition of experiential marketing and Islamic branding variable measurements on word of mouth and college decisions, especially prospective students to study at Islamic Higher Education in Indonesia. © 2023, Emerald Publishing Limited.",College decisions; Experiential marketing; Islamic branding; Word of mouth,Emerald Publishing,scopus-prediction,5,Feeling AI,"['Islamic branding', 'experiential marketing', 'word of mouth', 'college decisions', 'customer understanding']","The abstract highlights the importance of Islamic branding and experiential marketing as they relate to influencing college decisions, which involves understanding customer needs and preferences. The study emphasizes the impact of word of mouth, reflecting emotional connections and perceptions that prospective students have towards the educational institution. This aligns well with the focus on customer understanding and positioning found in Feeling AI.",60%,10%,30%,0%,0%
Achieving Performance and Reliability in Predicting the Marketing Price of Bitcoins through Blockchain Technology,Naim A.; Khan S.A.; Mohammed A.; Sabahath A.; Malik P.K.,2025,10.17705/1pais.17106,"Background: Technological advancements have revolutionized business operations, particularly in predicting market trends and growth. While Bitcoin (BTC) is not intended to replace traditional currency, its adoption in business practices is increasing. Concurrently, blockchain (Blch) technology facilitates secure and transparent information sharing. Blockchain’s decentralized database, especially for Bitcoin transactions, offers businesses valuable insights and opportunities in cryptocurrency exchanges. Method: This research explores the relevance of (Blch) technology in predicting Bitcoin's market price (MktP) and its business implications. Four critical success factors (CSFs) for predicting BTC's MktP were identified: Currency Statistics, BTC cycle indicators, Blockdetail, and Mining Information. These CSFs encompass 23 indicators, measured using data from secondary sources such as newspapers, Bitcoin companies in the US, social networking sites, and other web sources. The study employed a comprehensive analytical approach to assess how these indicators contribute to predicting BTC's MktP and impact business strategies. Results: The study demonstrates (Blch) technology’s effectiveness in predicting Bitcoin's MktP for businesses. By analyzing the identified CSFs and their indicators, the study elucidates how (Blch) works. The findings underscore blockchain’s significance as a tool for enhancing market prediction and strategic decision-making in the cryptocurrency landscape. Conclusion: This research highlights business implications. By identifying CSFs and leveraging diverse data sources, businesses can use blockchain-driven insights to navigate the cryptocurrency market, capitalize on opportunities, and mitigate BTC exchange risks. Future advancements in (Blch) technology promise to reshape market prediction and drive innovation in business practices. © 2025 by the Association for Information Systems.",Bitcoin; Blockchain; Currency statistics; Market Price; Mining Information,Association for Information Systems,scopus-prediction,0,Out of Scope,"['Bitcoin', 'blockchain', 'market prediction', 'business implications', 'cryptocurrency exchanges']","The abstract focuses on the implications of blockchain technology and Bitcoin in predicting market trends and business strategies, which are primarily related to financial technology rather than direct marketing applications. The keywords and themes do not align with the definitions of Mechanical AI, Thinking AI, or Feeling AI as they do not pertain to data collection, market analysis, or customer understanding in a marketing context. Thus, it is classified as 'Out of Scope'.",0%,0%,0%,100%,0%
Do you love traveling to the beach or mountain? Predicting personality traits and choice behaviour,Roy S.K.; Tsao H.-Y.; Lin C.-C.; Singh G.; Lo H.-Y.,2024,10.1080/0965254X.2024.2428629,"Several personality-predicting tools are being used by managers in their strategic decision-making process. The most common are the Big Five model and the Myers–Myers-Briggs Type Indicator model, respectively. This study deviates and tests a novel personality prediction model. Specifically, it utilizes the TF-IDF (Term Frequency-Inverse Document Frequency) algorithm as a feature extraction method to map personality traits based on consumers’ textual data from the Kaggle MBTI Personality Type dataset. This study uses realistic data gathered from traveller reviews and comments on hotel stays from TripAdvisor’s widely recognised platform to predict different personality traits and their travel destination preferences, i.e. beach or mountain. The contribution of this study lies in the identification of multiple dimensions of peoples’ personality traits and their relationship with their preferences for travel locations. This proposed trait classification mechanism can assist marketing managers in effectively carrying out customer segmentation, setting realistic goals, and optimizing marketing strategies. © 2024 Informa UK Limited, trading as Taylor & Francis Group.",big five personality; Choice; decision-making; MBTI,Routledge,scopus-prediction,0,Thinking AI,"['personality traits', 'travel destination preferences', 'customer segmentation', 'marketing strategies']","The abstract discusses a study that uses personality prediction models to analyze consumer preferences based on textual data. This aligns with market analysis and targeting aspects of Thinking AI, as the study aims to assist marketing managers in customer segmentation and optimizing marketing strategies based on personality traits. The focus on analyzing data to inform strategic decision-making underscores its relevance to the Thinking AI category.",0%,0%,100%,0%,0%
A Novel Hybrid Forecasting Approach for Customers Churn in Banking Industry,Rouhani S.; Mohammadi A.,2023,10.1142/S0219649222500897,"Competitive markets and customers' changing needs in the bank industry necessitate accurately predicting customers who may leave the firm in the near future. Consequently, creating an approach to predict precisely and identify churn-leading causes is a part of retention strategies in customer relationship management. The approach that has been utilized in this research to predict customer churn combines decision tree (DT) and multinomial regression (MR) to classify customers with no limitation of binary classification in the churn prediction context. A customer club dataset of a commercial bank case as a real churn problem is used in this study to benchmark the hybrid forecasting approach against its building blocks. The results showed that the hybrid forecasting approach outperformed DT and MR with an average accuracy of 87.66%, 90.74% micro-average, and 90.44% macro-average of AUC. Further analysis of the model performance per class indicated that the hybrid approach's misclassification error for the churn class decreased significantly, which is the most costly error in churn problems. Moreover, due to the structure of hybrid forecasting approach, more interoperability is obtained by assessing the impact of features in different segments, resulting in transforming them into actionable insights. The proposed approach is applied to the banking industry to prevent financial loss by detecting leading churn causes. Accordingly, after predicting the risk of customer churn, marketers and managers can determine appropriate actions that will have the most significant retention impact on each customer by applying proactive retention marketing. © World Scientific Publishing Co.",banking industry; Churn prediction; Customer Churn; decision tree; hybrid approach,World Scientific,scopus-prediction,1,Thinking AI,"['predict', 'customer churn', 'retention strategies', 'market analysis', 'model performance', 'actionable insights']","The abstract discusses a hybrid approach to predict customer churn in the banking industry, emphasizing the importance of understanding customer behavior and making data-driven decisions to enhance retention strategies. This aligns with the Thinking AI category, which focuses on market analysis, targeting, and personalization based on customer data. The approach aims to identify churn-leading causes and determine appropriate proactive retention marketing actions, indicating strategic analysis and targeting.",0%,0%,100%,0%,0%
Pricing decisions of consumer innovators,Ebbing T.; Lüthje C.,2021,10.1016/j.respol.2020.104169,"Increasing numbers of consumers who engage in the development of new products are selling their innovations on online marketplaces. We contribute to the scarce research on the commercialization activities of consumer innovators by comparing the consumers’ price decisions with the pricing of firms. Our predictions build on the baseline assumption that the price decisions of consumers are influenced by the same motivations that originally prompt them to innovate. We use a sequential mixed-method approach with a quantitative main study and follow-up qualitative research. The quantitative results draw on a matched-pair analysis of 4,242 computer games released on the online game platform Steam. We find that consumer innovators charge lower prices than firms for comparable games and that consumers and firms show different inclinations in aligning prices with the games’ development costs and perceived quality. The subsequent interview study with 29 hobbyist game developers provides clear support for the motivational explanations of consumers’ pricing decisions. The findings contribute to research on consumer innovation marketing and nascent entrepreneurship. They also improve the understanding of welfare effects resulting from increasing commercial activities of consumers. © 2020",Computer games; Consumer innovators; Innovation; Marketplaces; Pricing; User innovation,Elsevier B.V.,scopus-prediction,3,Thinking AI,"['price decisions', 'motivation', 'consumer innovators', 'market analysis', 'pricing comparison']",The abstract discusses the motivations behind consumer innovators' pricing decisions and compares these to firm pricing strategies. This involves market analysis to understand how different actors (consumers vs. firms) set prices based on development costs and perceived quality. The focus on understanding pricing strategies aligns with the 'market analysis' and 'targeting' applications of Thinking AI.,10%,5%,85%,0%,0%
Do Professional Reviews Affect Online User Choices Through User Reviews? An Empirical Study,Zhou W.; Duan W.,2016,10.1080/07421222.2016.1172460,"With the broad reach of the Internet, online users frequently resort to various word-of-mouth (WOM) sources, such as online user reviews and professional reviews, during online decision making. Although prior studies generally agree on the importance of online WOM, we have little knowledge of the interplay between online user reviews and professional reviews. This paper empirically investigates a mediation model in which online user reviews mediate the impact of professional reviews on online user decisions. Using software download data, we show that a higher professional rating not only directly promotes software download but also results in more active user-generated WOM interactions, which indirectly lead to more downloads. The indirect impact of professional reviews can be as large as 20 percent of the corresponding total impact. These findings deepen our understanding of online WOM effect, and provide managerial suggestions about WOM marketing and the prediction of online user choices. Copyright © Taylor & Francis Group, LLC.",,Routledge,scopus-prediction,97,Thinking AI,"['online user reviews', 'professional reviews', 'user decisions', 'WOM interactions', 'software download', 'market analysis']","The abstract discusses the impact of professional reviews on user decisions and highlights the role of online user reviews as a mediator. This aligns with the market analysis focus of Thinking AI, which involves understanding competitive advantages and analyzing customer decision processes influenced by various factors, including WOM. The emphasis on empirical investigation and the indirect impact of professional reviews further supports this classification.",10%,0%,90%,0%,0%
Price customization and within-chain data do not mix!,Niraj R.; Siddarth S.,2014,10.1108/EJM-01-2012-0032,"Purpose: Grocery retailers have access to detailed data on consumer purchases within their own chains. Previous research has used across-chain scanner panel data to develop optimal price cuts targeted to individual households but whether such a targeting strategy will work with only within-chain data is unknown. The purpose of this research is to address this specific question. Design/methodology/approach: The authors use scanner panel data from multiple categories to create across-chain and within-chain purchase histories for the same consumers. They then estimate models of purchase decisions on the two datasets and compare their performance. Findings: Within-chain data fares significantly worse on both fit and prediction criteria. Retailers' upside to customizing is minimal compared to those reported for manufacturers. Finally, customized prices based on the within-chain model significantly underperform the promise of across-chain data. Research limitations/implications: Store choice is not modelled. Research also needs to be replicated in other contexts. The authors conclude that limited purchase histories may not yield accurate enough estimates of marketing mix responsiveness, and that across-chain purchase histories are essential for effective targeted price cuts. Practical implications: Loyalty card data may be useful for other purposes, like experimenting with segment-specific discounts, but its value in customizing prices at individual level is limited without adding other sources of information. Originality/value: Previous research on price customization has been based almost exclusively on across-store data. However, retailers only have access to their own chain-specific data. This is the first study to comprehensively compare price customization based on within- and across-chain purchase data and show that the upside potential for price customization based on the former information set is quite limited. © Emerald Group Publishing Limited.",and quantity models; choice; Incidence; Loyalty cards; Retailing; Scanner panel data; Targeted price cuts,Emerald Group Publishing Ltd.,scopus-prediction,3,Thinking AI,"['price customization', 'consumer purchases', 'targeted price cuts', 'data analysis', 'purchase histories']","The abstract focuses on analyzing the effectiveness of price customization strategies using different types of purchase data (within-chain vs. across-chain). This aligns with 'Thinking AI' as it involves market analysis, targeting, and personalization based on consumer data. The findings highlight the limitations of using only within-chain data for effective pricing strategies, which reflects strategic analysis and targeting of offers to consumers.",0%,0%,100%,0%,0%
Rate of adoption determinants of innovations: A case study of digital terrestrial television,Vejlgaard H.,2018,10.1386/jdtv.9.1.7_1,"The rate of adoption of digital terrestrial television in Denmark was 100 per cent. In this article, an interdisciplinary approach is utilized to investigate this successful rate of adoption. Diffusion of innovation theory as well as services marketing theory and recent research on adoption of technology are integrated into the theoretical approach. The data gathering is twofold: a survey on the perceived attributes of the innovation was carried out and document data were gathered from government sources. This study shows that a 100 per cent rate of adoption can be achieved with (1) negative perception of the attributes of the innovation; (2) an authority innovation-decision; (3) use of mass communication and interpersonal communication channels; (4) communication in social networks that are not interconnected; and (5) active change agents on a comprehensive and large scale. The influence of the variables is discussed. © 2018 Intellect Ltd Article. English language.",Forecasting; Innovation diffusion; Innovation-decision; Prediction; Service innovation; Service theory,Intellect Ltd.,scopus-prediction,0,Not Identified,[],"The abstract discusses the adoption of digital terrestrial television in Denmark through an interdisciplinary approach that integrates theories related to innovation and services marketing. While it touches on attributes of innovations and communication channels, it does not clearly align with the definitions of Mechanical AI, Thinking AI, or Feeling AI. The focus is more on the theoretical investigation of adoption rather than a specific application of AI in marketing.",0%,0%,0%,0%,100%
Joint consumption challenges in groups,Marchand A.,2014,10.1108/JCM-06-2014-1001,"Purpose – This study aims to develop a new general framework of the challenges for decision making in groups. Unlike most research focused on individual consumption, this study takes a broader perspective on joint consumption. Design/methodology/approach – The conceptual framework and the developed research questions are based on an extensive literature review. Findings – This research identifies five major challenges for group decisions: allocation of responsibilities, preference prediction, preference aggregation, conflicts and mutual influences. For each challenge, this study summarizes existing findings and highlights important areas for continued investigation, related to a marketing-oriented understanding of consumers. This article concludes with implications for both managers and researchers. Originality/value – The identified key determinants of group decisions aggregate findings from multidisciplinary literature and can help marketing researchers and managers understand the relevant but underresearched issues of decision making in groups. Furthermore, this study includes relevant moderators, such as individual and group characteristics, and reveals problematic research gaps. In turn, it offers questions and ideas for additional research. © Emerald Group Publishing Limited.",Group consumer behavior; Group decision; Joint consumption,Emerald Group Holdings Ltd.,scopus-prediction,1,Thinking AI,"['decision making', 'group decisions', 'preference aggregation', 'market-oriented understanding', 'consumer behavior', 'research gaps']","The abstract discusses challenges in decision making within groups, emphasizing the importance of understanding consumer behavior from a marketing perspective. It aligns with the Thinking AI category as it focuses on strategic analysis of group decisions, preference aggregation, and insights that can inform marketing strategies. The research aims to identify competitive advantages in group consumption dynamics, which relates directly to market analysis.",0%,0%,100%,0%,0%
Improving strawberry yield prediction by integrating ground-based canopy images in modeling approaches,Abd-Elrahman A.; Wu F.; Agehara S.; Britt K.,2021,10.3390/ijgi10040239,"Strawberries (Fragaria x ananassa Duch.) are highly perishable fruit. Timely prediction of yield is crucial for labor management and marketing decision-making. This study demonstrates the use of high-resolution ground-based imagery, in addition to previous yield and weather information, for yield prediction throughout the season at different intervals (3-4 days, 1 week, and 3 weeks preharvest). Flower and fruit counts, yield, and high-resolution imagery data were collected 31 times for two cultivars (‘Florida Radiance’ and ‘Florida Beauty’) throughout the growing season. Orthorectified mosaics and digital surface models were created to extract canopy size variables (canopy area, average canopy height, canopy height standard deviation, and canopy volume) and visually count flower and fruit number. Data collected at the plot level (6 plots per cultivar, 24 plants per plot) were used to develop prediction models. Using image-based counts and canopy variables, flower and fruit counts were predicted with percentage prediction errors of 26.3% and 25.7%, respectively. Furthermore, by adding image-derived variables to the models, the accuracy of predicting out-of-sample yields at different time intervals was increased by 10-29% compared to those models without image-derived variables. These results suggest that close-range high-resolution images can contribute to yield prediction and could assist the industry with decision making by changing growers’ prediction practices. © 2021 by the authors.",Canopy size metrics; Fragaria x ananassa; High-resolution; Image analysis; Regression model,MDPI AG,scopus-prediction,12,Out of Scope,"['yield prediction', 'high-resolution imagery', 'flower and fruit counts', 'canopy size variables', 'digital surface models']","The abstract focuses on agricultural yield prediction using imaging technology and data analysis, which is not directly related to marketing applications. It discusses methods for improving yield prediction accuracy, which falls outside the marketing domain.",0%,0%,0%,100%,0%
A Relationship Governance Perspective of Organizational Buyers' Supplier Choice Decisions,Gao T.,2017,10.1080/15332667.2017.1357522,"Although the transaction cost analysis (TCA) has long been used by marketing and management scholars to study organizational buyers' make-or-buy decisions, it sheds limited light on their choice behavior beyond the make-or-buy trade-off. In the meantime, many organizational purchase decisions are structured around which independent supplier to buy from, rather than a typical make-or-buy decision. This study extends existing research on TCA by applying this theoretical framework to explore why organizational buyers make purchases from among independent suppliers. The article posits that (1) two forms of relationship governance—buyer trust and market (i.e., the relative dependence between the buyer and supplier)—help explain the differences in buyer decision-making uncertainty involving independent suppliers, which further influences the buyers' propensity to purchase; and that (2) trust further influences the buyers' propensity to purchase due to its effect on customer perceived value. The empirical study based on organizational purchasing decisions lends support to the predictions of the relationship governance theory. © 2017 Taylor & Francis Group, LLC.",business-to-business marketing; decision-making uncertainty; organizational buyers; outsourcing; perceived value; relationship governance; supplier selection,Routledge,scopus-prediction,4,Feeling AI,"['trust', 'buyer decision-making uncertainty', 'customer perceived value']","The abstract discusses the importance of relationship governance, particularly buyer trust and its influence on purchasing decisions, which aligns closely with the Feeling AI category that focuses on customer understanding and emotional needs. Trust as a factor in decision-making highlights the emotional aspects of buyer-supplier relationships, and the emphasis on perceived value connects to the emotional drivers behind purchasing behavior. Thus, it is evident that the study's focus is on understanding customer emotions and relationships rather than just mechanical processes or analytical targeting.",70%,0%,30%,0%,0%
Robust dynamic estimation,Rubel O.; Naik P.A.,2017,10.1287/mksc.2016.1010,"Managing marketing resources over time requires dynamic model estimation, which necessitates specifying some parametric or nonparametric probability distribution. When the data generating process differs from the assumed distribution, the resulting model is misspecified. To hedge against such a misspecification risk, the extant theory recommends using the sandwich estimator. This approach, however, only corrects the variance of estimated parameters, but not their values. Consequently, the sandwich estimator does not affect any managerial outcomes such as marketing budgeting and allocation decisions. To overcome this drawback, we present the minimax framework that does not necessitate distributional assumptions to estimate dynamic models. Applying minimax control theory, we derive an optimal robust filter, illustrate its application to a unique advertising data set from the Canadian Blood Services, and contribute several novel findings. We discover the compensatory effect: Advertising effectiveness increases and the carryover effect decreases as robustness increases. We also find that the robust filter uniformly outperforms the Kalman filter on the out-of-sample predictions. Furthermore, we uncover the existence of a profit-volatility trade-off, similar to the returns-risk trade-off in finance, whereby the volatility of profit stream decreases at the expense of reduced total profit as robustness increases. Finally, we prove that, unlike for-profit companies, managers of nonprofit organizations should optimally allocate budgets opposite the advertising-to-sales ratio heuristic; that is, advertise more (less) when sales are low (high). © 2017 INFORMS.",Dynamic games; Kalman filter; Nonprofit marketing; Optimal control; Robust estimation; Sandwich estimator,INFORMS Inst.for Operations Res.and the Management Sciences,scopus-prediction,9,Thinking AI,"['dynamic model estimation', 'marketing budgeting', 'allocation decisions', 'advertising effectiveness', 'robust filter', 'profit-volatility trade-off', 'nonprofit organizations', 'advertising-to-sales ratio']","The abstract discusses the estimation of dynamic models for managing marketing resources and the implications of robustness in advertising effectiveness and budget allocation. It specifically addresses analytical frameworks (minimax control theory) that enhance marketing decision-making, aligning closely with the focus on market analysis and optimal targeting within the Thinking AI category. The findings about how advertising strategies should be adapted based on sales performance further emphasize strategic analysis in marketing.",0%,0%,100%,0%,0%
Variable selection for collaborative filtering with market basket data,Hwang W.-Y.,2020,10.1111/itor.12518,"The market basket data in the form of a binary user–item matrix or a binary item–user matrix can be modeled as a binary classification problem, which actually tackles collaborative filtering (CF) as well as target marketing. Effective variable selection (VS) can increase the prediction accuracy as well as identify important users or items in CF as well as target marketing. Therefore, we propose two new VS approaches: a Pearson correlation-based approach and a forward random forests regression-based approach, comparing the performance in a variety of experimental settings. The experimental results show that the proposed VS approaches outperform the conventional approaches in the examples. Furthermore, the experimental results are more reasonable and informative than the previous experimental results because the binary misclassification error and Top-N accuracy for the user CF, the item CF, the user modeling, and the item modeling are all considered in this paper. © 2018 The Authors. International Transactions in Operational Research © 2018 International Federation of Operational Research Societies",market basket data; Pearson correlation; random forests; supervised learning-based collaborative filtering; target marketing; variable selection,Blackwell Publishing Ltd,scopus-prediction,5,Thinking AI,"['binary classification', 'collaborative filtering', 'target marketing', 'variable selection', 'prediction accuracy']","The abstract discusses modeling market basket data as a binary classification problem to improve collaborative filtering and target marketing. It emphasizes variable selection approaches that enhance prediction accuracy and identify important users or items, which aligns with the strategic analysis aspect of marketing. The focus on performance comparison and accuracy metrics suggests an analytical approach rather than emotional or purely mechanical processes.",0%,0%,100%,0%,0%
Influence of Loss Aversion on NCAA Men's Basketball Bracket Predictions; [损失规避心理对美国大学男子篮球联赛对阵表预测行为的影响],Yim B.H.; Byon K.K.,2018,10.1080/24704067.2017.1411163,"The NCAA Men's Division I Basketball Championship, known to fans as March Madness, is one of the most popular annual sporting events in the United States. Despite its economic impact on the sport industry, relatively few studies have examined phenomena associated with March Madness bracketology. The few existing studies have focused on making accurate tournament predictions rather than examining bracketology in ways that might assist sport marketers. To fill this void, the current study applied loss aversion theory to the decision-making process of NCAA tournament bracket participants. The purpose of the study was to develop a framework for understanding how emotional loss aversion might influence the decision of highly and lowly identified fans to choose against one's favorite team when it is likely to lose the game. © 2017, © 2017 Global Alliance of Marketing & Management Associations (GAMMA).",loss aversion; NCAA Men's Basketball Championship; sport fan emotion; sport marketing; team identification,Routledge,scopus-prediction,0,Feeling AI,"['emotional loss aversion', 'decision-making', 'highly and lowly identified fans', 'favorite team', 'influence']","The abstract focuses on how emotional loss aversion affects the decision-making of NCAA tournament bracket participants, particularly in relation to their favorite teams. This aligns well with the Feeling AI category, which emphasizes understanding customer emotions and needs. The study aims to understand how emotions influence fan behavior, which is a core aspect of customer understanding and relationalization in marketing.",80%,5%,10%,0%,5%
The general theory of behavioral pricing: Applying complexity theory to explicate heterogeneity and achieve high-predictive validity,Woodside A.G.,2015,10.1016/j.indmarman.2015.02.004,"Building behavioral-pricing models-in-contexts enriches one or more goals of science and practice: description, understanding, prediction, and influence/control. The general theory of behavioral strategy includes a set of tenets that describes alternative configurations of decision processes and objectives, contextual features, and beliefs/assessments associating with different outcomes involving specific price-points. This article explicates these tenets and discusses empirical studies which support the general theory. The empirical studies include the use of alternative data collection and analytical tools including true field experiments, think aloud methods, long interviews, ethnographic decision-tree-modeling, and building and testing algorithms (e.g., fuzzy-set qualitative comparative analysis). The general theory of behavioral pricing involves the blending of cognitive science, complexity theory, economics, marketing, psychology, and implemented practices. Consequently, behavioral pricing theory is distinct from context-free microeconomics, market-driven, and competitor-only price-setting. Capturing and reporting contextually-driven alternative routines to price setting by a compelling set of tenets represent what is particularly new and valuable about the general theory. The general theory serves as a useful foundation for advances in pricing theory and improving pricing practice. © 2015 Elsevier Inc.",Behavioral; Configuration; Empiricism; Pricing; Theory,Elsevier Inc.,scopus-prediction,31,Thinking AI,"['behavioral-pricing models', 'decision processes', 'contextual features', 'empirical studies', 'market-driven', 'pricing theory']","The abstract discusses the development of behavioral-pricing models which rely on understanding decision processes, contextual features, and various empirical studies to enhance pricing strategies. This aligns closely with the characteristics of Thinking AI, particularly in the context of market analysis and strategic decision-making. The emphasis on empirical studies and understanding customer behavior suggests a deep analysis of market dynamics, which is a key aspect of Thinking AI.",10%,15%,70%,0%,5%
"Appropriate tools of marketing information system for citrus crop in the lattakia region, R. A. Syria",Sulaiman H.; Malec K.; Maitah M.,2014,,"Citrus production represents the only livelihood source for many families in Lattakia region. Citrus farmers are not informed about expected prices. This information is crucial to make business decisions. For the farmers is necessary to take into account the spatial and temporal arbitrage of citrus harvest and storage, which may improve citrus farmer's position in marketing chain and reduce the influence of intermediaries. The aim of the paper is to verify using of SARIMA models as a tool of Agricultural Marketing Information System for citrus price forecasting in Lattakia region, R. A. Syria. The SARIMA model were tested for citrus wholesale prices prediction at Lattakia market in the paper. SARIMA model was applied on the empirical data, obtained from the actual Marketing Information System in the Lattakia Region. Results showed that SARIMA model (2,1,0) (1,0,1)12 is suitable for seasonal prices prediction. This method is suitable to be part of AMIS. The data was processed in software Minitab.",Citrus fruits; Decision-making; Lattakia; Marketing information system; SARIMA model; Syria,Faculty of Economics and Management,scopus-prediction,3,Mechanical AI,"['price forecasting', 'SARIMA models', 'data processing', 'marketing information system']","The abstract discusses the use of SARIMA models for forecasting citrus prices, which is a data-driven approach to provide necessary information for citrus farmers in the Lattakia region. This aligns with the Mechanical AI category as it focuses on data collection and processing to aid decision-making in marketing. The primary goal is to automate the price-setting process and provide timely market information to farmers, thereby improving their position in the marketing chain.",0%,85%,15%,0%,0%
An integrated model for predicting consumer's intention to write online reviews,Dixit S.; Jyoti Badgaiyan A.; Khare A.,2019,10.1016/j.jretconser.2017.10.001,"For marketers, consumers’ increasing use of online reviews in arriving at purchase decisions is a double edged sword. On one hand, it presents opportunity for manufacturers and sellers to be highlighted for their good work, but at the same time, there remains a possibility of negative review impacting goodwill and reputation. Hence, it is important for managers to identify factors that impact consumers’ intentions to write online reviews. This research delves into this aspect by trying to identify the factors that impact reviews writing intentions of consumers for restaurants. The study extends the theory of planned behaviour with additions of variables such as ego involvement, taking vengeance and helping a restaurant. For this, 252 valid responses were obtained, and structural equation modeling was used to test the proposed model. Results indicate that perceived behavioural control, subjective norms, ego involvement and taking vengeance are significant predictors of intention to write online reviews for the restaurants. © 2017 Elsevier Ltd",Consumer behaviour; E-WOM; Intentions to write online reviews; Theory of planned behaviour,Elsevier Ltd,scopus-prediction,76,Feeling AI,"['online reviews', 'consumer intentions', 'ego involvement', 'helping a restaurant', 'taking vengeance']","The abstract discusses factors that influence consumers' intentions to write online reviews, which directly relates to understanding customer emotions and motivations. The inclusion of variables such as ego involvement and helping a restaurant indicates a focus on understanding emotional needs and relational aspects of consumer behavior, thus aligning with the Feeling AI category. Additionally, the study aims to understand and meet customer emotional needs regarding their review behaviors.",60%,10%,20%,0%,10%
Understanding Guests’ Intention to Visit Green Hotels,Eid R.; Agag G.; Shehawy Y.M.,2021,10.1177/1096348020947800,"The purpose of this study was to expand existing knowledge of hotel consumers’ green behaviors by merging value-belief-norm theory and the theory of planned behavior into one theoretical framework to understand comprehensively consumers’ decision-making processes with respect to their intentions to visit a green hotel. Data collected from 757 respondents were analyzed. The results indicate that our integrated framework demonstrates a favorable level of prediction power for guests’ behavior, which verified the superiority of the suggested framework. Furthermore, its findings from fuzzy set qualitative comparative analysis indicate that: (a) attitude toward green hotels, perceived behavioral control, sense of obligation, and corporate image are key drivers of guests’ intentions to visit green hotels; (b) three distinct configurations of guests’ intention drivers are likely to result in a high degree of intentions among customers to visit green hotels. The three solutions all contain the conditions of high attitude, corporate image, biospheric value, and green activities, which means that these conditions are vital components of a high intention among customers to visit green hotels. This study contributes to the growing literature on sustainability in marketing and practice by providing useful insights about the determinants of guests’ behavior to use green hotels in the Egyptian hospitality context. It is one of the first empirical studies examining factors affecting guests’ behavior to use green hotels in the Egyptian hospitality context. © The Author(s) 2020.",corporate image; fsQCA; Green hotels; structural equation modelling; theory of planned behavior; value-belief-norm theory,SAGE Publications Inc.,scopus-prediction,93,Feeling AI,"['green behaviors', 'attitude toward green hotels', 'sense of obligation', 'corporate image', ""guests' intentions""]","The abstract explores consumer behaviors related to green hotels, focusing on emotional and attitudinal factors such as attitudes, sense of obligation, and corporate image that drive guests' intentions. This aligns well with the Feeling AI category, which emphasizes understanding customer emotions and developing positioning that resonates with their needs and preferences.",60%,10%,30%,0%,0%
Econometric assessment of customers’ personality biases and communication preferences correlation; [Ekonometrické zhodnocení korelace chyb osobnosti u zákazníků a komunikačních preferencí],Kostelić K.; Pavlović D.K.,2018,10.15240/tul/001/2018-3-009,"The tendency of bias identification and quantification with the goal of better estimation and prediction, grows. The purpose of this paper is to question how deep analysis is necessary to increase prediction of communication preferences given the customer’s personality traits/biases. Examined communication preferences regard to the communication approach, language use and information sharing. This paper offers a psychometric assessment of the personality estimates and traits, as well as econometric examination of correlation to consumer first-choice communication preferences using linear logit model with binomial dependent variable. The results point out that the more detail analysis provides more accurate predictions, to the point where estimators as regressors for communication choices provide more accurate prediction than the use of the personality traits as independent variables. Paper delivers empirical assessment of consumers’ communication preferences using primary data set. Practical implications relate to the use of the findings in communication with consumers in online and/ or digital marketing communication. One of the possible practical use of the results can be as an input for the recommendation agents. Theoretical implications of the findings request questioning the use of the personality traits as an interim stage in decision-making predictions. In addition, these findings fill the gap in the field of communication preference based on personality traits and personality estimators. The data set has been previously used for the doctoral thesis research. For the purpose of this research, data was re-coded and analyzed using different approach, namely binomial logistic regression. © 2018, Technical University of Liberec. All rights reserved.",Communication preferences; Consumer decision-making; Logistic regression; Personality traits/biases,Technical University of Liberec,scopus-prediction,2,Thinking AI,"['bias identification', 'prediction', 'communication preferences', 'personality traits', 'linear logit model', 'consumer communication', 'recommendation agents']","The abstract focuses on analyzing consumer communication preferences through the lens of personality traits and biases, employing statistical models to improve predictions. This aligns closely with the Thinking AI category, particularly in market analysis and targeting, as it seeks to understand and predict consumer behavior based on analytical insights. The use of econometric examination and psychometric assessments also supports this classification.",15%,5%,75%,0%,5%
What factors explain the price of top quality wines?,Ferro G.; Benito Amaro I.,2018,10.1108/IJWBR-05-2017-0036,"Purpose: Given the growing supply of wines and the large number of new consumers with purchasing power but lacking knowledge of the subtleties of high-quality wines, expert opinions are used for consumers as proxies for quality. This study aims to determine the determinants of prices in top-quality wine market. The authors also seek to estimate the role for country of origin, grape, producing region and winery in prices. And, finally, the authors try to show how countries, regions and wineries can help increase their position in international rankings. Design/methodology/approach: The authors try to answer: What factors explain the price of top-quality wines (defined as best rated in a standardized ranking)? To some extent, in the hands of producers influence prices, which imply long-term decisions or large investments in land and marketing. Other variables that consumer value does affect prices. The authors try also to detect undervalued or overvalued wines, grapes, regions, wineries or producer countries. The authors estimate an econometric model of hedonic prices using a 14-year sample of the Wine Spectator’s 100 top-rated wines for the American market between 2003 and 2016, totaling 1,400 observations. The sample is a great cross-section because each wine is unique. Findings: The authors’ contribution is twofold: the determination of the price explanatory values and the identification and attribution of price differences by country, grape, region and winery. Also, the authors detected grapes, countries, regions and wineries which are overvalued or undervalued with respect to the average prediction of the model. Research limitations/implications: The findings are useful to understand the role of price explanatory variables, as well as for making policy and managerial decisions. From the model, collective or managerial actions can be derived to increase particular wines’ positions in international rankings. The proxy for “quality” in the study is not the only possible definition. Practical implications: In some cases, managerial choices could be conditioned by the policies or history. There is some room for collective action and public policies to improve regions’ and countries’ reputation. Social implications: There are clear synergies for policies that can raise the prestige of countries and regions and their spillovers on the brand name reputation of individual wineries. Originality/value: The results, policy and managerial implications are of interest for business, countries interested in improving their position in international rankings and for consumers to make more informed decisions. © 2018, Emerald Publishing Limited.",Econometric model; Economic sectors; Economics; Hedonic model; Pricing; Quality assessment; Quality ratings; Wine prices,Emerald Group Holdings Ltd.,scopus-prediction,18,Thinking AI,"['determinants of prices', 'econometric model', 'market analysis', 'price explanatory values', 'international rankings']","The abstract discusses the analysis of factors that determine the prices of top-quality wines using an econometric model, which aligns with the market analysis focus of Thinking AI. The study aims to understand pricing dynamics and the impact of various attributes like country of origin and grape type, which falls under strategic analysis of market conditions. It also touches on collective actions and policies that can enhance brand reputation, further emphasizing the analytical nature of the research.",0%,0%,100%,0%,0%
Are you still online or are you already mobile? – Predicting the path to successful conversions across different devices,Kaatz C.; Brock C.; Figura L.,2019,10.1016/j.jretconser.2019.04.005,"As digitalization increases, retail firms must invest in online and mobile commerce to attract customers to their website or mobile store. Since the type of device used to access marketing channels influences conversions, this research examines the different impacts of different devices such as desktop computers, tablets, and smartphones on the success of various marketing channels. We find customer experience (CX) to be important in improving attribution outcomes (e.g., conversion rates) by combining clickstream and survey data to understand consumers’ decision processes. Therefore, this paper also conceptualizes and measures perceptions of CX of clickstream-data participants. We identify the central implications of using each device. © 2019 Elsevier Ltd",Attribution modeling; Customer experience; Markov chains,Elsevier Ltd,scopus-prediction,27,Feeling AI,"['customer experience', 'perceptions', 'decision processes', 'conversion rates']","The abstract emphasizes the importance of customer experience (CX) in improving conversion rates and understanding consumer decision processes. This aligns closely with the Feeling AI category, which focuses on customer understanding and the emotional aspects of customer needs and wants. The research involves measuring perceptions of CX, which directly relates to understanding and meeting customer emotional needs. The mention of implications for using different devices also suggests a focus on personalizing experiences based on customer interactions.",70%,10%,20%,0%,0%
APPLYING GREY SYSTEM THEORY TO FORECAST THE TOTAL VALUE OF IMPORTSAND EXPORTS OF TOP TRADED COMMODITIES IN TAIWAN,Tran T.-T.,2019,10.28924/2291-8639-17-2019-282,"Export contributes to a large extent to economic growth of an island-type economylikeTaiwan. The scientific forecasting on the total value of imports and exports of top traded commodities in Taiwan are needed as the essential inputs to determine whether new top traded commodities should be imported or exported, and to make right decision toward activities in various functional areas such as building new container terminals, operation plans, marketing strategies, as well as finance and accounting [1]. Taking the original data of the amount of import and export commodity during the years from 2007 to 2013, the author tries to establish a mathematical model of Grey forecasting to make a prediction of the total value of imports and exports of top commodities in Taiwan for the next 05 coming years from 2014 to 2018. The analysis results show that the usage of Grey forecasting models resulted in a very low mean absolute percentage error, which demonstrate its applicability in practice to provide accurate forecasts. This research also indicates that for the future period of time (2014-2017), there will be a steady increase in both exports and imports value of all top commodities. The current study may offer a good idea for the control and scheduling for the terminal operators in decision making and planning. © 2019, International Journal of Analysis and Applications. All rights reserved.",forecasting; Grey system theory; Taiwan; top commodities; trade policy,Etamaths Publishing,scopus-prediction,3,Out of Scope,"['economic growth', 'forecasting', 'imports and exports', 'mathematical model', 'Grey forecasting', 'decision making', 'planning']","The abstract focuses on economic forecasting and mathematical modeling related to imports and exports in Taiwan, which does not directly pertain to marketing applications of AI. The context is more aligned with economic and trade analysis rather than marketing strategies or customer engagement.",0%,0%,0%,100%,0%
Generating factors of success and failure of companies: Empirical research on Turkish companies,Alasaad T.; Gök M.Ş.,2019,10.35940/ijrte.B1186.0882S819,"In the economic field, business development is crucial for the socioeconomic development. On the one hand, the creation of companies can be an effective solution of the unemployment. On the other hand, business development is an essential factor of economic growth. Thus, the development of a country is correlated with its business development. However, business results are not always guaranteed. For this reason, controlling a number of factors related to results is an absolute necessity. Our research aims at studying a set of elements contributing to the results of the success and failure of Turkish companies. For this purpose, we considered a sample of 46 companies, which is subdivided into two sub-samples, the first represents the “Successful companies ""; this category represents 74% of the total sample. The second represents the remaining 26% formed the “Failure companies”. Empirical results highlight the importance of factors related to; the Business plan, the innovation, the marketing strategy, and the human resources. However, ignoring these factors lead to the business failure. Therefore, the prediction of success or failure factors will deliver key information to decision-makers on the mistakes to be avoided and the precautions to be taken. © BEIESP.",Business plan; Failure; Human Research; Innovation; Marketing; Success; Turkish Companies,Blue Eyes Intelligence Engineering and Sciences Publication,scopus-prediction,0,Thinking AI,"['business development', 'marketing strategy', 'success factors', 'failure factors', 'business plan', 'innovation', 'human resources']","The abstract discusses the importance of various factors such as business plans, innovation, marketing strategy, and human resources in determining the success or failure of companies. This analysis aligns with the focus on market analysis and targeting within the Thinking AI category, where understanding competitive advantages and success factors is crucial for decision-making.",0%,0%,100%,0%,0%
A fuzzy-oriented sentic analysis to capture the human emotion in Web-based content,Loia V.; Senatore S.,2014,10.1016/j.knosys.2013.09.024,"Capturing the sentiments and the emotional states enclosed in textual information is a critical task which embraces a wide range of web-oriented activities such as detecting the sentiments associated to the product reviews, developing marketing programs that would be attractive for users, enhancing customer service with respect to its expectation until to identifying new opportunities and financial market prediction, besides managing reputations. Opinions and the emotions that are embedded in them, play a key role in decision-making processes, with different effects depending on the negative or positive valence of the mood. When the choice depends on some important features (i.e., time, money, reliability/efficacy, etc.) and on other opinions (which come from previous experience), could be crucial to make the best decision. Inferring opinions and emotions enclosed in the written language is a complex task which cannot rely on body languages (posture, gestures, vocal inflections), rather than discovering concepts with an affective valence. The role of opinions extracted by the social content is crucial to support consumers' decision process; in addition, thanks opinions and emotions, it is possible to evidence improvements on existing decision supports and show how the opinion-mining techniques can be incorporated into these systems. This paper presents a tentative contribution that addresses this issue: it introduces a framework for extracting the emotions and the sentiments expressed in the textual data. The sentiments are expressed by a positive or negative polarity, the emotions are based on the Minsky's conception of emotions, that consists of four affective dimensions, each one with six levels of activations [1]. Sentiments and emotions are modeled as fuzzy sets; particularly, the intensity of the emotions has been tuned by fuzzy modifiers, which act on the linguistic patterns recognized in the sentences. The approach has been tested on some sets of documents categories, revealing interesting performance on the global framework processing. © 2013 Elsevier B.V. All rights reserved.",Decision making system; Fuzzy modifiers; Linguistic patterns; Sentic computing; Sentiment analysis; WordNet,,scopus-prediction,61,Feeling AI,"['sentiments', 'emotions', 'customer service', 'decision-making', 'opinions', 'customer needs', 'emotional states', 'affective dimensions']","The abstract focuses on extracting sentiments and emotions from textual data, highlighting their critical role in understanding customer needs and influencing decision-making processes. This aligns with the objectives of 'Feeling AI,' which emphasizes customer understanding and emotional analytics. The emphasis on emotional data to support decision-making processes and improve marketing strategies further strengthens this classification.",70%,10%,20%,0%,0%
Principles of moral accounting: How our intuitive moral sense balances rights and wrongs,Johnson S.G.B.; Ahn J.,2021,10.1016/j.cognition.2020.104467,"We are all saints and sinners: Some of our actions benefit others, while other actions lead to harm. How do people balance moral rights against moral wrongs when evaluating others' actions? Across 9 studies, we contrast the predictions of three conceptions of intuitive morality—outcome-based (utilitarian), act-based (deontologist), and person-based (virtue ethics) approaches. These experiments establish four principles: Partial offsetting (good acts can partly offset bad acts), diminishing sensitivity (the extent of the good act has minimal impact on its offsetting power), temporal asymmetry (good acts are more praiseworthy when they come after harms), and act congruency (good acts are more praiseworthy to the extent they offset a similar harm). These principles are difficult to square with utilitarian or deontological approaches, but sit well within person-based approaches to moral psychology. Inferences about personal character mediated many of these effects (Studies 1–4), explained differences across items and across individuals (Studies 5–6), and could be manipulated to produce downstream consequences on blame (Studies 7–9); however, there was some evidence for more modest roles of utilitarian and deontological processing too. These findings contribute to conversations about moral psychology and person perception, and may have policy and marketing implications. © 2020",Intuitive ethics; Moral judgment; Person perception; Reputation; Social cognition,Elsevier B.V.,scopus-prediction,6,Not Identified,"['moral psychology', 'personal character', 'moral rights', 'moral wrongs']","The abstract discusses intuitive morality and moral psychology principles, which do not directly relate to marketing applications or AI strategies. While it touches on concepts of personal character that might influence customer perception, it lacks a clear connection to emotional data, automated processes, or strategic market analysis typical of the defined categories.",0%,0%,0%,0%,100%
"Group marketing: Theory, mechanisms, and dynamics",Harmeling C.M.; Palmatier R.W.; Fang E.; Wang D.,2017,10.1509/jm.15.0495,"Group marketing uses the psychological mechanisms underlying group influence to drive customer behaviors that are beneficial to the firm. It is predicated on the firm's ability to guide two necessary and sufficient conditions: (1) a customer's awareness of an affiliation with the focal group and (2) exposure to group norms. By examining what it means to be affiliated with a group; determining how group norms are inferred, applied, and maintained; and testing a wide variety of ways in which these conditions become manifest, this research demonstrates the theoretical foundations of group marketing. Groups influence purchase behaviors by altering information and identity appraisals during decision making. Time in a purchase domain emerges as a critical determinant of the strength of group influence. Although previous research has suggested that social influence diminishes over time, a longitudinal field study and an experiment reveal that this prediction holds only when information appraisal dominates; an opposite effect arises when identity appraisal dominates. Group efficacy strengthens, but product price weakens, the effects of groups on purchase behaviors. © 2017, American Marketing Association.",Conforming purchase behavior; Dynamic group influence; Group dynamics; Group marketing; Group norms,American Marketing Association,scopus-prediction,42,Feeling AI,"['psychological mechanisms', 'group influence', 'customer behaviors', 'identity appraisals', 'emotional needs']","The abstract discusses how group marketing leverages psychological mechanisms to influence customer behaviors, focusing on the emotional and identity aspects of group affiliations. It highlights the role of group norms and identity appraisals in decision making, which aligns with the goals of understanding and meeting customer emotional needs. The exploration of how group efficacy and identity appraisals affect purchase behaviors indicates a focus on emotional connections and relational dynamics between customers and groups.",60%,20%,20%,0%,0%
Obviating some of the theoretical barriers of data envelopment analysis-discriminant analysis: An application in predicting cluster membership of customers,Toloo M.; Farzipoor Saen R.; Azadi M.,2015,10.1057/jors.2014.43,"Data envelopment analysis-discriminant analysis (DEA-DA) has been used for predicting cluster membership of decision-making units (DMUs). One of the possible applications of DEA-DA is in the marketing research area. This paper uses cluster analysis to cluster customers into two clusters: Gold and Lead. Then, to predict cluster membership of new customers, DEA-DA is applied. In DEA-DA, an arbitrary parameter imposing a small gap between two clusters (η) is incorporated. It is shown that different η leads to different prediction accuracy levels since an unsuitable value for η leads to an incorrect classification of DMUs. We show that even the data set with no overlap between two clusters can be misclassified. This paper proposes a new DEA-DA model to tackle this issue. The aim of this paper is to illustrate some computational difficulties in previous DEA-DA approaches and then to propose a new DEA-DA model to overcome the difficulties. A case study demonstrates the efficacy of the proposed model. © 2015 Operational Research Society Ltd.",cluster analysis; data envelopment analysis; data envelopment analysis-discriminant analysis (DEA-DA); discriminant analysis,Palgrave Macmillan Ltd.,scopus-prediction,7,Thinking AI,"['cluster analysis', 'customer segmentation', 'decision-making units', 'prediction accuracy', 'marketing research']","The abstract discusses the application of Data Envelopment Analysis-Discriminant Analysis (DEA-DA) for clustering customers into segments (Gold and Lead) and predicting new customer memberships. This aligns with market analysis and targeting, as it focuses on understanding customer behavior and improving prediction accuracy for better targeting in marketing strategies. The emphasis on analyzing clusters and improving classification techniques supports its classification as Thinking AI.",0%,0%,100%,0%,0%
The influence of the quality in the price of the olive oils in the origin market; [La influencia de la calidad en el precio de los aceites de oliva en origen],Gutiérrez-Salcedo M.; Murgado-Armenteros E.M.; Ruiz F.J.T.,2016,,"Olive oil is a strategic sector in Spanish agriculture, as a main producer country in the world and as a symbolic product for Spanish society (in terms of economy and culture). However, in the last decade olive oil sector is supporting very low commercial margins and it has important problems of profitability. In a context where retail distribution plays an essential role in final price fixing and, therefore, in the total shared amount by all sector agents, the effectiveness of buy-and-sale strategies along the chain influences the commercial results of the different agents. In particular, the main income of olive oil producers comes from oil marketing in the market of origin, which integrates the maximum percentage of dealings (80%). The commercial operations in this market are the references for price negotiations in other levels of the agri-food chain, for example, with distributors. In this scene, Andalusia has a predominant role because it concentrates the Spanish production of olive oils (72,40%). So, the trading operations in this area determine, in part, the national price level and they have a high influence in worldwide prices. Due to its position as a supplier row material, the market of origin is playing a key role in the incomes of all the agents in the chain. For this reason, the study of price formation, its dynamic and the variables that can influence in this process, is needed in order to know the price evolution and therefore, to decide the best moment to buy and sell. In this sense, from our point of view, in the literature is possible to underline two main characteristics that could influence in price's evolution. (1) The prices of different quality levels are very similar Price's differences are small and this fact contrasts with the public strategy to improve the quality of Spanish olive oil production (quality programmes from national and regional government and the European Union). And (2), in the last decade, these differences between qualities are constant and with a similar evolution. So, it could be possible to predict price's evolution only with the price of a quality and adding some cents in order to know the price of the rest. Based on the social context and the development of databases in the market of origin in Andalusia, the objective of this paper is to analyse the casual relationship between the prices of three qualities that are sold in origin: extra virgin, virgin and lampante. The methodology used to study the price evolution and its relationships is based on the cointegration theory, the Error Correction Model and it is completed with the study of short-run relationships through Granger's causality, variance decomposition of forecast errors and impulse response functions. Analysis includes 106 monthly data of each price series for the most instability period in the market of origin (since January'01 to October'09). This information was provided by the Foundation for the Promotion and Development of the Olive Grove and Oil, based on the POOLred System of origin prices. This system collects the features of bulk olive oil transactions of a sample of Andalusian olive oil mills that represents 55.30% of Spanish olive oil production. It is currently the main price reference in this sector. Results show that, in long term, origin is a strong integrated market and it is in equilibrium because the prices of three qualities move together during all the period. However, in short term it is possible to highlight the virgin olive oil as a leader in the market. It is the quality more independent and with more influence over the rest. So, price movements of virgin quality could predict the evolution of the other price's qualities. These outcomes are coherent with the role of virgin quality in the market of origin. Virgin olive oil is the quality with more number of commercial operations in the market. This volume is a consequence of its versatility, because can be used as direct consumption product, to mix with other olive oils or to refine. On the one hand, the direct consumption of virgin quality, similar to the virgin extra olive oil could be an influence in the price of the last one, adopting a role of direct competitor. In this sense, the use of extra virgin as a bait product for distributors reduces the differences between both prices and increase the competency. Furthermore, the consumer's confusion between different qualities of olive oils favours this situation. On the other hand, because a part of virgin's production is used to refne in order to produce olive oil, its prices could be a reference for the price of lampante. At the same time, the strategy of quality implemented by public administration is increasing the volume of virgin and extra virgin olive oils produced in Andalusia and, therefore, the numbers of commercial operations with these qualities in the market of origin. So, when quality production exceeds consumption, a part of these olive oils is destined to elaborate low quality olive oil and it increases price competition. In sum, the large number of operations and its versatility transform the virgin olive oil into the quality more important in the market of origin, from the point of view of price influences. This conclusion is useful to develop managerial strategies, specifically in the forecasting of price behaviour in the market. Because the prediction of price evolution in origin market is affected by several subjective aspects (crop level or weather prevision, for example), the use of an objective predict variable, as a virgin olive oil price, could improve the results of the models. Particularly, these results affect to the study of prices in order to request to government the intervention of the market through private storage system (Spanish Ministry of Agricultural and European Union). Furthermore, in general these results are useful for the development of agri-food policies by sector institutions, which analyse the prices in the market of origin in order to make decision about funding and grant. Finally, this paper could be a starting point to analyse causal relationship between different olive oils in the two main market of the agri-food chain (origin and final market), with the objective to know what variables have to be included in price's forecast models.",Causality; ECM; Olive oils; Price; Quality,Asociacion Universidades Publicas de Andalucia,scopus-prediction,0,Thinking AI,"['price formation', 'market analysis', 'price prediction', 'commercial operations', 'income', 'agri-food policies']","The abstract focuses on analyzing the pricing dynamics of different qualities of olive oil in the market of origin, utilizing methodologies such as cointegration theory and Granger's causality. This aligns with the 'Thinking AI' category, particularly in the focus on market analysis and understanding competitive advantages in pricing strategies. The emphasis on forecasting price behavior and its implications for market interventions further supports this classification.",0%,0%,100%,0%,0%
"Trade credit: the interaction of financing, marketing, operations, and risk behavior",Shi X.; Zhang S.,2014,10.1007/s11846-013-0103-7,"This paper builds an inter-organizational Stackelberg game model of trade credit. The incentive-compatible decision on credit term is made endogenously and in coordination to ensure Pareto optimality for both the supplier and the retailer. Our model factors in financing, marketing, operations, default risk, and risk attitude coherently, treating trade credit as their intersectional nexus. We introduce the uncertainty due to the possible default of the retailer on the accounts payable into our model. The in-kind nature of trade credit is in line with the two-stage lottery method employed in this paper to capture the consequences of default on trade credit effectively. We find that financing capacity encourages the supplier to extend the credit term: a larger market demand rate prompts the supplier to extend a longer credit term, but a higher holding cost for the retailer shortens the length of the credit term received. More risk-averse suppliers tend to grant shorter term, but the impact of risk attitude is insignificant. Empirically, we find evidence supporting our main theoretical predictions by employing a panel sample of manufacturing companies covering 1998–2007 from the COMPUSTAT database. © 2013, Springer-Verlag Berlin Heidelberg.",Bilevel programming; Default risk; Economic ordering quantity (EOQ); Trade credit; Two-stage lottery,Springer Verlag,scopus-prediction,6,Out of Scope,[],"The abstract discusses a model of trade credit within a Stackelberg game framework, focusing on factors like financing, marketing, operations, and risk, but does not specifically relate to AI applications in marketing. The primary focus is on economic modeling and theory rather than any marketing strategies or customer engagement techniques relevant to AI applications.",0%,0%,0%,100%,0%
The pragmatic importance of theory for marketing practice,Rotfeld H.J.,2014,10.1108/JCM-02-2014-0854,"Purpose – The purpose of this paper is to explain that theories provide an important tool for practitioners in guiding decisions by explaining and predicting consumer decision making when new specific research data might be unavailable. This is true despite the problems caused by some academic journal articles’ use and abuse of theory development. The argument for this crucial role of theory in marketing practice explains reasons why many practitioners dislike academic research and related theory development, as well as points out where practitioners’ criticisms are valid. Design/methodology/approach – Delineation of problems in journal articles and some research notes the overall value of work for marketing practice and (indirectly) points out the important value of practitioner-focused research publications. Findings – While marketing practitioners are wrong to condemn all theory development as useless, too often in too many ways, researchers and journals deserve it. Yet, despite the problems, marketing practice needs marketing theory. Originality/value – This paper points out an ongoing common myopia of marketing practice, whereby practitioners miss out on the value of theory development. © Emerald Group Publishing Limited.",Marketing education; Practitioner decision making; Pragmatic prediction; Theory,Emerald Group Holdings Ltd.,scopus-prediction,6,Thinking AI,"['theories', 'consumer decision making', 'marketing practice', 'academic research', 'theory development']","The abstract discusses the importance of theories in guiding marketing practitioners' decisions and understanding consumer behavior, which aligns with the focus on market analysis and strategic thinking in 'Thinking AI'. It highlights the role of research and theory in predicting consumer decision-making, which is essential for strategic analysis and targeting in marketing.",0%,0%,100%,0%,0%
UAV-multispectral and vegetation indices in soybean grain yield prediction based on in situ observation,da Silva E.E.; Rojo Baio F.H.; Ribeiro Teodoro L.P.; da Silva Junior C.A.; Borges R.S.; Teodoro P.E.,2020,10.1016/j.rsase.2020.100318,"Remote sensing techniques using vegetation indices (VI's) have successfully enabled the accurate and timely monitoring of several crops. The purpose of this monitoring is to provide an advantage in terms of on-farm management decision making, crop marketing planning, and support for policy decision-making. We identified here which VI's can be used to predict soybean grain yield (GY) by using UAV (Unmanned Aerial Vehicle) and remote multispectral sensor. For this purpose, experiments were carried out in three sites during the 2017/2018 and 2018/2019 crop seasons in Brazil. The VI's were measured together with the plant stand assessment at 25 days after emergency (DAE) when the plants were at V4 phenological stage. The processing of the VI models was performed based on the imaging reflectance factor data performed in the field. For statistical data analyses, a correlation network was used to express the relationship between GY and VI's graphically. Path analysis was performed for identifying the cause-and-effect relationship between VI's and GY. Subsequently, a decision tree algorithm was generated considering GY as a dependent variable. At last, the relative deviation coefficient was used to illustrate the differences between the VI's in the construction of the decision tree and GY. Our results showed potential for predicting soybean yield based on UAV and the multispectral sensor coupled. SAVI and NDVI indices stood out for predicting yield, where the regions with the highest values of these indices can obtain the highest yield observed in the field, providing an advantage in management at the property level. © 2020 Elsevier B.V.",Decision tree; Glycine max; Path analysis; Precision agriculture; Spatial variability,Elsevier B.V.,scopus-prediction,72,Out of Scope,[],"The abstract discusses the use of remote sensing techniques and vegetation indices to predict soybean grain yield, which is primarily related to agricultural technology rather than marketing. The focus is on data collection and analysis in the context of crop yield prediction, making it unrelated to any marketing-specific applications.",0%,0%,0%,100%,0%
The moderating effect of psychological factors on consumer of electric and hybrid vehicles' response purchase decisions,Rahahleh A.H.; Moflih M.A.; Alabaddi Z.A.; AL-Nsour S.N.,2020,10.5267/j.msl.2020.1.015,"This research provides an analysis and evaluation of consumer purchasing behavior using green electronic marketing of vehicles diversification into new markets, focusing on Electrical Vehicles (Ev) and Hybrid Vehicles (Hv). The world has been making remarkable efforts to make everything green and cleaner by the help of the advanced technology, including transportation. The technology especially the E marketing, social media, etc. focuses on orienting people to believe that hybrid and electrical vehicles generate less pollution, will save money and reduce dependence on natural sources of fuel. This research aims to inspect the relationship between Stimuli Factors, Electrical Vehicles' (Ev) and Hybrid Vehicles' (Hv) Consumers and Response Purchase Decisions (S-O-R), in addition to inspect the moderation effects of Psychological Inputs on S-O-R relationship in Vehicle industry of Jordan. The current research used quantitative method to gather accessible data from the sample of the study. Variables used in this study include HVs & EVs consumers, Stimuli factors (marketing inputs, external environment) and positive psychological inputs and response purchase decisions. Partial Least Squares (PLS) approach as a statistical method was used to analyze the data. Results indicate that all the relations had a positive significant, except the interactional relationship between Stimuli factors which includes marketing inputs, external environment, and positive psychological inputs, affect response purchase decisions. In other words, the mediation (HVs & EVs consumers) shows valuable change for the prediction of response purchase decisions while, moderated effect of psychological inputs did not make change. © 2020 by the authors; licensee Growing Science, Canada. This is an open access article distributed under the terms and conditions of the Creative Commons Attribution (CC-BY) license (http://creativecommons.org/licenses/by/4.0/).",Electrical Vehicles' (Ev) and Hybrid; Green Electronic Marketing; Psychological inputs; Response Purchase Decisions; S-O-R model; Stimuli Factors; Vehicles' (Hv) Consumers,Growing Science,scopus-prediction,7,Thinking AI,"['consumer purchasing behavior', 'green electronic marketing', 'Electrical Vehicles', 'Hybrid Vehicles', 'Stimuli Factors', 'Response Purchase Decisions', 'psychological inputs', 'market analysis', 'quantitative method', 'Partial Least Squares']","The abstract discusses an analysis of consumer purchasing behavior in the context of green electronic marketing for vehicles, particularly EVs and HVs. It evaluates the relationships between various stimuli factors and consumer responses, suggesting a focus on market analysis and understanding consumer behavior. This aligns with the 'Thinking AI' category, which emphasizes market analysis and targeting based on consumer insights.",10%,20%,70%,0%,0%
"Virtual vs physical platform: organizational capacity and slack, strategic decision and firm performance",Lee H.; Hsiao Y.-C.; Chen C.-J.; Guo R.-S.,2020,10.1108/JBIM-07-2019-0341,"Purpose: This study aims to examine the relationship between organizational capacity, slack resource, platform strategic choice and firm performance. It also tackles the endogenous issues regarding the strategic choice of platform types. Design/methodology/approach: This study uses Heckman’s two-stage procedures to examine the relationship between the variables. The sample in this study comes from Compustat annual company and segment files. The sample used in the main analysis consists of 252 individual corporations globally and 3,528 firm-year observations from 2004–2017. Findings: The empirical results suggest that: (1) firms are more likely to develop physical platforms than virtual platforms when they possess higher levels of available slack, potential slack, research and development (R&D) capacity and marketing capacity; (2) in general, firms developing physical platforms perform better than firms developing virtual platforms after the endogeneity bias are controlled; and (3) firms that choose to develop physical platforms perform better than if they had chosen to develop virtual platforms. Research limitations/implications: This study contributes to the platform research literature by proposing the endogenous role of platform type choice in firm performance in the context of the retail industry. Prior conceptual and theoretical platform studies have seldom focused on the retail industry through a strategic choice perspective. Furthermore, one of the contributions of this study is the derivation of empirical support for the research’s prediction using data from actual firms carried out by global physical and virtual platform companies. This study also presents many opportunities for further explorations on the relationship between firm strategic choice and firm performance in the context of platform retail industry. Practical implications: The findings of this study suggest that firms must realize that their performance is not necessarily affected by these platform type choice determinants in terms of potential slack, available slack, R&D capacity and marketing capacity. By contrast, they should pay more attention to developing physical platforms if it is possible. The study findings indicate that although virtual platforms have grown rapidly because of the development of technology, firm performance is at all times superior when firms choose to develop physical platforms. Originality/value: Prior platform studies have focused on the topic of network structure, platform architecture, pricing strategy, platform leadership and platform design and governance within the context of video game industry, software industry, hardware industry and telecommunications industry. Seldom of them focus on other industries through a strategic choice perspective. Furthermore, one of the contributions of this study is the derivation of empirical support for the research’s prediction using data from actual firms carried out by global physical and virtual platform companies. © 2020, Emerald Publishing Limited.",Business strategy; Electronic commerce; Organizational capacity; Physical platform; Retail industry; Slack resource; Strategic management; Virtual platform,Emerald Group Holdings Ltd.,scopus-prediction,10,Thinking AI,"['organizational capacity', 'firm performance', 'platform strategic choice', 'market analysis', 'endogeneity bias', 'R&D capacity', 'marketing capacity']","The abstract focuses on examining the relationships between strategic choices regarding platform types and their impact on firm performance, which aligns with market analysis and competitive advantage identification. The empirical study highlights the importance of organizational capacities in making strategic choices and their outcomes, fitting well within the Thinking AI category.",0%,0%,100%,0%,0%
Designing an adaptive neuro fuzzy inference system for prediction of customers satisfaction,Neshat M.; Pourahmad A.A.; Hasani M.R.,2016,10.1142/S0219649216500374,"Nowadays, in order to succeed in business and presence in the world markets, it is essential to outperform the competitors to get bigger market share. To get customers satisfaction of products is the first stage of success in business. Studying the different factors involved in increasing the level of customer's satisfaction and researching in this field has caused development in several companies. In this paper, an adaptive neuro-fuzzy inference system (ANFIS) and a fuzzy inference system (FIS) are designed for marketing mix model. By using the P4 principle (price, product, place, promotion) and by combining it with the marketing experts' knowledge, good results were achieved using ANFIS. This system as an advisor with high accuracy can reduce the human errors and play a significant role in decision making by corporate managers. The results of two systems were compared and it was seen that ANFIS had a better performance than FIS with mean accuracies of 98.6% and 87.25%, respectively. © 2016 World Scientific Publishing Co.",adaptive neuro fuzzy inference system; Fuzzy decision; fuzzy expert system; marketing model,World Scientific Publishing Co. Pte Ltd,scopus-prediction,1,Thinking AI,"['customer satisfaction', 'ANFIS', 'marketing mix model', 'decision making', 'market share']","The abstract discusses the application of an adaptive neuro-fuzzy inference system (ANFIS) for analyzing and improving customer satisfaction through the marketing mix (P4 principle). This involves strategic analysis of the market and decision-making processes, which aligns with the focus of Thinking AI. The emphasis on achieving higher accuracy in decision-making directly relates to market analysis and targeting competitive advantages.",0%,0%,100%,0%,0%
Estimating the importance of consumer purchasing criteria in digital ecosystems,Peláez J.I.; Cabrera F.E.; Vargas L.G.,2018,10.1016/j.knosys.2018.07.023,"The purchasing process consists of multiple, non-isolated phases that describe the interactions between consumers and products. One of these phases is the evaluation of alternatives, in which the consumer compares the benefits that will be obtained from each product or service depending on a set of criteria. Recently, the rise of online ecosystems has fueled the development of new purchasing-decision prediction models (PDPM) based on the shared opinions, concerns, and expectations of customers. Commonly, these PDPMs are constructed as multiple criteria decision analysis (MCDA) methods, where experts ascertain the consumer's purchasing criteria, as well as the importance of them, by means of surveys and their own experience. Although relying on experts may be appropriate for identifying criteria, this approach is not suitable for assessing the importance of said criteria due to the large volume of information available on the Web. Furthermore, the preferences of consumers in online ecosystems evolve constantly. In this regard, we consider that the information about purchase-criteria importance should be derived exclusively from the opinions of consumers. However, the attitude and thought-process leading to purchases contain inherent relationships that consumers are not able to express explicitly; consequently, we explore the possibility to make use of the synergies between criteria along user preferences. This paper proposes a new PDPM that estimates the importance of the criteria and values the alternatives by only considering the opinions expressed by consumers in digital ecosystems, while using an expert-defined set of criteria. The proposed approach extracts the weights of both criteria and alternatives and determines the implicit synergies within them without the need of additional input. Lastly, it uses the Choquet integral for weight and valuation aggregation and determines a purchase ranking. This model has been tested in real examples, obtaining satisfactory results. © 2018",Aggregation operators; Choquet integral; Marketing; Sentiment analysis; Synergy criteria,Elsevier B.V.,scopus-prediction,15,Thinking AI,"['purchasing-decision prediction models', 'evaluation of alternatives', 'consumer preferences', 'criteria importance', 'digital ecosystems', 'market analysis']","The abstract discusses a new model for predicting purchasing decisions based on consumer opinions and preferences in online environments. This aligns closely with the 'Thinking AI' category, particularly in the focus on market analysis and understanding consumer behavior through the evaluation of alternatives. The model relies on analyzing consumer-generated data to derive insights about purchasing criteria, which is indicative of strategic analysis in marketing.",0%,10%,90%,0%,0%
The impact of online product reviews on product returns,Sahoo N.; Dellarocas C.; Srinivasan S.,2018,10.1287/isre.2017.0736,"Although many researchers in information systems and marketing have studied the effect of product reviews on sales, few have looked at their effect on product returns. We hypothesize that, by reducing product uncertainty, product reviews affect the probability of product returns. We elaborate this hypothesis starting with an analytical model that examines how changes in valence and precision of information from product reviews influence the purchase and return probabilities of risk-averse, but rational, consumers. We then empirically test our hypotheses using a transaction-level data set from a multichannel, multibrand North American specialty retailer. Harnessing different consumers' purchases and returns of the same products, but with varying sets of product reviews over two years, we show that the availability of more reviews and the presence of more ""helpful"" reviews, as voted by consumers, lead to fewer product returns-after controlling for customer, product, and other context-related factors. Analyzing the purchase behavior of the consumers, we find that when fewer product reviews are available, consumers buy more substitutes in conjunction with a product, potentially to mitigate their uncertainty. Purchase of substitutes, in turn, leads to more product returns. Finally, leveraging a discontinuity in the displayed average ratings, we find that when products are shown with an average rating that is higher than the true rating, they are returned more often. These results support the predictions of our theoretical model-unbiased online reviews indeed help consumers make better purchase decisions, leading to lower product returns; biasing reviews upward results in more returns. The presence of online reviews has important cost implications for the firm beyond the cost of reprocessing the returns; we observe that when consumers return products, they are more likely to write online reviews and that these reviews are more negative than reviews that follow a nonreturned purchase. © 2018 INFORMS.",Product returns; Product reviews; Quality of purchase decision; Regression discontinuity,INFORMS Inst.for Operations Res.and the Management Sciences,scopus-prediction,174,Thinking AI,"['product reviews', 'purchase behavior', 'product returns', 'consumer decisions', 'market analysis']","The abstract discusses how product reviews affect consumer behavior, particularly regarding purchase and return probabilities. It analyzes the impact of review valence and precision on consumer decision-making, supporting the use of marketing analytics to understand market dynamics and competitive advantages. The focus on empirical testing and theoretical modeling aligns well with the 'Market analysis' and 'Targeting' aspects of Thinking AI.",10%,10%,80%,0%,0%
Understanding Adoption of Innovations and Behavior Change to Improve Agricultural Policy,Pannell D.; Zilberman D.,2020,10.1002/aepp.13013,"Research on the adoption of new practices and new behaviors in agriculture continues to grow and evolve, and its relevance to policy remains high. This special issue presents 10 papers that provide overviews of important aspects of the recent adoption literature, or identify gaps and opportunities in the literature. Adoption research has been innovative in a number of ways, including its recognition of adoption decision making as a process, not an event; its emphases on heterogeneity and learning; and its strong multidisciplinary flavor. There is scope for further innovation through efforts to enhance predictions of adoption, better understanding the balance between profit and non-profit motivations, and better recognizing the influence on adoption of characteristics of the innovations, not just characteristics of the potential adopters and their contexts. Opportunities for policy include effort to support women farmers' adoption of beneficial innovations in developing countries, and use of tools and approaches from marketing in public extension programs. © 2020 Agricultural and Applied Economics Association",adoption of innovations; agricultural extension; agricultural policy; behavior change; technology change,John Wiley and Sons Inc.,scopus-prediction,35,Out of Scope,"['adoption', 'agriculture', 'policy', 'women farmers', 'innovations']","The abstract focuses on the adoption of new practices in agriculture and policy implications rather than marketing strategies or customer analysis. While it discusses innovations and their adoption, it does not specifically address marketing applications or AI's role in market analysis, targeting, personalization, or customer understanding.",0%,0%,0%,100%,0%
Fare prediction websites and transaction prices: Empirical evidence from the airline industry,Mantin B.; Rubin E.,2016,10.1287/mksc.2015.0965,"The marketing and operations disciplines have increasingly accounted for the presence of strategic consumer behavior. Theory suggests that such behavior exists when consumers are able to consider future distribution of prices, and that this behavior exposes firms to intertemporal competition that results with a downward pressure on prices. However, deriving future distribution of prices is not a trivial task. Online decision support tools that provide consumers with information about future distributions of prices can facilitate strategic consumer behavior. This paper studies whether the availability of such information affects transacted prices by conducting an empirical analysis in the context of the airline industry. Studying the effect at the route level, we find significant price reduction effects as such information becomes available for a route, both in fixed-effects and difference-in-differences estimation models. This effect is consistent across the different fare percentiles and amounts to a reduction of approximately 4%–6% in transactions’ prices. Our results lend ample support to the notion that price prediction decision tools make a statistically significant economic impact. Presumably, consumers are able to exploit the information available online and exhibit strategic behavior. © 2016 INFORMS.",Airline industry; Decision support; Information availability; Revenue management; Strategic consumers,INFORMS Inst.for Operations Res.and the Management Sciences,scopus-prediction,18,Thinking AI,"['strategic consumer behavior', 'future distribution of prices', 'price prediction', 'empirical analysis', 'price reduction', 'market analysis']","The abstract discusses the impact of online decision support tools on consumer behavior regarding future prices, leading to strategic actions that affect transacted prices. This aligns with the focus on market analysis and understanding competitive pricing dynamics, which falls under Thinking AI. The empirical analysis and its results indicate a significant economic impact, further emphasizing the strategic analysis aspect.",0%,0%,100%,0%,0%
"Marketing information system in citrus fruit pricing: A case study of Lattakia, Syria",Sulaiman H.; Hes T.; Kandakov A.,2015,10.5901/mjss.2015.v6n5p286,"This study focuses on the field of citrus markets in the Lattakia region, the Syrian Arab Republic. Despite the high impact of citrus production on the livelihood of more than 40,000 families in the region, citrus farmers are not informed about expected prices and market trends. This information is crucial to making successful business decisions. The main aim of the paper is the assessment of Lattakia market price dynamics and to verify the use of regression and OLS models as tools of an Agricultural Marketing Information System (AMIS) for citrus price forecasting in the Lattakia region. To this end, five indicators were applied to the data set and two models for citrus wholesale price prediction on the Lattakia markets were tested in the paper. These indicators and models were applied to empirical data, obtained from an actual Marketing Information System in the Lattakia Region. The results showed high volatility in the prices between the markets and over different months and the regression model with an index of determination R² = 0.90 was identified as suitable for seasonal price predictions (short term forecasting), while the least square method was a good tool for annual price prediction (long term). © 2015, Mediterranean Center of Social and Educational Research. All rights reserved.",AMIS; Citrus fruits; Lattakia; Marketing information system; Syria,Mediterranean Center of Social and Educational Research,scopus-prediction,4,Mechanical AI,"['price forecasting', 'market trends', 'data set', 'regression model', 'wholesale price prediction']","The abstract focuses on the application of regression and OLS models to forecast citrus prices in the Lattakia region, which involves collecting and analyzing market data to inform farmers about expected prices and market trends. This aligns with the mechanical AI category, particularly in the areas of data collection and standardization of price setting processes, as it automates the understanding of market dynamics to aid decision-making for farmers.",0%,80%,20%,0%,0%
Hoping grey goes green: air pollution’s impact on consumer automobile choices,Li J.; Moul C.C.; Zhang W.,2017,10.1007/s11002-016-9405-2,"This paper examines to what extent, if any, natural environmental factors affect consumer purchase decisions regarding “green” products. We collect and combine several unique datasets to study the impact of air pollution on consumers’ choices of passenger vehicles in China. Exploiting cross-city variation, we find that air pollution levels negatively affect the sales of fuel-inefficient cars on average. This relationship, though, is U-shaped over the observed air pollution levels, in that fuel-inefficient car purchases rise with air pollution beyond some threshold. Furthermore, a city’s income level is a significant factor in this non-monotonic relationship, in the sense that consumers of higher-income cities are less likely to suffer this reversal. All these results are consistent with the literature’s theoretical predictions of hope. The rich findings of our study yield important implications to both marketers and policy makers. © 2016, Springer Science+Business Media New York.",Applied industrial organization; Choice model; Consumer behavior; Environmental economics; Green marketing; Hope,Springer New York LLC,scopus-prediction,18,Thinking AI,"['consumer purchase decisions', 'air pollution', 'fuel-inefficient cars', 'income level', 'market analysis', 'cross-city variation']","The abstract discusses the impact of natural environmental factors on consumer behavior, specifically focusing on how air pollution affects the sales of fuel-inefficient cars. This aligns with the market analysis focus of Thinking AI, as it examines how external factors influence consumer choices and provides insights that can help marketers and policymakers make informed decisions. The non-monotonic relationship highlighted also suggests strategic analysis of consumer preferences based on environmental conditions.",0%,0%,100%,0%,0%
Not Merely a Matter of Drawing Arrows: The Empirical Consequences of Measurement Model Specification and Recommendations for Practice,Chan E.K.; Sturman M.; Park S.; Vanderpool C.,2017,10.1177/1938965516686115,"Understanding measurement model specification is especially important for hospitality research due to its cross-disciplinary nature and the prevalence of measures used in the field which are often central to the formative versus reflective debate (e.g., SERVQUAL, socioeconomic status). The current study contributes to this topic by providing empirically based prescriptive advice to drive better measurement model specification. Specifically, the decision-making procedures developed by this study can complement theoretical reasons for a model choice as well as help determine a correct model choice when theories are equivocal or non-existent. This study combines actual and simulated data to show that model fit statistics alone cannot determine which model specification is correct, but also that a correct measurement model will generate more accurate predictions within a model which in turn will offer more accurate managerial recommendations. © 2017, © The Author(s) 2017.",formative measures; marketing constructs; reflective measures; simulations; structural equation modeling,SAGE Publications Inc.,scopus-prediction,0,Thinking AI,"['measurement model specification', 'model fit statistics', 'accurate predictions', 'managerial recommendations']","The abstract discusses the importance of measurement model specification in hospitality research, focusing on how choosing the correct model can lead to more accurate predictions and better managerial recommendations. This aligns with the 'Thinking AI' category, which emphasizes market analysis and the strategic use of data to improve decision-making processes. The study's contribution to understanding model choice and its implications for market analysis is central to this classification.",0%,0%,100%,0%,0%
Predictive analytics - The future of data-driven social marketing,Niţu C.V.,2016,,"Given the dynamic business environment of today, companies need accurate and timely information in order to make the best decisions for the company and to respond promptly to any market changes, competitors and customers needs. The emergence and development of the Internet has changed the business model. Now, the notion of quantity and quality as the only references for the growth and development of a business, have been replaced with the visibility of the company and its products on the market. Internet will help any company to successfully promote their products and services and predict how consumers will respond in the future through predictive analytics tools. If we intend to predict how consumers will respond in the future we need to know how to use forward looking analytical. Predictive analytics provide the marketer something more than standard business reports and sales forecasts, these tools provide specific forecasts for each consumer. The forecasts include all channels, both online and offline, and predict what they intend to buy or to watch, how they will respond or what consumers will refuse. If we can provide these issues, we have control of the situation. © 2016, SRAC - Societatea Romana Pentru Asigurarea Calitatii. All rights reserved.",Business intelligence; Forecasting; Prediction; Predictive analytics,SRAC - Societatea Romana Pentru Asigurarea Calitatii,scopus-prediction,0,Thinking AI,"['predictive analytics', 'market changes', 'consumer response', 'forecasts', 'analytics tools']","The abstract focuses on the importance of predictive analytics in understanding consumer behavior and market dynamics, which aligns with market analysis and targeting. It emphasizes the use of analytical tools to generate specific forecasts for consumer behavior, which is a key aspect of strategic analysis in marketing. The mention of predicting consumer responses further supports the classification under Thinking AI.",10%,15%,75%,0%,0%
The Influence of B to B Social Media Message Features on Brand Engagement: A Fluency Perspective,McShane L.; Pancer E.; Poole M.,2019,10.1080/1051712X.2019.1565132,"Purpose: Social media is increasingly drawing the attention and interest of business-to-business (B to B) organizations. Yet, B to B organizations remain cautious in their social media pursuits, in part based on a stated lack of understanding for best practices. The purpose of the current work is to take initial steps to address this challenge by identifying specific social media message features that influence online users’ engagement with B to B organizations. Methodology/Approach: This work examines the Twitter feeds of the top 50 social B to B brands (as reported by Brandwatch in 2015) to examine the effects of message features (hashtags, text difficulty, embedded media, and message timing) on user engagement, captured in terms of Twitter likes and retweets. Findings: We argue that message features that enhance fluency (e.g., images) should enhance engagement. In contrast, those that disrupt fluency (e.g., hasthags) should result in lower levels of engagement. Consistent with these predictions, we find that hashtags and text difficulty correlate to lower levels of engagement whereas embedded media in the form of images and video correlate to higher levels of engagement. Also consistent with the proposed fluency framework, we find that tweets from B to B organizations generate greater engagement on evenings and weekends. Research Implications: This research applies a fluency lens to identify specific message features that influence online engagement. In doing so, it highlights fluency as a powerful construct for understanding the drivers of B to B social media brand engagement. More generally, this work suggests fluency as a valuable conceptual lens for developing effective B to B social media strategies. This research also speaks to the complexity of B to B social media strategies–organizations must go beyond content and platform decisions, to also consider the specific features of the message. Practical Implications: Social media is becoming more and more important to B to B organizations and is as yet an underutilized engagement tool. The current work offers initial strategies regarding message features that business practitioners can incorporate into their content development strategies to strengthen engagement. Specifically, efforts should be made to attain high levels of fluency in B to B social media content development. Originality/Value/Contribution of the Paper: The current work offers initial insights as to the importance of understanding not only how social media topics/content influence engagement, but also the influence of message features (e.g., hashtags, embedded media). In doing so, it highlights fluency as a novel conceptual lens for developing more effective B to B social media strategies. Finally, it draws on actual tweets from leading B to B brands to examine the proposed influence of message features on engagement. © 2019, © 2019 Taylor & Francis Group, LLC.",B to B; business marketing; engagement; Fluency; industrial marketing; social media; Twitter,Routledge,scopus-prediction,50,Thinking AI,"['engagement', 'message features', 'social media strategies', 'fluency', 'B to B organizations']","The abstract discusses the influence of specific message features on user engagement with B to B organizations on social media. It emphasizes the importance of understanding how these features affect engagement, which aligns with market analysis and strategic development in marketing. The findings offer insights into optimizing social media strategies, suggesting a focus on targeting and market analysis, characteristic of Thinking AI.",10%,5%,85%,0%,0%
Resale Price Maintenance: Implications of Marketing Trends for the Colgate Doctrine and the Leegin Factors,Gundlach G.T.; Krotz R.T.,2020,10.1177/0743915618821315,"Resale price maintenance (RPM) is a channel pricing strategy that restricts the price below which a reseller may sell a manufacturer’s product. More than $300 billion in U.S. sales are affected annually by RPM agreements. Adopting a marketing perspective and analyzing trends in distribution arrangements and marketing channel systems, the authors offer predictions regarding the antitrust treatment of RPM following the Supreme Court’s decision in Leegin Creative Leather Products, Inc. v. PSKS, Inc. (2007). This research furthers the understanding of the role of the prior Colgate doctrine in establishing the existence of an RPM agreement and the impact of the new Leegin factors for assessing the competitive effects of RPM. Implications for stakeholders affected by RPM and related unilateral price policies are discussed. © American Marketing Association 2019.",antitrust law; channel pricing strategy; competition; resale price maintenance; unilateral price policies,SAGE Publications Ltd,scopus-prediction,4,Thinking AI,"['resale price maintenance', 'marketing channel systems', 'antitrust treatment', 'competitive effects']","The abstract discusses Resale Price Maintenance (RPM) as a pricing strategy and its implications on market dynamics and antitrust laws, particularly in the context of the Supreme Court decision in Leegin Creative Leather Products, Inc. v. PSKS, Inc. This analysis involves understanding competitive advantages and market systems, which aligns with the focus of Thinking AI on market analysis and competitive assessment.",0%,0%,100%,0%,0%
Managerial empathy facilitates egocentric predictions of consumer preferences,Hattula J.D.; Herzog W.; Dahl D.W.; Reinecke S.,2015,10.1509/jmr.13.0296,"Common wisdom suggests that managerial empathy (i.e., the mental process of taking a consumer perspective) helps executives separate their personal consumption preferences from those of consumers, thereby preventing egocentric preference predictions. The results of the present investigation, however, show exactly the opposite. First, the authors find that managerial empathy ironically accelerates self-reference in predictions of consumer preferences. Second, managers' self-referential tendencies increase with empathy because taking a consumer perspective activates managers' private consumer identity and, thus, their personal consumption preferences. Third, empathie managers' self-referential preference predictions make them less likely to use market research results. Fourth, the findings imply that when explicitly instructed to do so, managers are capable of suppressing their private consumer identity in the process of perspective taking, which helps them reduce self-referential preference predictions. To support their conclusions, the authors present four empirical studies with 480 experienced marketing managers and show that incautiously taking the perspective of consumers causes self-referential decisions in four contexts: product development, communication management, pricing, and celebrity endorsement. © 2015, American Marketing Association.",Consumer preference predictions; Managerial decision making; Managerial empathy; Managers' consumer identity; Responsiveness to market research,American Marketing Association,scopus-prediction,35,Feeling AI,"['managerial empathy', 'consumer perspective', 'self-referential preferences', 'emotional needs']","The abstract discusses how managerial empathy influences marketing decision-making by affecting the ability of managers to separate their personal preferences from those of consumers. This focus on emotional understanding and the implications of empathizing with consumers aligns closely with the Feeling AI category, which emphasizes customer understanding and emotional needs. The findings show that empathy can lead to self-referential decisions, indicating a complex relationship between emotional engagement and marketing strategies.",70%,10%,20%,0%,0%
Allocation with traffic spikes: Mixing adversarial and stochastic models,Esfandiari H.; Korula N.; Mirrokni V.,2018,10.1145/3105446,"Motivated by Internet advertising applications, online allocation problems have been studied extensively in various adversarial and stochastic models. While the adversarial arrival models are too pessimistic, many of the stochastic (such as i.i.d. or random-order) arrival models do not realistically capture uncertainty in predictions. A significant cause for such uncertainty is the presence of unpredictable traffic spikes, often due to breaking news or similar events. To address this issue, a simultaneous approximation framework has been proposed to develop algorithms that work well both in the adversarial and stochastic models; however, this framework does not enable algorithms that make good use of partially accurate forecasts when making online decisions. In this article, we propose a robust online stochastic model that captures the nature of traffic spikes in online advertising. In our model, in addition to the stochastic input for which we have good forecasting, an unknown number of impressions arrive that are adversarially chosen. We design algorithms that combine a stochastic algorithm with an online algorithm that adaptively reacts to inaccurate predictions. We provide provable bounds for our new algorithms in this framework. We accompany our positive results with a set of hardness results showing that our algorithms are not far from optimal in this framework. As a byproduct of our results, we also present improved online algorithms for a slight variant of the simultaneous approximation framework. Copyright © 2018 Association for Computing Machinery. All Rights Reserved.",Online advertisement; Online budgeted allocation; Online matching; Traffic spikes,Association for Computing Machinery,scopus-prediction,18,Thinking AI,"['online advertising', 'traffic spikes', 'stochastic model', 'algorithms', 'forecasting', 'market analysis']","The abstract discusses the development of algorithms for online advertising that account for unpredictability in traffic due to events like breaking news. This aligns with market analysis and targeting, as it involves understanding patterns in data and adapting strategies based on forecasts. The focus is on improving decision-making in marketing contexts, which fits well under Thinking AI's definitions. There are no emotional or relational aspects present that would relate to Feeling AI.",0%,0%,100%,0%,0%
Technology-enabled community data for gaining pre-release brand insights,Ponnamma Divakaran P.K.,2018,10.1016/j.techfore.2017.09.024,"In the past, studies have investigated brand equity only in the ‘post-launch’ context, hence missing opportunities to make early corrections in cases of negative favourability. Using technology-enabled online community data, this study examines whether ‘pre-launch’ brand favourability can predict community's post-launch purchase decisions, by introducing a new construct called community-based brand equity (CoBBE). This study also investigates whether CoBBE can predict future sales of new products. Weekly data are collected for eight weeks before and after product launch from a movie-based online community for a period of 16 months. The results show that community-based variables such as pre-launch brand awareness level, brand favourability and brand strength have a significant influence on 1) community members' post-release purchase decisions both in the opening week as well as the entire lifetime of products, and 2) satisfaction level. The study also finds that CoBBE is a significant predictor of future market sales, thus showing the usefulness of CoBBE as an early warning diagnostic tool which will enable movie studios to gain early brand-related insights as well as to make early corrective actions when needed. © 2017 Elsevier Inc.",Brand awareness; Brand equity; Brand favourability; Online community; Sales prediction,Elsevier Inc.,scopus-prediction,5,Thinking AI,"['brand equity', 'pre-launch', 'brand favourability', 'purchase decisions', 'future sales', 'market analysis', 'community-based brand equity']","The abstract discusses how pre-launch brand favourability can predict post-launch purchase decisions and future sales, indicating a focus on market analysis and strategic insights. It introduces the construct of community-based brand equity (CoBBE) and demonstrates its predictive capabilities, aligning it closely with the Thinking AI category that emphasizes market analysis and targeting.",10%,20%,70%,0%,0%
Renew or cancel? Drivers of customer renewal decisions for IT-based service contracts,v. Wangenheim F.; Wünderlich N.V.; Schumann J.H.,2017,10.1016/j.jbusres.2017.06.008,"Manufacturers increasingly integrate information and communication technologies into their products so that they can provide IT-based services. Organizations that formerly concentrated on transactional sales thus confront a new challenge associated with managing service usage—retention and extracting value from investments in smart technology. This study combines a marketing and an information systems perspective in a field study conducted jointly with a large European car manufacturer. Understanding the renewal decision for IT-based service contracts requires knowledge from both disciplines. The paper shows that combining behavioral predictor variables stemming from marketing research and technology-related perceptual variables stemming from technology acceptance research increases the explanatory power and prediction accuracy of forecasting models for customer renewal decisions. Specifically, the authors show that perceptions of usefulness become more important the longer customers use IT-based services and the more services they use within the service contract. © 2017",Contract renewal; Customer churn; Free trial; IT-based service; Retention; Smart services,Elsevier Inc.,scopus-prediction,16,Feeling AI,"['service usage', 'retention', 'value extraction', 'perceptions of usefulness', 'customer renewal decisions']","The abstract discusses the importance of understanding customer perceptions and behaviors related to IT-based services, particularly focusing on the emotional aspect of how customers perceive the usefulness of services over time. This aligns with the Feeling AI category, which emphasizes customer understanding and emotional analytics to meet customer needs. The combination of marketing research and technology acceptance research to predict renewal decisions further supports the notion of addressing customer emotional preferences and engagement.",70%,10%,20%,0%,0%
Comparative analysis and short term sales forecasting for an Ethiopian shoe manufacturing company,Gebre T.W.; Singh R.,2016,10.17010/ijom/2016/v46/i10/102853,"Forecasts are a basic input in the decision processes of operations management because they provide information on future demand and to increase revenue. The main purpose of this paper was to compare three different quantitative forecasting methods and develop a monthly short term sales forecasting model specifically on shoes of A-Shoe Company, Addis Ababa, Ethiopia. Twelve months (December 2013 - November 2014) sales data (of different types of pair of shoes) was collected from the company. From quantitative forecasting methods, a time-series model, that is, moving average, weighted moving average, and exponential smoothing were used to predict monthly sales forecast for the month of December 2014. Trend equation was formulated by using the least square regression method; analysis was done along with standard error of estimate. Prediction interval limits at 95% level of confidence were calculated. Exponential smoothing forecasting method (with alpha value 0.1) was found to be fit when comparing different mean absolute deviation (MAD), mean squared error (MSE), and mean absolute percent errors (MAPE). The forecasted shoe sales value was found to be within the prediction interval limits. ANOVA results revealed that the calculated value of F (9.34) was less than the table value of F (10.04). Hence, the null hypothesis (b = 0) is accepted. The resulting forecasting method can be used to provide a framework to forecast sales, specifically for national and international products and can position an organization's manufacturing services by designing the manufacturing service.",ANOVA; Confidence level; Quantitative forecasting methods; Sales forecasting; Shoe demand marketing,Associated Management Consultants Pvt. Ltd.,scopus-prediction,2,Mechanical AI,"['forecasting', 'sales data', 'quantitative forecasting methods', 'moving average', 'exponential smoothing', 'standard error', 'prediction interval']","The abstract discusses the application of quantitative forecasting methods to predict monthly shoe sales, which involves data collection and processing. The focus is on using statistical methods and models to forecast sales data, aligning with the Mechanical AI category that emphasizes data collection and automation in market analysis. The study does not delve into emotional understanding or strategic analysis of market positioning, which are characteristics of Feeling AI and Thinking AI respectively.",0%,70%,30%,0%,0%
Forecasting monthly data using total and split exponential smoothing,Mun M.K.; Chong C.W.; Nassir A.M.,2018,,"In the motion picture industry, the movie market players always rely on accurate demand forecasts. Distributors require the demand forecasts to make decisions such as marketing strategy and costs, number of screens, and release timing. Movie demand is known to show seasonality. Thus, forecasting methods which are able to capture such patterns can be relied on to produce an accurate prediction. In this paper, we study the performance of the recently proposed exponential smoothing method. It is known as total and split exponential smoothing, and applies it to box office from the United States on monthly basis. The forecasts are evaluated against other seasonal exponential smoothing methods. Overall, total and split exponential smoothing with subjectively chosen parameters was performing well, followed by seasonal damped trend exponential smoothing method (DA-M). © 2018, Universita Putra Malaysia.",Exponential smoothing; Forecasting; Motion pictures; Movie demand; Time series,Universita Putra Malaysia,scopus-prediction,0,Mechanical AI,"['demand forecasts', 'marketing strategy', 'costs', 'release timing', 'forecasting methods', 'seasonality', 'exponential smoothing']","The abstract discusses the use of forecasting methods such as total and split exponential smoothing to predict movie demand, which is crucial for distributors in making marketing and operational decisions. This relates to the mechanical aspect of AI as it involves data collection and processing to automate and improve demand forecasting, thereby supporting marketing strategies.",0%,70%,30%,0%,0%
Mining the dominant patterns of customer shifts between segments by using top-k and distinguishing sequential rules,Akhondzadeh-Noughabi E.; Albadvi A.,2015,10.1108/MD-09-2014-0551,"Purpose – The purpose of this paper is to detect different behavioral groups and the dominant patterns of customer shifts between segments of different values over time. Design/methodology/approach – A new hybrid methodology is presented based on clustering techniques and mining top-k and distinguishing sequential rules. This methodology is implemented on the data of 14,772 subscribers of a mobile phone operator in Tehran, the capital of Iran. The main data include the call detail records and event detail records data that was acquired from the IT department of this operator. Findings – Seven different behavioral groups of customer shifts were identified. These groups and the corresponding top-k rules represent the dominant patterns of customer behavior. The results also explain the relation of customer switching behavior and segment instability, which is an open problem. Practical implications – The findings can be helpful to improve marketing strategies and decision making and for prediction purposes. The obtained rules are relatively easy to interpret and use; this can strengthen the practicality of results. Originality/value – A new hybrid methodology is proposed that systematically extracts the dominant patterns of customer shifts. This paper also offers a new definition and framework for discovering distinguishing sequential rules. Comparing with Markov chain models, this study captures the customer switching behavior in different levels of value through interpretable sequential rules. This is the first study that uses sequential and distinguishing rules in this domain. © 2015, Emerald Group Publishing Limited.",Business analysis; Customer segmentation; Data analysis,Emerald Group Holdings Ltd.,scopus-prediction,21,Thinking AI,"['behavioral groups', 'customer shifts', 'clustering techniques', 'sequential rules', 'marketing strategies', 'customer switching behavior', 'segment instability']","The abstract discusses a study focused on detecting behavioral groups and patterns of customer shifts, which aligns with market analysis and targeting. The findings can improve marketing strategies and decision-making, indicating a strategic analysis of customer behavior rather than automation or emotional understanding. The use of clustering and mining techniques suggests a sophisticated approach to analyzing market data, which is characteristic of Thinking AI.",0%,20%,80%,0%,0%
Segmenting consumers purchase intention towards Edible bird's nest products using the decision tree techniques,Shukri N.N.H.M.; Nawi N.M.; Abdullah A.M.; Man N.,2019,,"Domestic consumption of nutritional products and food supplements are on the rise. This is due to the fact that consumers have become more affluent and aware of their health. Edible bird's nest (EBN) is used as a health supplement for medicinal benefits to improve health quality. However, issues such as contamination and counterfeit EBN have caused fluctuation of the product's price over time and consumers are slowly shunning away from consuming EBN products. Marketing effort is a strategy tool often used to convince buying intention among consumers and therefore relieve the public's anxiety. Presently, the extent of marketing mix that can convince consumers' intention to purchase EBN products remains unknown. Thus, this study aimed to analyze the influence of marketing mix towards consumers' intention to purchase EBN products. Principle component analysis and decision tree models were used to analyze the data. The performance of three decision tree models was compared based on accuracy and sensitivity rate. Result showed that all three models possessed similar accuracy rate (CART = 84.35%, C5.0 = 84.73%, QUEST = 83.08%), while C5.0 had the highest sensitivity (CART = 84.7%, C5.0 = 87.46%, QUEST = 85.59%). The important variables derived from C5.0 model are health conscious, gender, promotion, race, price, employment, and income. The outcomes from the present study through the performance prediction have provided informative profile of the consumers which will be useful to target potential consumers and to narrow down the market segment for the marketers' benefit. © ExcelingTech Pub, UK.",Classification; Decision tree; Edible bird's nest; Marketing mix; Purchase intention,ExcelingTech,scopus-prediction,2,Thinking AI,"['marketing mix', ""consumers' intention"", 'purchase', 'data analysis', 'consumer profiling', 'target potential consumers']","The abstract discusses the analysis of the influence of marketing mix on consumers' intention to purchase edible bird's nest (EBN) products, which aligns with the focus on market analysis and targeting within the Thinking AI category. The study employs data analysis techniques to derive consumer profiles that can help marketers identify and target potential consumers effectively.",0%,0%,100%,0%,0%
Consumer attitude metrics for guiding marketing mix decisions,Hanssens D.M.; Pauwels K.H.; Srinivasan S.; Vanhuele M.; Yildirim G.,2014,10.1287/mksc.2013.0841,"Marketing managers often use consumer attitude metrics such as awareness, consideration, and preference as performance indicators because they represent their brand's health and are readily connected to marketing activity. However, this does not mean that financially focused executives know how such metrics translate into sales performance, which would allow them to make beneficial marketing mix decisions. We propose four criteria-potential, responsiveness, stickiness, and sales conversion-that determine the connection between marketing actions, attitudinal metrics, and sales outcomes. We test our approach with a rich data set of four-weekly marketing actions, attitude metrics, and sales for several consumer brands in four categories over a seven-year period. The results quantify how marketing actions affect sales performance through their differential impact on attitudinal metrics, as captured by our proposed criteria. We find that marketing-attitude and attitude-sales relationships are predominantly stable over time but differ substantially across brands and product categories. We also establish that combining marketing and attitudinal metrics criteria improves the prediction of brand sales performance, often substantially so. Based on these insights, we provide specific recommendations on improving the marketing mix for different brands, and we validate them in a holdout sample. For managers and researchers alike, our criteria offer a verifiable explanation for differences in marketing elasticities and an actionable connection between marketing and financial performance metrics. © 2014 INFORMS.",Consumer attitude metrics; Cross-effects model; Dynamic programming model; Empirical generalizations; Hierarchical linear model; Optimal marketing resource allocation; Potential; Responsiveness; Sales conversion; Stickiness,INFORMS Inst.for Operations Res.and the Management Sciences,scopus-prediction,91,Thinking AI,"['consumer attitude metrics', 'sales performance', 'marketing actions', 'attitudinal metrics', 'sales outcomes', 'marketing mix decisions']","The abstract discusses how marketing managers use consumer attitude metrics to inform their marketing actions and how these actions impact sales performance. It emphasizes the analysis of the relationship between marketing activities and sales outcomes, suggesting a focus on market analysis and strategic recommendations for improving brand sales performance. This aligns closely with the 'Thinking AI' category, which focuses on market analysis and targeting.",10%,5%,85%,0%,0%
What Happens When Manufacturers Perform The Retailing Functions?,Li J.; Chan T.Y.; Lewis M.,2016,10.1111/poms.12549,"This study examines the effects of a relatively new channel structure on prices and sales in a large department store, which in recent years has switched the management of many of its product categories from a traditional retailer-managed system to a manufacturer-managed system. We find that the change caused overall retail prices to decrease. However, there was significant heterogeneity in the response across brands. In the cell phone category, brands with high market shares and inelastic demand did not change prices. In the watch category, the retail prices of relatively low-end brands decreased while the prices of premium brands increased substantially after the switch. In addition to sales increases due to lower prices, we find that the channel structure change further caused sales to increase by 9–10% in the cell phone category and by 11–17% in the watch category. These results are consistent with previous theoretical predictions. We believe that our results provide important academic and managerial implications due to the increasing prevalence of manufacturer-managed systems in the retail industry. © 2016 Production and Operations Management Society",channel management; decision delegation; empirical study; marketing; retailing,Wiley-Blackwell,scopus-prediction,20,Thinking AI,"['channel structure', 'prices', 'sales', 'market shares', 'demand', 'retail prices', 'sales increases', 'managerial implications']","The abstract discusses the impact of a new management system on pricing and sales in a retail context, emphasizing market analysis and the competitive dynamics that arise from the transition from retailer-managed to manufacturer-managed systems. It analyzes the effects on different product categories, which aligns well with the 'Market analysis' focus of Thinking AI. Additionally, the insights gained provide strategic implications for retailers, further supporting the classification.",0%,0%,100%,0%,0%
Estimating Network Effects in Two-Sided Markets,Hinz O.; Otter T.; Skiera B.,2020,10.1080/07421222.2019.1705509,"The proliferation of the Internet has enabled platform intermediaries to create two-sided markets in many industries. Time-series data on the number of customers on both sides of the markets allow platform intermediaries for estimating the direction and magnitude of network effects, which can then support growth predictions and subsequent information technology (IT) or marketing investment decisions. This article investigates the conditions under which this estimation of same-side and cross-side network effects should distinguish between its impact on the number of new customers (i.e., acquisition) and existing customers (i.e., their activity). The authors propose an influx-outflow model for doing so and conduct a simulation study to benchmark the new model against the traditional model. Further they compare the models in an illustrative empirical study in which they study the growth of an Internet auction platform. The results show that this separation of effects is beneficial because the existing customers on both sides of the market can influence the acquisition and dropout of other customers asymmetrically. The paper thus makes an important contribution that should impact the way how researchers and business practitioners measure network effects in two-sided markets. © 2020, © 2020 Taylor & Francis Group, LLC.",customer acquisition; customer churn; electronic commerce; online intermediaries; platform economy; Two-sided markets,Routledge,scopus-prediction,52,Thinking AI,"['network effects', 'acquisition', 'existing customers', 'model comparison', 'market growth']","The abstract discusses the estimation of network effects in two-sided markets, emphasizing market analysis and growth predictions based on customer behavior. The focus on differentiating between new customer acquisition and existing customer activity aligns with strategic analysis in marketing, making it appropriate for the Thinking AI category.",0%,0%,100%,0%,0%
B2B: A Paradigm Shift from Economic Exchange to Behavioral Theory: A Quest for Better Explanations and Predictions,Laplaca P.; da Silva R.V.,2016,10.1002/mar.20872,"The development of industrial marketing theory has been largely characterized by descriptive approaches in the scrutiny of B2B marketing phenomena. In its pursuit for scientific legitimacy and credibility to academics and practitioners alike, research into B2B relationships as a subject of scientific enquiry will need to seriously engage into what can be termed a true paradigm shift, one that advances discovery in this area from sheer descriptive analysis and reporting to the development of explanatory schemata and theoretical frameworks of a kind that allow for more accurate prediction of underlying B2B phenomena. In doing so, theoreticians and practitioners alike will be better equipped to understand both current and emerging issues at hand as well as their implications to organizations across any geography, cultural context, or business situation. Should this be attained with some degree of success, it will mean a reduction in ambiguity accruing to the decision making of individuals in organizations, and thus a significant contribution to the overriding objective of corporate strategic planning and correspondent resource allocation. © 2016 Wiley Periodicals, Inc.",,Wiley-Liss Inc.,scopus-prediction,26,Thinking AI,"['B2B marketing', 'theoretical frameworks', 'explanatory schemata', 'predictive analysis', 'corporate strategic planning']","The abstract discusses the need for a paradigm shift in B2B marketing research from descriptive analysis to developing explanatory frameworks that can predict B2B phenomena. This aligns with the focus on market analysis and targeting found in Thinking AI, as it emphasizes understanding current and emerging issues for better decision-making and resource allocation.",0%,0%,100%,0%,0%
Customer churns prediction in telecom using adaptive logitboost learning approach,Hemalatha M.; Mahalakshmi S.,2020,,"In telecom sector, huge amount of data is generated on daily routine owing to extensive client base. Business analysts and decision makers highlighted that including new customers seems to be costly than that of maintaining prevailing customers. Customer relationship management (CRM) and Business analysts have to recognize the cause of churn customers and to validate behavioural patterns from prevailing churn customer‘s data. This work anticipated a churn prediction model that utilizes clustering and classification approaches to recognize churn customers and to give factors that resides behind customer churning in telecom sectors. Feature selection is carried out with association attribute ranking model and weighted oversampling technique. The proposed approach initially classifies churn customers data with Adaptive Logitboost (ALB) classification algorithm for classifying the instance more appropriately. Generation of retention policies is a significant process of relationship management to eliminate churners. After performing classification approach, these model segments customers‘ data by categorization using requirement similarity matrix to acquire information gain. This model validates churn factors that are needed for determining primary cause of churn. By recognizing essential churn factors from customer data, CRM may enhance productivity by recommending appropriate promotions to set of customers based on association among behavioural patterns. Thereby, marketing campaigns are improved for the company. The anticipated churn prediction model is computed with metrics like precision, accuracy, F-measure, recall and receiving operating characteristics (ROC) area. Results depict that anticipated churn prediction provides better classification with ALB and customer profiling with requirement similarity matrix. Moreover, it provides cause of customer churning through generation of related pattern association. © 2020 IJSTR.",Association rule; Behavioural pattern; Churn customer; Prediction model; Similarity matrix,International Journal of Scientific and Technology Research,scopus-prediction,2,Thinking AI,"['churn prediction', 'customer relationship management', 'behavioral patterns', 'classification', 'retention policies', 'promotions', 'marketing campaigns']","The abstract discusses a churn prediction model that utilizes classification and clustering approaches to identify churn customers and understand the factors behind customer churning in the telecom sector. This aligns with the Thinking AI category, which focuses on market analysis and targeting through the use of analytics to improve marketing strategies. The model aims to enhance productivity and marketing campaigns by recommending promotions based on behavioral patterns, which is indicative of strategic analysis and targeting.",10%,15%,75%,0%,0%
“012012 or 111000”: preference for consumption pattern-seeking,Kim J.; Cui Y.; Hwang E.; Franklin D.; Seo Y.,2020,10.1108/EJM-03-2019-0224,"Purpose: This paper aims to examine how consumers make choices when they are faced with a fixed set of available options, consisting of both preferred and less-preferred choices, in the domain of food consumption. Specifically, the paper offers a novel perspective to predict repeated choice decisions in food consumption, which is termed as “pattern-seeking” – a consumption choice pattern that involves a coherent repetitive sequence of sub-groupings or coherently concentrated sub-groupings of options. Design/methodology/approach: Eight experimental studies that contrast the existing theoretical predictions regarding repeated choices (e.g. primacy effect, recency effect, variety vs consistency) against pattern-seeking were conducted using hypothetical and actual food choices. Findings: The results of experimental studies show that an explicit decision pattern (i.e. pattern-seeking) emerges as the most significant predictor of repeated choice in the food consumption domain. Research limitations/implications: This study offers a novel perspective on how consumers make repeated choices in the domain of food consumption. Practical implications: The results show that consumers prefer food consumption with a pattern (vs non-pattern). Thus, it would be better to generate marketing activities that allow customers to satisfy their pattern-seeking more easily. Originality/value: This study advances the literature on repeated food choices by demonstrating that people possess an inherent preference for patterns in food consumption. © 2020, Emerald Publishing Limited.",Consumer preference; Decision-making; Food consumption; Pattern seeking; Repeated choices,Emerald Group Holdings Ltd.,scopus-prediction,1,Feeling AI,"['consumer choices', 'food consumption', 'pattern-seeking', 'preference', 'decision pattern']","The abstract discusses consumers' preferences for patterns in food consumption and how these preferences influence their repeated choices. This aligns with the focus of Feeling AI on understanding customer needs and emotional preferences. The study suggests that marketing activities should cater to these patterns, emphasizing an emotional connection with the product choices of consumers.",70%,10%,20%,0%,0%
Scenarios in business and management: The current stock and research opportunities,Tiberius V.; Siglow C.; Sendra-García J.,2020,10.1016/j.jbusres.2020.08.037,"The scenario technique is widely used to cope with uncertainties plan for alternate future situations. The extensive research led to a scattered literature landscape. To organize the field quantitatively, we conduct bibliometric performance analyses and a bibliographic coupling analysis. Results show an increased interest in scenario research since 2009 and clear distinctions between strategic and operational as well as methodological and applied research. Future research can be expected to further enhance the method towards robust decision making and to combine it with methods searching for most likely scenarios, such as prediction markets, crowdsourcing, and superforecasting. Additionally, cognitive and behavioral aspects of using the scenario technique might draw further attention. The scenario technique is expected to be applied across all industries and will probably play an increasing role in currently underrepresented business functions such as marketing and innovation. © 2020 Elsevier Inc.",Bibliographic coupling; Bibliometric analysis; Scenario analysis,Elsevier Inc.,scopus-prediction,54,Thinking AI,"['scenario technique', 'decision making', 'market research', 'strategic research', 'operational research']","The abstract discusses the scenario technique, which is a method used for planning and decision making in uncertain environments. This aligns with the focus of 'Thinking AI', particularly in market analysis and strategic decision making. The mention of enhancing robust decision making and combining with other methods like crowdsourcing indicates a deep analytical approach to understanding future scenarios in business, including marketing.",0%,0%,100%,0%,0%
Predicting faculty membership – application of student choice logit model,Kopanidis F.Z.; Shaw M.J.,2017,10.1108/ET-08-2015-0078,"Purpose: Educational institutions are caught between increasing their offer rates and attracting and retaining those prospective students who are most suited to course completion. The purpose of this paper is to demonstrate the influence of demographic and psychological constructs on students’ preferences when choosing to study in a particular faculty through the application and testing of a student choice logit model based on data collected from a survey of existing students. Design/methodology/approach: Logistic regression techniques were used to estimate the probability of undergraduate prospective students’ choices with reference to a set of variables that allows for the prediction and classification of students (n=304) at an Australian university. Using the estimated coefficients of both student characteristics and psychological variables, probability outputs were constructed to compute the faculty membership for student groups. Outputs were also illustrated via a set of simulation analyses. Findings: The results of the student choice logit model are highly significant suggesting demographic, socioeconomic and psychological variables play a role in the prediction of faculty membership of undergraduate students. Practical implications: These findings have implications for researchers, educational policy makers and career planners. The study also suggests that these policies should take into account the complexities of multi-attribute influences on students’ decision-making choices. Originality/value: This research offers an innovative marketing use of logistics regression techniques with application of the student choice logit model through predicting the likelihood of faculty membership in an education context. © 2017, © Emerald Publishing Limited.",Higher education; Logit model; Membership,Emerald Group Publishing Ltd.,scopus-prediction,4,Thinking AI,"['demographic variables', 'psychological constructs', 'student preferences', 'logit model', 'market analysis', 'predicting faculty membership']","The abstract discusses the application of a student choice logit model and logistic regression techniques to analyze the factors influencing students' choices regarding faculty membership. This aligns closely with the 'Market analysis' focus of Thinking AI, as it involves understanding and predicting student behavior based on demographic and psychological data. The study's implications for educational policy and the complexities of decision-making also suggest a strategic analysis aspect typical of Thinking AI applications.",0%,10%,90%,0%,0%
Detect potential relations by link prediction in multi-relational social networks,Chen L.; Gao M.; Li B.; Liu W.; Chen B.,2018,10.1016/j.dss.2018.09.006,"Potential relation detecting on social network has become more important for decision making in many business disciplines, such as marketing, business strategy, human resources development, finance planning, business transformation, insurance policy design, and tourism management. People are used to seeking useful information from the relationships among social members to support their decisions on investment, partner seeking and marketing. Corporations are seeking opportunities to leverage them for “word of mouth” advertising based on the relations between the customers. When we collect and observe relationships between people, missing or redundant relations unavoidably occur since the time and cost restrictions in market or social investigation prevent us to discover all the relations. Moreover, since the social relations are changing constantly, current social relations may disappear, and new relations will be established. Many trade and social networks consist of multiple types of relations between the individuals. This paper presents an efficient method to detect the potential and future social relations between individuals in multi-relational social networks using link prediction. First, we calculate the belief of each individual by belief propagation on each type of relations. Based on the belief vectors, the similarities between various types of relations are computed to measure their mutual influence. Based on the similarities between various types of relations, we model link prediction as the problem of matrix completion by optimizing its max-norm constrained formulation. We propose a projected gradient descent optimization algorithm which is scalable to large size networks. Empirical results on real multi-relational social networks demonstrate that the predicting results of our algorithm have higher quality compared with other similar algorithms. © 2018",Link prediction; Matrix completion; Multi-relational social networks; Potential relations; Similarity,Elsevier B.V.,scopus-prediction,10,Thinking AI,"['social network', 'decision making', 'marketing', 'link prediction', 'business strategy', 'multi-relational social networks', 'market investigation']","The abstract discusses the detection of potential relations in social networks and emphasizes the importance of these relationships for decision-making in various business disciplines, including marketing. The focus on predicting social relations and analyzing the similarities between different types of relations aligns closely with market analysis and strategic targeting. The method proposed involves using analytics to enhance understanding and decision-making, which is characteristic of Thinking AI.",10%,0%,90%,0%,0%
"The past, present, and future of consumer research",Malter M.S.; Holbrook M.B.; Kahn B.E.; Parker J.R.; Lehmann D.R.,2020,10.1007/s11002-020-09526-8,"In this article, we document the evolution of research trends (concepts, methods, and aims) within the field of consumer behavior, from the time of its early development to the present day, as a multidisciplinary area of research within marketing. We describe current changes in retailing and real-world consumption and offer suggestions on how to use observations of consumption phenomena to generate new and interesting consumer behavior research questions. Consumption continues to change with technological advancements and shifts in consumers’ values and goals. We cannot know the exact shape of things to come, but we polled a sample of leading scholars and summarize their predictions on where the field may be headed in the next twenty years. © 2020, Springer Science+Business Media, LLC, part of Springer Nature.",Consumer behavior; Consumer culture theory; Information processing; Judgement and decision-making,Springer,scopus-prediction,63,Thinking AI,"['consumer behavior', 'research trends', 'market analysis', 'technological advancements', 'consumption phenomena']","The abstract discusses the evolution of consumer behavior research, highlighting changes in retailing and consumption due to technology and shifts in consumer values. It emphasizes the importance of market analysis and suggests generating new research questions based on observations of consumption phenomena, which aligns with the focus on market analysis and targeting in Thinking AI.",0%,0%,100%,0%,0%
Consumers can learn and can forget – Modeling the dynamic decision procedure when watching TV,Song L.; Fai Tso G.K.,2020,10.1016/j.jmse.2020.05.002,"Facing the challenge of attracting consumers and winning market share under the proliferation of TV stations and channels, the traditional TV stations often make some marketing strategies. However, how to evaluate the effectiveness of different strategies and select the best one is a key issue. This study proposes to resolve this problem. We develop an innovative structural model to simulate the dynamic choices consumers make under two interactive behaviors: learning and forgetting. Learning behavior refers to updating programme quality assessment by using experience, while forgetting behavior prevents the use of previous experience. The Bayesian rules are employed to model learning behavior, and they are extended by incorporating an exponential decay function to measure the effect of forgetting behavior. The structural model is tested and validated by using Hong Kong television viewing data. The empirical results show that when modeling consumer choice decisions, considering learning and forgetting behavior significantly improves the performance of the model in regard to rating prediction and marketing strategy evaluation. Five cases are simulated to show how the model is used to evaluate marketing strategies. Managerial implications are then discussed to guide the decision-making of traditional TV broadcasters and advertisers. © 2020 China Science Publishing & Media Ltd.",Bayesian updating theory; Dynamic learning; Forgetting; Marketing strategy evaluation,KeAi Communications Co.,scopus-prediction,4,Thinking AI,"['marketing strategies', 'consumer choice decisions', 'learning behavior', 'forgetting behavior', 'modeling', 'evaluation']","The abstract focuses on developing a structural model to evaluate the effectiveness of marketing strategies for traditional TV stations by simulating consumer choices. The emphasis on market analysis, specifically how consumers learn and forget, aligns with the Thinking AI category, which involves market analysis and targeting strategies. The model's application in evaluating marketing strategies demonstrates an analytical approach to understanding consumer behavior in a competitive market.",0%,0%,100%,0%,0%
A decision support system based on machined learned Bayesian network for predicting successful direct sales marketing,Hosseini S.,2021,10.1080/23270012.2021.1897956,"This paper proposes a decision support system based on a machine-learned Bayesian network (BN) to predict the success rate of telemarketing calls for long-term bank deposits. Telemarketing is one of the most common interactive techniques of direct marketing, widely used by financial institutions such as banks to sell long-term deposits. In this study, we develop a BN model that predicts the likelihood that a potential client subscribes to a long-term deposit, which is considered an output variable. The causal relationship among client attributes and outcomes has been identified using the augmented Naïve Bayes approach, a well-known supervised learning algorithm. The impact of each client's attribute on the likelihood of subscribing is predicted. Further, we carry out multiple simulation scenarios using BN’s unique features (forward and backward propagation) to provide more in-depth discussions and analysis on predicting the likelihood of subscription for clients with particular characteristics. © 2021 Antai College of Economics and Management, Shanghai Jiao Tong University.",decision making; decision support system; prediction; sales marketing,Taylor and Francis Ltd.,scopus-prediction,11,Thinking AI,"['decision support system', 'predict', 'success rate', 'telemarketing', 'Bayesian network', 'client attributes', 'likelihood', 'subscription']","The abstract discusses the development of a Bayesian network model for predicting the success rate of telemarketing calls related to bank deposits. This involves market analysis and targeting potential clients based on their attributes, which aligns with the characteristics of Thinking AI. The focus is on leveraging analytical models to understand and predict customer behavior, rather than on emotional data or automated processes.",0%,0%,100%,0%,0%
The bias bias,Brighton H.; Gigerenzer G.,2015,10.1016/j.jbusres.2015.01.061,"In marketing and finance, surprisingly simple models sometimes predict more accurately than more complex, sophisticated models. Here, we address the question of when and why simple models succeed - or fail - by framing the forecasting problem in terms of the bias-variance dilemma. Controllable error in forecasting consists of two components, the ""bias"" and the ""variance"". We argue that the benefits of simplicity are often overlooked because of a pervasive ""bias bias"": the importance of the bias component of prediction error is inflated, and the variance component of prediction error, which reflects an oversensitivity of a model to different samples from the same population, is neglected. Using the study of cognitive heuristics, we discuss how to reduce variance by ignoring weights, attributes, and dependencies between attributes, and thus make better decisions. Bias and variance, we argue, offer a more insightful perspective on the benefits of simplicity than Occam''s razor. © 2015 .",Bias bias; Bias-variance dilemma; Occam's razor; Out-of-sample prediction; Simple heuristics; Uncertainty,Elsevier Inc.,scopus-prediction,85,Thinking AI,"['forecasting', 'bias-variance dilemma', 'cognitive heuristics', 'decision making', 'prediction error']","The abstract discusses the effectiveness of simple models in forecasting within marketing and finance contexts, emphasizing the bias-variance trade-off. This aligns well with the Thinking AI category, which focuses on market analysis and decision-making strategies. The emphasis on understanding prediction error components and cognitive heuristics further supports this classification.",0%,0%,100%,0%,0%
Environmental considerations in the purchase decisions of Ghanaian consumers,Opoku R.; Famiyeh S.; Kwarteng A.,2020,10.1108/SRJ-11-2016-0206,"Purpose: By relying on the Theory of Planned Behavior, this paper aims to understand the relative importance of attitude, subjective norm (SN), behavioral control, self-identity (SI) and past behavior in the prediction of green purchase behavior among Ghanaian consumers. Design/methodology/approach: In total, 306 graduate students were surveyed on the environmental considerations in their purchase behavior using hierarchical multiple regression analysis. Findings: The results of the study indicate that, in general, attitude and SI are more important than SN in influencing green purchase intention in a collectivistic country, such as Ghana. Yet, most respondents were neutral in their responses to questions as to whether they are green consumers and/or if they consider themselves to be concerned about environmental issues. Originality/value: This is the first attempt to study environmental consideration in purchase decisions in Ghana, a resource-rich, emerging and one of the strongest economies in sub-Saharan Africa. © 2019, Emerald Publishing Limited.",Environment; Ghana; Green consumer; Green marketing; Sub-Saharan Africa; Theory of planned behaviour,Emerald Group Holdings Ltd.,scopus-prediction,10,Feeling AI,"['green purchase behavior', 'attitude', 'subjective norm', 'self-identity', 'environmental considerations', 'consumer behavior']","The abstract focuses on understanding consumer behavior related to green purchases, emphasizing attitudes and self-identity as significant factors influencing intentions. This aligns with the Feeling AI category, which emphasizes understanding customer needs and emotional connections to products, particularly in the context of environmental awareness. The study's intention to understand how emotional and identity factors influence consumer decisions reflects a deep customer understanding rather than automated processes or market analysis.",70%,10%,20%,0%,0%
Optimal combinations of factors influencing the sustainability of Taiwanese firms,Lo F.-Y.; Wong W.-K.; Geovani J.,2021,10.1108/IJOEM-02-2020-0205,"Purpose: The authors aim to obtain the optimal combinations of factors from institutional environment adaptation mechanisms and internal resources or capabilities that influence the sustainability of a firm. Design/methodology/approach: The authors develop a new index, called the sustainability index, based on the stakeholder perspective by employing a corporate credit risk index, an evaluation of a firm's corporate governance, corporate financial performance and firm age. The authors then apply both Ordinary Least Squares (OLS) Regression Analysis and Fuzzy set Qualitative Comparative Analysis (FsQCA) to obtain the optimal models for firms' sustainability. Findings: The OLS analysis shows that the variables including financial leverage, slack, innovation capability, manufacturing capability and human capital that have significant influences on the sustainability of firms. Our FsQCA analysis obtains configurations of several solutions for firm sustainability and concludes that the fit of combinations of institutional factors and/or internal resources and capabilities of a firm is related to its sustainability. Research limitations/implications: The limitations in our new index include these: first, one may add more key metrics to measure the index; second, the findings do not provide any necessary nor a sufficient condition to get sustainability for sure. The limitations of using multiple regression analysis are that it is not able to reveal the combinations of causal conditions that can lead to the outcome in the real world as well as to the sustainability of a firm in our study. To overcome the limitations, the authors apply fsQCA analysis to identify combinations of causal conditions to a firm's sustainability in our study. Practical implications: Introducing the sustainability index enables us to find out all factors influencing the sustainability of a firm. The authors’ analysis can be used to identify combinations of causal conditions to lead to outcomes in the real world. Their analysis enables managers to know how to predict the sustainability of the firm. For example, the authors’ fsQCA analysis shows that low marketing capability will lead to the high sustainability of the firm. This information helps managers to make the decision or plan to achieve good results toward their businesses and get better allocate their resources and get a better investment. Social implications: The authors’ analysis can be used to identify combinations of causal conditions to lead to outcomes in the real world and enable managers to know how to predict the sustainability of the firm. A correct prediction can assist companies in developing their future operations, which would enhance their competitiveness vis-à-vis rivals during this time of global economic volatility, which, in turn, enables firms to perform better and employ more employees that could help the entire society. Originality/value: The sustainability index the authors developed in our paper is new in the literature and the findings obtained by both OLS Regression Analysis and FsQCA are new in predicting a firm's sustainability. The authors’ findings are useful for academics, managers and policymakers in predicting and maintaining a firm's sustainability. © 2021, Emerald Publishing Limited.",Corporate sustainability; Factors of sustainability; Fuzzy set qualitative comparative analysis; Prediction model; Sustainability index,Emerald Group Holdings Ltd.,scopus-prediction,19,Thinking AI,"['sustainability', 'corporate governance', 'financial performance', 'innovation capability', 'market analysis', 'predicting sustainability', 'resource allocation']","The abstract discusses the development of a sustainability index and the use of regression analysis and fuzzy set qualitative comparative analysis to identify factors influencing a firm's sustainability. This aligns with the 'Thinking AI' category, which focuses on market analysis and strategic insights that can help firms understand their competitive advantages and predict future operations. The emphasis on analysis and prediction of sustainability reflects the strategic analysis aspect of 'Thinking AI'.",0%,0%,100%,0%,0%
Revisiting optimal cutoff score determination in direct marketing using BLINEX loss: Bayesian decisive prediction approach,Levy M.S.; Wen D.; Chakilam V.; Wang H.-Y.,2016,10.1080/01966324.2016.1173607,"We develop a method to predict an optimal cutoff point from an ascending list of potential customer activation scores tomaximize profit in a future direct marketing campaign. The scoring model is based upon attributes available froma database. Our Bayesian predictive decision theoretic solution is based on two features: (1) a three-parameter bounded, asymmetric loss function BLINEX that has a higher penalty for failure to choose good prospects rather than including too many bad prospects; and (2) a Bayesian nonstandard t-predictive distribution for a future optimal score derived from normal-gamma likelihood function with unknown mean and variance based on data consisting of past optimal activation scores together with a four-parameter conjugate prior. The parameters of the BLINEX loss are also derived from past data. A comparison of BLINEX derived profits with those fromtraditional squared error loss is made via a fractional factorial experimental design with a half-normal analysis. It shows that our method is far superior based on predicted profit and that, of all parameters, the BLINEX asymmetry and prior mean are the most influential main effects. © 2016 Taylor and Francis Group, LLC.",Bayesian decision theory; Bayesian prediction; BLINEX loss; Predictive inference; Scoring models,Taylor and Francis Ltd.,scopus-prediction,0,Thinking AI,"['predict', 'profit', 'customer activation scores', 'Bayesian predictive', 'market campaign']","The abstract discusses a method for predicting an optimal cutoff point in a direct marketing campaign, focusing on maximizing profit through a scoring model based on customer attributes. This aligns with the 'Thinking AI' category, which emphasizes market analysis and targeting strategies. The methodology involves analyzing past data and applying statistical techniques to improve decision-making in marketing campaigns, making it primarily analytical rather than emotional or purely mechanical.",0%,0%,100%,0%,0%
Signaling effects and the role of culture: movies in international auxiliary channels,Sinha A.; Gu H.; Kim N.; Emile R.,2019,10.1108/EJM-09-2017-0587,"Purpose: Given the high uncertainty in the quality perception of experiential products, manufacturers use signals to influence consumers’ decisions. In the movie industry, literature shows that performance of the main channel (e.g. cinema) strongly influences the performance of auxiliary channels (e.g. DVDs). The success of a movie in the home country is also to be resonated by its good performance in host countries. However, the cultural contingency of these success-breeds-success (SBS) effects has not been examined. This paper aims to test the influence of cultural values on the SBS effects across channels and countries. Design/methodology/approach: Borrowing concepts from the signaling literature and analyzing DVD sales data from six international markets using a multilevel mixed-effects model, the study finds that culture plays a significant role to influence both SBS effects. Findings: In countries with low power distance, short-term orientation and high indulgence, consumers who purchase from auxiliary channels are more likely to be influenced by the box office performance of movies. Meanwhile, cultural distance between the home and host nations significantly decreases the cross-national SBS effect. Research limitations/implications: The findings are likely to be generalized to online auxiliary channels of movies, but empirical testing is required to ensure that no major adaptation is required in the process. Future research can also extend the framework of this paper to include more countries into the analysis and investigate cultural variables beyond Hofstede’s dimensions. Practical implications: This paper suggests that the SBS effects may vary across nations. When managers plan for the sequential distributions of experiential products, the cultural values of target markets should be considered to decrease the uncertainty in sales prediction. Originality/value: This paper contributes to the existing literature by investigating the international auxiliary channels of movies and incorporating cultural values into the framework of sequential distributions. To the best of the authors’ knowledge, this study is the first to test the links between the main and auxiliary channels from an international marketing perspective. © 2019, Emerald Publishing Limited.",Auxiliary channels; Cultural values; Hierarchical mixed-effect models; International marketing; Movies,Emerald Group Holdings Ltd.,scopus-prediction,5,Thinking AI,"['cultural values', 'SBS effects', 'market analysis', 'consumer decisions', 'sequential distributions']","The abstract discusses the influence of cultural values on the success of movies across different countries and channels, highlighting the significance of market analysis in understanding consumer behavior and sales predictions. This aligns with the Thinking AI category, which focuses on market analysis and targeting strategies based on identified variables. The findings suggest a strategic approach for managers in planning their marketing efforts, particularly in understanding how cultural dynamics affect consumer decisions, thus relating closely to the principles of thinking AI.",0%,0%,100%,0%,0%
EEG frontal asymmetry predicts product purchase differently for national brands and private labels.,Garczarek-Bak U.; Disterheft A.,2018,10.1037/npe0000094,"The results of the following study show that among various neurophysiological measures, only the frontal asymmetry index measured with electroencephalography was significant in predicting further purchase decisions. The decision to buy was also influenced by the brand type (national brand or private label). Data from 21 participants were recorded during exposure to 20 fast-moving consumer goods. The electroencephalographic signal from the frontal lobe (F3 and F4) served to calculate the frontal asymmetry index for alpha, beta, and gamma bands. Electromyographic electrodes were placed on the zygomaticus major and corrugator supercilii muscles, whereas the galvanic skin responses were gathered from the forefinger and ring finger of the nondominant hand. Eye tracking glasses were used to control for eye movements. After product exposure, participants filled in the Purchase Intentions Scale, which then served to assess the final binary decision. A logistic regression model was applied to determine which neurophysiological factors play a crucial role in predicting a purchase decision and whether the brand type is relevant. The prediction rate of the resulting model was 65.8%. The article describes the possible implications of these results. © 2018 American Psychological Association.",eyetracking; facial expression; frontal asymmetry; galvanic skin response; purchase decisions,American Psychological Association Inc.,scopus-prediction,15,Feeling AI,"['neurophysiological measures', 'frontal asymmetry index', 'purchase decisions', 'brand type', 'Purchase Intentions Scale', 'emotional data']","The abstract discusses how neurophysiological measures, particularly the frontal asymmetry index, are used to predict purchasing decisions. This indicates an analysis of emotional responses to different brands and products, aligning with the focus on understanding customer emotions, needs, and wants. Additionally, the study's implications relate to customer engagement and positioning in marketing, which is a core aspect of Feeling AI.",70%,10%,20%,0%,0%
A primer to the general theory of behavioral strategies in business-to-business marketing,Woodside A.G.,2014,10.1108/S1069-096420140000021012,"The general theory of behavioral strategies includes a set of propositions supporting alternative configurations of objectives, contextual features, and beliefs/assessments by executives. The theory includes the outcomes of selections of specific decision alternatives. Building behavioral-strategy models in contexts enriches one or more goals of science and practice: description, understanding, prediction, and influence/control. This chapter is a primer to the general theory. A brief review of relevant empirical studies supports the general theory. The empirical studies include the use of alternative data collection and analytically tools including true field experiments, think aloud methods, long interviews, statistical hypothesis testing, ethnographic decision tree modeling, and building and testing algorithms (e.g., qualitative comparative analysis, QCA). The general theory is the blending of cognitive science, economics, marketing, psychology, and implemented practices in explicit contexts. Consequently, behavioral-strategy theory is distinct from context-free microeconomics, market-driven, and competitor-only decision-making. Capturing and reporting contextually driven alternative routines to strategy setting by a compelling set of propositions represents what is particularly new and valuable about the general theory. The general theory serves as a useful foundation for advances theory and improving the practice of implemented strategies. Copyright © 2014 by Emerald Group Publishing Limited.",Behavioral; Business-to-business; Configuration; Empiricism; Pricing; Theory,Emerald Group Publishing Ltd.,scopus-prediction,4,Not Identified,"['behavioral strategies', 'decision alternatives', 'cognitive science', 'contextual features', 'empirical studies']","The abstract discusses a general theory of behavioral strategies that integrates various fields, including cognitive science, economics, and marketing. It emphasizes decision-making processes and empirical research methodologies rather than specific applications of AI in marketing. The concepts presented do not clearly align with the defined categories of Mechanical AI, Thinking AI, or Feeling AI, as they focus more on theoretical foundations and empirical studies rather than direct marketing applications. Hence, the content is categorized as 'Not Identified'.",0%,0%,0%,0%,100%
Aras Design and Multimedia Centre (ADMC): it’s pricing strategy for video internet market training,Basiruddin R.; Tobi S.U.M.; Quoquab F.,2016,10.1108/EEMCS-01-2016-0003,"Subject area: Managerial Accounting, Strategic Marketing. More specifically, cost behavior, cost estimation, cost prediction, cost-volume-profit (CVP) analysis, contribution income statement and pricing/promotional strategy. Study level/applicability: This case is suitable to be used in advanced undergraduate level. Case overview: This case demonstrates the issues relating to pricing strategy of “Video Internet Marketing Training”. Diyana Tahir and her husband, Abdul Rahim Abdul Shukor, established Aras Design & Multimedia Centre (ADMC) on January 17, 2009. The main office was located at Kuala Lumpur. Diyana was a well-known name in the field of internet video marketing training. In its early years, ADMC’s operation was limited to providing printing and graphic design services and offering printing materials for photocopy. However, with the passage of time, the company began to expand its services and offerings. At the beginning of 2010, ADMC offered editing facilities and services for video and multimedia in addition to its core services. As a unique marketing strategy, Diyana offered RM30 as the basic training fee for each participant, which was equivalent to RM470 value offered. In this way, she attracted customers to take part in further advanced level training that was conducted by ADMC. However, she felt that the number of participant to take advanced training was not satisfactory. She thought that it happened perhaps due to the fact that the participants were not much committed to the course since it was offered at a nominal price. Furthermore, she realized that the cost of providing such training had risen in the past six months. Currently, ADMC suffered losses in three consecutive months, and they really needed enough cash to sustain. As such, Diyana was thinking to reconsider the offered course fees whether to increase it. She was in a rush to make a decision to propose the new course fee in the monthly meeting with management committee at the end of April 2013. Expected learning outcomes: Using this case, students can learn how a small-scale company can strategize its pricing strategy to survive in the highly competitive online market. The objectives of using this case are as follows: to help students in understanding the interrelationships between CVP in organization that can be used for future planning and decision-making; to be able to identify the cost structure of the basic training course (e.g. fixed and variable costs), determine the contribution margin, break-even point and prepare the contribution income statement that highlighting cost behavior; to help students to think critically while setting the price for the offered services; to develop students’ ability in analyzing the existing situation to come up with a viable and effective solution; to assist students in taking the right move in a right time; to broaden students’ views and understanding in considering the monetary aspect along with the human aspect in formulating an effective marketing strategy; to develop students’ understanding of the way to retain and attract customers through innovative pricing strategy; and to make students aware that innovation is the key to business success. Supplementary materials: Teaching notes are available for educators only. Please contact your library to gain login details or email support@emeraldinsight.com to request teaching notes. Subject codes: CSS 1: Accounting and Finance. © 2016, Emerald Group Publishing Limited.",Accounting/accountancy; Cost management/planning; Pricing policy; Promotion,Emerald Group Publishing Ltd.,scopus-prediction,0,Thinking AI,"['pricing strategy', 'cost behavior', 'cost estimation', 'cost-volume-profit analysis', 'strategic marketing', 'customer understanding', 'competitive market']","The abstract focuses on the strategic analysis of pricing and cost behavior in the context of a marketing strategy for a training service. It discusses how the company can analyze costs and pricing to attract more participants, which aligns with market analysis and decision-making processes. The emphasis on understanding the cost structure, contribution margin, and break-even point reflects the use of marketing analytics to make informed decisions in a competitive environment.",10%,0%,90%,0%,0%
Predictive validity of evidence-based persuasion principles: An application of the index method,Armstrong J.S.; Du R.; Green K.C.; Graefe A.,2016,10.1108/EJM-10-2015-0728,"Purpose – This paper aims to test whether a structured application of persuasion principles might help improve advertising decisions. Evidence-based principles are currently used to improve decisions in other complex situations, such as those faced in engineering and medicine. Design/methodology/approach – Scores were calculated from the ratings of 17 self-trained novices who rated 96 matched pairs of print advertisements for adherence to evidence-based persuasion principles. Predictions from traditional methods – 10,809 unaided judgments from novices and 2,764 judgments from people with some expertise in advertising and 288 copy-testing predictions – provided benchmarks. Findings – A higher adherence-to-principles-score correctly predicted the more effective advertisement for 75 per cent of the pairs. Copy testing was correct for 59 per cent, and expert judgment was correct for 55 per cent. Guessing would provide 50 per cent accurate predictions. Combining judgmental predictions led to substantial improvements in accuracy. Research limitations/implications – Advertisements for high-involvement utilitarian products were tested on the assumption that persuasion principles would be more effective for such products. The measure of effectiveness that was available –day-after-recall – is a proxy for persuasion or behavioral measures. Practical/implications – Pretesting advertisements by assessing adherence to evidence-based persuasion principles in a structured way helps in deciding which advertisements would be best to run. That procedure also identifies how to make an advertisement more effective. Originality/value – This is the first study in marketing, and in advertising specifically, to test the predictive validity of evidence-based principles. In addition, the study provides the first test of the predictive validity of the index method for a marketing problem. © 2016, © Emerald Group Publishing Limited.",Advertising; Combing forecasts; Copy testing; Expertise; Intentions; Judgmental forecasting,Emerald Group Publishing Ltd.,scopus-prediction,11,Thinking AI,"['persuasion principles', 'advertising decisions', 'effectiveness', 'copy testing', 'market analysis']","The abstract discusses the application of evidence-based persuasion principles in advertising to enhance decision-making. This aligns with the focus of Thinking AI, which involves market analysis and the strategic assessment of advertising effectiveness. The study's findings suggest that systematic evaluation can lead to better targeting and effectiveness in advertising, supporting the use of analytics in marketing.",0%,0%,100%,0%,0%
Agent-based simulation in management and organizational studies: a survey,Gómez-Cruz N.A.; Loaiza Saa I.; Ortega Hurtado F.F.,2017,10.1108/ejmbe-10-2017-018,"Purpose: The purpose of this paper is to provide a comprehensive survey of the literature about the use of agent-based simulation (ABS) in the study of organizational behavior, decision making, and problem-solving. It aims at contributing to the consolidation of ABS as a field of applied research in management and organizational studies. Design/methodology/approach: The authors carried out a non-systematic search in literature published between 2000 and 2016, by using the keyword “agent-based” to search through Scopus’ business, management and accounting database. Additional search criteria were devised using the papers’ keywords and the categories defined by the divisions and interest groups of the Academy of Management. The authors found 181 articles for this survey. Findings: The survey shows that ABS provides a robust and rigorous framework to elaborate descriptions, explanations, predictions and theories about organizations and their processes as well as develop tools that support strategic and operational decision making and problem-solving. The authors show that the areas that report the highest number of applications are operations and logistics (37 percent), marketing (17 percent) and organizational behavior (14 percent). Originality/value: The paper illustrates the increasingly prominent role of ABS in fields such as organizational behavior, strategy, human resources, marketing and logistics. To-date, this is the most complete survey about ABS in all management areas. © 2017, © Nelson Alfonso Gómez-Cruz, Isabella Loaiza Saa, and Francisco Fernando Ortega Hurtado.",Agent-based simulation; Complexity; Decision making; Organizational simulation; Organizational studies; Simulation as a method,Emerald Group Holdings Ltd.,scopus-prediction,51,Thinking AI,"['agent-based simulation', 'organizational behavior', 'decision making', 'problem-solving', 'strategic decision making', 'operational decision making', 'marketing']","The abstract discusses the application of agent-based simulation (ABS) in organizational behavior and decision-making, particularly highlighting how it can be used to develop tools that support strategic and operational decision making. This aligns closely with the definitions of Thinking AI, which focuses on market analysis and targeting. The mention of marketing as one of the prominent application areas (17%) further supports this classification.",0%,0%,100%,0%,0%
A 2020 perspective on “Online ad effectiveness evaluation with a two-stage method using a Gaussian filter and decision tree approach”,Wang H.; Hong M.,2020,10.1016/j.elerap.2020.100928,"Online ads create opportunities for advisers to discover potential customers by delivering marketing massages through the Internet. Effectiveness evaluation of online ads is useful so they can save unnecessary costs and increase their profitability. The task of early removal of ineffective online ads is a key aspect of effectiveness evaluation. Few studies have focused on early removal of ineffective online ads though. To address this problem, we propose a two-stage method based on a Gaussian filter and a decision tree (M-GFDT). Our method uses a Gaussian filter to adjust distribution of business data in the first stage and builds a decision tree classifier to remove ineffective online ads and at the same time achieve high accuracy for predicting effective online ads. The second stage involves validation of our method experimentally, with data from a cross-border e-commerce firm. The research evaluation results demonstrate that our method is able to achieve high accuracy in predicting effective online ads. It also aids in the removal of ineffective online ads as early as possible. The prediction results of M-GFDT and the method itself are useful for helping advertisers to optimize their ad strategies. © 2020",Data analytics; Decision tree; Effectiveness evaluation; Gaussian filter; Online ad,Elsevier B.V.,scopus-prediction,3,Thinking AI,"['effectiveness evaluation', 'online ads', 'decision tree classifier', 'predicting effective online ads', 'removal of ineffective ads', 'optimize ad strategies']","The abstract focuses on the evaluation and prediction of the effectiveness of online ads, employing a decision tree classifier to identify and remove ineffective ads. This aligns closely with the 'Thinking AI' category, which emphasizes market analysis and targeting. The method proposed aims to enhance the strategic decision-making process for advertisers, thereby optimizing advertising strategies based on data-driven insights.",0%,0%,100%,0%,0%
The role of situational factor on buyer characteristics and purchase decision among Malaysian low-cost airline travellers,Kalaiarasan K.; Govindan S.; Nasaratnam S.,2018,,"Buyer characteristics are a set of psychological, social, personal, and cultural factors which influence purchase decisions. Buyer characteristics lead to the purchase of a product or service, which impacts organization profit maximization and sustainability. Therefore, organizations emphasize building strong relationship with buyers. This has become a marketing priority in the current marketing environment. In airline perspective, the Malaysian low-cost airline industry is a major contributor to the national and global economy. However, the low-cost airline industry is facing purchase decision issues on domestic traveller aspect. Thus, the objective of this research is to investigate the significant relationship between buyer characteristics and purchase decision and to examine whether situational factors act to strengthen purchase decisions. As such, this research focused on how buyer characteristics impact purchase decision. In addition, situational factors as a moderation effect on purchase decision were tested using survey questionnaire. The sample for this research was 200 low-cost Malaysian travellers. The findings of this research revealed that buyer characteristic had a significant relationship with purchase decision and the situational factor moderated to strength the model with 62.5% of prediction. Besides, it is found that the social factor had strong association with purchase decision. © 2018, Universita Putra Malaysia.",Buyer characteristics; Low-cost airline; Purchase decision; Situational factor,Universita Putra Malaysia,scopus-prediction,2,Feeling AI,"['buyer characteristics', 'purchase decision', 'social factor', 'relationship with buyers', 'customer understanding']","The abstract discusses buyer characteristics, which are psychological and social factors influencing purchase decisions. It emphasizes understanding customer behavior and the relationship between these factors and purchase decisions, indicating a focus on customer understanding and emotional needs. The mention of social factors suggests a connection to the emotional aspect of buyer behavior, aligning it closely with the Feeling AI category.",70%,10%,20%,0%,0%
Towards automatic customer purchase behaviours prediction through a social media lens using the hidden markov model,Lasmy; Chowanda A.; Herman R.T.; Notoatmojo B.,2016,,"In this research article, we present our work on building computational prediction models to dynamically predict users' purchase behaviours by implementing Hidden Markov Models (HMM). The models can be used by decision makers in a company to develop a strategy (e.g. marketing, products development) based on the prediction results. We evaluate the model using our datasets of Facebook. We collected the data by utilising Facebook API. Furthermore, we implemented a Hidden Markov Model (HMM) algorithm to the datasets to provide a dynamic prediction of customers' purchase behaviours over time. In the preliminary evaluation, we implemented our model to the datasets with t=2. In our datasets, we found that the category, electronics, was the most favourite topic to discuss, share and like regarding electronics. Interestingly, we found that a positive direction for its trend appeared in the second run of the model. © 2016 Universiti Putra Malaysia Press.",Computational prediction model; Customer purchase behaviour; Facebook datasets; Hidden Markov Model; Strategic management,Universiti Putra Malaysia,scopus-prediction,0,Mechanical AI,"['purchase behaviours', 'Hidden Markov Models', 'data collection', 'Facebook API', 'prediction models']","The abstract discusses building computational prediction models to dynamically predict users' purchase behaviours by using Hidden Markov Models. This involves data collection from Facebook to analyze customer behavior, which aligns with the focus on data collection and segmentation in Mechanical AI. The emphasis on automating the prediction process and understanding customer preferences also fits well within this category.",0%,70%,20%,0%,10%
Cause-related marketing and the effect of 99-ending pricing,Jaber M.; Jaber K.,2020,10.1108/JCM-12-2018-2993,"Purpose: Cause-related marketing (CRM) campaigns have become common features of the marketplace. CRM often involves a for-profit business agreeing to contribute a specified amount to a cause when the business’s customers engage in revenue-generating exchanges. Despite the central role that price is likely to play in a consumer’s decision to purchase or not to purchase an offer associated with a CRM campaign, to the best of the authors’ knowledge, very few have examined price framing effects in a CRM context. This paper aims to explore the effect of rightmost digits manipulation in prices on participation intentions for CRM campaigns. Design/methodology/approach: In Study 1, 241 college students participated in an online experiment for class credit. The experiment used a 3 (price level: low, medium and high) × 2 (price ending: 99 ending and no ending) between-subjects design. The dependent variable was participation intention, and several moderators and mediators were considered. PROCESS was used to test the moderated mediation. In Study 2, 351 subjects participated in an online experiment with a design similar to the earlier study. In Study 2, however, new mediators were added and the moderated mediation was tested using SPSS PROCESS macro. Findings: This research shows that price ending impacts the effectiveness of CRM as a tactic on consumers’ purchase intentions. Consistent with the authors’ prediction, this study shows that consumers exposed to a 99-ending CRM offer are more likely to participate in the offer compared to consumers exposed to a no-ending priced offer. Offer attractiveness, elaboration and corporate social responsibility were also shown to have a strong effect on participation intentions. Practical implications: This research indicates that for moderately priced products, 99-ending prices led to an increased influence on consumer purchase intentions; on the other hand, no-ending/even-ending prices were more effective for high-priced products. Thus, the use of the right digit effect by managers in a CRM context as way of increasing consumers’ participation likelihood is likely to be more successful for moderately priced offers. Originality/value: This research extends previous work on CRM and right digit effect in pricing. This study’s findings, in both Studies 1 and 2, demonstrate that the effectiveness of CRM campaigns on consumer choice is dependent on the offer price ending. Consumers exposed to the no-ending priced CRM offers tend to be affected less by CRM campaigns compared to consumers exposed to 99-ending offers, who perceive the offer as more attractive. © 2020, Emerald Publishing Limited.",99 ending; Cause-related marketing; Framing; Pricing; Right digit effect,Emerald Group Holdings Ltd.,scopus-prediction,5,Feeling AI,"['price framing', 'participation intentions', 'consumer perception', 'offer attractiveness', 'corporate social responsibility']","The abstract discusses the impact of price endings on consumer participation intentions in cause-related marketing campaigns, highlighting how consumer perceptions of offers (99-ending versus no-ending) influence their emotional responses and purchase decisions. This aligns closely with the 'Feeling AI' category, which focuses on customer understanding, positioning, and relationalization based on emotional and psychological factors. The study emphasizes the emotional appeal of pricing strategies and how they resonate with consumers.",70%,10%,20%,0%,0%
Strategic decisions for sustainable management at significant tourist sites,Mackay R.M.; Minunno R.; Morrison G.M.,2020,10.3390/su12218988,"This research explores how tourist site management and human attitudes and behaviours can help decrease the pressure of tourism on the environment. Estimates show that, together with ancillary sectors, the tourism industry is expected to contribute approximately 6.5 gigatons of greenhouse gases by 2025. These emissions are primarily a result of tourists favouring air travel and luxury experiences that require more energy outputs. Additionally, tourism continues to grow and has become a routine activity for the middle class who travel more regularly on an annual basis. With growing middle classes in many developing countries, the number of tourists who will be able to afford recreational travel is estimated to increase exponentially. The pressures and demands of increasing tourist numbers can strain vulnerable natural sites. These predictions show that changes within the tourism industry fabric are necessary. Against this backdrop, this research employs a combined methodology. A survey methodology was employed to explore tourist attitudes towards tourism sites and their behaviours and decision making with a top-down and bottom-up approach. Additionally, an interview methodology of tourism field experts was employed to investigate the attitudes of the industry and how consumer behaviours may be influenced. Findings from the survey and interview discussions were employed to inform four managerial aspects. First, the ticket price of the tourist experience should be proportional to the value proposition of the experience. Second, a government-led framework could guide businesses towards sustainable management and educate their tourists on greener practices. Third, businesses could integrate sustainability issues into their marketing and advertising to create awareness and ensure the longevity of the site. Lastly, tourism bodies and businesses could increase their partnerships with local custodians to add cultural value and understand the visitor experience. © 2020 by the authors. Licensee MDPI, Basel, Switzerland.",Last chance tourism; Management strategies; Sustainable tourism; Tourist sites,MDPI,scopus-prediction,5,Thinking AI,"['tourist attitudes', 'sustainable management', 'consumer behaviours', 'market analysis', 'value proposition', 'marketing and advertising']","The abstract discusses how tourist site management and human behaviors can influence environmental sustainability in tourism, which aligns with market analysis and strategic targeting of consumer behaviors. The methodologies employed, including surveys and interviews, aim to inform managerial aspects that can enhance marketing strategies and decision-making processes in the tourism industry.",10%,15%,75%,0%,0%
Supporting better decision-making: A combined grey model and data envelopment analysis for efficiency evaluation in e-commerce marketplaces,Wang C.-N.; Dang T.-T.; Nguyen N.-A.-T.; Le T.-T.-H.,2020,10.3390/su122410385,"E-commerce has become an integral part of businesses for decades in the modern world, and this has been exceptionally speeded up during the coronavirus era. To help businesses understand their current and future performance, which can help them survive and thrive in the world of e-commerce, this paper proposes a hybrid approach that conducts performance prediction and evaluation of the e-commerce industry by combining the Grey model, i.e., GM (1, 1) and data envelopment analysis, i.e., the Malmquist-I-C model. For each e-commerce company, GM (1, 1) is applied to predict future values for the period 2020–2022 and Malmquist-I-C is applied to calculate the efficiency score based on output variables such as revenue and gross profit and input variables such as assets, liabilities, and equity. The top 10 e-commerce companies in the US market are used to demonstrate model effectiveness. For the entire research period of 2016–2022, the most productive e-commerce marketplace on average was eBay, followed by Best Buy and Lowe’s; meanwhile, Groupon was the worst-performing e-commerce business during the studied period. Moreover, as most e-commerce companies have progressed in technological development, the results show that the determinants for productivity growth are the technical efficiency change indexes. That means, although focusing on technology development is the key to e-commerce success, companies should make better efforts to maximize their resources such as labor, material and equipment supplies, and capital. This paper offers decision-makers significant material for evaluating and improving their business performance. © 2020 by the authors. Licensee MDPI, Basel, Switzerland.","Decision making; E-commerce; Efficiency; Evaluation; GM (1, 1); Malmquist-I-C; Performance; Prediction",MDPI,scopus-prediction,36,Thinking AI,"['performance prediction', 'efficiency score', 'marketplace', 'productivity growth', 'technological development']","The abstract discusses a hybrid approach that analyzes performance prediction and evaluation in the e-commerce industry, focusing on efficiency scores and productivity growth. This aligns closely with the 'Thinking AI' category, which emphasizes market analysis and strategic evaluation of business performance. The use of models to predict future values and assess business efficiency indicates a clear application of marketing analytics, which is characteristic of Thinking AI.",0%,0%,100%,0%,0%
David vs. Goliath: An analysis of asymmetric mixed-strategy games and experimental evidence,Amaldoss W.; Jain S.,2002,10.1287/mnsc.48.8.972.165,"Mixed strategies are widely used to model strategic situations in diverse fields such as economics, marketing, political science, and biology. However, some of the implications of asymmetric mixed-strategy solutions are counterintuitive. We develop a stylized model of patent race to examine some of these implications. In our model two firms compete to develop a product and obtain a patent. However, one firm values the patent more because of its market advantages, such as brand reputation and distribution network. Contrary to some intuition, we find that the firm that values the patent less is likely to invest more aggressively in developing the product and will also win the patent more often. We argue that the reason for these counterintuitive results is inherent in the very concept of mixed strategy solution. In a laboratory test, we examine whether subjects' behavior conforms to the equilibrium predictions. We find that the aggregate behavior of our subjects is consistent with the game-theoretic predictions. With the help of the experience-weighted attraction (EWA) learning model proposed by Camerer and Ho (1999), we show that adaptive learning can account for the investment behavior of our subjects. We find that the EWA learning model tracks the investment decisions of our subjects well, whether we hold out trials or an entire group of subjects.",Competitive strategy; Decision analysis; Experimental economics; Learning; Marketing; R & D,INFORMS Inst.for Operations Res.and the Management Sciences,scopus-prediction,32,Thinking AI,"['strategy', 'competitive advantages', 'investment behavior', 'game-theoretic predictions', 'market advantages']","The abstract discusses a model of a patent race between firms, focusing on strategic investment behaviors and competitive dynamics. It emphasizes game-theoretic principles and the implications of mixed strategies in a competitive market, which align closely with market analysis and targeting strategies. The findings also relate to understanding competitive advantages, making it a fit for the Thinking AI category.",0%,0%,100%,0%,0%
The duality of decisions and the case for impulsiveness metrics,Arens Z.G.; Rust R.T.,2012,10.1007/s11747-011-0256-3,"Customer metrics help firms manage their performance and predict financial outcomes. While many firms focus on customer satisfaction metrics for this purpose, dual-process theories in psychology and neuroscience show that customer decisions are based on two processes. This suggests that metrics which measure the impulsiveness of purchase decisions might effectively complement customer satisfaction metrics. In a series of experiments we demonstrate that satisfaction and impulsiveness metrics make distinct but strong predictions of consumer choices. Satisfaction and impulsiveness influence choice in different ways. While impulsiveness relates to choice directly, the satisfaction-choice path is mediated by loyalty intention. Moreover this relationship is moderated by product involvement such that impulsiveness metrics provide a better prediction for low-involvement than for high-involvement situations. Finally, a field study of 750 customers of 101 firms demonstrates these relationships at a firm level, indicating that satisfaction and impulsiveness metrics have equally strong but distinct relationships with shareholder value. Therefore firms may be able to benefit from complementing customer satisfaction metrics with customer impulsiveness metrics. © 2011 Academy of Marketing Science.",Customer metrics; Customer satisfaction; Financial impact; Impulsiveness,,scopus-prediction,19,Feeling AI,"['customer satisfaction', 'impulsiveness', 'loyalty intention', 'customer choices', 'emotional needs']","The abstract discusses how customer metrics, specifically focusing on both satisfaction and impulsiveness, influence consumer choices. This aligns closely with the 'Feeling AI' category, which emphasizes understanding customer emotional needs and wants, as well as the relational aspects of customer engagement through metrics that capture emotional responses. The mention of loyalty intention and the distinct effects of impulsiveness metrics on consumer behavior further supports this classification.",70%,10%,20%,0%,0%
Understanding investors' decisions to purchase innovative products: Drivers of adoption timing and range,Hoffmann A.O.I.; Broekhuizen T.L.J.,2010,10.1016/j.ijresmar.2010.08.002,"This paper integrates findings from marketing and finance literature to increase our understanding of consumers' decisions to purchase innovative investment products. Two different surveys administered to individual investors examine the psychological and sociological drivers of dispositional innovativeness and its effects on adoption timing and range of adoption for five new investment products. Study 1 shows that consumer psychographics (e.g., market mavenism, product-category involvement, and ambiguity intolerance) rather than socio-demographics (e.g., age, education, and risk profile) explain dispositional innovativeness and that dispositional innovativeness strongly impacts time of adoption and ownership of new investment products. Study 2 cross-validates the results of Study 1 and investigates the indirect effects of dispositional innovativeness on adoption timing through consumers' perceptions of new investment products' complexity, riskiness, and visibility (exposure to and engagement in word-of-mouth). Individuals who score high on dispositional innovativeness adopt new investment products quickly because they perceive lower complexity and greater visibility, not because they perceive lower risk. The combined results of Studies 1 and 2 show that individual investors' psychological and sociological roots systematically explain their innovative adoption behavior and indicate that - counter to standard finance predictions - they incorporate more than just risk-return trade-offs in their investment choices. © 2010 Elsevier B.V.",Consumer financial decision-making; Dispositional innovativeness; Individual investor decision-making; Marketing-finance interface; New product adoption,,scopus-prediction,39,Out of Scope,"['investment products', 'adoption timing', 'dispositional innovativeness', 'risk-return trade-offs']","The abstract discusses consumer behavior in the context of investment products and does not pertain to marketing strategies or applications. It focuses on psychological and sociological factors influencing investment decisions, which aligns more with financial analysis rather than marketing AI applications.",0%,0%,0%,100%,0%
Understanding geographical markets of online firms using spatial models of customer choice,Jank W.; Kannan P.K.,2005,10.1287/mksc.1050.0145,"As the online channel matures, many firms are finding that an understanding of how their online customers' preferences and choices vary across geographical markets can be very useful. In this paper, we propose a spatial multinomial model of customer choice and illustrate how spatial modeling of choices of online customers across geographical markets provides useful insights in the context of a product mix and pricing decision of an online book publisher. The spatial multinomial model specifically accounts for the spatial correlations among customer choices among different product forms - print and PDF. The estimation results obtained using data generated from an online experiment show that the spatial model accounts for the geographical variation in many of the unobserved effects possibly due to locational differences and price sensitivities. The resultant spatial decision maps provide useful predictions as to how purchase rates vary across geographical markets as a function of the price differential between product forms, with implications for targeting customers through local market advertising, direct marketing, and cross-channel promotion. © 2005 INFORMS.",Digital products; Internet; Mixed multinomial logit; Pricing; Spatial model,,scopus-prediction,54,Thinking AI,"['spatial multinomial model', 'customer choice', 'geographical markets', 'product mix', 'pricing decision', 'purchase rates', 'price differential', 'local market advertising', 'direct marketing']","The abstract discusses a spatial multinomial model that analyzes online customer choices across geographical markets, highlighting insights related to product mix and pricing strategies for an online book publisher. This aligns with the 'Market analysis' focus of Thinking AI, as it involves understanding customer preferences and making informed marketing decisions based on geographical variations and pricing sensitivities. The findings suggest strategic targeting and advertising approaches based on these insights, further emphasizing the analytical aspect of the research.",0%,0%,100%,0%,0%
Productive play time: The effect of practice on consumer demand for hedonic experiences,Murray K.B.; Bellman S.,2011,10.1007/s11747-010-0205-6,"In this paper we explain how practice, prior knowledge and task difficulty interact to affect demand for hedonic experiences. As predicted by the human capital model, we propose that the key determinant of demand for hedonic experiences is the increase in performance efficiency that can be gained through practice. In addition, we argue that the nature of the effect of practice is distinctly different in hedonic consumption, compared to utilitarian consumption. Specifically, for hedonic experiences, practice allows consumers to extract greater value within a given period of time, rather than reduce the amount of time spent on a (utilitarian) task. Finally, we argue that if changes in performance efficiency across repeated hedonic experiences adhere to the power law of practice, then both prior knowledge and task difficulty will be important moderators of the main effect of practice on demand. These predictions are tested in two experiments that use an online panel to examine consumer demand for videogames. © 2010 Academy of Marketing Science.",Decision making; Experience; Hedonic products; Human capital model; Internet; Power law of practice; Prior knowledge; Utilitarian; Videogames,,scopus-prediction,28,Feeling AI,"['hedonic experiences', 'consumer demand', 'prior knowledge', 'task difficulty', 'value extraction']","The abstract discusses how practice, prior knowledge, and task difficulty influence the demand for hedonic experiences, focusing on understanding consumer behavior and emotional engagement. This aligns with the objectives of 'Feeling AI', which aims to use emotional data to understand customer needs and wants. The focus on hedonic consumption indicates an emphasis on emotional satisfaction and consumer engagement.",75%,10%,15%,0%,0%
The prediction of firm's competitive response from non-market and market perspective: Evidence from China,Deng X.; Tian Z.; Fan S.; Abrar M.,2010,10.1108/20408741011082570,"PurposeThe purpose of this paper is to explore the prediction of competitive response based on the characteristics of market and non-market actions comprehensively, and develop a four-stage decision-making model of firm's competitive action, which is significant for Chinese practicing managers when formulating and implementing the strategies, and further predicting competitors' strategic choices. Design/methodology/approachThe research adopted the method of structured content analysis and carried out the survey in Chinese home appliance industry, mainly covering the largest firms, including TCL, Hisense, Changhong, Konka, Haier, and Skyworth. The method of multiple regression analysis was employed to test the hypotheses. FindingsThe results show that in order to comprehensively forecast competitor's responding behaviors, the firms could not only limit their perspective to market field but also pay attention to non-market. Additionally, in the process of dynamic interaction, the attacking or responding action is not independent and it is related significantly to another three type decisions, which are market and non-market, strategic and tactic, and collective and individual. Further, the study asserts that, in market field, tactic activity is more likely to trigger competitor's response than strategic one, while in non-market, the situation is just the opposite. Meanwhile, the study figured out that individual market attack is easier to trigger individual market and non-market response, as well as collective market response. While for non-market action, whatever it is individual or collective, both would be easy to provoke competitor's collective response. Originality/valueThe research findings extend the existing competitive interaction theory to non-market field. When forecasting competitor's choice of the competitive action, the firms could not only limit their perspective to market field but also pay attention to non-market, attaching importance to certain situation of competitor's taking such non-market action as corporate philanthropy, etc. to launch an attack or a response for gaining competitive advantage. © 2010, © Emerald Group Publishing Limited.",China; Competitive advantage; Marketing strategy,Emerald Group Publishing Ltd.,scopus-prediction,2,Thinking AI,"['competitive response', 'market actions', 'non-market actions', 'strategic choices', 'forecasting', 'tactic activity', 'dynamic interaction']","The abstract focuses on predicting competitive responses based on market and non-market actions, which aligns with market analysis and strategic decision-making. The research emphasizes the importance of understanding competitor behavior and the dynamics of competitive actions in the context of marketing strategy, which is a hallmark of Thinking AI applications. The findings suggest that firms should analyze both market and non-market elements to forecast competitors' strategic choices, corresponding closely to the definition of market analysis in Thinking AI.",0%,0%,100%,0%,0%
Incorporating cannibalization models into demand forecasting,Srinivasan S.R.; Ramakrishnan S.; Grasman S.E.,2005,10.1108/02634500510612645,"Purpose - Quantitative measures are not commonly available to identify and measure product cannibalization resulting from the introduction of new products, and existing forecasting methods such as ARIMA do not xplicitly account for the phenomenon. This paper aims to present a methodology to build cannibalization effects into forecasting models as measured through product attributes. It follows on from a paper by the same authors in Vol. 23 No. 4. Design/methodology/approach - The contribution of product attributes to cannibalization is tested by a series of hypotheses, then integrated into the proposed cannibalization model. Results are compared with predictions from an ARIMA-based model and actual historical sales data. Findings - The proposed model improves on the fidelity of ARIMA-based models, by between 16 and 42 percent. Originality/value - Effective prediction of cannibalization losses will allow marketing planners to make better-informed decisions with respect to new product introduction. © Emerald Group Publishing Limited.",Forecasting; Market share; New products; Quantitative methods,,scopus-prediction,12,Thinking AI,"['cannibalization', 'forecasting models', 'product attributes', 'market analysis', 'sales data']","The abstract discusses a methodology to improve forecasting models regarding product cannibalization, which directly relates to analyzing market dynamics and understanding competitive implications of new product introductions. It emphasizes making informed decisions based on data analysis, which aligns with the Thinking AI category focused on market analysis and targeting.",0%,0%,100%,0%,0%
Predicting consumer decisions to adopt mobile commerce: Cross country empirical examination between China and Malaysia,Chong A.Y.-L.; Chan F.T.S.; Ooi K.-B.,2012,10.1016/j.dss.2011.12.001,"Advancements in wireless communications have increased the number of people using mobile devices, and have accelerated the growth of mobile commerce (m-commerce). This study aims to investigate the factors that predict consumer intention to adopt m-commerce in Malaysia and China. The work extends the traditional technology acceptance model (TAM) and diffusion of innovation (DOI) model, and includes additional variables such as trust, cost, social influence, variety of services, and control variables such as age, educational level, and gender of consumers. By comparing consumers from both Malaysia and China, this research is able to form a prediction model based on two different cultural settings. Data was collected from 172 Malaysian consumers and 222 Chinese consumers, and hierarchical regression analysis was employed to test the research model. The results showed that age, trust, cost, social influence, and variety of services are able to predict Malaysian consumer decisions to adopt m-commerce. Trust, cost, and social influence can be used to predict Chinese consumer decisions to adopt m-commerce. This research confirms the need to extend the traditional TAM and DOI models when studying technology such as m-commerce. The results from this study will be useful for telecommunication and m-commerce companies in formulating marketing strategies. © 2012 Elsevier B.V. All rights reserved.",Consumer behaviour; Hierarchical regression analysis; M-commerce; Technology acceptance model (TAM),Elsevier B.V.,scopus-prediction,456,Thinking AI,"['consumer intention', 'adopt m-commerce', 'predict', 'trust', 'social influence', 'marketing strategies', 'cultural settings']","The abstract discusses the investigation of factors predicting consumer intention to adopt m-commerce, along with the formation of a prediction model based on cultural settings. This aligns with the market analysis and targeting focus of Thinking AI, as it involves understanding consumer behavior and formulating marketing strategies. The study employs hierarchical regression analysis, which is indicative of analyzing data to derive insights about market trends and consumer preferences.",0%,0%,100%,0%,0%
Is that deal worth my time? The interactive effect of relative and referent thinking on willingness to seek a bargain,Saini R.; Rao R.S.; Monga A.,2010,10.1509/jmkg.74.1.34,"Prior research on relative thinking has suggested that the willingness to seek a bargain depends not only on the absolute value of the bargain but also on the price of the product. For example, a discount of $10 seems more appealing on a product whose regular price is $20 than a product whose regular price is $60. By invoking the interactive role of consumers' reference prices, the authors delineate the specific conditions under which the same $10 discount can seem less appealing when the price is $20 than when it is $60. They present a formal model that simultaneously incorporates the effects of relative and referent thinking and yields novel predictions, which are supported in four laboratory experiments. Their results reveal that deviation from the reference price determines when relative thinking holds and when it gets reversed. Specifically, the relative-thinking effect holds when the actual price is the same as expected, it reverses when the actual price deviates from the expected price, but it emerges again when deviation from the expected price becomes extreme. The authors conclude with the theoretical and managerial implications of their findings for marketing activities, such as the allocation of sales promotion budgets © 2010, American Marketing Association.",Behavioral decision theory; Consumer behavior; Sales promotions,,scopus-prediction,39,Thinking AI,"['relative thinking', 'bargain', 'reference prices', 'market analysis', 'consumer behavior']","The abstract discusses the impact of reference prices on consumer behavior and how it influences their perception of discounts. This aligns with the market analysis focus of Thinking AI, which includes the use of marketing analytics to understand and predict consumer behavior in response to pricing strategies. The findings also suggest implications for targeting and customizing promotions based on consumers' reference points, which further supports the classification under Thinking AI.",10%,0%,90%,0%,0%
Decision costs and price sensitivity: Field experimental evidence from India,Spears D.,2014,10.1016/j.jebo.2013.06.012,"Poor people often exhibit puzzlingly high sensitivity to low prices of important consumer health goods. This paper proposes decision costs as one explanation: whether a person buys at a price depends on whether she carefully considers the offer, which itself depends on price. A simple model predicts that deliberation costs (1) increase sensitivity to low prices; (2) can prevent cost-sharing from targeting products to buyers with high value; and (3) can have larger effects on poorer people. The principal contribution of this paper is a field experiment that sold hand-washing soap in rural India. Participants were randomly assigned to be offered soap for either a low or very low price, which was experimentally crossed with assignment to a control group or to a treatment that required deliberation. Results matched predictions of the model: the treatment decreased price sensitivity relative to the control group, and increased targeting of product take-up by need. © 2013 Elsevier B.V.",Behavioral economics; Cognitive limits; Cost sharing; Deliberation costs; Development economics; Field experiment; Handwashing with soap; Pricing; Social marketing,,scopus-prediction,15,Thinking AI,"['price sensitivity', 'deliberation costs', 'targeting', 'market analysis']","The abstract discusses how deliberation costs affect purchasing decisions, particularly among poorer individuals, and presents a model that predicts consumer behavior based on these costs. The experimentation with price sensitivity and targeting products to those with high needs aligns closely with the focus on market analysis and targeting strategies typical of Thinking AI applications.",0%,0%,100%,0%,0%
Incorporating context effects into a choice model,Rooderkerk R.P.; Van Heerde H.J.; Bijmolt T.H.A.,2011,10.1509/jmkr.48.4.767,"The behavioral literature provides ample evidence that consumer preferences are partly driven by the context provided by the set of alternatives. Three important context effects are the compromise, attraction, and similarity effects. Because these context effects affect choices in a systematic and predictable way, it should be possible to incorporate them in a choice model. However, the literature does not offer such a choice model. This study fills this gap by proposing a discrete-choice model that decomposes a product's utility into a contextfree partworth utility and a context-dependent component capturing all three context effects. Model estimation results on choice-based conjoint data involving digital cameras provide convincing statistical evidence for context effects. The estimated context effects are consistent with the predictions from the behavioral literature, and accounting for context effects leads to better predictions both in and out of sample. To illustrate the benefit from incorporating context effects in a choice model, the authors discuss how firms could utilize the context sensitivity of consumers to design more profitable product lines. © 2011, American Marketing Association.",Behavioral decision making; Choice models; Context effects; Hierarchical bayes; Product line design,American Marketing Association,scopus-prediction,88,Thinking AI,"['context effects', 'consumer preferences', 'choice model', 'product utility', 'market analysis', 'product lines']","The abstract discusses the development of a discrete-choice model that analyzes consumer preferences and incorporates context effects, which aligns with strategic market analysis and targeting. The emphasis on utilizing context sensitivity to design profitable product lines suggests a focus on understanding market dynamics and consumer behavior, characteristic of Thinking AI.",0%,0%,100%,0%,0%
Use of weather information for agricultural decision making,Frisvold G.B.; Murugesan A.,2013,10.1175/WCAS-D-12-00022.1,"This study uses data from a special subsample of the National Agricultural, Food, and Public Policy Preference Survey to assess use of weather data for agricultural decision making. Responses from 284 Arizona farmers and ranchers were used to examine (i) the importance producers placed on different types of weather data for production and marketing decisions; (ii) which producer characteristics accounted for differences in the importance they placed on weather data; (iii) producer use of weather data for specific production and marketing decisions; and (iv) which factors distinguish weather data users from nonusers.Amodel of demand for weather information was developed and used to specify count data and discrete choice multivariate regression models. The intensity of weather data use was greater among producers with diversified agricultural production. Diversified producers were more likely to use data for timing of planting, cultivation, and harvest. Weather data use was lower among producers with greater reliance on off-farm income. Producers who rated government risk-management programs as important also found more weather data types important and used weather data for more decisions. Access to satellite TV increased data use but access to the Internet did not. © 2013 American Meteorological Society.",,,scopus-prediction,38,Out of Scope,"['weather data', 'agricultural decision making', 'production and marketing decisions', 'government risk-management programs']","The abstract discusses the use of weather data by farmers and ranchers for agricultural decision-making and does not relate to marketing strategies or customer engagement typical in the marketing domain. The focus is on agricultural practices rather than marketing applications, thus falling outside the defined categories.",0%,0%,0%,100%,0%
Linking marketing and engineering product design decisions via analytical target cascading,Michalek J.J.; Feinberg F.M.; Papalambros P.Y.,2005,10.1111/j.0737-6782.2005.00102.x,"Firms design products that appeal to consumers and are feasible to produce. The resulting marketing and engineering design goals are driven by consumer preferences and engineering capabilities, two issues that conveniently are addressed in isolation from one another. This convenient isolation, however, typically will not result in optimal product decisions when the two problems are interrelated. A method new to the marketing community, analytical target cascading (ATC), is adopted here to explore such interrelationships and to formalize the process of coordinating marketing and engineering design problems in a way that is proven to yield the joint optimal solution. The ATC model is built atop well-established marketing methodologies, such as conjoint, discrete choice modeling and demand forecasting. The method is demonstrated in the design of dial-readout household scales, using real conjoint choice data and a parametric engineering product design model. Results indicate that the most profitable achievable product can fall short of predictions based on marketing alone but well ahead of what engineering may produce based on original marketing target specifications. A number of extensions can be accomplished readily using techniques from the extant marketing and design optimization literature.",,,scopus-prediction,257,Thinking AI,"['consumer preferences', 'engineering capabilities', 'marketing methodologies', 'conjoint', 'demand forecasting', 'optimal product decisions']","The abstract discusses the interrelationship between marketing and engineering design to achieve optimal product decisions, emphasizing the use of analytical target cascading (ATC) and established marketing methodologies like conjoint analysis and demand forecasting. This aligns with the Thinking AI category, specifically focusing on market analysis and targeting through a strategic approach to product design and consumer preferences, which aims to optimize competitive advantages.",0%,0%,100%,0%,0%
Travellers' behavioral intentions depending on their beliefs: an empirical study,Pantouvakis A.,2013,10.1108/17566691311316211,"Purpose – The purpose of this paper is threefold: first is to study and analyse the personal beliefs of the customers regarding their generic assessments for the main issues of today: environment, culture or equal opportunities for everyone. Second, it will attempt to compare the differing opinions different customers from several countries possess. Finally, it is to relate, link and model the influence these opinions may have on the country selection made by the tourist. Design/methodology/approach – Evidence is drawn from a sample of approximately 1,600 customers/tourists who visited Crete island. Those in the sample were from ten different countries of origin. The research attempts to shed some light on the importance of travellers' beliefs by using the multinomial logistic model that tested whether it can produce results for prediction and comparisons. Findings – Results suggest that tourist beliefs can be categorized in three factors, namely country's characteristics, tradition and hygiene that are differentiated among nationality groups. No robust support is provided for any relationship between travellers' values and country selection and thus arguing for further research in tourism marketing and policy. Practical implications – By using the findings of this work, hotel managers and tour operators can identify the multicultural diversity of international tourists. Originality/value – This work addresses the ways with which customers by using their personal beliefs select destinations (countries). It diverts from the mainstream relevant literature that focuses almost solely on the level of satisfaction or the level of service the customer enjoys. One of the issues that remains rather neglected is the importance that personal characteristics and attributes of the tourist/customer influence the final decision on where to spend his/her holidays. © 2013, Emerald Group Publishing Limited",Greece; Personal beliefs; Tourism marketing; Values,,scopus-prediction,7,Thinking AI,"['beliefs', 'customer assessments', 'country selection', 'nationality groups', 'marketing', 'tourism']","The abstract discusses how personal beliefs of customers influence their selection of travel destinations, highlighting the importance of understanding diverse customer opinions in tourism marketing. This aligns with the 'Market analysis' and 'Targeting' focuses of Thinking AI, which involves analyzing customer data to inform marketing strategies. The study uses a multinomial logistic model to analyze data collected from tourists, indicating a strategic approach to understanding customer preferences.",10%,0%,90%,0%,0%
