Title,Authors,Year,DOI,Abstract,Keywords,Publisher,Source,Cited,classification,keywords,rationale,Feeling AI,Mechanical AI,Thinking AI,Out of Scope,Not Identified,Year_Group,Topic
INTEGRATED SMART INDUSTRY 4.0-BASED DECISION SUPPORT FOR OPTIMIZING TACTICAL-OPERATIONAL DECISIONS: CASE STUDY,Bagheri H.; Ghavareshki M.H.K.; Abbasi M.; Fazlollahtabar H.,2025,10.3934/jimo.2024105,"The paper considers a model for an intelligent sales-distribution network that makes decisions related to marketing, inventory control, and pricing in the entire network. Considering the importance of staying in the competitive world, using machine learning tools is of great importance. A decision support system has been used to forecast the demand. Actual sales data is inserted into the decision support system, and then, using available evidence and past performance, a decision is made to estimate the demand. Then, an intelligent algorithm for solving the mathematical model is raised, which performs the model real-time using the data received from the decision support system and provides updated results. Sensitivity analysis was performed for validation. According to the obtained results, intelligent has a great impact on the objective function values and the use of real data helps in the network performance leading to cost reduction and lost sales. Two innovations used have not been investigated simultaneously in any of the previous studies. © (2025), (American Institute of Mathematical Sciences). All rights reserved.",Decision support system; IIntegrated manage; Inventory; Pricing; Smart distribution and sales network,American Institute of Mathematical Sciences,scopus-machine learning,0,Mechanical AI,"['intelligent sales-distribution network', 'decision support system', 'forecast the demand', 'real-time', 'data', 'cost reduction', 'inventory control', 'pricing']","The abstract discusses a model for an intelligent sales-distribution network that employs machine learning tools for decision-making in marketing, inventory control, and pricing. The focus is on automating processes related to demand forecasting and using real sales data to make informed decisions, which aligns with the definitions of Mechanical AI that involve automating processes and using data collection. There is less emphasis on analysis or emotional understanding typically associated with Thinking or Feeling AI.",0%,70%,20%,0%,10%,,Decision support
A decision support system to evaluate the quality and warranty policies for remanufactured products,Kuik S.; Ban J.; Diong L.; Qi X.,2023,10.1108/TQM-02-2022-0046,"Purpose: This paper proposes optimisation models to evaluate and examine the selling of extended warranty policies in terms of improved profits in producing/marketing remanufactured products. These models are numerically solved using a quadratic programming solution approach and implemented in the decision support system (DSS). Design/methodology/approach: The purpose of this paper is to develop the optimisation models for a DSS and evaluate different warranty policies for buyers. Findings: This study has demonstrated the flexibility and usefulness of a model-driven DSS for the quality and warranty management, which is applied to examine and evaluate different configurations (i.e. component reuse, rebuild and recycle) for remanufactured products and propose the selling of extended warranty policies for buyers. Research limitations/implications: The developed model-driven DSS can assist manufacturers to select and increase the number of components, e.g. to be reused, rebuilt, and recycled for producing a remanufactured product and propose suitable warranty policies for buyers. However, this study focusses only on the evaluation of warranty policies for specific remanufactured products in a DSS, i.e. types of air compressors for production operations in manufacturing industry. Originality/value: This study developed optimisation models to be used in a DSS for proposing the selling of extended warranty of a remanufactured product to improve customer satisfaction and maximise the gained profits for manufacturers. © 2022, Emerald Publishing Limited.",Decision support system; Product remanufacturing; Quality management; Reliability; Warranty,Emerald Publishing,scopus-artificial intelligence,2,Mechanical AI,"['optimisation models', 'decision support system', 'warranty policies', 'remanufactured products', 'profits']","The abstract discusses the development of optimisation models for a decision support system intended to improve the selling of extended warranty policies for remanufactured products. This aligns with the Mechanical AI category, which focuses on automating processes to meet customer needs and enhancing marketing strategies through data-driven approaches. The emphasis on improving profits through marketing remanufactured products indicates an automated approach to market analysis and segmentation, which are key aspects of Mechanical AI.",0%,70%,20%,0%,10%,"[2023, 2025)",Decision support
Performance evaluation for competency of bank telemarketing prediction using data mining techniques,Rashid Farooqi M.; Iqbal N.,2019,10.35940/ijrte.A1269.078219,"In today's market there is cut throat competition in the banks and struggling hard to gain competitive advantage over each other. The banking industry has undergone tremendous changes in the way business conducted. They realizes the needs and techniques of data mining which is helpful tool to gather, store, capture data and convert into knowledge. The application of data mining enhances the performance of telemarketing process in banking industry. It also provide an insight how these techniques effectively used in banking industry to make the decision making process easier and productive. This work describes a data mining approach to extract valuable knowledge and information from a bank telemarketing campaign data. At this time, the potential of five data mining methods was explored for forecasting of term deposit subscription. The presentation of these techniques was evaluated on fourteen different classifier parameters. The overall better performance achieved by J48 decision tree which reported 91.2% correctly classified with sensitivity, specificity and lowest error rate of 53.8, 95.9 and 8.8 % respectively. © BEIESP.",Bank telemarketing; Classification; Data mining; Decision support; Direct marketing,Blue Eyes Intelligence Engineering and Sciences Publication,scopus-data mining,10,Mechanical AI,"['data mining', 'telemarketing process', 'data collection', 'forecasting', 'decision making', 'bank telemarketing campaign']","The abstract discusses the use of data mining techniques to improve the telemarketing process in the banking industry, emphasizing the gathering and processing of data to extract valuable knowledge. This aligns with the Mechanical AI category, which focuses on data collection and automated processes. Although there are elements of decision-making and performance evaluation, the primary focus remains on data mining as a tool for data collection and analysis.",0%,70%,30%,0%,0%,"[2019, 2021)",Decision support
An Adaptive Intelligent Management System of Advertising for Social Networks: A Case Study of Facebook,Aguilar J.; Garcia G.,2018,10.1109/TCSS.2017.2759188,"At present, social networks are strongly used for personal or professional purposes. The social networks have accumulated a large amount of information, which can be used in different ways. One of such possible purposes is advertising. In particular, when a company pays for advertising in a social network, it wants to get an ideal deployment of the ads on the network. The ideal behavior aims at reducing the high costs to pay, the number of hours to design advertising, the difficulty in the creation of ads by lots, among other things. In particular, the optimization of the production of advertising on social networks, based on the performance of the ads, is not an easy task. If we make an incorrect design, this can result in losses for a company. In this sense, this paper presents an intelligent system of management of social network advertising, based on data mining techniques, to automatically produce ads. In addition, we test our adaptive mechanism of automated production (generation) of online advertising on Facebook. Our system carries out automatic modifications and improvements of ads. Facebook is one of the more popular social networks, being widely used by companies for advertising, in order to create contents attracting the attention of users. © 2014 IEEE.",Decision support systems; Facebook; intelligent systems; online advertising; social networks,Institute of Electrical and Electronics Engineers Inc.,scopus-artificial intelligence,22,Mechanical AI,"['automated production', 'data mining', 'automatic modifications', 'advertising', 'social networks']","The abstract discusses an intelligent system for managing social network advertising that focuses on automating the production of ads and making automatic modifications to improve them. This aligns with the Mechanical AI category, which emphasizes automation in processes related to advertising and data handling. It does not focus on emotional understanding or strategic market analysis.",0%,80%,20%,0%,0%,"[2017, 2019)",Decision support
Semiautomated identification and classification of customer complaints,Choe P.; Lehto M.R.; Shin G.-C.; Choi K.-Y.,2013,10.1002/hfm.20325,"This paper examines the feasibility of extracting useful information from customer comments using a Naïve Bayes classifier. This was done for a database, obtained from a large Korean mobile telephone service provider, of 533 customer calls to call centers in 2009. After eliminating calls not containing customer complaints or comments, the remaining 383 comments were classified by an expert panel into four domains and 27 complaint categories. The four domains were Transaction-related (189 comments, 49%), Product-related (120 comments, 31%), Customer Service or Support-related (38 comments, 10%) and Customer Outreach and Marketing-related (36 comments, 9%). The comments were then randomly assigned to either a training set (257 cases, 67%) or test set (126 cases, 33%). The training set was used to develop a Naïve Bayes classifier that correctly predicted the domain 75% of the time and the specific subcategory 51% of the time for the test set. Prediction accuracy was strongly related to prediction strength for both sets of predictions, suggesting that simple filtering strategies where difficult to understand comments are flagged for expert review and easy comments are automatically classified are both technically feasible and likely to be practically valuable. Several strong predictors were also identified that corresponded to categories more detailed than those originally assigned. © 2012 Wiley Periodicals, Inc., A Wiley Company.",Bayesian inference; Call center agent; Customer complaints; Decision support; TextMiner,,scopus-prediction,6,Mechanical AI,"['Naïve Bayes classifier', 'customer comments', 'data extraction', 'customer complaints', 'comment classification', 'training set', 'test set', 'prediction accuracy']","The abstract discusses the use of a Naïve Bayes classifier to process and classify customer comments, which involves automating the data collection and classification process. This aligns with the Mechanical AI category's focus on data collection and standardization, as it aims to automate customer comment analysis and improve the efficiency of identifying customer needs through segmentation into various domains and complaint categories.",0%,70%,20%,0%,10%,"[2013, 2015)",Decision support
Auction Advisor: An agent-based online-auction decision support system,Gregg D.G.; Walczak S.,2006,10.1016/j.dss.2004.07.007,Online auctions are proving themselves as a viable alternative in the C2C and B2C marketplace. Several thousand new items are placed for auction every day and determining which items to bid on or when and where to sell an item are difficult questions to answer for online-auction participants. This paper presents a multiagent Auction Advisor system designed to collect data related to online auctions and use the data to help improve the decision making of auction participants. A simulation of applied Auction Advisor recommendations and a small research study that used subjects making real purchases at online auctions both indicate that online-auction buyers and sellers achieve tangible benefit from the current information acquired by and recommendations made by the Auction Advisor agents. © 2004 Elsevier B.V. All rights reserved.,Autonomous agent; Data analysis; Decision support; Information retrieval; Online auction,,scopus-autonomous,58,Mechanical AI,"['online auctions', 'data collection', 'decision making', 'Auction Advisor', 'recommendations', 'marketplace']","The abstract discusses a multiagent Auction Advisor system that collects data related to online auctions and provides recommendations to improve decision-making for auction participants. This aligns closely with the Mechanical AI category, which focuses on data collection and automated processes to enhance market understanding and decision-making. The emphasis on improving auction outcomes through collected data and recommendations fits well within the definitions of Mechanical AI, particularly in data collection and standardization.",0%,80%,20%,0%,0%,"[2005, 2007)",Decision support
From decision support to decision automation: A 2020 vision,Bucklin R.E.; Lehmann D.R.; Little J.D.C.,1998,10.1023/A:1008047504898,"The authors discuss the long-run future of decision support systems in marketing. They argue that a growing proportion of marketing decisions can not only be supported but may also be automated. From a standpoint of both efficiency (e.g., management productivity) and effectiveness (e.g., resource allocation decisions), such automation is highly desirable. The authors describe how model-based automated decision-making is likely to penetrate various marketing decision-making environments and how such models can incorporate competitive dynamics. For example, the authors foresee that close to full automation can ultimately take place for many decisions about existing products in stable markets. Partial automation could characterize decision making for new products in stable markets and existing products in unstable markets.",Automation; Competition; Decision support,Kluwer Academic Publishers,scopus-automation,46,Mechanical AI,"['automation', 'decision support systems', 'model-based decision-making', 'efficiency', 'effectiveness']","The abstract discusses the automation of marketing decisions and the use of model-based automated decision-making, which aligns with the focus on efficiency and the automation of processes, fitting into the Mechanical AI category. It emphasizes how marketing decisions, especially in stable markets, can be automated, which is a core aspect of data collection and standardization in Mechanical AI.",0%,80%,20%,0%,0%,"[1997, 1999)",Decision support
Auction Advisor: An agent-based online-auction decision support system,Gregg D.G.; Walczak S.,2006,10.1016/j.dss.2004.07.007,Online auctions are proving themselves as a viable alternative in the C2C and B2C marketplace. Several thousand new items are placed for auction every day and determining which items to bid on or when and where to sell an item are difficult questions to answer for online-auction participants. This paper presents a multiagent Auction Advisor system designed to collect data related to online auctions and use the data to help improve the decision making of auction participants. A simulation of applied Auction Advisor recommendations and a small research study that used subjects making real purchases at online auctions both indicate that online-auction buyers and sellers achieve tangible benefit from the current information acquired by and recommendations made by the Auction Advisor agents. © 2004 Elsevier B.V. All rights reserved.,Autonomous agent; Data analysis; Decision support; Information retrieval; Online auction,,scopus-autonomous,58,Mechanical AI,"['online auctions', 'data collection', 'decision making', 'Auction Advisor', 'recommendations', 'marketplace']","The abstract discusses a multiagent Auction Advisor system that collects data related to online auctions and provides recommendations to improve decision-making for auction participants. This aligns closely with the Mechanical AI category, which focuses on data collection and automated processes to enhance market understanding and decision-making. The emphasis on improving auction outcomes through collected data and recommendations fits well within the definitions of Mechanical AI, particularly in data collection and standardization.",0%,80%,20%,0%,0%,"[2005, 2007)",Decision support
From decision support to decision automation: A 2020 vision,Bucklin R.E.; Lehmann D.R.; Little J.D.C.,1998,10.1023/A:1008047504898,"The authors discuss the long-run future of decision support systems in marketing. They argue that a growing proportion of marketing decisions can not only be supported but may also be automated. From a standpoint of both efficiency (e.g., management productivity) and effectiveness (e.g., resource allocation decisions), such automation is highly desirable. The authors describe how model-based automated decision-making is likely to penetrate various marketing decision-making environments and how such models can incorporate competitive dynamics. For example, the authors foresee that close to full automation can ultimately take place for many decisions about existing products in stable markets. Partial automation could characterize decision making for new products in stable markets and existing products in unstable markets.",Automation; Competition; Decision support,Kluwer Academic Publishers,scopus-automation,46,Mechanical AI,"['automation', 'decision support systems', 'model-based decision-making', 'efficiency', 'effectiveness']","The abstract discusses the automation of marketing decisions and the use of model-based automated decision-making, which aligns with the focus on efficiency and the automation of processes, fitting into the Mechanical AI category. It emphasizes how marketing decisions, especially in stable markets, can be automated, which is a core aspect of data collection and standardization in Mechanical AI.",0%,80%,20%,0%,0%,"[1997, 1999)",Decision support
An Adaptive Intelligent Management System of Advertising for Social Networks: A Case Study of Facebook,Aguilar J.; Garcia G.,2018,10.1109/TCSS.2017.2759188,"At present, social networks are strongly used for personal or professional purposes. The social networks have accumulated a large amount of information, which can be used in different ways. One of such possible purposes is advertising. In particular, when a company pays for advertising in a social network, it wants to get an ideal deployment of the ads on the network. The ideal behavior aims at reducing the high costs to pay, the number of hours to design advertising, the difficulty in the creation of ads by lots, among other things. In particular, the optimization of the production of advertising on social networks, based on the performance of the ads, is not an easy task. If we make an incorrect design, this can result in losses for a company. In this sense, this paper presents an intelligent system of management of social network advertising, based on data mining techniques, to automatically produce ads. In addition, we test our adaptive mechanism of automated production (generation) of online advertising on Facebook. Our system carries out automatic modifications and improvements of ads. Facebook is one of the more popular social networks, being widely used by companies for advertising, in order to create contents attracting the attention of users. © 2014 IEEE.",Decision support systems; Facebook; intelligent systems; online advertising; social networks,Institute of Electrical and Electronics Engineers Inc.,scopus-artificial intelligence,22,Mechanical AI,"['automated production', 'data mining', 'automatic modifications', 'advertising', 'social networks']","The abstract discusses an intelligent system for managing social network advertising that focuses on automating the production of ads and making automatic modifications to improve them. This aligns with the Mechanical AI category, which emphasizes automation in processes related to advertising and data handling. It does not focus on emotional understanding or strategic market analysis.",0%,80%,20%,0%,0%,"[2017, 2019)",Decision support
Performance evaluation for competency of bank telemarketing prediction using data mining techniques,Rashid Farooqi M.; Iqbal N.,2019,10.35940/ijrte.A1269.078219,"In today's market there is cut throat competition in the banks and struggling hard to gain competitive advantage over each other. The banking industry has undergone tremendous changes in the way business conducted. They realizes the needs and techniques of data mining which is helpful tool to gather, store, capture data and convert into knowledge. The application of data mining enhances the performance of telemarketing process in banking industry. It also provide an insight how these techniques effectively used in banking industry to make the decision making process easier and productive. This work describes a data mining approach to extract valuable knowledge and information from a bank telemarketing campaign data. At this time, the potential of five data mining methods was explored for forecasting of term deposit subscription. The presentation of these techniques was evaluated on fourteen different classifier parameters. The overall better performance achieved by J48 decision tree which reported 91.2% correctly classified with sensitivity, specificity and lowest error rate of 53.8, 95.9 and 8.8 % respectively. © BEIESP.",Bank telemarketing; Classification; Data mining; Decision support; Direct marketing,Blue Eyes Intelligence Engineering and Sciences Publication,scopus-data mining,10,Mechanical AI,"['data mining', 'telemarketing process', 'data collection', 'forecasting', 'decision making', 'bank telemarketing campaign']","The abstract discusses the use of data mining techniques to improve the telemarketing process in the banking industry, emphasizing the gathering and processing of data to extract valuable knowledge. This aligns with the Mechanical AI category, which focuses on data collection and automated processes. Although there are elements of decision-making and performance evaluation, the primary focus remains on data mining as a tool for data collection and analysis.",0%,70%,30%,0%,0%,"[2019, 2021)",Decision support
Semiautomated identification and classification of customer complaints,Choe P.; Lehto M.R.; Shin G.-C.; Choi K.-Y.,2013,10.1002/hfm.20325,"This paper examines the feasibility of extracting useful information from customer comments using a Naïve Bayes classifier. This was done for a database, obtained from a large Korean mobile telephone service provider, of 533 customer calls to call centers in 2009. After eliminating calls not containing customer complaints or comments, the remaining 383 comments were classified by an expert panel into four domains and 27 complaint categories. The four domains were Transaction-related (189 comments, 49%), Product-related (120 comments, 31%), Customer Service or Support-related (38 comments, 10%) and Customer Outreach and Marketing-related (36 comments, 9%). The comments were then randomly assigned to either a training set (257 cases, 67%) or test set (126 cases, 33%). The training set was used to develop a Naïve Bayes classifier that correctly predicted the domain 75% of the time and the specific subcategory 51% of the time for the test set. Prediction accuracy was strongly related to prediction strength for both sets of predictions, suggesting that simple filtering strategies where difficult to understand comments are flagged for expert review and easy comments are automatically classified are both technically feasible and likely to be practically valuable. Several strong predictors were also identified that corresponded to categories more detailed than those originally assigned. © 2012 Wiley Periodicals, Inc., A Wiley Company.",Bayesian inference; Call center agent; Customer complaints; Decision support; TextMiner,,scopus-prediction,6,Mechanical AI,"['Naïve Bayes classifier', 'customer comments', 'data extraction', 'customer complaints', 'comment classification', 'training set', 'test set', 'prediction accuracy']","The abstract discusses the use of a Naïve Bayes classifier to process and classify customer comments, which involves automating the data collection and classification process. This aligns with the Mechanical AI category's focus on data collection and standardization, as it aims to automate customer comment analysis and improve the efficiency of identifying customer needs through segmentation into various domains and complaint categories.",0%,70%,20%,0%,10%,"[2013, 2015)",Decision support
A decision support system to evaluate the quality and warranty policies for remanufactured products,Kuik S.; Ban J.; Diong L.; Qi X.,2023,10.1108/TQM-02-2022-0046,"Purpose: This paper proposes optimisation models to evaluate and examine the selling of extended warranty policies in terms of improved profits in producing/marketing remanufactured products. These models are numerically solved using a quadratic programming solution approach and implemented in the decision support system (DSS). Design/methodology/approach: The purpose of this paper is to develop the optimisation models for a DSS and evaluate different warranty policies for buyers. Findings: This study has demonstrated the flexibility and usefulness of a model-driven DSS for the quality and warranty management, which is applied to examine and evaluate different configurations (i.e. component reuse, rebuild and recycle) for remanufactured products and propose the selling of extended warranty policies for buyers. Research limitations/implications: The developed model-driven DSS can assist manufacturers to select and increase the number of components, e.g. to be reused, rebuilt, and recycled for producing a remanufactured product and propose suitable warranty policies for buyers. However, this study focusses only on the evaluation of warranty policies for specific remanufactured products in a DSS, i.e. types of air compressors for production operations in manufacturing industry. Originality/value: This study developed optimisation models to be used in a DSS for proposing the selling of extended warranty of a remanufactured product to improve customer satisfaction and maximise the gained profits for manufacturers. © 2022, Emerald Publishing Limited.",Decision support system; Product remanufacturing; Quality management; Reliability; Warranty,Emerald Publishing,scopus-artificial intelligence,2,Mechanical AI,"['optimisation models', 'decision support system', 'warranty policies', 'remanufactured products', 'profits']","The abstract discusses the development of optimisation models for a decision support system intended to improve the selling of extended warranty policies for remanufactured products. This aligns with the Mechanical AI category, which focuses on automating processes to meet customer needs and enhancing marketing strategies through data-driven approaches. The emphasis on improving profits through marketing remanufactured products indicates an automated approach to market analysis and segmentation, which are key aspects of Mechanical AI.",0%,70%,20%,0%,10%,"[2023, 2025)",Decision support
INTEGRATED SMART INDUSTRY 4.0-BASED DECISION SUPPORT FOR OPTIMIZING TACTICAL-OPERATIONAL DECISIONS: CASE STUDY,Bagheri H.; Ghavareshki M.H.K.; Abbasi M.; Fazlollahtabar H.,2025,10.3934/jimo.2024105,"The paper considers a model for an intelligent sales-distribution network that makes decisions related to marketing, inventory control, and pricing in the entire network. Considering the importance of staying in the competitive world, using machine learning tools is of great importance. A decision support system has been used to forecast the demand. Actual sales data is inserted into the decision support system, and then, using available evidence and past performance, a decision is made to estimate the demand. Then, an intelligent algorithm for solving the mathematical model is raised, which performs the model real-time using the data received from the decision support system and provides updated results. Sensitivity analysis was performed for validation. According to the obtained results, intelligent has a great impact on the objective function values and the use of real data helps in the network performance leading to cost reduction and lost sales. Two innovations used have not been investigated simultaneously in any of the previous studies. © (2025), (American Institute of Mathematical Sciences). All rights reserved.",Decision support system; IIntegrated manage; Inventory; Pricing; Smart distribution and sales network,American Institute of Mathematical Sciences,scopus-machine learning,0,Mechanical AI,"['intelligent sales-distribution network', 'decision support system', 'forecast the demand', 'real-time', 'data', 'cost reduction', 'inventory control', 'pricing']","The abstract discusses a model for an intelligent sales-distribution network that employs machine learning tools for decision-making in marketing, inventory control, and pricing. The focus is on automating processes related to demand forecasting and using real sales data to make informed decisions, which aligns with the definitions of Mechanical AI that involve automating processes and using data collection. There is less emphasis on analysis or emotional understanding typically associated with Thinking or Feeling AI.",0%,70%,20%,0%,10%,,Decision support
"Discovering recency, frequency, and monetary (RFM) sequential patterns from customers' purchasing data",Chen Y.-L.; Kuo M.-H.; Wu S.-Y.; Tang K.,2009,10.1016/j.elerap.2009.03.002,"In response to the thriving development in electronic commerce (EC), many on-line retailers have developed Web-based information systems to handle enormous amounts of transactions on the Internet. These systems can automatically capture data on the browsing histories and purchasing records of individual customers. This capability has motivated the development of data-mining applications. Sequential pattern mining (SPM) is a useful data-mining method to discover customers' purchasing patterns over time. We incorporate the recency, frequency, and monetary (RFM) concept presented in the marketing literature to define the RFM sequential pattern and develop a novel algorithm for generating all RFM sequential patterns from customers' purchasing data. Using the algorithm, we propose a pattern segmentation framework to generate valuable information on customer purchasing behavior for managerial decision-making. Extensive experiments are carried out, using synthetic datasets and a transactional dataset collected by a retail chain in Taiwan, to evaluate the proposed algorithm and empirically demonstrate the benefits of using RFM sequential patterns in analyzing customers' purchasing data. © 2009 Elsevier B.V. All rights reserved.",Constraint-based mining; RFM; Segmentation; Sequential pattern,,scopus-data mining,142,Mechanical AI,"['data-mining', 'purchasing patterns', 'RFM sequential patterns', 'transactional dataset', 'data capture']","The abstract discusses the development of Web-based information systems to handle transactions and capture customer data, specifically focusing on sequential pattern mining to analyze purchasing behavior. This aligns with the Mechanical AI category, which emphasizes data collection and segmentation. The use of algorithms to generate RFM sequential patterns further indicates a focus on automating processes related to identifying customer preference patterns.",0%,70%,30%,0%,0%,"[2009, 2011)",Segmentation
"Discovering recency, frequency, and monetary (RFM) sequential patterns from customers' purchasing data",Chen Y.-L.; Kuo M.-H.; Wu S.-Y.; Tang K.,2009,10.1016/j.elerap.2009.03.002,"In response to the thriving development in electronic commerce (EC), many on-line retailers have developed Web-based information systems to handle enormous amounts of transactions on the Internet. These systems can automatically capture data on the browsing histories and purchasing records of individual customers. This capability has motivated the development of data-mining applications. Sequential pattern mining (SPM) is a useful data-mining method to discover customers' purchasing patterns over time. We incorporate the recency, frequency, and monetary (RFM) concept presented in the marketing literature to define the RFM sequential pattern and develop a novel algorithm for generating all RFM sequential patterns from customers' purchasing data. Using the algorithm, we propose a pattern segmentation framework to generate valuable information on customer purchasing behavior for managerial decision-making. Extensive experiments are carried out, using synthetic datasets and a transactional dataset collected by a retail chain in Taiwan, to evaluate the proposed algorithm and empirically demonstrate the benefits of using RFM sequential patterns in analyzing customers' purchasing data. © 2009 Elsevier B.V. All rights reserved.",Constraint-based mining; RFM; Segmentation; Sequential pattern,,scopus-data mining,142,Mechanical AI,"['data-mining', 'purchasing patterns', 'RFM sequential patterns', 'transactional dataset', 'data capture']","The abstract discusses the development of Web-based information systems to handle transactions and capture customer data, specifically focusing on sequential pattern mining to analyze purchasing behavior. This aligns with the Mechanical AI category, which emphasizes data collection and segmentation. The use of algorithms to generate RFM sequential patterns further indicates a focus on automating processes related to identifying customer preference patterns.",0%,70%,30%,0%,0%,"[2009, 2011)",Segmentation
Predicting the success of ensemble algorithms in the banking sector,Dağ Ö.H.N.,2019,10.4018/IJBAN.2019100102,"The banking sector, like other service sector, improves in accordance with the customer’s needs. Therefore, to know the needs of customers and to predict customer behaviors are very important for competition in the banking sector. Data mining uncovers relationships and hidden patterns in large data sets. Classification algorithms, one of the applications of data mining, is used very effectively in decision making. In this study, the c4.5 algorithm, a decision trees algorithm widely used in classification problems, is used in an integrated way with the ensemble machine learning methods in order to increase the efficiency of the algorithms. Data obtained via direct marketing campaigns from Portugal Banks was used to classify whether customers have term deposit accounts or not. Artificial Neural Networks and Support Vector Machines as Traditional Artificial Intelligence Methods and Bagging-C4.5 and Boosted-C.45 as ensemble-decision tree hybrid methods were used in classification. Bagging-C4.5 as ensemble-decision tree algorithm achieved more powerful classification success than other used algorithms. The ensemble-decision tree hybrid methods give better results than artificial neural networks and support vector machines as traditional artificial intelligence methods for this study. Copyright © 2019, IGI Global. Copying or distributing in print or electronic forms without written permission of IGI Global is prohibited.",Classification; Data Mining; Decision Tree Algorithm; Ensemble Algorithms; Feature Selection; Machine Learning,IGI Global,scopus-artificial intelligence,0,Mechanical AI,"['data mining', 'classification algorithms', 'direct marketing', 'customer behaviors', 'decision making', 'data sets', 'term deposit accounts']","The abstract primarily discusses the use of data mining and classification algorithms to analyze customer behaviors in the banking sector. It focuses on automating the collection and processing of data to improve decision-making related to customer needs. The mention of using ensemble methods to enhance classification aligns with the mechanical aspect of automating processes in understanding customer preferences, making it relevant to the Mechanical AI category.",0%,100%,0%,0%,0%,"[2019, 2021)",Classification
Performance evaluation for competency of bank telemarketing prediction using data mining techniques,Rashid Farooqi M.; Iqbal N.,2019,10.35940/ijrte.A1269.078219,"In today's market there is cut throat competition in the banks and struggling hard to gain competitive advantage over each other. The banking industry has undergone tremendous changes in the way business conducted. They realizes the needs and techniques of data mining which is helpful tool to gather, store, capture data and convert into knowledge. The application of data mining enhances the performance of telemarketing process in banking industry. It also provide an insight how these techniques effectively used in banking industry to make the decision making process easier and productive. This work describes a data mining approach to extract valuable knowledge and information from a bank telemarketing campaign data. At this time, the potential of five data mining methods was explored for forecasting of term deposit subscription. The presentation of these techniques was evaluated on fourteen different classifier parameters. The overall better performance achieved by J48 decision tree which reported 91.2% correctly classified with sensitivity, specificity and lowest error rate of 53.8, 95.9 and 8.8 % respectively. © BEIESP.",Bank telemarketing; Classification; Data mining; Decision support; Direct marketing,Blue Eyes Intelligence Engineering and Sciences Publication,scopus-data mining,10,Mechanical AI,"['data mining', 'telemarketing process', 'data collection', 'forecasting', 'decision making', 'bank telemarketing campaign']","The abstract discusses the use of data mining techniques to improve the telemarketing process in the banking industry, emphasizing the gathering and processing of data to extract valuable knowledge. This aligns with the Mechanical AI category, which focuses on data collection and automated processes. Although there are elements of decision-making and performance evaluation, the primary focus remains on data mining as a tool for data collection and analysis.",0%,70%,30%,0%,0%,"[2019, 2021)",Classification
Using multi decision tree technique to improving decision tree classifier,Maazouzi F.; Bahi H.,2012,10.1504/IJBIDM.2012.051712,"The automatic classification systems, prediction and data mining are used in many applications (marketing, finance, customer relationship management...) using large databases. In this paper we describe a new data mining approach based on decision trees. In the proposed approach we built a multi-layer decision tree model, where each layer consists of several decision trees. The aim of the multi decision tree (MDT) is to improve decision tree classifier. The performances of MDT are compared with C4.5 decision tree algorithm and some ensemble of decision tree classifiers, namely bagging decision tree, boosting decision trees (BDT) and random forests decision tree. Results show substantial improvements when compared to these approaches. Copyright © 2012 Inderscience Enterprises Ltd.",Classification; Data mining; Data mining techniques; Decision tree; Decision tree algorithm; Machine learning,Inderscience Publishers,scopus-data mining,8,Mechanical AI,"['data mining', 'decision tree', 'classification', 'prediction', 'data', 'automated processes']","The abstract discusses the development of a multi-layer decision tree model for data mining and classification, which aligns with the Mechanical AI category's focus on data collection and automated processes. The emphasis on improving decision tree classifiers indicates a systematic approach to handling large databases, which is a characteristic of Mechanical AI applications in marketing.",0%,80%,20%,0%,0%,"[2011, 2013)",Classification
Performance evaluation for competency of bank telemarketing prediction using data mining techniques,Rashid Farooqi M.; Iqbal N.,2019,10.35940/ijrte.A1269.078219,"In today's market there is cut throat competition in the banks and struggling hard to gain competitive advantage over each other. The banking industry has undergone tremendous changes in the way business conducted. They realizes the needs and techniques of data mining which is helpful tool to gather, store, capture data and convert into knowledge. The application of data mining enhances the performance of telemarketing process in banking industry. It also provide an insight how these techniques effectively used in banking industry to make the decision making process easier and productive. This work describes a data mining approach to extract valuable knowledge and information from a bank telemarketing campaign data. At this time, the potential of five data mining methods was explored for forecasting of term deposit subscription. The presentation of these techniques was evaluated on fourteen different classifier parameters. The overall better performance achieved by J48 decision tree which reported 91.2% correctly classified with sensitivity, specificity and lowest error rate of 53.8, 95.9 and 8.8 % respectively. © BEIESP.",Bank telemarketing; Classification; Data mining; Decision support; Direct marketing,Blue Eyes Intelligence Engineering and Sciences Publication,scopus-data mining,10,Mechanical AI,"['data mining', 'telemarketing process', 'data collection', 'forecasting', 'decision making', 'bank telemarketing campaign']","The abstract discusses the use of data mining techniques to improve the telemarketing process in the banking industry, emphasizing the gathering and processing of data to extract valuable knowledge. This aligns with the Mechanical AI category, which focuses on data collection and automated processes. Although there are elements of decision-making and performance evaluation, the primary focus remains on data mining as a tool for data collection and analysis.",0%,70%,30%,0%,0%,"[2019, 2021)",Classification
Using multi decision tree technique to improving decision tree classifier,Maazouzi F.; Bahi H.,2012,10.1504/IJBIDM.2012.051712,"The automatic classification systems, prediction and data mining are used in many applications (marketing, finance, customer relationship management...) using large databases. In this paper we describe a new data mining approach based on decision trees. In the proposed approach we built a multi-layer decision tree model, where each layer consists of several decision trees. The aim of the multi decision tree (MDT) is to improve decision tree classifier. The performances of MDT are compared with C4.5 decision tree algorithm and some ensemble of decision tree classifiers, namely bagging decision tree, boosting decision trees (BDT) and random forests decision tree. Results show substantial improvements when compared to these approaches. Copyright © 2012 Inderscience Enterprises Ltd.",Classification; Data mining; Data mining techniques; Decision tree; Decision tree algorithm; Machine learning,Inderscience Publishers,scopus-data mining,8,Mechanical AI,"['data mining', 'decision tree', 'classification', 'prediction', 'data', 'automated processes']","The abstract discusses the development of a multi-layer decision tree model for data mining and classification, which aligns with the Mechanical AI category's focus on data collection and automated processes. The emphasis on improving decision tree classifiers indicates a systematic approach to handling large databases, which is a characteristic of Mechanical AI applications in marketing.",0%,80%,20%,0%,0%,"[2011, 2013)",Classification
Predicting the success of ensemble algorithms in the banking sector,Dağ Ö.H.N.,2019,10.4018/IJBAN.2019100102,"The banking sector, like other service sector, improves in accordance with the customer’s needs. Therefore, to know the needs of customers and to predict customer behaviors are very important for competition in the banking sector. Data mining uncovers relationships and hidden patterns in large data sets. Classification algorithms, one of the applications of data mining, is used very effectively in decision making. In this study, the c4.5 algorithm, a decision trees algorithm widely used in classification problems, is used in an integrated way with the ensemble machine learning methods in order to increase the efficiency of the algorithms. Data obtained via direct marketing campaigns from Portugal Banks was used to classify whether customers have term deposit accounts or not. Artificial Neural Networks and Support Vector Machines as Traditional Artificial Intelligence Methods and Bagging-C4.5 and Boosted-C.45 as ensemble-decision tree hybrid methods were used in classification. Bagging-C4.5 as ensemble-decision tree algorithm achieved more powerful classification success than other used algorithms. The ensemble-decision tree hybrid methods give better results than artificial neural networks and support vector machines as traditional artificial intelligence methods for this study. Copyright © 2019, IGI Global. Copying or distributing in print or electronic forms without written permission of IGI Global is prohibited.",Classification; Data Mining; Decision Tree Algorithm; Ensemble Algorithms; Feature Selection; Machine Learning,IGI Global,scopus-artificial intelligence,0,Mechanical AI,"['data mining', 'classification algorithms', 'direct marketing', 'customer behaviors', 'decision making', 'data sets', 'term deposit accounts']","The abstract primarily discusses the use of data mining and classification algorithms to analyze customer behaviors in the banking sector. It focuses on automating the collection and processing of data to improve decision-making related to customer needs. The mention of using ensemble methods to enhance classification aligns with the mechanical aspect of automating processes in understanding customer preferences, making it relevant to the Mechanical AI category.",0%,100%,0%,0%,0%,"[2019, 2021)",Classification
Business interest associations in the USA and Europe: evaluation of digital marketing techniques applied on their websites and social networks,Ponzoa J.M.; Gómez A.; Arilla R.,2025,10.1108/JEC-10-2022-0164,"Purpose: This study aims to develop a proprietary indicator to measure the digital presence of the institutions: the digital presence index. Design/methodology/approach: This research delves into how nonprofit institutions, specifically business interest associations (BIAs), have developed their internet presence by applying essential digital marketing techniques. To this end, and using big data mining tools, this study analyzes the tracking by internet users of 102 BIAs, with their respective websites in 36 countries in Europe and the USA. In addition, the presence and activity of the institutions included in this study on social networks are considered. Findings: This research serves as a basis for discussing the current gap between social reality and the digitalization of institutions. In this sense, conclusions are drawn on the importance of managerial profiles in decision-making on digitization and the necessary knowledge that, together with Web and social network managers, they must have to articulate the means and techniques that promote the internet presence of the organizations they manage. Originality/value: Conclusions are drawn according to the geographical scope of the BIAs, and an argument is made about the difficulties of connection and loss of prominence of this type of institutions among their different target audiences, especially among the youngest and most digitized. © 2022, Emerald Publishing Limited.",Business interest associations; Digital marketing; Digital presence index; Social networks,Emerald Publishing,scopus-big data,0,Thinking AI,"['digital presence', 'digital marketing', 'internet presence', 'social networks', 'managerial profiles', 'decision-making', 'target audiences']","The study focuses on analyzing the digital presence and marketing strategies of nonprofit institutions, specifically BIAs, which aligns with market analysis and targeting. It uses big data mining tools to evaluate online user engagement and the effectiveness of digital marketing techniques, indicating a strategic understanding of market dynamics. The emphasis on decision-making by managerial profiles further supports its classification under Thinking AI.",0%,0%,100%,0%,0%,,Digital marketing
Recommender systems impact on Platform’s content and outcomes: the role of providers and algorithm designs,Mohammadi Darani M.; Aghaie S.,2025,10.1108/JRIM-04-2024-0198,"Purpose: The study aims to investigate how recommender systems shape providers’ dynamics and content offerings on platforms, and to provide insights into algorithm designs for achieving better outcomes in platform design. Design/methodology/approach: This study employs a multi-agent simulation framework coupled with reinforcement learning models to examine the influence of different recommender system designs on providers’ perception of demand and platform content. Findings: The study reveals that recommender systems have the potential to introduce biases in providers’ understanding of user preferences, thereby impacting the variety of offerings on platforms. Moreover, it identifies algorithm design as a critical factor, with item-based collaborative filters showcasing superior performance in contexts where customers exhibit selectivity. Conversely, user-based models prove more effective in scenarios where recommendations significantly sway user decisions, ultimately boosting sales. Practical implications: In practical terms, these insights can guide platform developers in making informed decisions regarding the selection and implementation of recommender system algorithms. By tailoring algorithm choices to specific contexts, platforms can enhance user welfare, ultimately leading to improved platform performance and profitability. Originality/value: The findings underscore the importance of integrating provider dynamics and algorithmic biases into the design of recommender systems and platforms. This highlights avenues for future research to explore and refine our understanding of these dynamics. © 2024, Emerald Publishing Limited.",Digital marketing; Platform design; Recommender systems; Sales diversity,Emerald Publishing,scopus-recommendation,0,Thinking AI,"['recommender systems', 'algorithm design', 'provider dynamics', 'user preferences', 'market performance', 'personalization']","The abstract discusses the impact of recommender systems on providers' understanding of demand and platform content, which aligns with market analysis and targeting strategies. The findings highlight how different algorithm designs can influence user decision-making, revealing a focus on strategic analysis and personalization based on customer preferences. This indicates a clear connection to the Thinking AI category.",0%,20%,80%,0%,0%,,Digital marketing
Big-data AI analytics in value-chain innovation and international marketing strategy: insights from SMEs in cultural and creative industries,"Zong, ZP; Anwar, MA; Khan, S; Asmi, F; Hussain, N",2025,10.1108/IMR-02-2024-0049,"Purpose Despite great consensus on the positive impact of big-data-driven artificial intelligence (AI) analytics (BDAI) on a firm's performance, it still appears to be a black box mechanism through which small and medium-sized enterprises (SMEs) strengthen their dynamic competencies to innovate and expand their global footprint. To fill this theoretical and empirical gap we examine the relationship between BDAI affordances, digital marketing capabilities (DMCs), value-chain innovation and international market goals.Design/methodology/approach The study incorporates the dynamic capability view an extension of the resource-based view and the knowledge-based view to empirically examine the primary data collected from marketing managers and executives of SMEs in cultural and creative industries utilizing Structural Equation Modeling (SEM) analysis.Findings The study highlights the significant role of BDAI affordances such as intelligent process recommendations, customer intelligence and market intelligence on DMCs, where DMCs significantly affect value-chain innovation and international market strategy both directly and indirectly.Research limitations/implications The study minimizes the gap in identifying the BDAI affordances to drive innovation and international market strategy in the context of SMEs in cultural and creative industries. Marketing managers can incorporate these findings to enhance their digital capabilities for competitive advantages in international markets.Originality/value The study proposes a holistic framework of BDAI affordances for the strategic use of digital resources and knowledge to transform digital capabilities into new forms of value to expand in the international market. These insights are robust and grounded in findings provided by marketing practitioners.",Big-data-based AI analytics; Digital affordances; Digital marketing capabilities; Value-chain innovation; International market strategy; Cultural and creative industries,EMERALD GROUP PUBLISHING LTD,wos-ai,0,Thinking AI,"['big-data-driven artificial intelligence', 'digital marketing capabilities', 'value-chain innovation', 'international market strategy', 'customer intelligence', 'market intelligence']","The abstract discusses the impact of big-data-driven AI analytics on the dynamic capabilities of SMEs, particularly in enhancing their digital marketing capabilities and driving innovation in the value chain. This aligns with the 'Thinking AI' category, as it focuses on strategic analysis, market analysis, and the use of insights to achieve international market goals. The elements of customer intelligence and market intelligence also suggest a focus on understanding the market environment and competitive advantages.",0%,0%,100%,0%,0%,,Digital marketing
"The interplay of artificial intelligence, machine learning, and data analytics in digital marketing and promotions: a review and research agenda",Basu R.; Aktar M.N.; Kumar S.,2024,10.1057/s41270-024-00355-6,"In contemporary data-driven business environments, the adoption of artificial intelligence (AI), machine learning (ML), and data analytics has enabled the practice of digital marketing and promotions with incomparable efficiency. To provide insights into the current trends and future directions of research in this overlapping knowledge cluster, the present study examines 94 published journal articles to date obtained from the Scopus database. Utilizing the systematic performance analysis and review method (SPAR-4-SLR), the paper uses Excel and VOSviewer to present a bibliometric review. Following a thorough disciplinary analysis of the articles, the paper identifies five main research clusters representing the domain (i) AI and Digital Marketing (ii) Branding Automation and Engagement (iii) Optimizing E-Commerce and Social Media Marketing (iv) AI-Powered Personalized Marketing (v) Emerging Tools in Digital Marketing. In this paper, we draw on some of the key theories relevant to the field and develop an Antecedent-Decision-Outcome framework that examines the factors affecting the use of digital technologies and the benefits derived from them. Pivotal research questions are also articulated in this study to guide future inquiries in this evolving area of study. © The Author(s), under exclusive licence to Springer Nature Limited 2024.",Artificial intelligence; Bibliometric review; Digital marketing; Digital promotions; Machine learning,Palgrave Macmillan,scopus-ai,1,Thinking AI,"['artificial intelligence', 'digital marketing', 'machine learning', 'personalized marketing', 'e-commerce', 'branding automation', 'data analytics']","The abstract discusses the application of AI and data analytics in enhancing digital marketing efficiency, focusing on market analysis, targeting, and personalization. The identified research clusters align with the strategic analysis aspects of Thinking AI, particularly in optimizing marketing efforts and personalizing experiences based on customer data. There is no emphasis on emotional understanding or relational aspects that would indicate Feeling AI, nor does it focus solely on automated processes that would classify it as Mechanical AI.",0%,20%,80%,0%,0%,"[2023, 2025)",Digital marketing
The evolution of digital marketing technologies: a fuzzy TOPSIS approach to selected technology in E-commerce platform,Kumar V.; Kumar R.; Goel R.; Singh T.; Kaur M.J.,2024,10.1007/s13198-024-02576-5,"The transition from physical market to tech markets has made business grow leaps and bounds. The stage of such revolution is not only backed by challenges but also role of varied factors influencing the extent of implementation of Digital Market Technology at both national and international levels. For few industries it can be a choice however examining the ecommerce sector the digital marketing technology reflects a significant role in effective execution of business and expansion in global world. The constant need for upgradation of product has led to the increasing importance of digital market technology. The study aims to investigate the impact of digital market technology with specific reference to Ecommerce Industry. The data is collected through the interviews convened with expertise in Digital Technology in Ecommerce. A total number of 25 experts were included in the study. Category of three decision makers were selected for further analysis. The study incorporated the robust methodology of fuzzy Topsis that involves selective judgement in determining the relative importance of digital technology in Digital Marketing in Ecommerce. These methods are well-equipped to handle imprecise and uncertain information. One of the significant advantages of these methods is their capacity to address both quantitative and qualitative criteria. The findings indicate that cloud marketing is at the top of the list, followed by big data analysis. The paper concludes by highlighting the importance of digital technology for consumers as well as for management to make strategic decisions, which is imperative for survival in the global economy. © The Author(s) under exclusive licence to The Society for Reliability Engineering, Quality and Operations Management (SREQOM), India and The Division of Operation and Maintenance, Lulea University of Technology, Sweden 2024.",Business; Consumers; Digital marketing cyber physical; Digital technology; Electronic commerce,Springer,scopus-big data,0,Thinking AI,"['digital market technology', 'ecommerce', 'cloud marketing', 'big data analysis', 'strategic decisions']","The abstract discusses the impact of digital market technology on the ecommerce industry, emphasizing the importance of data analysis and strategic decision-making. It highlights how methodologies like fuzzy Topsis can analyze both quantitative and qualitative data, which aligns with market analysis and targeting aspects of Thinking AI. The findings focus on the role of cloud marketing and big data analysis, which are crucial for gaining competitive advantages and making informed marketing decisions.",0%,0%,100%,0%,0%,"[2023, 2025)",Digital marketing
Developing big data enabled Marketing 4.0 framework,Mukhopadhyay S.; Singh R.K.; Jain T.,2024,10.1016/j.jjimei.2024.100214,"Due to the industrial revolution and, thereby with, the emergence of Industry 4.0, there has been an impact on the marketing of business firms, enabling them to digitally transform and adopt Marketing 4.0 practices supported by smart technologies. One of these is Big Data Analytics (BDA), which enables a firm to improve its marketing practices. The main objective of this study is to evaluate how integrating big data technology improves the marketing strategies of Indian FMCG companies operating in a dynamic and highly competitive market distinguished by its size and diversity, constantly changing consumer behaviour, and Marketing 4.0 trends. This study adopts a systematic approach to coding an interview with seasoned Indian FMCG professionals to explain the capabilities of Big Data in molding marketing practices. A framework is constructed based on the same. The theoretical and practical implications are discussed to visualize its applicability in business. Further, the Resource-based View (RBV) theory is discussed for describing the insights into the role and adoption of Big Data by Indian FMCG firms for enhancing performance and achieving competitiveness, along with demonstrating its benefits for decision-making, customer loyalty and internal capability assessment. © 2024 The Author(s)",Big data analytics; Digital marketing; FMCG; Marketing 4.0; Resource based view,Elsevier B.V.,scopus-big data,8,Thinking AI,"['Big Data Analytics', 'marketing strategies', 'competitive market', 'consumer behaviour', 'decision-making', 'customer loyalty']","The abstract discusses how Big Data Analytics (BDA) can improve marketing strategies for Indian FMCG companies, indicating a focus on market analysis and the evaluation of marketing practices in a competitive environment. The use of BDA to enhance decision-making and customer loyalty aligns closely with the definitions and examples provided for Thinking AI, particularly in the context of market analysis and competitive advantages.",0%,20%,80%,0%,0%,"[2023, 2025)",Digital marketing
The role of absorptive capacity in the use of digital marketing analytics for effective marketing decisions,"Proença, M; Martins, TS",2024,10.1057/s41270-023-00224-8,"According to the literature, companies that use consumer data from digital marketing can have better results than those that do not. However, investments in analytics have gradually declined and most research does not place the use of data in strategic processes. Thus, this paper proposes a model to evaluate the incorporation of external knowledge generated by data, with the organization's internal knowledge, through the insertion of the absorptive capacity as a mediator between the use of digital marketing data and the effectiveness of marketing decision-making. To this end, a survey of 144 Brazilian retail companies was conducted and it was found that there is mediation, but it is partial. The findings suggest some insights into actions that can be taken to improve the use of data by the organization, such as the importance of disseminating marketing data, so that it can be used strategically by decision-makers.",Absorptive capacity; Marketing decision-making effectiveness; Digital marketing analytics; Marketing; Retail,PALGRAVE MACMILLAN LTD,wos-big data,3,Thinking AI,"['consumer data', 'strategic processes', 'marketing decision-making', 'external knowledge', 'internal knowledge', 'absorptive capacity', 'effectiveness']","The abstract discusses the evaluation of how external data and internal knowledge can improve marketing decision-making, which aligns with the focus on market analysis and the strategic use of data for competitive advantages. The incorporation of absorptive capacity as a mediator suggests a sophisticated analysis of data rather than just mechanical collection or emotional understanding, which aligns it closely with the Thinking AI category.",0%,20%,80%,0%,0%,"[2023, 2025)",Digital marketing
Factors Influencing ChatGpt Adoption for Product Research and Information Retrieval,Gude V.,2023,10.1080/08874417.2023.2280918,"In recent months, Generative AI-based systems have become increasingly prevalent for public use. Traditionally, people use Google and other search platforms to research a product before purchasing. However, with the integration of ChatGPT into Bing and Google’s announcement of BARD, these models have the potential to impact how customers search for and discover products significantly. This article aims to understand whether people will shift from traditional to Generative AI-based search engines. The research examines the factors influencing purchase decisions and the likelihood of individuals using ChatGPT instead of traditional search engines and other sources. The results indicate that gender, product knowledge, and preference for online or retail store purchases can help predict their inclination to switch to ChatGPT. The paper also discusses people’s trust in Generative AI and the influence of demographic features on their attitude toward these machine learning systems. © 2023 International Association for Computer Information Systems.",Digital marketing; generative AI; product research,Taylor and Francis Ltd.,scopus-ai,6,Thinking AI,"['Generative AI', 'search engines', 'purchase decisions', 'trust', 'demographic features']","The abstract discusses the impact of Generative AI on consumer behavior, specifically how customers may shift from traditional search engines to AI-based systems like ChatGPT. This involves market analysis of consumer preferences and the factors that influence purchase decisions, aligning closely with the 'Thinking AI' category, which focuses on market analysis and targeting. The mention of demographic influences on attitudes towards AI also supports this classification.",10%,0%,90%,0%,0%,"[2023, 2025)",Digital marketing
Evaluating strategies for promoting retail mobile channel using a hidden Markov model,Chen J.; Rao V.R.,2023,10.1016/j.jretai.2022.07.001,"With the proliferation of mobile communication technology, many firms, including retailers and consumer banks, are making efforts to develop mobile platforms to better engage with their customers and reduce operational costs. However, the cost advantage of these mobile technologies will not yield fruition unless the mobile channel accounts for a significant share of total transactions. In this article, we explore potential options for firms to promote usage of the mobile channel. To achieve this, we propose a hidden Markov model to both model customers’ decisions and assess different managerial strategies through simulations. While we apply our proposed model to data from a leading financial institution, our approach is equally applicable to other retail settings. The results show that customers’ choices of services and channels are sensitive to process time by type of channel. A 10% increase in process time through non-mobile channels leads to a nearly 14% increase in utilization of mobile banking channel. Therefore, retailing firms could potentially influence customers’ choice of different channels by changing channel-specific process times. Motivated by these findings, we present and compare performances across five different policies, in promoting the usage of mobile channel. Drawing on our simulation results, we also make personalized policy recommendations to firms facing different levels of financial constraints. For those with financial constraints, we recommend a policy of increasing process time for a selected subset of service requests through non-mobile channels. Firms not constrained by the resources might be better off improving process time with the mobile channel by targeting customers identified as having a better relationship with the firm. © 2022 New York University",Customer relationship management; Digital marketing; Hidden Markov model; Mobile channel,Elsevier Ltd,scopus-recommendation,2,Thinking AI,"['mobile platform', 'customer engagement', 'managerial strategies', 'simulation', 'process time', 'channel utilization', 'policy recommendations']","The abstract discusses how firms can promote the usage of mobile channels by analyzing customer behavior and decision-making through a hidden Markov model. It focuses on market analysis and targeting strategies by assessing the impact of process times on customer choice of channels. This aligns closely with the Thinking AI category, which emphasizes market analysis and targeting the best strategies for customer engagement.",0%,20%,80%,0%,0%,"[2023, 2025)",Digital marketing
“Hacking marketing”: how do firms develop marketers' expertise and practices in a digital era?,Hafezieh N.; Pollock N.; Ryan A.,2023,10.1108/JEIM-12-2021-0530,"Purpose: Digital technologies, digitalised consumers and the torrent of customer data have been transforming marketing practice. In discussing such trends, existing research has either focussed on the skills marketers need or broad-based approaches such as agile methods but has given less consideration to just how such skills or approaches might be developed and used in marketers' day-to-day activities and in the organisation of marketing in the firm. This is what the authors address in this paper. Design/methodology/approach: This paper adopts an in-depth case study approach to examine an exemplary digital enterprise in transformation of their digital marketing. The insights were gathered from 25 interviews, netnography and document analysis of the case organisation in addition to 10 interviews with independent experts. Findings: Drawing on practice-oriented approach, the authors show how organisations respond to the emerging trends of digital consumers and big data by taking a ‘hacking marketing’ approach and developing novel marketing expertise at disciplinary boundaries. The authors put forward three sets of practices that enable and shape the hacking marketing approach. These include spanning the expertise boundary, making value measurable and experimenting through which their adaptive, iterative and multidisciplinary work occurs. This explains how managing digital consumers and big data is not within the realm of information technology (IT) functions but marketing and how marketing professionals are changing their practice and moving their disciplinary boundaries. Practical implications: This study offers practical contributions for firms in terms of identifying new work practices and expertise that marketing specialists need in managing digital platforms, digitalised consumers and big data. This study’s results show that enterprises need to design and implement strong training programmes to prepare their marketing workforce in adopting experimentations of agile approach and data-driven decision making. In addition, Marketing education should be changed so that programmes consider a review of their courses and include the novel marketing models and approaches into their curriculum. Originality/value: This study contributes to the nascent discussions by unpacking how enterprises can develop new marketing expertise and practices beyond skillsets and how such practices form new hacking marketing approach which addresses the problem of the inability of the conventional marketing approach to show its value within the firm. © 2023, Emerald Publishing Limited.",Digital marketing; Digital organisation; Digitalised consumers; Expertise; Hacking; Occupations; Practice,Emerald Publishing,scopus-big data,2,Thinking AI,"['digital marketing', 'big data', 'customer data', 'marketing expertise', 'data-driven decision making', 'agile approach', 'experimentation']","The abstract discusses how organizations are adapting to the challenges of digital consumers and big data through new marketing practices and expertise. It emphasizes the importance of data-driven decision making, experimentation, and adapting marketing practices to respond to emerging trends. This aligns closely with the focus of Thinking AI, which includes market analysis and targeting, as it highlights the strategic use of data and insights to enhance marketing effectiveness. The emphasis on developing new marketing expertise also suggests a thoughtful approach to analyzing market conditions and consumer behavior.",0%,0%,100%,0%,0%,"[2023, 2025)",Digital marketing
Machine learning and AI in marketing – Connecting computing power to human insights,Ma L.; Sun B.,2020,10.1016/j.ijresmar.2020.04.005,"Artificial intelligence (AI) agents driven by machine learning algorithms are rapidly transforming the business world, generating heightened interest from researchers. In this paper, we review and call for marketing research to leverage machine learning methods. We provide an overview of common machine learning tasks and methods, and compare them with statistical and econometric methods that marketing researchers traditionally use. We argue that machine learning methods can process large-scale and unstructured data, and have flexible model structures that yield strong predictive performance. Meanwhile, such methods may lack model transparency and interpretability. We discuss salient AI-driven industry trends and practices, and review the still nascent academic marketing literature which uses machine learning methods. More importantly, we present a unified conceptual framework and a multi-faceted research agenda. From five key aspects of empirical marketing research: method, data, usage, issue, and theory, we propose a number of research priorities, including extending machine learning methods and using them as core components in marketing research, using the methods to extract insights from large-scale unstructured, tracking, and network data, using them in transparent fashions for descriptive, causal, and prescriptive analyses, using them to map out customer purchase journeys and develop decision-support capabilities, and connecting the methods to human insights and marketing theories. Opportunities abound for machine learning methods in marketing, and we hope our multi-faceted research agenda will inspire more work in this exciting area. © 2020 Elsevier B.V.",Artificial intelligence (AI); Big data; Digital marketing; Interpretation; Machine learning; Marketing theory; Network; Prediction; Tracking data; Unstructured data,Elsevier B.V.,scopus-ai,330,Thinking AI,"['machine learning', 'market research', 'predictive performance', 'data analysis', 'customer purchase journeys']","The abstract emphasizes the application of machine learning methods in marketing research, particularly focusing on analyzing large-scale and unstructured data to extract insights and improve predictive performance. It discusses opportunities for using these methods in empirical marketing research, which aligns closely with the definitions under 'Thinking AI' that focus on market analysis and strategic targeting.",0%,25%,75%,0%,0%,"[2019, 2021)",Digital marketing
Machine learning and AI in marketing - Connecting computing power to human insights,"Ma, LY; Sun, BH",2020,10.1016/j.ijresmar.2020.04.005,"Artificial intelligence (AI) agents driven by machine learning algorithms are rapidly transforming the business world, generating heightened interest from researchers. In this paper, we review and call for marketing research to leverage machine learning methods. We provide an overview of common machine learning tasks and methods, and compare them with statistical and econometric methods that marketing researchers traditionally use. We argue that machine learning methods can process large-scale and unstructured data, and have flexible model structures that yield strong predictive performance. Meanwhile, such methods may lack model transparency and interpretability. We discuss salient AI-driven industry trends and practices, and review the still nascent academic marketing literature which uses machine learning methods. More importantly, we present a unified conceptual framework and a multi-faceted research agenda. From five key aspects of empirical marketing research: method, data, usage, issue, and theory, we propose a number of research priorities, including extending machine learning methods and using them as core components in marketing research, using the methods to extract insights from large-scale unstructured, tracking, and network data, using them in transparent fashions for descriptive, causal, and prescriptive analyses, using them to map out customer purchase journeys and develop decision-support capabilities, and connecting the methods to human insights and marketing theories. Opportunities abound for machine learning methods in marketing, and we hope our multi-faceted research agenda will inspire more work in this exciting area. (c) 2020 Elsevier B.V. All rights reserved.",Artificial intelligence (AI); Machine learning; Digital marketing; Big data; Unstructured data; Tracking data; Network; Prediction; Interpretation; Marketing theory,ELSEVIER,wos-ai,226,Thinking AI,"['machine learning', 'marketing research', 'data analysis', 'customer purchase journeys', 'predictive performance']","The abstract discusses the application of machine learning methods in marketing research, focusing on processing large-scale and unstructured data, and enhancing predictive performance. This aligns closely with the 'Thinking AI' category, which emphasizes market analysis, targeting, and the use of analytics for competitive advantages. The call for leveraging machine learning for various empirical marketing research aspects indicates a strategic analysis approach rather than just data collection or emotional understanding.",10%,20%,60%,5%,5%,"[2019, 2021)",Digital marketing
Evaluation and decision making in social media marketing,Keegan B.J.; Rowley J.,2017,10.1108/MD-10-2015-0450,"Purpose: As organisations are increasing their investment in social media marketing (SMM), evaluation of such techniques is becoming increasingly important. The purpose of this paper is to contribute to knowledge regarding SMM strategy by developing a stage model of SMM evaluation and uncovering the challenges in this process. Design/methodology/approach: Interviews were conducted with 18 key informants working for specialist SMM agencies. Such informants are a particularly rich source, since they manage social media campaigns for a wide range of clients. An exploratory research was conducted and thematic analysis surfaced the key components of the SMM evaluation process and associated challenges. Findings: The SMM evaluation framework is developed. This framework has the following six stages: setting evaluation objectives, identifying key performance indicators (KPIs), identifying metrics, data collection and analysis, report generation and management decision making. Challenges associated with each stage of the framework are identified, and discussed with a view to better understanding decision making associated with social media strategies. Two key challenges are the agency-client relationship and the available social analytics tools. Originality/value: Despite an increasing body of research on social media objectives, KPIs and metrics, no previous study has explored how these components are embedded in a marketing campaign planning process. The paper also offers insights in the factors that make SMM evaluation complex and challenging. Recommendations for further research and practice are offered. © 2017, © Emerald Publishing Limited.",Agency-client relationship; Digital marketing; Social media analytics; Social media marketing; Social media marketing evaluation,Emerald Group Publishing Ltd.,scopus-recommendation,105,Thinking AI,"['social media marketing', 'evaluation', 'key performance indicators', 'metrics', 'data collection', 'analysis', 'decision making', 'challenges']","The abstract focuses on the evaluation of social media marketing strategies, emphasizing the analysis of key performance indicators and metrics, which aligns closely with market analysis and targeting aspects of Thinking AI. The development of an evaluation framework and the identification of challenges suggest a strategic approach to marketing analytics, further supporting the classification under Thinking AI.",0%,0%,100%,0%,0%,"[2017, 2019)",Digital marketing
Consumer decisions with artificially intelligent voice assistants,Dellaert B.G.C.; Shu S.B.; Arentze T.A.; Baker T.; Diehl K.; Donkers B.; Fast N.J.; Häubl G.; Johnson H.; Karmarkar U.R.; Oppewal H.; Schmitt B.H.; Schroeder J.; Spiller S.A.; Steffel M.,2020,10.1007/s11002-020-09537-5,"Consumers are widely adopting Artificially Intelligent Voice Assistants (AIVAs). AIVAs now handle many different everyday tasks and are also increasingly assisting consumers with purchasing decisions, making AIVAs a rich topic for marketing researchers. We develop a series of propositions regarding how consumer decision-making processes may change when moved from traditional online purchase environments to AI-powered voice-based dialogs, in the hopes of encouraging further academic thinking and research in this rapidly developing, high impact area of consumer-firm interaction. We also provide suggestions for marketing managers and policymakers on points to pay attention to when they respond to the proposed effects of AIVAs on consumer decisions. © 2020, The Author(s).",Artificial intelligence; Consumer decision-making; Consumer dialogs; Consumer models; Digital marketing; Voice assistants,Springer,scopus-ai,67,Thinking AI,"['Artificially Intelligent Voice Assistants', 'consumer decision-making processes', 'purchasing decisions', 'marketing researchers']","The abstract discusses how AIVAs assist consumers in making purchasing decisions and how the decision-making process may change in voice-based environments. This aligns with the market analysis and targeting aspects of Thinking AI, as it involves understanding consumer behavior and adapting marketing strategies accordingly. The focus on encouraging further research also suggests a strategic analysis of market dynamics.",10%,15%,75%,0%,0%,"[2019, 2021)",Digital marketing
Why strategy is key for successful social media sales,Lindsey-Mullikin J.; Borin N.,2017,10.1016/j.bushor.2017.03.005,"Many successful companies spend substantial time and effort engaging with potential consumers on social media sites. They determine how consumers spend their time online and develop interesting content to increase awareness and enjoyment of the brand—often only to lose those potential customers because the purchase process becomes too difficult once consumers have decided to buy the product. New technology recently introduced by third-party vendors allows companies to offer a sales option directly on social media websites such as Facebook and Instagram. In this article, we present the effects on the consumer decision process created by the ‘Buy Now’ option across the consideration, evaluation, purchase, and post-purchase stages. We compare and contrast three distinct decision models: (1) traditional media only, (2) traditional media and social media with only a communication capability, and (3) traditional media and social media with the added function of immediate purchase. We argue that though the possibility of buying on social media will decrease the number of brands considered and evaluated, the number of purchases and amount of brand advocacy will increase significantly due to the ease of purchase. We conclude with some recommendations on future research. © 2017 Kelley School of Business, Indiana University",Brand social media; Consumer decision-making process; Digital marketing; Retail social media; Social media sales,Elsevier Ltd,scopus-recommendation,55,Thinking AI,"['consumer decision process', 'purchase', 'social media', 'Buy Now', 'brand advocacy', 'evaluation', 'consideration']","The abstract discusses the impact of a 'Buy Now' option on consumer behavior and the decision-making process, indicating a focus on market analysis and the effectiveness of different marketing strategies. The analysis of the effects on the consumer decision process and the comparison of decision models suggest a strategic approach to understanding consumer behavior and targeting, which aligns with the definitions of Thinking AI.",0%,0%,100%,0%,0%,"[2017, 2019)",Digital marketing
Data-driven marketing for growth and profitability,Grandhi B.; Patwa N.; Saleem K.,2021,10.1108/EMJB-09-2018-0054,"Purpose: In the current business environment, more uncertain than ever before, understanding consumer behavior is an integral part of an organization's strategic planning and execution process. It is the key driver for becoming a market leader. Therefore, it is important that all processes in business are customer centric. Marketers need to harness big data by engaging in data driven-marketing (DDM) to help organizations choose the “right” customers, to “keep” and “grow” them and to sustain “growth” and “profitability”. This research examines DDM adoption practices and how companies can aim to enhance shareholder value by bringing about “customer centricity”. Design/methodology/approach: An online survey conducted in 2016 received 180 responses from junior, middle and senior executives. Of the total responses, 26% were from senior management, 39% from middle management and the remaining 35% from junior management. Industries represented in the survey included retail, BFSI, healthcare and government, automobile, telecommunication, transport and logistics and IT. Other industries represented were aviation, marketing research and consulting, hospitality, advertising and media and human resource. Findings: Success of DDM depends upon how well an organization embraces the practice. The first and foremost indicator of an organization's commitment is the extent of resources invested for DDM. Respondents were divided into four categories; Laggards, Dabblers, Contenders and Leaders based on their “current level of investments” and “willingness to enhance investments” soon. Research limitations/implications: With storming digital age and the development of analytics, the process of decision-making has gained significant importance. Judgment and intuition too are critical to the process. Choosing an appropriate action cannot be done strictly on a rational basis. Practical implications: The results of the study offer interesting implications for managing the growing sea of data. An iterative and incremental approach is the need of the hour, even if it has to start with baby steps, to invest in and reap the fruits of DDM. The intention to use any system is always dependent on two primary belief factors: perceived usefulness and perceived ease of use; however, attitudes and social factors are equally important. Originality/value: There is a dearth of knowledge with regards to who is and is not adopting DDM, and how best big data can be harnessed for enhancing effectiveness and efficiency of marketing budget. It is, therefore, imperative to build a knowledge base on DDM practices, challenges and opportunities. Better use of data can help companies enhance shareholder value by bringing about “customer centricity”. © 2020, Emerald Publishing Limited.",Customer centric; Data-driven marketing; Digital data; Digital marketing and marketing investment; Marketing analytics; Marketing dashboard; Marketing metrics; ROMI (return on marketing investment) and diffusion of innovation; Value proposition,Emerald Group Holdings Ltd.,scopus-big data,50,Thinking AI,"['consumer behavior', 'data driven-marketing', 'customer centricity', 'big data', 'market leader', 'shareholder value', 'strategic planning', 'investment', 'analytics']","The abstract discusses the importance of understanding consumer behavior and the strategic implementation of data-driven marketing (DDM) to enhance shareholder value and customer centricity. It emphasizes market analysis, decision-making processes, and the investment in resources for DDM, which aligns well with the focus of Thinking AI on market analysis, targeting, and the use of analytics for competitive advantages.",10%,20%,70%,0%,0%,"[2021, 2023)",Digital marketing
The transition from traditional to digital marketing: a study of the evolution of e-marketing in the Indian hotel industry,Kapoor R.; Kapoor K.,2021,10.1108/WHATT-10-2020-0124,"Purpose: The study aims at analyzing the adoption and preference of E-Marketing tools in five-star hotels in India. This paper also explores the scope of artificial intelligence and the challenges with regards to its application. Design/methodology/approach: A qualitative approach is adopted for this research, wherein the data has been collected through conducting one on one telephonic interviews (some in questionnaire format) and a roundtable conference with the general managers and marketing communication managers of 30 New Delhi/National Capital Region (NCR) hotels respectively to understand the transition from traditional to digital marketing era and how are they using various social media marketing tools. Findings: This study aims to inform how digitalization has benefitted the industry in various aspects and its comparison to the traditional marketing methods. It also discovers the future of artificial intelligence in the Indian hospitality space. Practical implications: This study aims to help managerial decision-making in the application of various E-marketing tools and strategies, suggesting the right mix of both traditional and digital marketing platforms. Originality/value: Arguably this is one of a kind study, as there has been no such research done specifically aiming at the five-star hotels of the Indian market. The findings will help the industry explore and enhance their digital presence by suggesting the appropriate mix of both traditional and digital approaches and can be used as a good source for further exploring the perspective of digitalization by academicians as well. © 2021, Emerald Publishing Limited.",Artificial intelligence; Digital marketing; Digitalization; E-marketing tools; Social media marketing; Traditional marketing,Emerald Group Holdings Ltd.,scopus-artificial intelligence,36,Thinking AI,"['E-Marketing tools', 'digital marketing', 'artificial intelligence', 'market analysis', 'managerial decision-making', 'traditional marketing methods', 'social media marketing']","The abstract discusses the analysis of E-Marketing tools and the transition from traditional to digital marketing, which involves strategic analysis and understanding market dynamics. It emphasizes the application of artificial intelligence in enhancing marketing strategies and making informed managerial decisions, aligning closely with the definitions of Thinking AI focused on market analysis and targeting.",10%,20%,70%,0%,0%,"[2021, 2023)",Digital marketing
"Inventory competition, artificial intelligence, and quality improvement decisions in supply chains with digital marketing",Salhab H.A.; Allahham M.; Abu-Alsondos I.A.; Frangieh R.H.; Alkhwaldi A.F.; Ali B.J.A.,2023,10.5267/j.uscm.2023.8.009,"This research examines the synergistic influence of inventory competition, artificial intelligence (AI) adoption, and digital marketing intensity on quality improvement decisions within contemporary supply chains. With a focus on enhancing product and service quality, we investigate the intricate relationships among these variables. A quantitative approach involving 380 supply chain professionals reveals that heightened inventory competition, increased AI adoption, and robust digital marketing significantly contribute to quality enhancement initiatives. The study builds upon prior research by empirically validating these connections and offers practical insights for supply chain practitioners. The findings underscore the strategic imperative of organizations to strategically balance these factors to optimize their quality management strategies, fostering customer satisfaction and competitiveness. While offering valuable contributions, the study acknowledges limitations in terms of self-reported data and a specific respondent group. Future research could extend this investigation to diverse industries and geographical contexts. In the end, this study sheds light on the complex interplay that exists between inventory competition, the use of AI, digital marketing, and judgments about quality improvement. As a result, a road map has been provided for efficient quality management of supply chains in the digital age. © 2023 Growing Science Ltd. All rights reserved.",Artificial intelligence (AI) adoption; Competitiveness; Customer satisfaction; Digital marketing intensity; Inventory competition; Quality improvement decisions; Supply chain management; Synergistic influence,Growing Science,scopus-ai,33,Thinking AI,"['inventory competition', 'AI adoption', 'digital marketing', 'quality improvement', 'supply chains', 'customer satisfaction', 'competitiveness']","The abstract discusses the influence of AI adoption and digital marketing intensity on quality improvement decisions within supply chains, which aligns with the focus on market analysis and targeting found in Thinking AI. The study examines how these factors contribute to strategic decisions that enhance product and service quality, indicative of using marketing analytics to identify advantages and optimize strategies. The emphasis on enhancing competitiveness and customer satisfaction further supports this classification.",10%,15%,65%,5%,5%,"[2023, 2025)",Digital marketing
Transition from traditional to digital marketing: a study of evolution of E-marketing in the Indian hotel industry,"Kapoor, R; Kapoor, K",2021,10.1108/WHATT-10-2020-0124,"Purpose The study aims at analyzing the adoption and preference of E-Marketing tools in five-star hotels in India. This paper also explores the scope of artificial intelligence and the challenges with regards to its application. Design/methodology/approach A qualitative approach is adopted for this research, wherein the data has been collected through conducting one on one telephonic interviews (some in questionnaire format) and a roundtable conference with the general managers and marketing communication managers of 30 New Delhi/National Capital Region (NCR) hotels respectively to understand the transition from traditional to digital marketing era and how are they using various social media marketing tools. Findings This study aims to inform how digitalization has benefitted the industry in various aspects and its comparison to the traditional marketing methods. It also discovers the future of artificial intelligence in the Indian hospitality space. Practical implications This study aims to help managerial decision-making in the application of various E-marketing tools and strategies, suggesting the right mix of both traditional and digital marketing platforms. Originality/value Arguably this is one of a kind study, as there has been no such research done specifically aiming at the five-star hotels of the Indian market. The findings will help the industry explore and enhance their digital presence by suggesting the appropriate mix of both traditional and digital approaches and can be used as a good source for further exploring the perspective of digitalization by academicians as well.",Digitalization; Artificial intelligence; Social media marketing; Digital marketing; Traditional marketing; E-marketing tools,EMERALD GROUP PUBLISHING LTD,wos-artificial intelligence,20,Thinking AI,"['digital marketing', 'E-Marketing tools', 'customer preferences', 'market analysis', 'artificial intelligence', 'social media marketing']","The abstract discusses the analysis of E-Marketing tools in five-star hotels, focusing on the transition from traditional to digital marketing. It emphasizes understanding customer preferences and the future of AI in marketing strategies, which aligns well with market analysis and targeting aspects of Thinking AI. The study aims to inform managerial decision-making, which further supports its classification under Thinking AI.",10%,15%,75%,0%,0%,"[2021, 2023)",Digital marketing
Do conversational platforms represent the next big digital marketing opportunity?,Copulsky J.,2019,10.69554/hiur2549,"This paper examines the evolution of conversational platforms. Over the next three to five years, the technology will likely evolve rapidly, allowing conversational platforms to move beyond established customer service use cases to applications that facilitate more informed customer decision-making and create more immersive brand engagement experiences. Marketers will need to sort through the legal, regulatory and brand trust issues associated with the Big Data generated by conversational platforms, as well as integrate conversational platforms into their user experience roadmap, data strategies and marketing technology stack. © Henry Stewart Publications.",Brand engagement; Brand trust; Chatbots; Conversational platforms; Customer experience; Digital marketing; Recommender systems; Virtual assistants,Henry Stewart Publications,scopus-big data,13,Thinking AI,"['conversational platforms', 'customer decision-making', 'brand engagement', 'Big Data', 'user experience roadmap', 'data strategies']","The abstract discusses the evolution of conversational platforms and their potential to enhance customer decision-making and brand engagement, which aligns with the strategic analysis focus of Thinking AI. The mention of sorting through legal and regulatory issues associated with Big Data indicates a need for market analysis and understanding competitive advantages. Additionally, it suggests the integration of these platforms into marketing strategies, which is a characteristic of Thinking AI applications.",0%,0%,100%,0%,0%,"[2019, 2021)",Digital marketing
A high-performance turnkey system for customer lifetime value prediction in retail brands: Forthcoming in quantitative marketing and economics,Yan Y.; Resnick N.,2024,10.1007/s11129-023-09272-x,"Customer lifetime value (CLV) modeling underpins modern marketing analytics, enabling the development of tailored customer relationship management strategies based on the predicted future value of their customers. As part of Amperity’s enterprise customer data platform (CDP), we deploy and maintain a CLV prediction system that caters to a rapidly growing list of brands across various industries, purchase behaviors, and scales. Given the impracticality of developing bespoke models for each brand, our solution must be adaptive, generalizable, and high-performing ”out of the box”. Furthermore, our platform demands daily prediction updates to facilitate prompt marketing decisions. This paper introduces a turnkey CLV prediction system that achieves state-of-the-art performance across a diverse set of brands. This system has several contributions: 1) the use of encodings and embeddings to incorporate signals from high-cardinality data; 2) a multi-stage churn-CLV modeling framework that augments additional flexibility in adjusting churn probabilities, subsequently reducing CLV prediction errors while maintaining a synergistic learning process; 3) a feature-weighted ensemble of both generative and discriminative models to accommodate diverse underlying purchase patterns. Empirical results show that our enhanced model consistently surpasses benchmark performances for twelve retail brands across six evaluation intervals from June 2020 to September 2022. © The Author(s) 2023. corrected publication 2023.",Churn prediction; Customer data platform; Customer lifetime value; Ensemble modeling; M31; Marketing analytics,Springer,scopus-prediction,1,Thinking AI,"['customer lifetime value', 'CLV prediction', 'marketing decisions', 'predictive modeling', 'customer relationship management', 'purchase behaviors']","The abstract focuses on a CLV prediction system that enhances marketing analytics for brands by providing tailored customer relationship strategies based on predicted future values. This aligns closely with the 'Thinking AI' category, specifically in market analysis and targeting, as it utilizes predictive modeling and analytics to inform marketing decisions. The use of diverse models and frameworks to improve predictions further supports strategic analysis.",0%,20%,80%,0%,0%,"[2023, 2025)",Marketing analytics
"Understanding the relationship between marketing analytics, customer agility, and customer satisfaction: A longitudinal perspective.","Agag, G; Shehawy, YM; Almoraish, A; Eid, R; Lababdi, HC; Labben, TG; Abdo, SS",2024,10.1016/j.jretconser.2023.103663,"Shifting towards a more data-driven culture is a key antecedent of business success in today's digital era. Previous research has paid attention to exploring the influence of marketing analytics on business performance, and rarely examined how the use of marketing analytics influences customer agility and satisfaction. According to the dynamic capabilities view and using previous studies, we developed a conceptual framework to explore the effect of marketing analytics use on customer agility and customer satisfaction. In Study 1, we utilised cross-sectional data collected from 468 managers from various industries. In study 2, we employed longitudinal data in a threewave longitudinal utilising a cross-lagged panel model. Study 1 indicated that data acquisition and tool acquisition are key drivers in adopting marketing analytics. Marketing analytics use has stronger effect on customer agility when market turbulence is high. They also revealed that the influence of customer agility on customer satisfaction in such conditions is stronger. Study 2 revealed that marketing analytics use at time point T1 has a significant and positive influence on customer agility at time point T2, while customer agility at time point T2 has a significant and positive influence on customer satisfaction at time point T3. These findings indicate strong temporal effects between marketing analytics use, customer agility, and customer satisfaction. The findings suggest that researchers should look beyond direct effects of marketing analytics use and shift their attention on how a marketing analytics can be leveraged to enable and support dynamic capabilities and customer satisfaction.",Marketing analytics use; Customer agility; Customer satisfaction; Data-driven culture; Market turbulence,ELSEVIER SCI LTD,wos-big data,24,Thinking AI,"['marketing analytics', 'customer agility', 'customer satisfaction', 'data acquisition', 'market turbulence']","The abstract discusses the use of marketing analytics and its impact on customer agility and satisfaction, which aligns with the focus on market analysis, targeting, and personalization found in Thinking AI. The emphasis on the relationships and temporal effects between marketing analytics use and customer outcomes indicates a strategic analysis approach to marketing rather than emotional or purely mechanical processes.",10%,15%,75%,0%,0%,"[2023, 2025)",Marketing analytics
Teaching marketing analytics: a pricing case study for quantitative and substantive marketing skills,Skiera B.; Jürgensmeier L.,2024,10.1057/s41270-024-00313-2,"This article describes a data-driven case study for teaching and assessing students’ skills in marketing analytics, specifically in pricing. This case study combines teaching econometrics to analyze data and substantive marketing to derive managerial insights. The econometric challenge requires students to set up and implement a regression analysis to derive the demand function, detect multicollinearity, and select appropriate data visualizations. The substantive challenge requires deriving optimal pricing decisions and understanding how the parameters of the demand function impact optimal prices and the associated profit. We test the case study in a marketing analytics exam and discuss the performance of 134 students. Beyond assessing student performance in an exam, the case study facilitates teaching through in-class group work or assignments. Free of charge, under a liberal CC BY license, we encourage other educators to use the case study in their teaching. We provide the necessary data and a sample solution using the statistical programming language R. © The Author(s) 2024.",Case study; Data science; Education; Marketing analytics; Pricing; Teaching,Palgrave Macmillan,scopus-data science,1,Thinking AI,"['marketing analytics', 'pricing', 'regression analysis', 'demand function', 'optimal pricing', 'managerial insights']","The abstract focuses on a case study that teaches and assesses students' skills in marketing analytics, particularly in pricing strategies and econometrics. The emphasis on analyzing data to derive managerial insights and making optimal pricing decisions aligns closely with the 'Market analysis' and 'Targeting' aspects of Thinking AI. The use of regression analysis and demand functions suggests a strategic analytical approach rather than automation or emotional understanding.",0%,0%,100%,0%,0%,"[2023, 2025)",Marketing analytics
"Benefits, challenges and future developments in digital analytics in German-speaking countries: An empirical analysis",Zumstein D.; Brauer C.; Zelic A.,2022,10.69554/uvcf5193,"This paper presents the results of a survey, conducted in 2020, to gauge the current standing of digital analytics in Germany, Switzerland and Austria. The findings highlight the increasing maturity level, benefits, challenges and future developments in the field. The research confirms that digital analytics supports the analysis and optimisation of digital marketing campaigns, user experience, search engine marketing and data-driven decisions. For many of the companies analysed, the most important challenges were reported to be data quality, lack of skills and data culture; however, maturity level, capabilities, agility and professionalism in digital analytics are steadily increasing, and artificial intelligence is enjoying many new and different applications within the fields of sales and marketing. These findings suggest that companies in German-speaking countries should focus on improving data quality and data culture. © Henry Stewart Publications 2054-7544 (2022).",Artificial intelligence; Big Data; Business analytics; Digital analytics; Marketing analytics; Maturity level; Web analytics,Henry Stewart Publications,scopus-artificial intelligence,7,Thinking AI,"['digital analytics', 'data-driven decisions', 'market analysis', 'optimization', 'challenges', 'future developments', 'customer preferences']","The abstract discusses digital analytics in the context of supporting the analysis and optimization of digital marketing campaigns and data-driven decisions. It emphasizes market analysis, the identification of challenges, and the increasing maturity of companies in utilizing analytics. This aligns well with the 'Thinking AI' category, which focuses on market analysis and targeting.",0%,0%,80%,0%,20%,"[2021, 2023)",Marketing analytics
"Marketing analytics capability, artificial intelligence adoption, and firms? competitive advantage: Evidence from the manufacturing industry","Hossain, MA; Agnihotri, R; Rushan, MRI; Rahman, MS; Sumi, SF",2022,10.1016/j.indmarman.2022.08.017,"Data-driven analytics and artificial intelligence (AI) have become the most crucial aspects of today's industrial marketing management. Although many firms have embraced analytics and AI strategies, corresponding academic advances have been slow. This research investigates how industrial goods manufacturers sustain their competitive advantage in export markets, convincing buyers in a competitive data-rich business environment. The evidence has been taken from the RMG (readymade garment) industry, one of the largest manufacturing industries significantly attached to the export markets. Utilizing multi-phase research design, the study reveals that firms marketing analytics capability play a vital role in sensing, seizing, and reconfiguring the market, consequently leading to a sustained competitive advantage. The performance of sensing, seizing, and reconfiguring becomes higher for a firm when they adopt AI on the strength of the marketing analytics platform. These findings exhibit the latest avenue of exploration within marketing analytics and AI's academic research paradigm. Further, in practice, managers will be aware of the facts that create resilience in this specific industry context.",Marketing analytics capability; AI adoption; Market sensing; Market seizing; Market reconfiguration; Manufacturing industry; B2B export market,ELSEVIER SCIENCE INC,wos-ai,42,Thinking AI,"['marketing analytics', 'competitive advantage', 'data-rich business environment', 'sensing', 'seizing', 'reconfiguring']","The abstract discusses the role of marketing analytics and AI in sustaining competitive advantage, particularly in the context of the RMG industry. It emphasizes the importance of analyzing market conditions and leveraging data to enhance performance, which aligns closely with the definition of Thinking AI focused on market analysis and identifying competitive advantages.",0%,0%,100%,0%,0%,"[2021, 2023)",Marketing analytics
Retail forecasting: Research and practice,Fildes R.; Ma S.; Kolassa S.,2022,10.1016/j.ijforecast.2019.06.004,"This paper reviews the research literature on forecasting retail demand. We begin by introducing the forecasting problems that retailers face, from the strategic to the operational, as sales are aggregated over products to stores and to the company overall. Aggregated forecasting supports strategic decisions on location. Product-level forecasts usually relate to operational decisions at the store level. The factors that influence demand, and in particular promotional information, add considerable complexity, so that forecasters potentially face the dimensionality problem of too many variables and too little data. The paper goes on to evaluate evidence on comparative forecasting accuracy. Although causal models outperform simple benchmarks, adequate evidence on machine learning methods has not yet accumulated. Methods for forecasting new products are examined separately, with little evidence being found on the effectiveness of the various approaches. The paper concludes by describing company forecasting practices, offering conclusions as to both research gaps and barriers to improved practice. © 2019 International Institute of Forecasters",Comparative accuracy; Forecasting practice; Marketing analytics; New products; Product hierarchies; Retail forecasting; Social media data,Elsevier B.V.,scopus-machine learning,137,Thinking AI,"['forecasting', 'retail demand', 'promotional information', 'comparative forecasting accuracy', 'market analysis']","The abstract discusses the forecasting of retail demand, which involves understanding market dynamics and the factors affecting sales. It emphasizes the strategic and operational decisions retailers make based on sales forecasts. Additionally, the evaluation of forecasting methods points towards market analysis and targeting strategies, particularly in assessing promotional impacts. This aligns closely with the Thinking AI category which focuses on market analysis and targeting.",0%,0%,100%,0%,0%,"[2021, 2023)",Marketing analytics
Machine learning and artificial intelligence use in marketing: a general taxonomy,De Mauro A.; Sestino A.; Bacconi A.,2022,10.1007/s43039-022-00057-w,"The emergence of consumer-generated data and the growing availability of Machine Learning (ML) techniques are revolutionizing marketing practices. Marketers and researchers are far from having a thorough understanding of the broad range of opportunities ML applications offer in creating and maintaining a competitive business advantage. In this paper, we propose a taxonomy of ML use cases in marketing based on a systematic review of academic and business literature. We have identified 11 recurring use cases, organized in 4 homogeneous families which correspond to the fundamentals leverage areas of ML in marketing, namely: shopper fundamentals, consumption experience, decision making, and financial impact. We discuss the recurring patterns identified in the taxonomy and provide a conceptual framework for its interpretation and extension, highlighting practical implications for marketers and researchers. © The Author(s) 2022.",Analytics; Artificial intelligence; Big Data; Machine learning; Marketing; Marketing analytics,Springer International Publishing,scopus-artificial intelligence,37,Thinking AI,"['Machine Learning', 'taxonomy', 'use cases', 'market advantage', 'decision making', 'financial impact']","The abstract discusses the use of Machine Learning (ML) in marketing, focusing on various applications that enhance decision making, analysis of consumption experiences, and financial impacts. The identification of use cases and their organization into families aligns with strategic analysis in marketing, which corresponds to the Thinking AI category.",0%,0%,100%,0%,0%,"[2021, 2023)",Marketing analytics
Does marketing analytics capability boost firms' competitive marketing performance in data-rich business environment?,Rahman M.S.; Hossain M.A.; Abdel Fattah F.A.M.,2022,10.1108/JEIM-05-2020-0185,"Purpose: Few well-documented studies have explained the importance of researching firms' marketing analytics capability (FMAC). In spite of its significance, there is scant attention to conceptualising and empirically investigating FMAC and its consequences in a data-driven business context. Thus, this study aims to develop and test a conceptual model that relates FMAC and its repercussions in the data-rich business environment. Design/methodology/approach: This study analysed the data from 250 managers amongst large and medium-sized manufacturing and service-intensive firms. Furthermore, this research performed an empirical study by using operationalised questionnaire survey method to verify the hypotheses and reach its theoretical and managerial implications. Structural equation modelling with maximum-likelihood estimation method was applied to verify the validity of the proposed research model. Findings: Multivariate analysis results show that FMAC significantly influences firms' competitive marketing performance (FCMP) with the presence of holistic marketing decision-making (HMDM) as a mediator. Moreover, adoption of artificial intelligence (AAI) enhances the relationship of FMAC-HMDM and FMAC-FCMP linkages. Practical implications: This study analyses how FMAC can enhance FCMP and contributes to resource-based views and technological capability theories. From a managerial perspective, guidelines are provided for marketers to adopt advance technologies, such as AI, to optimise FMAC and HMDM to achieve competitive marketing performance. Originality/value: Believing that “how to be competitive in marketing performance under data-rich-environment”, this research is the first to use the data of a firm manager to facilitate the understanding of FMAC, which provides a new direction for improving marketing performance. In addition, HMDM and AAI are also proposed for firms to optimise FCMP. © 2021, Emerald Publishing Limited.",Artificial intelligence; Competitive marketing performance; Holistic marketing decision; Marketing analytics capability,Emerald Group Holdings Ltd.,scopus-ai,36,Thinking AI,"['marketing analytics capability', 'competitive marketing performance', 'holistic marketing decision-making', 'adoption of artificial intelligence', 'empirical study']","The abstract discusses the relationship between firms' marketing analytics capability (FMAC) and their competitive marketing performance (FCMP), emphasizing the importance of market analysis and decision-making in a data-driven environment. The mention of using artificial intelligence to enhance these relationships further aligns with the strategic analysis focus of Thinking AI.",0%,0%,100%,0%,0%,"[2021, 2023)",Marketing analytics
Eye tracking technology to audit google analytics: Analysing digital consumer shopping journey in fashion m-retail,Tupikovskaja-Omovie Z.; Tyler D.,2021,10.1016/j.ijinfomgt.2020.102294,"Rapid changes in digital consumer behaviour, influenced by exponential adoption of smartphones, require timely and sophisticated responses from retailers to these consumer needs. With a growing amount of big data available, fashion retailers need to innovate and develop more sophisticated analytics for new consumer behaviours such as m-commerce. This research has considered how Google Analytics data can be applied to develop customer journey maps to understand digital consumer behaviour. A multi-method research design was used, incorporating an innovative mobile eye tracking technology and mobile fashion consumer data from Google Analytics. Digital customers’ shopping journeys on the fashion retailer's website were mapped using data sourced from eye tracking and Google Analytics, gathered in parallel. The comparison of these shopping journeys allowed a critical evaluation of the precision and usefulness of the Google Analytics database. Google Analytics tracked only half of the digital users’ activities, whereas eye tracking data documented digital consumers’ interaction with all elements of the fashion retailer's website. The conclusion reached is that eye tracking can be used to audit the Google Analytics database for potential gaps in data and also to inform and improve marketing decision-making. © 2020 Elsevier Ltd",Consumer shopping journey; Digital consumer; Eye tracking; Fashion m-retail; Fashion retail; Google analytics; Marketing analytics,Elsevier Ltd,scopus-big data,28,Thinking AI,"['digital consumer behaviour', 'Google Analytics', 'customer journey maps', 'market analysis', 'data gaps', 'marketing decision-making']","The abstract discusses the application of Google Analytics and eye-tracking technology to analyze and map digital consumer behaviors within the fashion retail sector. This aligns with the Thinking AI category, which focuses on market analysis and using marketing analytics to identify consumer needs and optimize decision-making processes. The research aims to improve understanding of customer journeys and inform marketing strategies based on data analysis.",0%,20%,80%,0%,0%,"[2021, 2023)",Marketing analytics
Data-driven marketing for growth and profitability,Grandhi B.; Patwa N.; Saleem K.,2021,10.1108/EMJB-09-2018-0054,"Purpose: In the current business environment, more uncertain than ever before, understanding consumer behavior is an integral part of an organization's strategic planning and execution process. It is the key driver for becoming a market leader. Therefore, it is important that all processes in business are customer centric. Marketers need to harness big data by engaging in data driven-marketing (DDM) to help organizations choose the “right” customers, to “keep” and “grow” them and to sustain “growth” and “profitability”. This research examines DDM adoption practices and how companies can aim to enhance shareholder value by bringing about “customer centricity”. Design/methodology/approach: An online survey conducted in 2016 received 180 responses from junior, middle and senior executives. Of the total responses, 26% were from senior management, 39% from middle management and the remaining 35% from junior management. Industries represented in the survey included retail, BFSI, healthcare and government, automobile, telecommunication, transport and logistics and IT. Other industries represented were aviation, marketing research and consulting, hospitality, advertising and media and human resource. Findings: Success of DDM depends upon how well an organization embraces the practice. The first and foremost indicator of an organization's commitment is the extent of resources invested for DDM. Respondents were divided into four categories; Laggards, Dabblers, Contenders and Leaders based on their “current level of investments” and “willingness to enhance investments” soon. Research limitations/implications: With storming digital age and the development of analytics, the process of decision-making has gained significant importance. Judgment and intuition too are critical to the process. Choosing an appropriate action cannot be done strictly on a rational basis. Practical implications: The results of the study offer interesting implications for managing the growing sea of data. An iterative and incremental approach is the need of the hour, even if it has to start with baby steps, to invest in and reap the fruits of DDM. The intention to use any system is always dependent on two primary belief factors: perceived usefulness and perceived ease of use; however, attitudes and social factors are equally important. Originality/value: There is a dearth of knowledge with regards to who is and is not adopting DDM, and how best big data can be harnessed for enhancing effectiveness and efficiency of marketing budget. It is, therefore, imperative to build a knowledge base on DDM practices, challenges and opportunities. Better use of data can help companies enhance shareholder value by bringing about “customer centricity”. © 2020, Emerald Publishing Limited.",Customer centric; Data-driven marketing; Digital data; Digital marketing and marketing investment; Marketing analytics; Marketing dashboard; Marketing metrics; ROMI (return on marketing investment) and diffusion of innovation; Value proposition,Emerald Group Holdings Ltd.,scopus-big data,50,Thinking AI,"['consumer behavior', 'data driven-marketing', 'customer centricity', 'big data', 'market leader', 'shareholder value', 'strategic planning', 'investment', 'analytics']","The abstract discusses the importance of understanding consumer behavior and the strategic implementation of data-driven marketing (DDM) to enhance shareholder value and customer centricity. It emphasizes market analysis, decision-making processes, and the investment in resources for DDM, which aligns well with the focus of Thinking AI on market analysis, targeting, and the use of analytics for competitive advantages.",10%,20%,70%,0%,0%,"[2021, 2023)",Marketing analytics
Marketing analytics for data-rich environments,Wedel M.; Kannan P.K.,2016,10.1509/jm.15.0413,"The authors provide a critical examination of marketing analytics methods by tracing their historical development, examining their applications to structured and unstructured data generated within or external to a firm, and reviewing their potential to support marketing decisions. The authors identify directions for new analytical research methods, addressing (1) analytics for optimizingmarketing-mix spending in a data-rich environment, (2) analytics for personalization, and (3) analytics in the context of customers' privacy and data security. They review the implications for organizations that intend to implement big data analytics. Finally, turning to the future, the authors identify trends that will shape marketing analytics as a discipline as well as marketing analytics education. © 2016, American Marketing Association.",Big data; Marketing analytics; Marketing mix; Personalization; Privacy,American Marketing Association,scopus-big data,646,Thinking AI,"['marketing analytics', 'data-rich environment', 'optimizing marketing-mix', 'personalization', 'customer privacy', 'data security']","The abstract discusses marketing analytics methods, focusing on their historical development and applications to structured and unstructured data. It emphasizes the potential of analytics to support marketing decisions, especially in optimizing marketing-mix spending and personalization. These themes align closely with the 'Thinking AI' category, which focuses on market analysis, targeting, and personalization strategies based on customer data.",10%,20%,70%,0%,0%,"[2015, 2017)",Marketing analytics
Big Data and consumer behavior: imminent opportunities,Hofacker C.F.; Malthouse E.C.; Sultan F.,2016,10.1108/JCM-04-2015-1399,"Purpose – The purpose of this paper is to assess how the study of consumer behavior can benefit from the presence of Big Data. Design/methodology/approach – This paper offers a conceptual overview of potential opportunities and changes to the study of consumer behavior that Big Data will likely bring. Findings – Big Data have the potential to further our understanding of each stage in the consumer decision-making process. While the field has traditionally moved forward using a priori theory followed by experimentation, it now seems that the nature of the feedback loop between theory and results may shift under the weight of Big Data. Research limitations/implications – A new data culture is now represented in marketing practice. The new group advocates inductive data mining and A/B testing rather than human intuition harnessed for deduction. The group brings with it interest in numerous secondary data sources. However, Big Data may be limited by poor quality, unrepresentativeness and volatility, among other problems. Practical implications – Managers who need to understand consumer behavior will need a workforce with different skill sets than in the past, such as Big Data consumer analytics. Originality/value – To the authors' knowledge, this is one of the first articles to assess how the study of consumer behavior can evolve in the context of the Big Data revolution. © 2016, © Emerald Group Publishing Limited.",Big Data; Consumer behavior; Marketing analytics,Emerald Group Publishing Ltd.,scopus-big data,154,Thinking AI,"['consumer behavior', 'Big Data', 'decision-making process', 'data culture', 'A/B testing', 'data mining']","The abstract discusses how Big Data can enhance the understanding of consumer behavior and the consumer decision-making process. This aligns with the Thinking AI category, which focuses on market analysis and targeting, as it emphasizes the shift from traditional a priori theory to data-driven insights. The mention of a new data culture advocating for analytics and testing further supports this classification.",0%,0%,100%,0%,0%,"[2015, 2017)",Marketing analytics
Retail forecasting: Research and practice,Fildes R.; Ma S.; Kolassa S.,2022,10.1016/j.ijforecast.2019.06.004,"This paper reviews the research literature on forecasting retail demand. We begin by introducing the forecasting problems that retailers face, from the strategic to the operational, as sales are aggregated over products to stores and to the company overall. Aggregated forecasting supports strategic decisions on location. Product-level forecasts usually relate to operational decisions at the store level. The factors that influence demand, and in particular promotional information, add considerable complexity, so that forecasters potentially face the dimensionality problem of too many variables and too little data. The paper goes on to evaluate evidence on comparative forecasting accuracy. Although causal models outperform simple benchmarks, adequate evidence on machine learning methods has not yet accumulated. Methods for forecasting new products are examined separately, with little evidence being found on the effectiveness of the various approaches. The paper concludes by describing company forecasting practices, offering conclusions as to both research gaps and barriers to improved practice. © 2019 International Institute of Forecasters",Comparative accuracy; Forecasting practice; Marketing analytics; New products; Product hierarchies; Retail forecasting; Social media data,Elsevier B.V.,scopus-machine learning,137,Thinking AI,"['forecasting', 'retail demand', 'promotional information', 'comparative forecasting accuracy', 'market analysis']","The abstract discusses the forecasting of retail demand, which involves understanding market dynamics and the factors affecting sales. It emphasizes the strategic and operational decisions retailers make based on sales forecasts. Additionally, the evaluation of forecasting methods points towards market analysis and targeting strategies, particularly in assessing promotional impacts. This aligns closely with the Thinking AI category which focuses on market analysis and targeting.",0%,0%,100%,0%,0%,"[2021, 2023)",Marketing analytics
Fostering B2B sales with customer big data analytics,"Hallikainen, H; Savimäki, E; Laukkanen, T",2020,10.1016/j.indmarman.2019.12.005,"This study focuses on the use of big data analytics in managing B2B customer relationships and examines the effects of big data analytics on customer relationship performance and sales growth using a multi-industry dataset from 417 B2B firms. The study also examines whether analytics culture within a firm moderates these effects. The study finds that the use of customer big data significantly fosters sales growth (i.e. monetary performance outcomes) and enhances the customer relationship performance (non-monetary performance outcomes). However, the latter effect is stronger for firms which have an analytics culture which supports marketing analytics, whereas the former effect remains unchanged regardless of the analytics culture. The study empirically confirms that customer big data analytics improves customer relationship performance and sales growth in B2B firms.",Big data analytics; Customer analytics; Marketing analytics; Firm performance; Customer relationship management; Big data-enhanced database marketing,ELSEVIER SCIENCE INC,wos-big data,105,Thinking AI,"['big data analytics', 'customer relationship performance', 'sales growth', 'analytics culture', 'monetary performance', 'non-monetary performance']","The abstract discusses the impact of big data analytics on customer relationship performance and sales growth, specifically in the context of B2B firms. This aligns closely with the Thinking AI category, which focuses on market analysis and strategic insights derived from analytics. The study emphasizes the role of analytics culture in moderating these effects, suggesting a strategic approach to leveraging data for competitive advantage, which is characteristic of the Thinking AI category. The mention of sales growth and performance outcomes further reinforces this classification.",0%,0%,100%,0%,0%,"[2019, 2021)",Marketing analytics
A dynamic capability view of marketing analytics: Evidence from UK firms,Cao G.; Duan Y.; El Banna A.,2019,10.1016/j.indmarman.2018.08.002,"While marketing analytics plays an important role in generating insights from big data to improve marketing decision-making and firm competitiveness, few academic studies have investigated the mechanisms through which it can be used to achieve sustained competitive advantage. To close this gap, this study draws on the dynamic capability view to posit that a firm can attain sustained competitive advantage from its sensing, seizing and reconfiguring capabilities, which are manifested by the use of marketing analytics, marketing decision-making, and product development management. This study also examines the impact of the antecedents of marketing analytics use on marketing related processes. The analysis of a survey of 221 UK firm managers demonstrates: (a) the positive impact of marketing analytics use on both marketing decision-making and product development management; (b) the effect of the latter two on sustained competitive advantage; (c) the indirect effect of data availability on both marketing decision-making and production development management; and (d) the indirect effect of managerial support on marketing decision-making. The research model proposed in this study provides insights into how marketing analytics can be used to achieve sustained competitive advantage. © 2018 Elsevier Inc.",Dynamic capability view; Marketing analytics; Marketing decision-making; Product development management; Sustained competitive advantage,Elsevier Inc.,scopus-big data,91,Thinking AI,"['marketing analytics', 'decision-making', 'competitive advantage', 'sensing capabilities', 'data availability', 'product development management', 'managerial support']","The abstract discusses the use of marketing analytics in enhancing marketing decision-making, product development management, and ultimately achieving sustained competitive advantage. This aligns closely with the focus of Thinking AI on market analysis and competitive advantages. The findings indicate the positive impact of marketing analytics on strategic processes, which is characteristic of Thinking AI applications.",0%,0%,100%,0%,0%,"[2019, 2021)",Marketing analytics
Role of big data in decision making,Jeble S.; Kumari S.; Patil Y.,2018,10.31387/oscm0300198,"Information systems coupled with internet, cloud computing, mobile devices and Internet of Things have led to massive volumes of data, commonly referred as big data. It includes mix of structured, semi-structured and unstructured real-time data, constituting of data warehouse, OLAP, ETL and information. Business firms and academicians have designed unique ways of tapping value from big data. There is a great scope of using large datasets as an additional input for making decisions. The aim of the paper is to explore the role of big data in these areas for making better decisions. Here we explore how big data can be used to make smart and real-time decisions for improving business results. The paper undergoes literature review and secondary data to provide a conceptual overview of potential opportunities of big data in decision making. The paper discusses the concept of big data, its role in decision making and also the competitive advantage of big data for different firms. The paper also discusses a framework for managing data in decision making. The topic must be addressed for taking better decisions for firms which will contribute to high quality knowledge. © Operations and Supply Chain Management. All rights reserved.",Big data; Big data analytics; Marketing analytics; Social media analytics,Operations and Supply Chain Management Forum,scopus-big data,64,Thinking AI,"['big data', 'decision making', 'competitive advantage', 'market analysis']","The abstract emphasizes the role of big data in enhancing decision-making processes within business firms, focusing on market analysis and competitive advantages derived from data. It discusses how businesses can leverage large datasets to make smarter, real-time decisions, which aligns closely with the 'Thinking AI' category that focuses on market analysis and targeting.",0%,0%,100%,0%,0%,"[2017, 2019)",Marketing analytics
Data-driven marketing for growth and profitability,Grandhi B.; Patwa N.; Saleem K.,2021,10.1108/EMJB-09-2018-0054,"Purpose: In the current business environment, more uncertain than ever before, understanding consumer behavior is an integral part of an organization's strategic planning and execution process. It is the key driver for becoming a market leader. Therefore, it is important that all processes in business are customer centric. Marketers need to harness big data by engaging in data driven-marketing (DDM) to help organizations choose the “right” customers, to “keep” and “grow” them and to sustain “growth” and “profitability”. This research examines DDM adoption practices and how companies can aim to enhance shareholder value by bringing about “customer centricity”. Design/methodology/approach: An online survey conducted in 2016 received 180 responses from junior, middle and senior executives. Of the total responses, 26% were from senior management, 39% from middle management and the remaining 35% from junior management. Industries represented in the survey included retail, BFSI, healthcare and government, automobile, telecommunication, transport and logistics and IT. Other industries represented were aviation, marketing research and consulting, hospitality, advertising and media and human resource. Findings: Success of DDM depends upon how well an organization embraces the practice. The first and foremost indicator of an organization's commitment is the extent of resources invested for DDM. Respondents were divided into four categories; Laggards, Dabblers, Contenders and Leaders based on their “current level of investments” and “willingness to enhance investments” soon. Research limitations/implications: With storming digital age and the development of analytics, the process of decision-making has gained significant importance. Judgment and intuition too are critical to the process. Choosing an appropriate action cannot be done strictly on a rational basis. Practical implications: The results of the study offer interesting implications for managing the growing sea of data. An iterative and incremental approach is the need of the hour, even if it has to start with baby steps, to invest in and reap the fruits of DDM. The intention to use any system is always dependent on two primary belief factors: perceived usefulness and perceived ease of use; however, attitudes and social factors are equally important. Originality/value: There is a dearth of knowledge with regards to who is and is not adopting DDM, and how best big data can be harnessed for enhancing effectiveness and efficiency of marketing budget. It is, therefore, imperative to build a knowledge base on DDM practices, challenges and opportunities. Better use of data can help companies enhance shareholder value by bringing about “customer centricity”. © 2020, Emerald Publishing Limited.",Customer centric; Data-driven marketing; Digital data; Digital marketing and marketing investment; Marketing analytics; Marketing dashboard; Marketing metrics; ROMI (return on marketing investment) and diffusion of innovation; Value proposition,Emerald Group Holdings Ltd.,scopus-big data,50,Thinking AI,"['consumer behavior', 'data driven-marketing', 'customer centricity', 'big data', 'market leader', 'shareholder value', 'strategic planning', 'investment', 'analytics']","The abstract discusses the importance of understanding consumer behavior and the strategic implementation of data-driven marketing (DDM) to enhance shareholder value and customer centricity. It emphasizes market analysis, decision-making processes, and the investment in resources for DDM, which aligns well with the focus of Thinking AI on market analysis, targeting, and the use of analytics for competitive advantages.",10%,20%,70%,0%,0%,"[2021, 2023)",Marketing analytics
"Marketing analytics capability, artificial intelligence adoption, and firms? competitive advantage: Evidence from the manufacturing industry","Hossain, MA; Agnihotri, R; Rushan, MRI; Rahman, MS; Sumi, SF",2022,10.1016/j.indmarman.2022.08.017,"Data-driven analytics and artificial intelligence (AI) have become the most crucial aspects of today's industrial marketing management. Although many firms have embraced analytics and AI strategies, corresponding academic advances have been slow. This research investigates how industrial goods manufacturers sustain their competitive advantage in export markets, convincing buyers in a competitive data-rich business environment. The evidence has been taken from the RMG (readymade garment) industry, one of the largest manufacturing industries significantly attached to the export markets. Utilizing multi-phase research design, the study reveals that firms marketing analytics capability play a vital role in sensing, seizing, and reconfiguring the market, consequently leading to a sustained competitive advantage. The performance of sensing, seizing, and reconfiguring becomes higher for a firm when they adopt AI on the strength of the marketing analytics platform. These findings exhibit the latest avenue of exploration within marketing analytics and AI's academic research paradigm. Further, in practice, managers will be aware of the facts that create resilience in this specific industry context.",Marketing analytics capability; AI adoption; Market sensing; Market seizing; Market reconfiguration; Manufacturing industry; B2B export market,ELSEVIER SCIENCE INC,wos-ai,42,Thinking AI,"['marketing analytics', 'competitive advantage', 'data-rich business environment', 'sensing', 'seizing', 'reconfiguring']","The abstract discusses the role of marketing analytics and AI in sustaining competitive advantage, particularly in the context of the RMG industry. It emphasizes the importance of analyzing market conditions and leveraging data to enhance performance, which aligns closely with the definition of Thinking AI focused on market analysis and identifying competitive advantages.",0%,0%,100%,0%,0%,"[2021, 2023)",Marketing analytics
Machine learning and artificial intelligence use in marketing: a general taxonomy,De Mauro A.; Sestino A.; Bacconi A.,2022,10.1007/s43039-022-00057-w,"The emergence of consumer-generated data and the growing availability of Machine Learning (ML) techniques are revolutionizing marketing practices. Marketers and researchers are far from having a thorough understanding of the broad range of opportunities ML applications offer in creating and maintaining a competitive business advantage. In this paper, we propose a taxonomy of ML use cases in marketing based on a systematic review of academic and business literature. We have identified 11 recurring use cases, organized in 4 homogeneous families which correspond to the fundamentals leverage areas of ML in marketing, namely: shopper fundamentals, consumption experience, decision making, and financial impact. We discuss the recurring patterns identified in the taxonomy and provide a conceptual framework for its interpretation and extension, highlighting practical implications for marketers and researchers. © The Author(s) 2022.",Analytics; Artificial intelligence; Big Data; Machine learning; Marketing; Marketing analytics,Springer International Publishing,scopus-artificial intelligence,37,Thinking AI,"['Machine Learning', 'taxonomy', 'use cases', 'market advantage', 'decision making', 'financial impact']","The abstract discusses the use of Machine Learning (ML) in marketing, focusing on various applications that enhance decision making, analysis of consumption experiences, and financial impacts. The identification of use cases and their organization into families aligns with strategic analysis in marketing, which corresponds to the Thinking AI category.",0%,0%,100%,0%,0%,"[2021, 2023)",Marketing analytics
Does marketing analytics capability boost firms' competitive marketing performance in data-rich business environment?,Rahman M.S.; Hossain M.A.; Abdel Fattah F.A.M.,2022,10.1108/JEIM-05-2020-0185,"Purpose: Few well-documented studies have explained the importance of researching firms' marketing analytics capability (FMAC). In spite of its significance, there is scant attention to conceptualising and empirically investigating FMAC and its consequences in a data-driven business context. Thus, this study aims to develop and test a conceptual model that relates FMAC and its repercussions in the data-rich business environment. Design/methodology/approach: This study analysed the data from 250 managers amongst large and medium-sized manufacturing and service-intensive firms. Furthermore, this research performed an empirical study by using operationalised questionnaire survey method to verify the hypotheses and reach its theoretical and managerial implications. Structural equation modelling with maximum-likelihood estimation method was applied to verify the validity of the proposed research model. Findings: Multivariate analysis results show that FMAC significantly influences firms' competitive marketing performance (FCMP) with the presence of holistic marketing decision-making (HMDM) as a mediator. Moreover, adoption of artificial intelligence (AAI) enhances the relationship of FMAC-HMDM and FMAC-FCMP linkages. Practical implications: This study analyses how FMAC can enhance FCMP and contributes to resource-based views and technological capability theories. From a managerial perspective, guidelines are provided for marketers to adopt advance technologies, such as AI, to optimise FMAC and HMDM to achieve competitive marketing performance. Originality/value: Believing that “how to be competitive in marketing performance under data-rich-environment”, this research is the first to use the data of a firm manager to facilitate the understanding of FMAC, which provides a new direction for improving marketing performance. In addition, HMDM and AAI are also proposed for firms to optimise FCMP. © 2021, Emerald Publishing Limited.",Artificial intelligence; Competitive marketing performance; Holistic marketing decision; Marketing analytics capability,Emerald Group Holdings Ltd.,scopus-ai,36,Thinking AI,"['marketing analytics capability', 'competitive marketing performance', 'holistic marketing decision-making', 'adoption of artificial intelligence', 'empirical study']","The abstract discusses the relationship between firms' marketing analytics capability (FMAC) and their competitive marketing performance (FCMP), emphasizing the importance of market analysis and decision-making in a data-driven environment. The mention of using artificial intelligence to enhance these relationships further aligns with the strategic analysis focus of Thinking AI.",0%,0%,100%,0%,0%,"[2021, 2023)",Marketing analytics
Evaluating strategies for promoting retail mobile channel using a hidden Markov model,Chen J.; Rao V.R.,2023,10.1016/j.jretai.2022.07.001,"With the proliferation of mobile communication technology, many firms, including retailers and consumer banks, are making efforts to develop mobile platforms to better engage with their customers and reduce operational costs. However, the cost advantage of these mobile technologies will not yield fruition unless the mobile channel accounts for a significant share of total transactions. In this article, we explore potential options for firms to promote usage of the mobile channel. To achieve this, we propose a hidden Markov model to both model customers’ decisions and assess different managerial strategies through simulations. While we apply our proposed model to data from a leading financial institution, our approach is equally applicable to other retail settings. The results show that customers’ choices of services and channels are sensitive to process time by type of channel. A 10% increase in process time through non-mobile channels leads to a nearly 14% increase in utilization of mobile banking channel. Therefore, retailing firms could potentially influence customers’ choice of different channels by changing channel-specific process times. Motivated by these findings, we present and compare performances across five different policies, in promoting the usage of mobile channel. Drawing on our simulation results, we also make personalized policy recommendations to firms facing different levels of financial constraints. For those with financial constraints, we recommend a policy of increasing process time for a selected subset of service requests through non-mobile channels. Firms not constrained by the resources might be better off improving process time with the mobile channel by targeting customers identified as having a better relationship with the firm. © 2022 New York University",Customer relationship management; Digital marketing; Hidden Markov model; Mobile channel,Elsevier Ltd,scopus-recommendation,2,Thinking AI,"['mobile platform', 'customer engagement', 'managerial strategies', 'simulation', 'process time', 'channel utilization', 'policy recommendations']","The abstract discusses how firms can promote the usage of mobile channels by analyzing customer behavior and decision-making through a hidden Markov model. It focuses on market analysis and targeting strategies by assessing the impact of process times on customer choice of channels. This aligns closely with the Thinking AI category, which emphasizes market analysis and targeting the best strategies for customer engagement.",0%,20%,80%,0%,0%,"[2023, 2025)",Customer relationship management
How has data-driven marketing evolved: Challenges and opportunities with emerging technologies,Rosário A.T.; Dias J.C.,2023,10.1016/j.jjimei.2023.100203,"This paper explores data-driven marketing, its benefits, and challenges to provide insights and a framework for business leaders and marketers to leverage in their marketing efforts. Using a systematic literature review with bibliometric analysis, we examined a sample of 98 studies indexed in SCOPUS to identify research activity on this topic until May 2023. Data-driven marketing and communications have gained popularity as companies and marketers prioritize leveraging consumer and market data to strategize and make informed decisions. Adopting and integrating various technologies into the company's systems is crucial for companies aiming to achieve a sustainable competitive advantage. By analyzing and interpreting customer data, companies can implement customer-centered marketing initiatives that enhance their experience and satisfaction with the brand, thus strengthening company-customer relationships. However, data-driven marketing faces several challenges, including consumer privacy concerns, data poisoning, information quality issues, and the need for adequate organizational changes. © 2023",Big data; Customer data; Customer relationship management; Data-driven; Marketing,Elsevier B.V.,scopus-big data,50,Thinking AI,"['data-driven marketing', 'customer data', 'market data', 'strategic decisions', 'customer-centered marketing', 'customer experience', 'sustainable competitive advantage']","The abstract emphasizes the importance of analyzing and interpreting customer data to inform marketing strategies, enhance customer experience, and strengthen company-customer relationships. This aligns with the Thinking AI category, particularly focusing on market analysis and targeting through data insights. The mention of leveraging consumer and market data to strategize decisions further supports this classification.",10%,15%,65%,5%,5%,"[2023, 2025)",Customer relationship management
Using a data-driven marketing strategy on customer relationship management: an empirical case of urban coffee shops in Taiwan,Chiang W.-Y.,2021,10.1108/BFJ-06-2020-0523,"Purpose: Nowadays, the agricultural business environment is expended to the whole world. Transaction records in point of sales and customer relationship management (CRM) systems can be large-scale data for long-established global chain businesses. Thus, the purpose of this paper is to using a proposed data mining approach to discover valuable markets/customers of urban coffee shop industry (retailer) in current environment of Taiwan, which can implement the industry's data-driven marketing strategy on a CRM system. Design/methodology/approach: In this research approach, Ward's method, C5.0 decision tree and a proposed model are applied for discovering valuable markets and mining useful customer rules. Findings: These found markets and discovered rules can be applied on marketing information or CRM system for identifying valuable customers and target markets. Originality/value: In this study, the CRM system can be the media for the data-driven marketing strategy in environment of Taiwan. The approach of this research can be applied on other businesses for their data-driven marketing strategies as well. © 2020, Emerald Publishing Limited.",Customer relationship management system; Customer value; Data mining; Marketing information system,Emerald Group Holdings Ltd.,scopus-data mining,5,Thinking AI,"['data mining', 'valuable markets', 'customer rules', 'CRM system', 'marketing strategy']","The abstract focuses on using data mining techniques to analyze transaction records and discover valuable markets and customer rules for the urban coffee shop industry. This aligns with the 'Thinking AI' category, which emphasizes market analysis and targeting through the identification of valuable customers and markets. The use of decision trees and other analytical methods to derive insights for a data-driven marketing strategy further supports this classification.",0%,0%,100%,0%,0%,"[2021, 2023)",Customer relationship management
Fostering B2B sales with customer big data analytics,"Hallikainen, H; Savimäki, E; Laukkanen, T",2020,10.1016/j.indmarman.2019.12.005,"This study focuses on the use of big data analytics in managing B2B customer relationships and examines the effects of big data analytics on customer relationship performance and sales growth using a multi-industry dataset from 417 B2B firms. The study also examines whether analytics culture within a firm moderates these effects. The study finds that the use of customer big data significantly fosters sales growth (i.e. monetary performance outcomes) and enhances the customer relationship performance (non-monetary performance outcomes). However, the latter effect is stronger for firms which have an analytics culture which supports marketing analytics, whereas the former effect remains unchanged regardless of the analytics culture. The study empirically confirms that customer big data analytics improves customer relationship performance and sales growth in B2B firms.",Big data analytics; Customer analytics; Marketing analytics; Firm performance; Customer relationship management; Big data-enhanced database marketing,ELSEVIER SCIENCE INC,wos-big data,105,Thinking AI,"['big data analytics', 'customer relationship performance', 'sales growth', 'analytics culture', 'monetary performance', 'non-monetary performance']","The abstract discusses the impact of big data analytics on customer relationship performance and sales growth, specifically in the context of B2B firms. This aligns closely with the Thinking AI category, which focuses on market analysis and strategic insights derived from analytics. The study emphasizes the role of analytics culture in moderating these effects, suggesting a strategic approach to leveraging data for competitive advantage, which is characteristic of the Thinking AI category. The mention of sales growth and performance outcomes further reinforces this classification.",0%,0%,100%,0%,0%,"[2019, 2021)",Customer relationship management
Personalized digital marketing recommender engine,"Behera, RK; Gunasekaran, A; Gupta, S; Kamboj, S; Bala, PK",2020,10.1016/j.jretconser.2019.03.026,"E-business leverages digital channels to scale its functions and services and operates by connecting and retaining customers using marketing initiatives. To increase the likelihood of a sale, the business must recommend additional items that the customers may be unaware of or may find appealing. Recommender Engine (RE) is considered to be the preferred solution in these cases for reasons that include delivering relevant items, hence improving cart value, and boosting customer engagement. The paper describes a model for delivering real-time, personalised marketing information concerning the recommended items for online and offline customers, using a blend of selling strategies: up-selling, cross-selling, best-in-class-selling, needs-satisfaction-selling and consultative-selling. The model further defines the e-marketplace by clustering items, customers and unique selling proposition (USP), and then gathering, storing, and processing transactional data, and displaying personalised marketing information to support the customer in their decision-making process, even when purchasing from large item spaces. An experimental study using a quantitative research methodology was conducted in a mid-size healthcare retailer, based out of India, to determine the tangible benefits. The model was tested with 100 online customers and, with the adoption of the proposed methodology, the results indicated growth in average monthly revenue (33.49%), Average Order Value (AOV) (32.79%) and Items per Order (IPO) (1.93%).",Personalized digital marketing; Recommender engine; Customer relationship management,ELSEVIER SCI LTD,wos-recommendation,75,Thinking AI,"['personalized marketing', 'recommender engine', 'customer engagement', 'up-selling', 'cross-selling', 'transactional data']","The abstract describes a model that utilizes a recommender engine to deliver personalized marketing information, which aligns closely with the focus on personalization and targeting in Thinking AI. The model aims to enhance customer engagement and improve sales metrics, indicating a strategic analysis of customer behavior and preferences. The experimental study also highlights the application of marketing analytics to achieve measurable growth, which further supports its classification under Thinking AI.",10%,20%,70%,0%,0%,"[2019, 2021)",Customer relationship management
Ariika – a successful implementation of information and communication technology by Egyptian entrepreneurs,Azab N.; Mekkawy A.N.,2016,10.1108/EEMCS-06-2015-0133,"Subject area: This case shows an example of the opportunities opened by the internet that drove young entrepreneurs to start their business, in May 2011, as a premium beanbag supplier in Egypt. Study level/applicability: Undergraduate students studying management. Case overview: The case examines the use of information and communication technology (ICT) by young Egyptian entrepreneurs, and how technology could open for them a broad horizon for continuous development, creativity and innovation. It presents the experience of a group of four undergraduate students who established a virtual company producing and selling beanbags through their website. The main objective of the case is to highlight the business challenges faced by entrepreneurs and possible opportunities in emerging economies and the effective role of ICT in reacting to these business environment changes. The case also provides a strategic analysis of the various factors that may impact the organization and explains how technology can contribute to improving the company’s standing. Finally, recommendations are provided to serve as basis for any future strategic plans. Expected learning outcomes: This study highlights the value of ICT in general and the internet in particular in driving young entrepreneurs to start their own business. It also presents the best practices in conducting a successful online business, and approaches undertaken by internet entrepreneurs to address rising challenges. It understands the variety of tools that could be used to market business online. It indicates the role of information technology in supporting business strategies at any organizational stage to improve different processes, to assist in decision-making, and to create new customer-centric services and products. Supplementary materials: Teaching notes are available for educators only. Please contact your library to gain login details or emailsupport@emeraldinsight.com to request teaching notes. Subject code: CSS 3: Entrepreneurship. © 2016, Emerald Group Publishing Limited.",Customer relationship management; Entrepreneurship; Entrepreneurship; Information and communication technology; Internet; IT strategy; Marketing strategy/methods; Online marketing; Strategic analysis,Emerald Group Publishing Ltd.,scopus-recommendation,0,Thinking AI,"['information and communication technology', 'online business', 'entrepreneurs', 'market analysis', 'strategic analysis', 'customer-centric services']","The abstract discusses the use of information and communication technology (ICT) by young entrepreneurs to drive their business, emphasizing market analysis and strategic factors impacting the organization. It highlights the importance of understanding market dynamics and customer needs, which aligns with the focus on market analysis and targeting in Thinking AI. Additionally, it suggests approaches for addressing business challenges, which involves strategic decision-making relevant to marketing. Thus, it fits best under Thinking AI.",0%,0%,100%,0%,0%,"[2015, 2017)",Customer relationship management
To establish online shoppers' markets and rules for dynamic CRM systems An empirical case study in Taiwan,"Chiang, WY",2012,10.1108/10662241211271572,"Purpose - The purpose of this paper is to establish customers' markets and rules of dynamic customer relationship management (CRM) systems for online retailers. Design/methodology/approach - This research proposes a procedure to discover customers' markets and rules, which adopts the recency, frequency, monetary value (RFM) variables, transaction records, and socioeconomic data of the online shoppers to be the research variables. The research methods aim at the supervised apriori algorithm, C5.0 decision tree algorithm, and RFM model. Findings - This research discovered eight RFM markets and six rules of online retailers. Practical implications - The proposed framework and research results can help retailer managers to retain and expand high value markets via their dynamic CRM and POS systems. Originality/value - This research uses data mining technologies to extract high value markets and rules for marketing plans. The research variables are easy to obtain via retailers' systems. The found customer values, RFM markets, shopping association rules, and marketing decision rules can be discovered via the framework of this research.",Taiwan; Consumer behaviour; Customer relationship management; Internet; Apriori algorithm; C5.0 decision tree; RFM model; Customer values,EMERALD GROUP PUBLISHING LTD,wos-data mining,19,Thinking AI,"['dynamic customer relationship management', 'RFM variables', 'transaction records', 'socioeconomic data', 'data mining technologies', 'customer markets', 'marketing plans']","The abstract discusses the establishment of customer markets and rules for dynamic CRM systems, which aligns with strategic analysis in marketing. It focuses on using data mining technologies and various algorithms to analyze customer data, identify high-value markets, and create marketing decision rules. This fits well into the 'Thinking AI' category, which emphasizes market analysis and targeting.",0%,0%,100%,0%,0%,"[2011, 2013)",Customer relationship management
To establish online shoppers' markets and rules for dynamic CRM systems: An empirical case study in Taiwan,Chiang W.-Y.,2012,10.1108/10662241211271572,"Purpose: The purpose of this paper is to establish customers' markets and rules of dynamic customer relationship management (CRM) systems for online retailers. Design/methodology/approach: This research proposes a procedure to discover customers' markets and rules, which adopts the recency, frequency, monetary value (RFM) variables, transaction records, and socioeconomic data of the online shoppers to be the research variables. The research methods aim at the supervised apriori algorithm, C5.0 decision tree algorithm, and RFM model. Findings: This research discovered eight RFM markets and six rules of online retailers. Practical implications: The proposed framework and research results can help retailer managers to retain and expand high value markets via their dynamic CRM and POS systems. Originality/value: This research uses data mining technologies to extract high value markets and rules for marketing plans. The research variables are easy to obtain via retailers' systems. The found customer values, RFM markets, shopping association rules, and marketing decision rules can be discovered via the framework of this research. © Emerald Group Publishing Limited.",Apriori algorithm; C5.0 decision tree; Consumer behaviour; Customer relationship management; Customer values; Internet; RFM model; Taiwan,,scopus-data mining,17,Thinking AI,"['dynamic customer relationship management', 'RFM variables', 'customer markets', 'rules', 'data mining', 'marketing plans']","The abstract discusses the establishment of customer markets and rules for dynamic CRM systems, which involves analyzing customer transaction records and socioeconomic data. The research employs algorithms to analyze these datasets and provide insights for marketing strategies, aligning with the market analysis and targeting focus of Thinking AI.",0%,20%,80%,0%,0%,"[2011, 2013)",Customer relationship management
Marketing optimization in retail banking,Sundararajan R.; Bhaskar T.; Sarkar A.; Dasaratha S.; Bal D.; Marasanapalle J.K.; Zmudzka B.; Bak K.,2011,10.1287/inte.1110.0597,"In this paper, we address the problem of making optimal product offers to customers of a retail bank by using techniques including Markov chains, genetic algorithms, mathematical programming, and design of experiments. Our challenges were large problem size, uncertainty about estimates of customer responses to product offers, and practical issues in training and implementation. The solution had an estimated financial impact of around $20 million; it also provided other intangible benefits, including structured decision making, the capability of performing what-if analysis, and portability to other markets and portfolios. © 2011 INFORMS.",Customer relationship management; Fuzzy mathematical programming; Genetic algorithm; Marketing optimization; Markov chains; Mathematical programming; Retail banking,,scopus-genetic algorithm,9,Thinking AI,"['optimal product offers', 'customer responses', 'what-if analysis', 'financial impact', 'decision making']","The abstract describes the use of various techniques to optimize product offers to customers, which aligns with market analysis and targeting in Thinking AI. The focus on estimating customer responses and the impact of the solution suggests a strategic analysis approach typical of Thinking AI applications.",0%,0%,100%,0%,0%,"[2011, 2013)",Customer relationship management
A reference model for customer-centric data mining with support vector machines,"Lessmann, S; Voss, S",2009,10.1016/j.ejor.2008.12.017,"Supervised classification is an important part of corporate data mining to support decision making in customer-centric planning tasks. The paper proposes a hierarchical reference model for support vector machine based classification within this discipline. The approach balances the conflicting goals of transparent yet accurate models and compares favourably to alternative classifiers in a large-scale empirical evaluation in real-world customer relationship management applications. Recent advances in support vector machine oriented research are incorporated to approach feature, instance and model selection in a unified framework. (C) 2008 Elsevier B.V. All rights reserved.",Marketing; Data mining; Customer relationship management; Support vector machines,ELSEVIER,wos-data mining,63,Thinking AI,"['supervised classification', 'customer-centric planning', 'support vector machine', 'decision making', 'customer relationship management', 'feature selection', 'instance selection', 'model selection']","The abstract discusses a hierarchical reference model for supervised classification using support vector machines, which focuses on decision making in customer-centric planning tasks. This aligns with the 'Thinking AI' category, particularly in market analysis and targeting, as it emphasizes accurate models for customer relationship management applications.",0%,0%,100%,0%,0%,"[2009, 2011)",Customer relationship management
Knowledge management and data mining for marketing,Shaw M.J.; Subramaniam C.; Tan G.W.; Welge M.E.,2001,10.1016/S0167-9236(00)00123-8,"Due to the proliferation of information systems and technology, businesses increasingly have the capability to accumulate huge amounts of customer data in large databases. However, much of the useful marketing insights into customer characteristics and their purchase patterns are largely hidden and untapped. Current emphasis on customer relationship management makes the marketing function an ideal application area to greatly benefit from the use of data mining tools for decision support. A systematic methodology that uses data mining and knowledge management techniques is proposed to manage the marketing knowledge and support marketing decisions. This methodology can be the basis for enhancing customer relationship management. © 2001 Elsevier Science B.V.",Customer relationship management; Data mining; Knowledge management; Marketing decision support,,scopus-data mining,430,Thinking AI,"['customer data', 'marketing insights', 'data mining', 'customer relationship management', 'marketing decisions']","The abstract discusses the use of data mining tools and methodologies to extract marketing insights from customer data, emphasizing decision support in marketing and enhancing customer relationship management. This aligns with the focus on market analysis and targeting found in the Thinking AI category.",10%,15%,75%,0%,0%,"[2001, 2003)",Customer relationship management
Identification of influencers - Measuring influence in customer networks,Kiss C.; Bichler M.,2008,10.1016/j.dss.2008.06.007,"Viral marketing refers to marketing techniques that use social networks to produce increases in brand awareness through self-replicating viral diffusion of messages, analogous to the spread of pathological and computer viruses. The idea has successfully been used by marketers to reach a large number of customers rapidly. If data about the customer network is available, centrality measures provide a structural measure that can be used in decision support systems to select influencers and spread viral marketing campaigns in a customer network. Usage stimulation and churn management are examples of DSS applications, where centrality of customers does play a role. The literature on network theory describes a large number of such centrality measures. A critical question is which of these measures is best to select an initial set of customers for a marketing campaign, in order to achieve a maximum dissemination of messages. In this paper, we present the results of computational experiments based on call data from a telecom company to compare different centrality measures for the diffusion of marketing messages. We found a significant lift when using central customers in message diffusion, but also found differences in the various centrality measures depending on the underlying network topology and diffusion process. © 2008 Elsevier B.V. All rights reserved.",Centrality; Customer relationship management; Network theory; Viral marketing; Word of mouth marketing,,scopus-artificial intelligence,309,Thinking AI,"['viral marketing', 'centrality measures', 'decision support systems', 'influencers', 'customer network', 'message diffusion']","The abstract discusses the use of centrality measures in customer networks to optimize viral marketing campaigns, emphasizing analysis and decision-making in selecting influencers to maximize message dissemination. This aligns closely with the focus on market analysis and targeting in Thinking AI.",0%,0%,100%,0%,0%,"[2007, 2009)",Customer relationship management
Integrating the voice of customers through call center emails into a decision support system for churn prediction,Coussement K.; Van den Poel D.,2008,10.1016/j.im.2008.01.005,"We studied the problem of optimizing the performance of a DSS for churn prediction. In particular, we investigated the beneficial effect of adding the voice of customers through call center emails - i.e. textual information - to a churn-prediction system that only uses traditional marketing information. We found that adding unstructured, textual information into a conventional churn-prediction model resulted in a significant increase in predictive performance. From a managerial point of view, this integrated framework helps marketing-decision makers to better identify customers most prone to switch. Consequently, their customer retention campaigns can be targeted more effectively because the prediction method is better at detecting those customers who are likely to leave. © 2008 Elsevier B.V. All rights reserved.",Binary classification modeling; Call center email; Churn prediction; Customer relationship management (CRM); Data mining; Text mining; Voice of customers (VOC),,scopus-data mining,124,Thinking AI,"['churn prediction', 'customer retention', 'predictive performance', 'marketing-decision makers']","The abstract discusses optimizing a decision support system (DSS) for churn prediction by integrating unstructured textual information from customer emails. This aligns with the Thinking AI category as it involves market analysis and targeting, helping marketing-decision makers identify customers likely to switch. The focus is on improving predictive performance and effectively targeting retention campaigns, which connects with strategic analysis and marketing analytics.",0%,0%,100%,0%,0%,"[2007, 2009)",Customer relationship management
Customer targeting: A neural network approach guided by genetic algorithms,Kim Y.; Street W.N.; Russell G.J.; Menczer F.,2005,10.1287/mnsc.1040.0296,"One of the key problems in database marketing is the identification and profiling of households that are most likely to be interested in a particular product or service. Principal component analysis (PCA) of customer background information followed by logistic regression analysis of response behavior is commonly used by database marketers. In this paper, we propose a new approach that uses artificial neural networks (ANNs) guided by genetic algorithms (GAs) to target households. We show that the resulting selection rule is more accurate and more parsimonious than the PCA/logit rule when the manager has a clear decision criterion. Under vague decision criteria, the new procedure loses its advantage in interpretability, but is still more accurate than PCA/logit in targeting households. ©2005 INFORMS.",Customer relationship management; Database marketing; Genetic algorithms; Neural networks,,scopus-genetic algorithm,117,Thinking AI,"['households', 'target', 'artificial neural networks', 'genetic algorithms', 'logistic regression', 'decision criteria', 'response behavior']","The abstract discusses a novel approach using artificial neural networks and genetic algorithms to improve the targeting of households for marketing purposes. This aligns with the 'Thinking AI' category, which focuses on market analysis and targeting. The mention of decision criteria and accuracy in targeting households further emphasizes the strategic analysis aspect of marketing, making it a clear fit for this classification.",0%,0%,100%,0%,0%,"[2005, 2007)",Customer relationship management
Fostering B2B sales with customer big data analytics,"Hallikainen, H; Savimäki, E; Laukkanen, T",2020,10.1016/j.indmarman.2019.12.005,"This study focuses on the use of big data analytics in managing B2B customer relationships and examines the effects of big data analytics on customer relationship performance and sales growth using a multi-industry dataset from 417 B2B firms. The study also examines whether analytics culture within a firm moderates these effects. The study finds that the use of customer big data significantly fosters sales growth (i.e. monetary performance outcomes) and enhances the customer relationship performance (non-monetary performance outcomes). However, the latter effect is stronger for firms which have an analytics culture which supports marketing analytics, whereas the former effect remains unchanged regardless of the analytics culture. The study empirically confirms that customer big data analytics improves customer relationship performance and sales growth in B2B firms.",Big data analytics; Customer analytics; Marketing analytics; Firm performance; Customer relationship management; Big data-enhanced database marketing,ELSEVIER SCIENCE INC,wos-big data,105,Thinking AI,"['big data analytics', 'customer relationship performance', 'sales growth', 'analytics culture', 'monetary performance', 'non-monetary performance']","The abstract discusses the impact of big data analytics on customer relationship performance and sales growth, specifically in the context of B2B firms. This aligns closely with the Thinking AI category, which focuses on market analysis and strategic insights derived from analytics. The study emphasizes the role of analytics culture in moderating these effects, suggesting a strategic approach to leveraging data for competitive advantage, which is characteristic of the Thinking AI category. The mention of sales growth and performance outcomes further reinforces this classification.",0%,0%,100%,0%,0%,"[2019, 2021)",Customer relationship management
Personalized digital marketing recommender engine,"Behera, RK; Gunasekaran, A; Gupta, S; Kamboj, S; Bala, PK",2020,10.1016/j.jretconser.2019.03.026,"E-business leverages digital channels to scale its functions and services and operates by connecting and retaining customers using marketing initiatives. To increase the likelihood of a sale, the business must recommend additional items that the customers may be unaware of or may find appealing. Recommender Engine (RE) is considered to be the preferred solution in these cases for reasons that include delivering relevant items, hence improving cart value, and boosting customer engagement. The paper describes a model for delivering real-time, personalised marketing information concerning the recommended items for online and offline customers, using a blend of selling strategies: up-selling, cross-selling, best-in-class-selling, needs-satisfaction-selling and consultative-selling. The model further defines the e-marketplace by clustering items, customers and unique selling proposition (USP), and then gathering, storing, and processing transactional data, and displaying personalised marketing information to support the customer in their decision-making process, even when purchasing from large item spaces. An experimental study using a quantitative research methodology was conducted in a mid-size healthcare retailer, based out of India, to determine the tangible benefits. The model was tested with 100 online customers and, with the adoption of the proposed methodology, the results indicated growth in average monthly revenue (33.49%), Average Order Value (AOV) (32.79%) and Items per Order (IPO) (1.93%).",Personalized digital marketing; Recommender engine; Customer relationship management,ELSEVIER SCI LTD,wos-recommendation,75,Thinking AI,"['personalized marketing', 'recommender engine', 'customer engagement', 'up-selling', 'cross-selling', 'transactional data']","The abstract describes a model that utilizes a recommender engine to deliver personalized marketing information, which aligns closely with the focus on personalization and targeting in Thinking AI. The model aims to enhance customer engagement and improve sales metrics, indicating a strategic analysis of customer behavior and preferences. The experimental study also highlights the application of marketing analytics to achieve measurable growth, which further supports its classification under Thinking AI.",10%,20%,70%,0%,0%,"[2019, 2021)",Customer relationship management
A reference model for customer-centric data mining with support vector machines,"Lessmann, S; Voss, S",2009,10.1016/j.ejor.2008.12.017,"Supervised classification is an important part of corporate data mining to support decision making in customer-centric planning tasks. The paper proposes a hierarchical reference model for support vector machine based classification within this discipline. The approach balances the conflicting goals of transparent yet accurate models and compares favourably to alternative classifiers in a large-scale empirical evaluation in real-world customer relationship management applications. Recent advances in support vector machine oriented research are incorporated to approach feature, instance and model selection in a unified framework. (C) 2008 Elsevier B.V. All rights reserved.",Marketing; Data mining; Customer relationship management; Support vector machines,ELSEVIER,wos-data mining,63,Thinking AI,"['supervised classification', 'customer-centric planning', 'support vector machine', 'decision making', 'customer relationship management', 'feature selection', 'instance selection', 'model selection']","The abstract discusses a hierarchical reference model for supervised classification using support vector machines, which focuses on decision making in customer-centric planning tasks. This aligns with the 'Thinking AI' category, particularly in market analysis and targeting, as it emphasizes accurate models for customer relationship management applications.",0%,0%,100%,0%,0%,"[2009, 2011)",Customer relationship management
How has data-driven marketing evolved: Challenges and opportunities with emerging technologies,Rosário A.T.; Dias J.C.,2023,10.1016/j.jjimei.2023.100203,"This paper explores data-driven marketing, its benefits, and challenges to provide insights and a framework for business leaders and marketers to leverage in their marketing efforts. Using a systematic literature review with bibliometric analysis, we examined a sample of 98 studies indexed in SCOPUS to identify research activity on this topic until May 2023. Data-driven marketing and communications have gained popularity as companies and marketers prioritize leveraging consumer and market data to strategize and make informed decisions. Adopting and integrating various technologies into the company's systems is crucial for companies aiming to achieve a sustainable competitive advantage. By analyzing and interpreting customer data, companies can implement customer-centered marketing initiatives that enhance their experience and satisfaction with the brand, thus strengthening company-customer relationships. However, data-driven marketing faces several challenges, including consumer privacy concerns, data poisoning, information quality issues, and the need for adequate organizational changes. © 2023",Big data; Customer data; Customer relationship management; Data-driven; Marketing,Elsevier B.V.,scopus-big data,50,Thinking AI,"['data-driven marketing', 'customer data', 'market data', 'strategic decisions', 'customer-centered marketing', 'customer experience', 'sustainable competitive advantage']","The abstract emphasizes the importance of analyzing and interpreting customer data to inform marketing strategies, enhance customer experience, and strengthen company-customer relationships. This aligns with the Thinking AI category, particularly focusing on market analysis and targeting through data insights. The mention of leveraging consumer and market data to strategize decisions further supports this classification.",10%,15%,65%,5%,5%,"[2023, 2025)",Customer relationship management
Marketing segmentation through machine learning models: An approach based on customer relationship management and customer profitability accounting,Florez-Lopez R.; Ramon-Jeronimo J.M.,2009,10.1177/0894439308321592,"Customer relationship management (CRM) aims to build relations with the most profitable clients by performing customer segmentation and designing appropriate marketing tools. In addition, customer profitability accounting (CPA) recommends evaluating the CRM program through the combination of partial measures in a global costĝ€""benefit function. Several statistical techniques have been applied for market segmentations although the existence of large data sets reduces their effectiveness. As an alternative, decision trees are machine learning models that do not consider a priori hypotheses, achieve a high performance, and generate logical rules clearly understood by managers. In this article, a three-stage methodology is proposed that combines marketing feature selection, customer segmentation through univariate and oblique decision trees, and a new CPA function based on marketing, data warehousing, and opportunity costs linked to the analysis of different scenarios. This proposal is applied to a large insurance marketing data set for alternative cost and price conditions showing the superiority of univariate decision trees over statistical techniques. © 2009 Sage Publications.","Artificial intelligence; Costĝ€""benefit analysis; Customer profitability accounting; Customer relationship management; Marketing",,scopus-artificial intelligence,23,Thinking AI,"['customer segmentation', 'decision trees', 'marketing tools', 'customer profitability accounting', 'data warehousing', 'market analysis']","The abstract discusses customer relationship management (CRM) and customer profitability accounting (CPA), focusing on customer segmentation and the evaluation of marketing strategies using statistical and machine learning techniques. The emphasis on using decision trees for customer segmentation and the overall methodology for market analysis aligns closely with the 'Thinking AI' category, which focuses on market analysis and targeting.",0%,20%,80%,0%,0%,"[2009, 2011)",Customer relationship management
To establish online shoppers' markets and rules for dynamic CRM systems An empirical case study in Taiwan,"Chiang, WY",2012,10.1108/10662241211271572,"Purpose - The purpose of this paper is to establish customers' markets and rules of dynamic customer relationship management (CRM) systems for online retailers. Design/methodology/approach - This research proposes a procedure to discover customers' markets and rules, which adopts the recency, frequency, monetary value (RFM) variables, transaction records, and socioeconomic data of the online shoppers to be the research variables. The research methods aim at the supervised apriori algorithm, C5.0 decision tree algorithm, and RFM model. Findings - This research discovered eight RFM markets and six rules of online retailers. Practical implications - The proposed framework and research results can help retailer managers to retain and expand high value markets via their dynamic CRM and POS systems. Originality/value - This research uses data mining technologies to extract high value markets and rules for marketing plans. The research variables are easy to obtain via retailers' systems. The found customer values, RFM markets, shopping association rules, and marketing decision rules can be discovered via the framework of this research.",Taiwan; Consumer behaviour; Customer relationship management; Internet; Apriori algorithm; C5.0 decision tree; RFM model; Customer values,EMERALD GROUP PUBLISHING LTD,wos-data mining,19,Thinking AI,"['dynamic customer relationship management', 'RFM variables', 'transaction records', 'socioeconomic data', 'data mining technologies', 'customer markets', 'marketing plans']","The abstract discusses the establishment of customer markets and rules for dynamic CRM systems, which aligns with strategic analysis in marketing. It focuses on using data mining technologies and various algorithms to analyze customer data, identify high-value markets, and create marketing decision rules. This fits well into the 'Thinking AI' category, which emphasizes market analysis and targeting.",0%,0%,100%,0%,0%,"[2011, 2013)",Customer relationship management
An integrated model for predicting consumer's intention to write online reviews,Dixit S.; Jyoti Badgaiyan A.; Khare A.,2019,10.1016/j.jretconser.2017.10.001,"For marketers, consumers’ increasing use of online reviews in arriving at purchase decisions is a double edged sword. On one hand, it presents opportunity for manufacturers and sellers to be highlighted for their good work, but at the same time, there remains a possibility of negative review impacting goodwill and reputation. Hence, it is important for managers to identify factors that impact consumers’ intentions to write online reviews. This research delves into this aspect by trying to identify the factors that impact reviews writing intentions of consumers for restaurants. The study extends the theory of planned behaviour with additions of variables such as ego involvement, taking vengeance and helping a restaurant. For this, 252 valid responses were obtained, and structural equation modeling was used to test the proposed model. Results indicate that perceived behavioural control, subjective norms, ego involvement and taking vengeance are significant predictors of intention to write online reviews for the restaurants. © 2017 Elsevier Ltd",Consumer behaviour; E-WOM; Intentions to write online reviews; Theory of planned behaviour,Elsevier Ltd,scopus-prediction,76,Feeling AI,"['online reviews', 'consumer intentions', 'ego involvement', 'helping a restaurant', 'taking vengeance']","The abstract discusses factors that influence consumers' intentions to write online reviews, which directly relates to understanding customer emotions and motivations. The inclusion of variables such as ego involvement and helping a restaurant indicates a focus on understanding emotional needs and relational aspects of consumer behavior, thus aligning with the Feeling AI category. Additionally, the study aims to understand and meet customer emotional needs regarding their review behaviors.",60%,10%,20%,0%,10%,"[2019, 2021)",Consumer behaviour
A varietal-specific approach to investigate wine risk perception in South Africa: Recommendations for Chenin blanc,Van der Colff N.; Pentz C.; Nieuwoudt H.,2019,10.1108/IJWBR-06-2018-0023,"Purpose: This study aims to describe South African consumers’ wine risk perception on varietal level with recommendations for Chenin blanc. Design/methodology/approach: An exploratory mixed methods approach was followed where qualitative data were used to develop the questionnaire. Quantitative data were collected from 2,051 respondents using an online survey. ANOVA and Fischer least significance difference tests were used to indicate statistical significance. Findings: Significant perceived risks (PRs) associated with Chenin blanc across age and ethnic groups were functional, time and financial risks. Risk-reducing strategies (RRS) in the white wine category were favourite brands and a trusted store, while Sauvignon blanc was also described as an RRS. Recommended Chenin blanc RRS include tastings and events with food. Research limitations/implications: Measurement of PR remains challenging. This research approach can be reproduced and/or adapted to investigate other struggling varietals and/or regions-of-origin. The convenience sample limits generalisability. Practical implications: Segments were identified to develop new markets for Chenin blanc. RRS emphasise the importance of real sensory experience rather than media exposure to build knowledge and familiarity. Originality/value: This study is a pioneering endeavour in terms of using an exploratory mixed methods research approach to investigate and describe risk perception of a specific wine varietal. Recommendations, with implications for strategic marketing decisions, are made for South African Chenin blanc. © 2019, Emerald Publishing Limited.",Chenin blanc; Consumer behaviour; Consumer risk perception; Risk perception; South African white wine; Varietal perceived risk scale,Emerald Group Holdings Ltd.,scopus-recommendation,2,Feeling AI,"['risk perception', 'customer understanding', 'tastings', 'events', 'sensory experience', 'trusted store']","The abstract discusses consumer risk perception concerning Chenin blanc, which relates to understanding customer needs and wants. It emphasizes the importance of sensory experiences and interaction with the product, aligning with the objectives of Feeling AI to develop customer understanding and emotional connections. Additionally, the research recommends strategies aimed at enhancing consumer experience, indicating a focus on relationalization. The findings also highlight the need to tailor marketing efforts based on emotional factors, further solidifying its placement in the Feeling AI category.",70%,10%,20%,0%,0%,"[2019, 2021)",Consumer behaviour
Toward a model of sparkling wine purchasing preferences,Verdonk N.; Wilkinson J.; Culbert J.; Ristic R.; Pearce K.; Wilkinson K.,2017,10.1108/IJWBR-10-2015-0048,"Purpose: This paper aims to provide further insight into factors influencing Australian consumers’ purchasing preferences for sparkling wine, including champagne. Design/methodology/approach: Focus groups were conducted and thematic analysis was undertaken to identify factors influencing sparkling wine consumers’ purchasing preferences. Findings: Personal taste was found to influence choice of a sparkling wine rather than another type of beverage, and selection of a particular style and brand of sparkling wine. Country or region of origin was found to be important, often linked to the product being champagne. Brand image, reputation and symbolism were found to influence purchase decisions (sometimes linked to consumption occasion), especially for purchases of gifts. Advice, recommendations and expert reviews, and consumption occasion also were found to influence purchase decisions. Price was found to influence style and brand of sparkling wine purchased. A high price was found to be a barrier for some participants, while other participants were found to avoid sparkling wines priced below some particular level. Thematic analysis enabled development of a preliminary model of purchasing preferences. Research limitations/implications: Being exploratory in nature, findings cannot be generalised. Further studies are required to confirm the preliminary model and to evaluate the validity and significance of proposed relationships. Practical implications: Findings suggest a producer could benefit from marketing a range of sparkling wines to cater to different tastes, occasions and gift purchases. Findings also confirm the importance of marketers pursuing opportunities to obtain and promote favourable expert reviews for their sparkling wines, and of identifying and promoting regional distinctiveness. Originality/value: The first comprehensive model of sparkling wine consumers’ purchasing preferences has been developed. Empirical testing would enable refinement and enhance understanding. © 2017, © Emerald Publishing Limited.",Australia; Consumer behaviour; Psychometric/qualitative; Survey research; Wines,Emerald Group Publishing Ltd.,scopus-recommendation,35,Feeling AI,"['personal taste', 'brand image', 'reputation', 'consumption occasion', 'gift purchases', 'expert reviews', 'customer preferences']","The abstract discusses various factors influencing purchasing preferences for sparkling wine, which includes understanding customer emotional needs and preferences such as personal taste, brand image, and the significance of the consumption occasion. These factors relate closely to customer understanding and positioning, which are key aspects of Feeling AI. The mention of gift purchases also ties into emotional engagement with customers. While there are elements that could relate to Mechanical or Thinking AI, the predominant focus on emotional and personal factors aligns it more closely with Feeling AI.",70%,10%,20%,0%,0%,"[2017, 2019)",Consumer behaviour
Attitude toward smoking: The effect of negative smoking-related pictures,Grigaliunaite V.; Pileliene L.,2017,10.24136/oc.v8i2.20,"Research background: Endeavouring to develop healthy societies is a primary goal in many countries. As smoking is a major problem of public health, lowering the extent of smoking is one of the conditions for developing a healthy society. Based on the research revealing that the pairing of the product with negative stimuli enhances the possibility of negative reaction to the product as negative stimulus transfers it's meaning to the product, tobacco packaging was labelled with negative smoking-related pictures illustrating the danger of smoking. Nevertheless, the extent of smoking is still large in many countries. Hence, the effect of negative smoking-related pictures has been the subject of intense debate within the scientific community. Purpose of the article: The aim of this research is to determine the effect of negative smoking-related pictures on the both implicit and explicit attitude toward smoking. Methods: For the purpose of determining the effect of negative smoking-related pictures on the both implicit and explicit attitude toward smoking, Implicit Association Test and questionnaire survey were provided. The questionnaire was elaborated based on the analysis and synthesis of scientific literature. Findings & Value added: The theoretical analysis substantiated the influence of attitude toward the product on consumer purchase decisions. Nevertheless, people do not always want to reveal their opinion, hence traditional marketing research methods for measuring explicit attitude are not sufficient as they are often not objective. Therefore, neuromarketing research methods complement traditional marketing research methods by providing more objectivity. Consequently, the Implicit Association Test and traditional questionnaire research are applied for the empirical research, revealing the effect of negative smokingrelated pictures on the both implicit and explicit attitude toward smoking. The recommendations for the usage of negative smoking-related pictures on purpose to influence attitude toward smoking and consumer purchase behaviour are substantiated. © 2017 Nicolaus Copernicus University. All rights reserved.",Consumer behaviour; Explicit attitude; Mplicit attitude; Negative pictures; Smoking,Nicolaus Copernicus University,scopus-recommendation,7,Feeling AI,"['negative stimuli', 'attitude', 'consumer purchase decisions', 'implicit and explicit attitude', 'emotional data']","The abstract discusses the impact of negative smoking-related pictures on attitudes toward smoking, which relates directly to understanding customer emotions and attitudes. The research aims to measure implicit and explicit attitudes, indicating a focus on emotional responses and customer understanding. Thus, it aligns with the objectives related to customer understanding and emotional needs, fitting well within the Feeling AI category.",70%,0%,30%,0%,0%,"[2017, 2019)",Consumer behaviour
"Mobile shopping behaviour: Insights into attitudes, shopping process involvement and location",Holmes A.; Byrne A.; Rowley J.,2014,10.1108/IJRDM-10-2012-0096,"Purpose: Although there is evidence that adoption of mobile shopping has been slow, the increased functionality offered by smart phones offers significant potential for the development of marketing and retailing through the mobile channel. The purpose of this paper is to add to knowledge on consumer shopping behaviour through mobile devices by exploring attitudes to the use of mobiles in shopping, the use of mobile phones at different stages in the consumer decision-making process, the impact of involvement on the mobile consumer decision-making process and mobile shopping location. Design/methodology/approach: An online panel survey was conducted with a UK panel of nationally representative consumers. The survey collected data in respect of the following products that were ranked on level of involvement on the basis of the importance and effort consumers' associated with their purchase: bread (lowest), washing powder, DVD, footwear, phone and TV (highest). Findings: Use of mobiles for shopping is significant, but remains lower than use of computers in shopping. In general, respondents were more positive regarding their use of computer shopping than they were in relation to their use of a mobile. In using their mobile phone in shopping, respondents value its convenience and accessibility. There is higher use of the mobile phone in the information search and consideration of alternatives phases, than in the purchase transaction. The extent of use of mobile devices in the decision-making process is higher with higher involvement products, in relation to all stages in the decision-making process. The most frequent location for the use of their mobile in shopping is at home, which is consistent with the finding that the highest level of use of mobiles occurs in the information search and consideration of alternatives phases. Recommendations are offered for retailers and for further research. Originality/value: This is the first research to explore the use of mobile phones in different stages in the consumer-decision-making process across a number of product categories. © Emerald Group Publishing Limited.",Consumer behaviour; Consumer decision making; Involvement; Mobile shopping; Smart phones,,scopus-recommendation,129,Feeling AI,"['consumer shopping behaviour', 'attitudes', 'decision-making process', 'involvement', 'convenience', 'accessibility']","The abstract explores consumer attitudes and behaviors in mobile shopping, focusing on how emotional aspects like convenience and accessibility influence their decision-making process. It emphasizes understanding customer needs during different stages of shopping, aligning well with the objectives of Feeling AI, which aims to understand and meet customer emotional needs and wants.",70%,10%,20%,0%,0%,"[2013, 2015)",Consumer behaviour
The effects of blogger recommendations on customers' online shopping intentions,Hsu C.-L.; Lin J.C.-C.; Chiang H.-S.,2013,10.1108/10662241311295782,"Purpose: Blogging has become part of a consumer's decision making process when shopping online; however, the understanding of blog recommendation's effect on consumer purchase decision is still vague. The purpose of this study is to examine whether the blog reader's trusting belief in the blogger is significant in relation to the perceived usefulness of the blogger's recommendations; and how the blog reader's perceptions influence his/her attitude and purchasing behavior online. The moderating effect of blogger's reputation on readers' purchasing intentions is also tested. Design/methodology/approach: Based on various theories, a model was proposed in this study. A survey involving 327 blog readers as participants was analyzed in the empirical study to investigate whether the usefulness of bloggers' recommendations and trusting beliefs toward blogger had influence on consumers' attitudes and behavioral intentions toward online shopping. Findings: The results indicated that perceived usefulness of bloggers' recommendations and trust had significant influential effect on blog users' attitude towards and intention to shop online. Moreover, the findings showed that different determinants affected the users of perceived-high-reputation and perceived-low-reputation blogs. Originality/value: The findings suggest bloggers' electronic word-of-mouth (eWOM) to be a promising marketing strategy for increasing sales. The marketers should provide free trial products and services to the perceived-high-reputation bloggers who, as valued opinion leaders, will influence and prompt others to shop online through a trusting effect. As for perceived-low-reputation bloggers, the marketing strategists should strive to emphasize the usefulness of products and services being marketed, so these perceived-low-reputation bloggers can focus more on describing the advantages and benefits of products or services discussed in their blogs. © Emerald Group Publishing Limited.",Blogging; Blogs; Consumer behaviour; Electronic commerce; Online shopping; Recommendations; Reputation; Trust,,scopus-recommendation,268,Feeling AI,"['trust', 'attitude', 'purchasing behavior', 'perceived usefulness', ""blogger's reputation""]","The abstract focuses on the emotional and relational aspects of consumer behavior influenced by bloggers' recommendations. It highlights the importance of trust and perceived usefulness in shaping consumers' attitudes and purchasing decisions, which aligns with the objectives of Feeling AI to understand customer emotional needs and tailor experiences. The findings suggest a significant emotional engagement with the content provided by bloggers, particularly regarding their reputation, which further emphasizes the emotional connection in consumer decision-making.",60%,10%,30%,0%,0%,"[2013, 2015)",Consumer behaviour
Homo economicus and social marketing: Questioning traditional models of behavior,Carvalho H.C.; Mazzon J.A.,2013,10.1108/JSOCM-11-2011-0080,"Purpose: The purpose of this paper is to bring forth the limitations of some important models of cognition and behavior adopted by social marketers and present important findings from recent lines of research that contribute to a fine-grained understanding of human behavior. Design/methodology/approach: This is a conceptual paper that presents a review of several theoretical approaches to human cognition and behavior and their implications regarding social marketing campaigns. Findings: It is concluded that the assumptions underlying traditional models of behavior need to be revised, especially the assumption that human beings are rational decision makers - the prototypical homo economicus. Behavioral science has revealed that people are far from being rational and are prone to be influenced by myriad factors, some deemed irrelevant under rational models. Social marketing interventions have greater probability of success when they rely on more realistic assumptions of human behavior. Research limitations/implications: Social marketing needs to embrace the contributions of the several disciplines and lines of research centered on the study of all facets of human behavior, such as behavioral economics and dual-system framework. Practical implications: The main implications are: the recommendation to assume people are running on their System 1 when they are in contact with social marketing campaigns, the need to consider the interplay of systems and selves over time, the recommended emphasis on place strategies, and the need to avoid cash incentives and silver bullets. Originality/value: The value of this paper is in contrasting the assumptions of traditional models of cognition and behavior widely used in social marketing with the evidence from several lines of research portraying influences in human behavior not accounted by those models. © Emerald Group Publishing Limited.",Cognition; Consumer attitudes; Consumer behaviour; Social marketing; Social marketing theory; Theory of planned behaviour,,scopus-recommendation,25,Feeling AI,"['human behavior', 'rational decision makers', 'influence', 'System 1', 'customer understanding']","The abstract discusses the limitations of traditional models of cognition and behavior in social marketing, emphasizing the importance of understanding human behavior beyond rational decision-making. This aligns with the Feeling AI category, as it focuses on customer understanding and emotional influences on decisions. The recommendation to consider emotional and psychological factors in social marketing campaigns further supports this classification.",60%,10%,30%,0%,0%,"[2013, 2015)",Consumer behaviour
How packaging affects the product preferences of children and the buyer behaviour of their parents in the food industry,Ogba I.E.; Johnson R.,2010,10.1108/17473611011026037,"Purpose – Health is becoming an increasingly important issue in the UK as well as the rest of Europe. Emphasis on the importance of healthy eating is ongoing for many reasons, including the growing concern about childhood obesity resulting in the ban of advertising of unhealthy foods to children in the UK in April 2007. However, although legislation has been placed upon the advertising of unhealthy food products, no such restrictions have been placed on the packaging of children's foods despite the influence of packaging on consumer buyer decisions. This paper aims to investigate the effect of packaging on children's product preferences and its ability to influence parents' buyer decision in-store. Design/methodology/approach – The study was approached from the parents' rather than the children's perspective. A quantitative approach was adopted in data collection, using a 28 item Likert scaled questionnaire administered to 150 parents, with over 95 percent response rate. Findings – The study shows that packaging does affect the product preferences of children. Also, children are particularly interested in influencing the purchase of unhealthy foods. However, parents within the study claimed that they did not succumb to their children's requests for the purchase of unhealthy food, which contradicts evidence from previous findings. Research limitations/implications – The claim by parents that they did not succumb to their children's requests for unhealthy food contradicts findings from previous research. This therefore leads to a recommendation for further studies as social desirability bias may have influenced the outcomes of the findings. Practical implications – Findings from this study can be applied within the retail and service marketing sector to provide the practitioner with information relevant to decision making on children's influence on parents buyer behavior in-store. Outcomes of the study are also important when considering the future of children's food marketing and tackling the issue of childhood obesity. Originality/value – The paper demonstrates that there is a relationship between packaging and children product preferences and children's influence on parents' buyer decision in-store. © 2010, Emerald Group Publishing Limited",Children (age groups); Consumer behaviour; Decision making; Food packaging; Parents; United Kingdom,,scopus-recommendation,62,Feeling AI,"['packaging', ""children's preferences"", ""parents' buyer decision"", 'influence', 'unhealthy foods']","The abstract discusses the influence of packaging on children's product preferences and how this affects parents' buying decisions. This ties to the understanding of customer emotions and the relational aspect of marketing, particularly the emotional influence that children have on their parents' purchasing behavior. The focus on emotional data and understanding customer needs aligns well with the Feeling AI category.",70%,10%,20%,0%,0%,"[2009, 2011)",Consumer behaviour
Anticipating a regrettable purchase: Implications of erroneous affective forecasting for marketing planning,Sevdalis N.; Kokkinaki F.; Harvey N.,2008,10.1108/02634500810879287,"Purpose - The purpose of this paper is to present the concept of consumers' erroneous affective self-forecasts, and discuss the implications of such forecasts for consumer purchasing behaviour and marketing planning. Design/methodology/approach - First, the literature on inaction inertia - the lowering of the likelihood that a bargain will be taken once a better bargain has been missed - is reviewed. Second, the literature on affective self-forecasting is reviewed. Finally, the implications that the authors synthesis of the behavioural evidence carries for marketing are discussed. Findings - The in action inertia literature implicates the regret that consumers associate with purchasing a discounted item once they have missed a much larger discount on it as a major contributing factor to consumers' unwillingness to purchase the item on the second occasion. The literature on affective self-prediction suggests that regret (and other emotions) is systematically mispredicted. Research limitations/implications - The likely effect of erroneously anticipated regret in inaction inertia situations is depressed purchasing behaviour. The paper argues that because affective anticipations are typically erroneous, their impact on consumer decision-making processes cannot be deemed rational. It is proposed that marketing should intervene to either increase the accuracy of such anticipations, or to lead consumers to discount them. Practical implications - Price promotions can have negative side effects, such as those observed in inaction inertia circumstances. To some extent, these are driven by consumers anticipated regret (and possibly other relevant emotions). Marketing techniques can counteract the disproportionate impact of such emotions. Originality/value - The paper offers a synthesis of behavioural evidence on inaction inertia and affective self-forecasting - two quite separate literatures that have yet to be brought together in the present context. In addition, the paper outlines implications for marketing and suggests possible strategies to moderate the discussed effects.",Advertising; Consumer behaviour; Decision making; Pricing; Sales forecasting,,scopus-prediction,1,Feeling AI,"['affective self-forecasts', 'regret', 'emotions', 'consumer decision-making', 'anticipated regret']","The abstract discusses how consumers' emotional responses, particularly feelings of regret and affective self-forecasting, impact their purchasing behavior. The findings indicate that these emotional anticipations can lead to inaction inertia, where consumers are less likely to purchase after missing a better deal. This aligns with the Feeling AI category, which focuses on understanding customer emotions and tailoring marketing strategies to address these emotional needs.",70%,0%,30%,0%,0%,"[2007, 2009)",Consumer behaviour
The fallout from French nuclear testing in the South Pacific: A longitudinal study of consumer boycotts,Ettenson R.; Klein J.G.,2005,10.1108/02651330510593278,"Purpose - The frequency and sophistication of consumer boycotts continue to increase from already high levels. Surprisingly, only limited research in marketing has investigated this topic. The purpose of this paper is to provide a strategic analysis of an actual consumer protest with implications for better managerial decisions. Design/methodology/approach - The animosity model of consumer purchase behavior was employed in two longitudinal studies to investigate an ongoing marketplace protest - Australian consumers' boycott of French products. Study 1 was carried out while France was engaged in nuclear testing in the South Pacific. Study 2 was carried out 1 year after the resolution of the conflict. Findings - Results from Study 1 show that Australian consumers' animosity toward France was negatively related to their willingness to purchase French products. Consistent with a key prediction from the animosity model, this effect was independent of evaluations of French product quality. The findings from Study 2 show that, a year after the cessation of nuclear testing, Australian consumers continue to have strong negative affect toward France, which in turn, had negative marketplace consequences for French products. Originality/value - While the results from Study 1 show that consumer anger over nuclear testing did not necessarily lead to the denigration of the quality of French goods, the second study indicates that, beyond the duration of the official protest, there may be repercussions for products associated with the offending party. Accordingly, managers should consider implementing communications programs which, over time, effectively reinforce the quality of their products in the minds of protesting consumers. © Emerald Group Publishing Limited.",Brands; Consumer behaviour; International business,,scopus-prediction,239,Feeling AI,"['animosity', 'consumer protest', 'negative affect', 'emotional data', 'managerial decisions']","The abstract discusses consumer boycotts driven by emotional responses such as animosity and negative affect towards a country due to its actions. The findings emphasize the importance of understanding customer emotions and their impact on purchasing behavior, which aligns closely with the focus on customer understanding and emotional needs in the Feeling AI category.",70%,10%,20%,0%,0%,"[2005, 2007)",Consumer behaviour
The effects of blogger recommendations on customers' online shopping intentions,Hsu C.-L.; Lin J.C.-C.; Chiang H.-S.,2013,10.1108/10662241311295782,"Purpose: Blogging has become part of a consumer's decision making process when shopping online; however, the understanding of blog recommendation's effect on consumer purchase decision is still vague. The purpose of this study is to examine whether the blog reader's trusting belief in the blogger is significant in relation to the perceived usefulness of the blogger's recommendations; and how the blog reader's perceptions influence his/her attitude and purchasing behavior online. The moderating effect of blogger's reputation on readers' purchasing intentions is also tested. Design/methodology/approach: Based on various theories, a model was proposed in this study. A survey involving 327 blog readers as participants was analyzed in the empirical study to investigate whether the usefulness of bloggers' recommendations and trusting beliefs toward blogger had influence on consumers' attitudes and behavioral intentions toward online shopping. Findings: The results indicated that perceived usefulness of bloggers' recommendations and trust had significant influential effect on blog users' attitude towards and intention to shop online. Moreover, the findings showed that different determinants affected the users of perceived-high-reputation and perceived-low-reputation blogs. Originality/value: The findings suggest bloggers' electronic word-of-mouth (eWOM) to be a promising marketing strategy for increasing sales. The marketers should provide free trial products and services to the perceived-high-reputation bloggers who, as valued opinion leaders, will influence and prompt others to shop online through a trusting effect. As for perceived-low-reputation bloggers, the marketing strategists should strive to emphasize the usefulness of products and services being marketed, so these perceived-low-reputation bloggers can focus more on describing the advantages and benefits of products or services discussed in their blogs. © Emerald Group Publishing Limited.",Blogging; Blogs; Consumer behaviour; Electronic commerce; Online shopping; Recommendations; Reputation; Trust,,scopus-recommendation,268,Feeling AI,"['trust', 'attitude', 'purchasing behavior', 'perceived usefulness', ""blogger's reputation""]","The abstract focuses on the emotional and relational aspects of consumer behavior influenced by bloggers' recommendations. It highlights the importance of trust and perceived usefulness in shaping consumers' attitudes and purchasing decisions, which aligns with the objectives of Feeling AI to understand customer emotional needs and tailor experiences. The findings suggest a significant emotional engagement with the content provided by bloggers, particularly regarding their reputation, which further emphasizes the emotional connection in consumer decision-making.",60%,10%,30%,0%,0%,"[2013, 2015)",Consumer behaviour
The fallout from French nuclear testing in the South Pacific: A longitudinal study of consumer boycotts,Ettenson R.; Klein J.G.,2005,10.1108/02651330510593278,"Purpose - The frequency and sophistication of consumer boycotts continue to increase from already high levels. Surprisingly, only limited research in marketing has investigated this topic. The purpose of this paper is to provide a strategic analysis of an actual consumer protest with implications for better managerial decisions. Design/methodology/approach - The animosity model of consumer purchase behavior was employed in two longitudinal studies to investigate an ongoing marketplace protest - Australian consumers' boycott of French products. Study 1 was carried out while France was engaged in nuclear testing in the South Pacific. Study 2 was carried out 1 year after the resolution of the conflict. Findings - Results from Study 1 show that Australian consumers' animosity toward France was negatively related to their willingness to purchase French products. Consistent with a key prediction from the animosity model, this effect was independent of evaluations of French product quality. The findings from Study 2 show that, a year after the cessation of nuclear testing, Australian consumers continue to have strong negative affect toward France, which in turn, had negative marketplace consequences for French products. Originality/value - While the results from Study 1 show that consumer anger over nuclear testing did not necessarily lead to the denigration of the quality of French goods, the second study indicates that, beyond the duration of the official protest, there may be repercussions for products associated with the offending party. Accordingly, managers should consider implementing communications programs which, over time, effectively reinforce the quality of their products in the minds of protesting consumers. © Emerald Group Publishing Limited.",Brands; Consumer behaviour; International business,,scopus-prediction,239,Feeling AI,"['animosity', 'consumer protest', 'negative affect', 'emotional data', 'managerial decisions']","The abstract discusses consumer boycotts driven by emotional responses such as animosity and negative affect towards a country due to its actions. The findings emphasize the importance of understanding customer emotions and their impact on purchasing behavior, which aligns closely with the focus on customer understanding and emotional needs in the Feeling AI category.",70%,10%,20%,0%,0%,"[2005, 2007)",Consumer behaviour
"Mobile shopping behaviour: Insights into attitudes, shopping process involvement and location",Holmes A.; Byrne A.; Rowley J.,2014,10.1108/IJRDM-10-2012-0096,"Purpose: Although there is evidence that adoption of mobile shopping has been slow, the increased functionality offered by smart phones offers significant potential for the development of marketing and retailing through the mobile channel. The purpose of this paper is to add to knowledge on consumer shopping behaviour through mobile devices by exploring attitudes to the use of mobiles in shopping, the use of mobile phones at different stages in the consumer decision-making process, the impact of involvement on the mobile consumer decision-making process and mobile shopping location. Design/methodology/approach: An online panel survey was conducted with a UK panel of nationally representative consumers. The survey collected data in respect of the following products that were ranked on level of involvement on the basis of the importance and effort consumers' associated with their purchase: bread (lowest), washing powder, DVD, footwear, phone and TV (highest). Findings: Use of mobiles for shopping is significant, but remains lower than use of computers in shopping. In general, respondents were more positive regarding their use of computer shopping than they were in relation to their use of a mobile. In using their mobile phone in shopping, respondents value its convenience and accessibility. There is higher use of the mobile phone in the information search and consideration of alternatives phases, than in the purchase transaction. The extent of use of mobile devices in the decision-making process is higher with higher involvement products, in relation to all stages in the decision-making process. The most frequent location for the use of their mobile in shopping is at home, which is consistent with the finding that the highest level of use of mobiles occurs in the information search and consideration of alternatives phases. Recommendations are offered for retailers and for further research. Originality/value: This is the first research to explore the use of mobile phones in different stages in the consumer-decision-making process across a number of product categories. © Emerald Group Publishing Limited.",Consumer behaviour; Consumer decision making; Involvement; Mobile shopping; Smart phones,,scopus-recommendation,129,Feeling AI,"['consumer shopping behaviour', 'attitudes', 'decision-making process', 'involvement', 'convenience', 'accessibility']","The abstract explores consumer attitudes and behaviors in mobile shopping, focusing on how emotional aspects like convenience and accessibility influence their decision-making process. It emphasizes understanding customer needs during different stages of shopping, aligning well with the objectives of Feeling AI, which aims to understand and meet customer emotional needs and wants.",70%,10%,20%,0%,0%,"[2013, 2015)",Consumer behaviour
An integrated model for predicting consumer's intention to write online reviews,Dixit S.; Jyoti Badgaiyan A.; Khare A.,2019,10.1016/j.jretconser.2017.10.001,"For marketers, consumers’ increasing use of online reviews in arriving at purchase decisions is a double edged sword. On one hand, it presents opportunity for manufacturers and sellers to be highlighted for their good work, but at the same time, there remains a possibility of negative review impacting goodwill and reputation. Hence, it is important for managers to identify factors that impact consumers’ intentions to write online reviews. This research delves into this aspect by trying to identify the factors that impact reviews writing intentions of consumers for restaurants. The study extends the theory of planned behaviour with additions of variables such as ego involvement, taking vengeance and helping a restaurant. For this, 252 valid responses were obtained, and structural equation modeling was used to test the proposed model. Results indicate that perceived behavioural control, subjective norms, ego involvement and taking vengeance are significant predictors of intention to write online reviews for the restaurants. © 2017 Elsevier Ltd",Consumer behaviour; E-WOM; Intentions to write online reviews; Theory of planned behaviour,Elsevier Ltd,scopus-prediction,76,Feeling AI,"['online reviews', 'consumer intentions', 'ego involvement', 'helping a restaurant', 'taking vengeance']","The abstract discusses factors that influence consumers' intentions to write online reviews, which directly relates to understanding customer emotions and motivations. The inclusion of variables such as ego involvement and helping a restaurant indicates a focus on understanding emotional needs and relational aspects of consumer behavior, thus aligning with the Feeling AI category. Additionally, the study aims to understand and meet customer emotional needs regarding their review behaviors.",60%,10%,20%,0%,10%,"[2019, 2021)",Consumer behaviour
How packaging affects the product preferences of children and the buyer behaviour of their parents in the food industry,Ogba I.E.; Johnson R.,2010,10.1108/17473611011026037,"Purpose – Health is becoming an increasingly important issue in the UK as well as the rest of Europe. Emphasis on the importance of healthy eating is ongoing for many reasons, including the growing concern about childhood obesity resulting in the ban of advertising of unhealthy foods to children in the UK in April 2007. However, although legislation has been placed upon the advertising of unhealthy food products, no such restrictions have been placed on the packaging of children's foods despite the influence of packaging on consumer buyer decisions. This paper aims to investigate the effect of packaging on children's product preferences and its ability to influence parents' buyer decision in-store. Design/methodology/approach – The study was approached from the parents' rather than the children's perspective. A quantitative approach was adopted in data collection, using a 28 item Likert scaled questionnaire administered to 150 parents, with over 95 percent response rate. Findings – The study shows that packaging does affect the product preferences of children. Also, children are particularly interested in influencing the purchase of unhealthy foods. However, parents within the study claimed that they did not succumb to their children's requests for the purchase of unhealthy food, which contradicts evidence from previous findings. Research limitations/implications – The claim by parents that they did not succumb to their children's requests for unhealthy food contradicts findings from previous research. This therefore leads to a recommendation for further studies as social desirability bias may have influenced the outcomes of the findings. Practical implications – Findings from this study can be applied within the retail and service marketing sector to provide the practitioner with information relevant to decision making on children's influence on parents buyer behavior in-store. Outcomes of the study are also important when considering the future of children's food marketing and tackling the issue of childhood obesity. Originality/value – The paper demonstrates that there is a relationship between packaging and children product preferences and children's influence on parents' buyer decision in-store. © 2010, Emerald Group Publishing Limited",Children (age groups); Consumer behaviour; Decision making; Food packaging; Parents; United Kingdom,,scopus-recommendation,62,Feeling AI,"['packaging', ""children's preferences"", ""parents' buyer decision"", 'influence', 'unhealthy foods']","The abstract discusses the influence of packaging on children's product preferences and how this affects parents' buying decisions. This ties to the understanding of customer emotions and the relational aspect of marketing, particularly the emotional influence that children have on their parents' purchasing behavior. The focus on emotional data and understanding customer needs aligns well with the Feeling AI category.",70%,10%,20%,0%,0%,"[2009, 2011)",Consumer behaviour
Toward a model of sparkling wine purchasing preferences,Verdonk N.; Wilkinson J.; Culbert J.; Ristic R.; Pearce K.; Wilkinson K.,2017,10.1108/IJWBR-10-2015-0048,"Purpose: This paper aims to provide further insight into factors influencing Australian consumers’ purchasing preferences for sparkling wine, including champagne. Design/methodology/approach: Focus groups were conducted and thematic analysis was undertaken to identify factors influencing sparkling wine consumers’ purchasing preferences. Findings: Personal taste was found to influence choice of a sparkling wine rather than another type of beverage, and selection of a particular style and brand of sparkling wine. Country or region of origin was found to be important, often linked to the product being champagne. Brand image, reputation and symbolism were found to influence purchase decisions (sometimes linked to consumption occasion), especially for purchases of gifts. Advice, recommendations and expert reviews, and consumption occasion also were found to influence purchase decisions. Price was found to influence style and brand of sparkling wine purchased. A high price was found to be a barrier for some participants, while other participants were found to avoid sparkling wines priced below some particular level. Thematic analysis enabled development of a preliminary model of purchasing preferences. Research limitations/implications: Being exploratory in nature, findings cannot be generalised. Further studies are required to confirm the preliminary model and to evaluate the validity and significance of proposed relationships. Practical implications: Findings suggest a producer could benefit from marketing a range of sparkling wines to cater to different tastes, occasions and gift purchases. Findings also confirm the importance of marketers pursuing opportunities to obtain and promote favourable expert reviews for their sparkling wines, and of identifying and promoting regional distinctiveness. Originality/value: The first comprehensive model of sparkling wine consumers’ purchasing preferences has been developed. Empirical testing would enable refinement and enhance understanding. © 2017, © Emerald Publishing Limited.",Australia; Consumer behaviour; Psychometric/qualitative; Survey research; Wines,Emerald Group Publishing Ltd.,scopus-recommendation,35,Feeling AI,"['personal taste', 'brand image', 'reputation', 'consumption occasion', 'gift purchases', 'expert reviews', 'customer preferences']","The abstract discusses various factors influencing purchasing preferences for sparkling wine, which includes understanding customer emotional needs and preferences such as personal taste, brand image, and the significance of the consumption occasion. These factors relate closely to customer understanding and positioning, which are key aspects of Feeling AI. The mention of gift purchases also ties into emotional engagement with customers. While there are elements that could relate to Mechanical or Thinking AI, the predominant focus on emotional and personal factors aligns it more closely with Feeling AI.",70%,10%,20%,0%,0%,"[2017, 2019)",Consumer behaviour
"The impact of outcome, competency and affect on service referral",Johnson M.; Zinkhan G.M.; Ayala G.S.,1998,10.1108/08876049810235432,"Proposes a model to explain consumers' willingness to recommend a service provider. The model considers four predictors of this phenomenon: affect, outcome, competency and courtesy. In a laboratory setting, subjects read and responded to a scenario describing a service encounter of a fictitious individual with a dry cleaner and/or an attorney. The subjects were later asked how likely they were to recommend this service provider to a friend experiencing a similar problem. Separate path analyses were performed to analyze each type of service encounter; and in both scenarios, outcome, competency, courtesy, joy and disgust were found to influence the likelihood that the consumer would recommend a particular service provider. The proposed model accounts for more than 72 percent of the variation in the subjects' decision to recommend. © 1998, MCB UP Limited",Consumer behaviour; Marketing strategy; Recommendations; Service quality; Services marketing,,scopus-recommendation,26,Feeling AI,"['willingness to recommend', 'affect', 'joy', 'disgust', 'customer emotional needs', 'service encounter']","The abstract discusses a model that explains consumers' willingness to recommend a service provider, focusing on emotional factors such as joy and disgust as well as other predictors like affect and courtesy. This aligns closely with the 'Feeling AI' category, which emphasizes understanding customer emotions and needs. The analysis of emotional responses and their influence on recommendations indicates a strong focus on customer understanding and relationalization.",80%,10%,5%,0%,5%,"[1997, 1999)",Consumer behaviour
Homo economicus and social marketing: Questioning traditional models of behavior,Carvalho H.C.; Mazzon J.A.,2013,10.1108/JSOCM-11-2011-0080,"Purpose: The purpose of this paper is to bring forth the limitations of some important models of cognition and behavior adopted by social marketers and present important findings from recent lines of research that contribute to a fine-grained understanding of human behavior. Design/methodology/approach: This is a conceptual paper that presents a review of several theoretical approaches to human cognition and behavior and their implications regarding social marketing campaigns. Findings: It is concluded that the assumptions underlying traditional models of behavior need to be revised, especially the assumption that human beings are rational decision makers - the prototypical homo economicus. Behavioral science has revealed that people are far from being rational and are prone to be influenced by myriad factors, some deemed irrelevant under rational models. Social marketing interventions have greater probability of success when they rely on more realistic assumptions of human behavior. Research limitations/implications: Social marketing needs to embrace the contributions of the several disciplines and lines of research centered on the study of all facets of human behavior, such as behavioral economics and dual-system framework. Practical implications: The main implications are: the recommendation to assume people are running on their System 1 when they are in contact with social marketing campaigns, the need to consider the interplay of systems and selves over time, the recommended emphasis on place strategies, and the need to avoid cash incentives and silver bullets. Originality/value: The value of this paper is in contrasting the assumptions of traditional models of cognition and behavior widely used in social marketing with the evidence from several lines of research portraying influences in human behavior not accounted by those models. © Emerald Group Publishing Limited.",Cognition; Consumer attitudes; Consumer behaviour; Social marketing; Social marketing theory; Theory of planned behaviour,,scopus-recommendation,25,Feeling AI,"['human behavior', 'rational decision makers', 'influence', 'System 1', 'customer understanding']","The abstract discusses the limitations of traditional models of cognition and behavior in social marketing, emphasizing the importance of understanding human behavior beyond rational decision-making. This aligns with the Feeling AI category, as it focuses on customer understanding and emotional influences on decisions. The recommendation to consider emotional and psychological factors in social marketing campaigns further supports this classification.",60%,10%,30%,0%,0%,"[2013, 2015)",Consumer behaviour
Attitude toward smoking: The effect of negative smoking-related pictures,Grigaliunaite V.; Pileliene L.,2017,10.24136/oc.v8i2.20,"Research background: Endeavouring to develop healthy societies is a primary goal in many countries. As smoking is a major problem of public health, lowering the extent of smoking is one of the conditions for developing a healthy society. Based on the research revealing that the pairing of the product with negative stimuli enhances the possibility of negative reaction to the product as negative stimulus transfers it's meaning to the product, tobacco packaging was labelled with negative smoking-related pictures illustrating the danger of smoking. Nevertheless, the extent of smoking is still large in many countries. Hence, the effect of negative smoking-related pictures has been the subject of intense debate within the scientific community. Purpose of the article: The aim of this research is to determine the effect of negative smoking-related pictures on the both implicit and explicit attitude toward smoking. Methods: For the purpose of determining the effect of negative smoking-related pictures on the both implicit and explicit attitude toward smoking, Implicit Association Test and questionnaire survey were provided. The questionnaire was elaborated based on the analysis and synthesis of scientific literature. Findings & Value added: The theoretical analysis substantiated the influence of attitude toward the product on consumer purchase decisions. Nevertheless, people do not always want to reveal their opinion, hence traditional marketing research methods for measuring explicit attitude are not sufficient as they are often not objective. Therefore, neuromarketing research methods complement traditional marketing research methods by providing more objectivity. Consequently, the Implicit Association Test and traditional questionnaire research are applied for the empirical research, revealing the effect of negative smokingrelated pictures on the both implicit and explicit attitude toward smoking. The recommendations for the usage of negative smoking-related pictures on purpose to influence attitude toward smoking and consumer purchase behaviour are substantiated. © 2017 Nicolaus Copernicus University. All rights reserved.",Consumer behaviour; Explicit attitude; Mplicit attitude; Negative pictures; Smoking,Nicolaus Copernicus University,scopus-recommendation,7,Feeling AI,"['negative stimuli', 'attitude', 'consumer purchase decisions', 'implicit and explicit attitude', 'emotional data']","The abstract discusses the impact of negative smoking-related pictures on attitudes toward smoking, which relates directly to understanding customer emotions and attitudes. The research aims to measure implicit and explicit attitudes, indicating a focus on emotional responses and customer understanding. Thus, it aligns with the objectives related to customer understanding and emotional needs, fitting well within the Feeling AI category.",70%,0%,30%,0%,0%,"[2017, 2019)",Consumer behaviour
A varietal-specific approach to investigate wine risk perception in South Africa: Recommendations for Chenin blanc,Van der Colff N.; Pentz C.; Nieuwoudt H.,2019,10.1108/IJWBR-06-2018-0023,"Purpose: This study aims to describe South African consumers’ wine risk perception on varietal level with recommendations for Chenin blanc. Design/methodology/approach: An exploratory mixed methods approach was followed where qualitative data were used to develop the questionnaire. Quantitative data were collected from 2,051 respondents using an online survey. ANOVA and Fischer least significance difference tests were used to indicate statistical significance. Findings: Significant perceived risks (PRs) associated with Chenin blanc across age and ethnic groups were functional, time and financial risks. Risk-reducing strategies (RRS) in the white wine category were favourite brands and a trusted store, while Sauvignon blanc was also described as an RRS. Recommended Chenin blanc RRS include tastings and events with food. Research limitations/implications: Measurement of PR remains challenging. This research approach can be reproduced and/or adapted to investigate other struggling varietals and/or regions-of-origin. The convenience sample limits generalisability. Practical implications: Segments were identified to develop new markets for Chenin blanc. RRS emphasise the importance of real sensory experience rather than media exposure to build knowledge and familiarity. Originality/value: This study is a pioneering endeavour in terms of using an exploratory mixed methods research approach to investigate and describe risk perception of a specific wine varietal. Recommendations, with implications for strategic marketing decisions, are made for South African Chenin blanc. © 2019, Emerald Publishing Limited.",Chenin blanc; Consumer behaviour; Consumer risk perception; Risk perception; South African white wine; Varietal perceived risk scale,Emerald Group Holdings Ltd.,scopus-recommendation,2,Feeling AI,"['risk perception', 'customer understanding', 'tastings', 'events', 'sensory experience', 'trusted store']","The abstract discusses consumer risk perception concerning Chenin blanc, which relates to understanding customer needs and wants. It emphasizes the importance of sensory experiences and interaction with the product, aligning with the objectives of Feeling AI to develop customer understanding and emotional connections. Additionally, the research recommends strategies aimed at enhancing consumer experience, indicating a focus on relationalization. The findings also highlight the need to tailor marketing efforts based on emotional factors, further solidifying its placement in the Feeling AI category.",70%,10%,20%,0%,0%,"[2019, 2021)",Consumer behaviour
Navigating the Digital Transformation of Commercial Banks: Embracing Innovation in Customer Emotion Analysis,"Sun, YY; Zhang, Q",2024,10.1007/s13132-024-01938-5,"The rapid development of science has ushered the society into the era of the digital economy, profoundly altering the habits and behaviors of empowered digital citizens. This transformation is particularly evident in the financial sector, where Internet companies have spearheaded the growth of Internet finance, offering non-professional, highly autonomous, cost-effective, and accessible financial services. Traditional banks face stiff competition from internal and cross-border rivals, compelling them to embark on digital transformation journeys to stay relevant. This research paper delves into the critical relationship between technology forecasting and social change, exploring the impact of gender imbalances on FinTech innovation. It also examines innovative e-commerce marketing models driven by big data and artificial intelligence, catalyzing advancements in the financial field. The digitalization of banks encompasses multiple facets, including decision-making, ecosystem development, channel optimization, process enhancement, data center construction, and infrastructure fortification. Central to this transformation is the understanding of customer emotions, a task made more intelligent through natural language processing (NLP) technology. We employ NLP techniques to analyze customer voice data and discern emotional states, including one-hot vector representation and Word2Vector models, alongside Bi-LSTM and attention processes. This approach significantly enhances our ability to tailor policies and products in real time, ensuring a more personalized customer experience. Also, the paper emphasizes the importance of establishing robust data governance systems, innovating talent development mechanisms, controlling digital risks, and optimizing customer acquisition strategies in the digital transformation journey. It also addresses the changing landscape of e-commerce architecture, highlighting the significance of logistical expertise and security considerations in international Internet sales. This research advances our understanding of how commercial banks can leverage technology and innovation to serve the real economy effectively. It provides valuable insights into the analysis of customer emotions and offers practical recommendations for achieving a seamless digital transformation.",Customer emotion; Affective computing; Sentiment analysis; Emotion analysis; Natural language processing,SPRINGER,wos-artificial intelligence,0,Feeling AI,"['customer emotions', 'natural language processing', 'emotional states', 'personalized customer experience']","The abstract emphasizes the understanding of customer emotions through natural language processing (NLP) techniques, which aligns closely with the 'Feeling AI' category focusing on customer understanding and relationalization. The paper discusses analyzing customer voice data and tailoring policies and products in real time to enhance customer experiences, reflecting the application examples of using emotional data to understand customer needs and personalize experiences.",70%,20%,10%,0%,0%,"[2023, 2025)",Sentiment analysis
Understanding Consumer Perceptions About Smartwatches: Feature Extraction and Opinion Mining Using Supervised Learning Algorithm,Manayath D.; Kaladharan S.; Soman N.V.; Vijayakumaran A.,2024,10.18267/j.aip.231,"Against the backdrop of increasing smartwatch usage and the dynamic landscape of evolving features, a nuanced understanding of consumer opinions and preferences is vital for tailoring features and crafting effective marketing strategies. This study addresses this imperative by conducting a comprehensive analysis of customer reviews on smartwatches, aiming to determine the pivotal factors guiding consumer purchasing decisions. By employing word clouds to visually represent sentiments, the study uncovers notable trends. Positive reviews prominently highlight the term “quality”, suggesting a strong emphasis on product excellence. In contrast, negative reviews were characterized by the prevalence of the term “fake”, indicating concerns related to authenticity. Additionally, a comparative assessment of two machine learning algorithms, namely support vector machines and Naive Bayes, demonstrates that support vector machines exhibit superior accuracy in classification. These findings offer valuable insights for industry practitioners navigating the competitive landscape of the smartwatch market, providing actionable information for optimizing product features and refining marketing strategies to meet consumer expectations. © 2024 by the author(s). Licensee Prague University of Economics and Business, Czech Republic.",Healthcare 5.0; Opinion mining; Sentiment analysis; Supervised learning algorithms; Wearable technology,Prague University of Economics and Business,scopus-machine learning,1,Feeling AI,"['consumer opinions', 'preferences', 'sentiments', 'quality', 'fake', 'authenticity']","The abstract focuses on understanding consumer opinions and preferences regarding smartwatches, which aligns closely with the 'Feeling AI' category that emphasizes customer understanding and emotional data analysis. The identification of sentiments in customer reviews (positive and negative) highlights the emotional aspects influencing purchasing decisions, thus supporting this classification. The mention of tailoring features and marketing strategies based on these insights further underscores the importance of emotional engagement with customers.",60%,20%,20%,0%,0%,"[2023, 2025)",Sentiment analysis
A Semantic-Context Embedding Enhanced Attention Fusion BiLSTM: Unraveling Multilingual Sentiments in Product Reviews with Advanced Deep Learning,Purohit A.; Patheja P.S.,2024,10.31341/jios.48.2.9,"For natural language processing (NLP), sentiment analysis (SA) is crucial since it helps to understand users' feelings and opinions in a variety of contexts. Even though Deep Learning (DL) techniques are becoming more popular in SA, effective model optimization can be difficult because they frequently call for a great deal of hyperparameter tuning. However, because current models can't sufficiently capture the variety of review contexts, it introduces bias and inaccuracies, especially in product reviews. For Multilingual Sentiment Analysis (MSA) in product reviews, this research proposed a Semantic-Context Embedding Enhanced Attention Fusion BiLSTM (SCEEAF-BiLSTM). The proposed model combines Continuous Bag-of-Word (CBoW) and Skipgram techniques to extract semantic context after the preprocessing stages of tokenization, stop word removal, and case normalization. A novel Convolutional BiLSTM with Enhanced Attention (CoBLEA) architecture is introduced for multilingual sentiment prediction to extract comprehensive context representations. The model ultimately shows efficacy in dividing multilingual sentiments into positive, neutral, and negative states, providing a viable method for complex SA in several circumstances. The outcome signifies that the proposed approach obtains a high accuracy attained 0.987, precision attained 0.985, recall attained 0.978 and F1-Score attained 0.986 when compared with prior works. With practical applications in sentiment-driven platforms operating in multiple languages, the research presents a method for complex SA in e-commerce, social media, and customer feedback systems. It also emphasizes the significance of comprehending multilingual opinions for enhancing marketing strategies, driving business decisions, and improving customer satisfaction. © 2024 The Authors.",Bidirectional Long Short-Term Memory (BiLSTM); Convolution neural network (CNN); Embedding; Sentiment analysis; tokenization,"University of Zagreb, Faculty of Organization and Informatics",scopus-natural language processing,0,Feeling AI,"['sentiment analysis', 'customer feedback', 'multilingual sentiments', 'customer satisfaction', 'emotional data', 'opinions']","The abstract discusses sentiment analysis, which is intrinsically linked to understanding customer emotions and opinions. The proposed model aims to enhance the understanding of multilingual sentiments, highlighting the importance of comprehending customer feelings in various contexts. This aligns closely with the Feeling AI category, which focuses on customer understanding and emotional needs. The emphasis on improving customer satisfaction and marketing strategies further supports this classification.",60%,15%,25%,0%,0%,"[2023, 2025)",Sentiment analysis
COVID-19 vaccine rejection causes based on Twitter people’s opinions analysis using deep learning,Alotaibi W.; Alomary F.; Mokni R.,2023,10.1007/s13278-023-01059-y,"According to the World Health Organization, vaccine hesitancy was one of the ten major threats to global health in 2019, including the COVID-19 vaccine. The availability of vaccines does not always mean utilization. This is because, people have less confidence in vaccines, which resulted in vaccination hesitancy and developing global decline in vaccine intake and has caused viral disease outbreaks worldwide. Therefore, there is a need to understand people’s perceptions about the COVID-19 vaccine to help the manufacturing companies of the vaccine to improve their marketing strategy based on the rejection causes. In this paper, we used multi-class Sentiment Analysis to classify people’s opinions from extracted tweets about COVID-19 vaccines, using firstly different Machine Learning (ML) classifiers such as Logistic Regression (LR), Stochastic Gradient Descent, Support Vector Machine, K-Nearest Neighbors, Decision Tree (DT), Multinomial Naïve Bayes, Random Forest and Gradient Boosting and secondly various Deep Learning (DL) models such as Recurrent Neural Network (RNN), Long Short Term Memory (LSTM), Gated Recurrent Unit (GRU), RNN-LSTM and RNN-GRU. Then, we investigated the analysis of the negative tweets to identify the causes of rejection using the Latent Dirichlet Allocation (LDA) technique. Finally, we classified these negative tweets according to the rejection causes for all the vaccines using the same selected ML and DL models. The result of SA showed that DT gives the best performance with an accuracy of 92.26% and for DL models, GRU achieved 96.83%. Then, we identified five causes: Lack of safety, Side effect, Production problem, Fake news and Misinformation, and Cost. Furthermore, for the classification of the negative tweets according to the identified rejection causes, the LR achieved the best result with an accuracy of 89.97%. For DL models, the LSTM model showed the best result with an accuracy of 91.66%. © 2023, The Author(s), under exclusive licence to Springer-Verlag GmbH Austria, part of Springer Nature.",COVID-19 vaccines; Deep learning; GRU-LSTM; Latent Dirichlet allocation; Sentiment analysis; Vaccine rejection causes,Springer,scopus-machine learning,7,Feeling AI,"['vaccine hesitancy', ""people's perceptions"", 'emotional data', 'negative tweets', 'rejection causes']","The abstract discusses understanding people's perceptions and emotions towards the COVID-19 vaccine, which aligns with the focus on customer understanding and using emotional data to comprehend existing and potential customer needs. The analysis of negative sentiments and identification of causes for vaccine hesitancy further emphasizes the emotional aspect of consumer behavior, linking it closely to the Feeling AI category.",75%,10%,15%,0%,0%,"[2023, 2025)",Sentiment analysis
Aspect based sentiment analysis and smart classification in uncertain feedback pool,Kumar V.V.; Raghunath K.M.K.; Muthukumaran V.; Joseph R.B.; Beschi I.S.; Uday A.K.,2022,10.1007/s13198-021-01379-2,"The data used in the opinion can be either factual or subjective, or both. The subjective form includes a positive or negative view, whereas there are facts in the objective form. As the result of opinion mining, the subjectivity and objectivity of knowledge are described as created. The outcome may be either positive or negative or a combination of both. Machine learning helps the computer to behave without a specific task being specifically programmed. Many consumers will critically evaluate everything online, especially food and amenities in eateries, to show their modest viewpoint. These views are critical in the decision-making process, especially in an uncertain feedback pool. Manually evaluating and deriving genuine opinions from these evaluations is very tough despite the growing count of opinions that are accessible in every category. So, to solve this issue, an automated methodology is needed. Sentiment evaluations or opinion extraction are returned methodologies to evaluate and identify uncertain feedback subjects as either positive or negative in these reviews. Three different dimensions of recommender systems are present; document-based, sentence-based, and aspect-based. Report and statement-based opinion mining concentrates on the broader orientation of the review and does not identify more accurately the crucial aspects of all the extracted reviews. The subject of trend is thus view-based opinion mining, and the emphasis of this research is on the restaurant's feedback sector. Creative marketing strategies are planned using sentiment assessments and opinion mining. The sentiment classifications are managed through a smart method called Neuro-Fuzzy Sentiment Classification. It is an entirely automated method of sentiment estimation and prediction. It can be used to group textual data and then used to identify patterns about the contents of the textual information. The resultant data aids in creating autonomous systems that consider the input from customers and prepare restaurant strategies. © 2021, The Society for Reliability Engineering, Quality and Operations Management (SREQOM), India and The Division of Operation and Maintenance, Lulea University of Technology, Sweden.",Accuracy; Aspect-based; Classification; Document-based; Machine learning; Opinion mining; Sentenced-based; Sentiment analysis; Uncertain feedback pool,Springer,scopus-autonomous,23,Feeling AI,"['sentiment assessments', 'opinion mining', 'customer strategies', 'emotional data', 'customer needs', 'restaurant feedback']","The abstract discusses the use of sentiment analysis and opinion mining to understand customer feedback, particularly in the restaurant sector. It emphasizes the importance of understanding customer emotions and opinions, which aligns with the Feeling AI category. The methodologies mentioned aim to gauge customer sentiment and incorporate it into marketing strategies, indicating an understanding of customer emotional needs.",60%,20%,20%,0%,0%,"[2021, 2023)",Sentiment analysis
"A social CRM analytic framework for improving customer retention, acquisition, and conversion",Lamrhari S.; Ghazi H.E.; Oubrich M.; Faker A.E.,2022,10.1016/j.techfore.2021.121275,"Social Customer Relationship Management (social CRM) has become one of the central points for many companies seeking to improve their customer experience. It comprises a set of processes that allows decision-makers to analyze customer data, in order to launch an efficient, customer-centric, and cost-effective marketing strategy. Nonetheless, the inclusion of social media data in CRM introduces new challenges, as it requires advanced analytical approaches to extract actionable insight from such a huge amount of data. Thus, in this paper, we propose a social CRM analytic framework, which includes various analytical approaches, aiming at improving customer retention, acquisition, and conversion. This framework has been tested on various datasets and extensively evaluated based on several performance metrics. The obtained results suggest that the proposed framework can effectively extract relevant information and support decision-making processes. From an academics perspective, the study contributes to an understanding of customers’ experiences throughout their engagement on social media and focuses on long-term relationships with customers. From a managerial perspective, companies should leverage the insight generated through every customer engagement on social media to drive effective marketing strategies. © 2021",Acquisition; Conversion; Customer retention; Customer satisfaction; Machine learning; Sentiment analysis; Social CRM; Social media,Elsevier Inc.,scopus-machine learning,35,Feeling AI,"['customer experience', 'customer data', 'customer retention', 'customer engagement', 'long-term relationships']","The abstract emphasizes the importance of understanding customer experiences and engagement on social media, which aligns with the focus on customer understanding and relationalization in Feeling AI. The proposed framework aims to improve customer retention and acquisition by leveraging insights from customer interactions, indicating an emotional and relational approach to marketing.",70%,20%,10%,0%,0%,"[2021, 2023)",Sentiment analysis
Over a decade of social opinion mining: a systematic review,Cortis K.; Davis B.,2021,10.1007/s10462-021-10030-2,"Social media popularity and importance is on the increase due to people using it for various types of social interaction across multiple channels. This systematic review focuses on the evolving research area of Social Opinion Mining, tasked with the identification of multiple opinion dimensions, such as subjectivity, sentiment polarity, emotion, affect, sarcasm and irony, from user-generated content represented across multiple social media platforms and in various media formats, like text, image, video and audio. Through Social Opinion Mining, natural language can be understood in terms of the different opinion dimensions, as expressed by humans. This contributes towards the evolution of Artificial Intelligence which in turn helps the advancement of several real-world use cases, such as customer service and decision making. A thorough systematic review was carried out on Social Opinion Mining research which totals 485 published studies and spans a period of twelve years between 2007 and 2018. The in-depth analysis focuses on the social media platforms, techniques, social datasets, language, modality, tools and technologies, and other aspects derived. Social Opinion Mining can be utilised in many application areas, ranging from marketing, advertising and sales for product/service management, and in multiple domains and industries, such as politics, technology, finance, healthcare, sports and government. The latest developments in Social Opinion Mining beyond 2018 are also presented together with future research directions, with the aim of leaving a wider academic and societal impact in several real-world applications. © 2021, The Author(s).",Artificial intelligence; Emotion analysis; Irony detection; Microblogs; Natural language processing; Opinion mining; Sarcasm detection; Sentiment analysis; Social data; Social data analysis; Social media; Social networks; Social opinion mining; Subjectivity analysis; Survey; Systematic review,Springer Science and Business Media B.V.,scopus-artificial intelligence,61,Feeling AI,"['social opinion mining', 'sentiment polarity', 'emotion', 'affect', 'sarcasm', 'irony', 'customer service', 'decision making']","The abstract emphasizes the understanding of human emotions and sentiments through Social Opinion Mining, which aligns closely with the objectives of Feeling AI. It discusses how emotional data can help understand customer needs and enhance customer engagement, making it relevant to customer understanding and relationalization. While there are elements related to market analysis and data collection, the predominant focus on emotional aspects categorizes it under Feeling AI.",60%,20%,20%,0%,0%,"[2021, 2023)",Sentiment analysis
Arabic language sentiment analysis via cross-language translation,Alsheref F.K.,2019,10.1504/IJWBC.2019.101047,"Social platforms on the web give us a huge amount of data like comments, messages, products' reviews and posts. Sentiment analysis on social users' data is a valuable analysis for automatically understanding people's opinions about products or some interesting topics, and this analysis provides valuable information for informed decision making in different domains. Arab web users number is about 200 million users; this huge number represents the strong impact on marketing which makes the sentiment analysis of Arabic language hot topic. This paper proposed an Arabic sentiment analysis model to increase the accuracy of Arabic sentiment analysis. It is based on a cross-language retrieval model. The proposed model was tested on a dataset extracted from twitter and manually sentimentally classified by experts, and it achieved 90.62% accuracy. Copyright © 2019 Inderscience Enterprises Ltd.",Cross-language; Facebook; Information retrieval correlation coefficient; Sentiment analysis; Social network service; Text mining; The social network; Twitter,Inderscience Publishers,scopus-text mining,0,Feeling AI,"['sentiment analysis', 'opinions', 'customer understanding', 'Arabic sentiment analysis']","The abstract discusses sentiment analysis, which is directly related to understanding customer opinions and emotions regarding products. This aligns with the focus of Feeling AI, which revolves around customer understanding and using emotional data to meet customer needs. The mention of analyzing social media comments and reviews further emphasizes the emotional aspect of consumer feedback.",80%,10%,10%,0%,0%,"[2019, 2021)",Sentiment analysis
Social media analytics: Extracting and visualizing Hilton hotel ratings and reviews from TripAdvisor,Chang Y.-C.; Ku C.-H.; Chen C.-H.,2019,10.1016/j.ijinfomgt.2017.11.001,"Analyzing and extracting insights from user-generated data has become a topic of interest among businesses and research groups because such data contains valuable information, e.g., consumers’ opinions, ratings, and recommendations of products and services. However, the true value of social media data is rarely discovered due to overloaded information. Existing literature in analyzing online hotel reviews mainly focuses on a single data resource, lexicon, and analysis method and rarely provides marketing insights and decision-making information to improve business’ service and quality of products. We propose an integrated framework which includes a data crawler, data preprocessing, sentiment-sensitive tree construction, convolution tree kernel classification, aspect extraction and category detection, and visual analytics to gain insights into hotel ratings and reviews. The empirical findings show that our proposed approach outperforms baseline algorithms as well as well-known sentiment classification methods, and achieves high precision (0.95) and recall (0.96). The visual analytics results reveal that Business travelers tend to give lower ratings, while Couples tend to give higher ratings. In general, users tend to rate lowest in July and highest in December. The Business travelers more frequently use negative keywords, such as “rude,” “terrible,” “horrible,” “broken,” and “dirty,” to express their dissatisfied emotions toward their hotel stays in July. © 2017 Elsevier Ltd",Google trends; Hospitality; Natural language processing; Sentiment analysis; Social media analytics; TripAdvisor; Visual analytics,Elsevier Ltd,scopus-data mining,168,Feeling AI,"['user-generated data', 'sentiment-sensitive', 'negative keywords', 'customer understanding', 'emotional needs', 'dissatisfied emotions']","The abstract focuses on analyzing user-generated data, particularly sentiments expressed in hotel reviews. It seeks to understand customer emotions and opinions, highlighting how different customer segments (e.g., Business travelers vs. Couples) express their satisfaction or dissatisfaction. This aligns with the 'Feeling AI' focus on customer understanding and emotional needs.",60%,20%,20%,0%,0%,"[2019, 2021)",Sentiment analysis
A fuzzy-oriented sentic analysis to capture the human emotion in Web-based content,Loia V.; Senatore S.,2014,10.1016/j.knosys.2013.09.024,"Capturing the sentiments and the emotional states enclosed in textual information is a critical task which embraces a wide range of web-oriented activities such as detecting the sentiments associated to the product reviews, developing marketing programs that would be attractive for users, enhancing customer service with respect to its expectation until to identifying new opportunities and financial market prediction, besides managing reputations. Opinions and the emotions that are embedded in them, play a key role in decision-making processes, with different effects depending on the negative or positive valence of the mood. When the choice depends on some important features (i.e., time, money, reliability/efficacy, etc.) and on other opinions (which come from previous experience), could be crucial to make the best decision. Inferring opinions and emotions enclosed in the written language is a complex task which cannot rely on body languages (posture, gestures, vocal inflections), rather than discovering concepts with an affective valence. The role of opinions extracted by the social content is crucial to support consumers' decision process; in addition, thanks opinions and emotions, it is possible to evidence improvements on existing decision supports and show how the opinion-mining techniques can be incorporated into these systems. This paper presents a tentative contribution that addresses this issue: it introduces a framework for extracting the emotions and the sentiments expressed in the textual data. The sentiments are expressed by a positive or negative polarity, the emotions are based on the Minsky's conception of emotions, that consists of four affective dimensions, each one with six levels of activations [1]. Sentiments and emotions are modeled as fuzzy sets; particularly, the intensity of the emotions has been tuned by fuzzy modifiers, which act on the linguistic patterns recognized in the sentences. The approach has been tested on some sets of documents categories, revealing interesting performance on the global framework processing. © 2013 Elsevier B.V. All rights reserved.",Decision making system; Fuzzy modifiers; Linguistic patterns; Sentic computing; Sentiment analysis; WordNet,,scopus-prediction,61,Feeling AI,"['sentiments', 'emotions', 'customer service', 'decision-making', 'opinions', 'customer needs', 'emotional states', 'affective dimensions']","The abstract focuses on extracting sentiments and emotions from textual data, highlighting their critical role in understanding customer needs and influencing decision-making processes. This aligns with the objectives of 'Feeling AI,' which emphasizes customer understanding and emotional analytics. The emphasis on emotional data to support decision-making processes and improve marketing strategies further strengthens this classification.",70%,10%,20%,0%,0%,"[2013, 2015)",Sentiment analysis
Social media analytics: Extracting and visualizing Hilton hotel ratings and reviews from TripAdvisor,Chang Y.-C.; Ku C.-H.; Chen C.-H.,2019,10.1016/j.ijinfomgt.2017.11.001,"Analyzing and extracting insights from user-generated data has become a topic of interest among businesses and research groups because such data contains valuable information, e.g., consumers’ opinions, ratings, and recommendations of products and services. However, the true value of social media data is rarely discovered due to overloaded information. Existing literature in analyzing online hotel reviews mainly focuses on a single data resource, lexicon, and analysis method and rarely provides marketing insights and decision-making information to improve business’ service and quality of products. We propose an integrated framework which includes a data crawler, data preprocessing, sentiment-sensitive tree construction, convolution tree kernel classification, aspect extraction and category detection, and visual analytics to gain insights into hotel ratings and reviews. The empirical findings show that our proposed approach outperforms baseline algorithms as well as well-known sentiment classification methods, and achieves high precision (0.95) and recall (0.96). The visual analytics results reveal that Business travelers tend to give lower ratings, while Couples tend to give higher ratings. In general, users tend to rate lowest in July and highest in December. The Business travelers more frequently use negative keywords, such as “rude,” “terrible,” “horrible,” “broken,” and “dirty,” to express their dissatisfied emotions toward their hotel stays in July. © 2017 Elsevier Ltd",Google trends; Hospitality; Natural language processing; Sentiment analysis; Social media analytics; TripAdvisor; Visual analytics,Elsevier Ltd,scopus-data mining,168,Feeling AI,"['user-generated data', 'sentiment-sensitive', 'negative keywords', 'customer understanding', 'emotional needs', 'dissatisfied emotions']","The abstract focuses on analyzing user-generated data, particularly sentiments expressed in hotel reviews. It seeks to understand customer emotions and opinions, highlighting how different customer segments (e.g., Business travelers vs. Couples) express their satisfaction or dissatisfaction. This aligns with the 'Feeling AI' focus on customer understanding and emotional needs.",60%,20%,20%,0%,0%,"[2019, 2021)",Sentiment analysis
A fuzzy-oriented sentic analysis to capture the human emotion in Web-based content,Loia V.; Senatore S.,2014,10.1016/j.knosys.2013.09.024,"Capturing the sentiments and the emotional states enclosed in textual information is a critical task which embraces a wide range of web-oriented activities such as detecting the sentiments associated to the product reviews, developing marketing programs that would be attractive for users, enhancing customer service with respect to its expectation until to identifying new opportunities and financial market prediction, besides managing reputations. Opinions and the emotions that are embedded in them, play a key role in decision-making processes, with different effects depending on the negative or positive valence of the mood. When the choice depends on some important features (i.e., time, money, reliability/efficacy, etc.) and on other opinions (which come from previous experience), could be crucial to make the best decision. Inferring opinions and emotions enclosed in the written language is a complex task which cannot rely on body languages (posture, gestures, vocal inflections), rather than discovering concepts with an affective valence. The role of opinions extracted by the social content is crucial to support consumers' decision process; in addition, thanks opinions and emotions, it is possible to evidence improvements on existing decision supports and show how the opinion-mining techniques can be incorporated into these systems. This paper presents a tentative contribution that addresses this issue: it introduces a framework for extracting the emotions and the sentiments expressed in the textual data. The sentiments are expressed by a positive or negative polarity, the emotions are based on the Minsky's conception of emotions, that consists of four affective dimensions, each one with six levels of activations [1]. Sentiments and emotions are modeled as fuzzy sets; particularly, the intensity of the emotions has been tuned by fuzzy modifiers, which act on the linguistic patterns recognized in the sentences. The approach has been tested on some sets of documents categories, revealing interesting performance on the global framework processing. © 2013 Elsevier B.V. All rights reserved.",Decision making system; Fuzzy modifiers; Linguistic patterns; Sentic computing; Sentiment analysis; WordNet,,scopus-prediction,61,Feeling AI,"['sentiments', 'emotions', 'customer service', 'decision-making', 'opinions', 'customer needs', 'emotional states', 'affective dimensions']","The abstract focuses on extracting sentiments and emotions from textual data, highlighting their critical role in understanding customer needs and influencing decision-making processes. This aligns with the objectives of 'Feeling AI,' which emphasizes customer understanding and emotional analytics. The emphasis on emotional data to support decision-making processes and improve marketing strategies further strengthens this classification.",70%,10%,20%,0%,0%,"[2013, 2015)",Sentiment analysis
Over a decade of social opinion mining: a systematic review,Cortis K.; Davis B.,2021,10.1007/s10462-021-10030-2,"Social media popularity and importance is on the increase due to people using it for various types of social interaction across multiple channels. This systematic review focuses on the evolving research area of Social Opinion Mining, tasked with the identification of multiple opinion dimensions, such as subjectivity, sentiment polarity, emotion, affect, sarcasm and irony, from user-generated content represented across multiple social media platforms and in various media formats, like text, image, video and audio. Through Social Opinion Mining, natural language can be understood in terms of the different opinion dimensions, as expressed by humans. This contributes towards the evolution of Artificial Intelligence which in turn helps the advancement of several real-world use cases, such as customer service and decision making. A thorough systematic review was carried out on Social Opinion Mining research which totals 485 published studies and spans a period of twelve years between 2007 and 2018. The in-depth analysis focuses on the social media platforms, techniques, social datasets, language, modality, tools and technologies, and other aspects derived. Social Opinion Mining can be utilised in many application areas, ranging from marketing, advertising and sales for product/service management, and in multiple domains and industries, such as politics, technology, finance, healthcare, sports and government. The latest developments in Social Opinion Mining beyond 2018 are also presented together with future research directions, with the aim of leaving a wider academic and societal impact in several real-world applications. © 2021, The Author(s).",Artificial intelligence; Emotion analysis; Irony detection; Microblogs; Natural language processing; Opinion mining; Sarcasm detection; Sentiment analysis; Social data; Social data analysis; Social media; Social networks; Social opinion mining; Subjectivity analysis; Survey; Systematic review,Springer Science and Business Media B.V.,scopus-artificial intelligence,61,Feeling AI,"['social opinion mining', 'sentiment polarity', 'emotion', 'affect', 'sarcasm', 'irony', 'customer service', 'decision making']","The abstract emphasizes the understanding of human emotions and sentiments through Social Opinion Mining, which aligns closely with the objectives of Feeling AI. It discusses how emotional data can help understand customer needs and enhance customer engagement, making it relevant to customer understanding and relationalization. While there are elements related to market analysis and data collection, the predominant focus on emotional aspects categorizes it under Feeling AI.",60%,20%,20%,0%,0%,"[2021, 2023)",Sentiment analysis
"A social CRM analytic framework for improving customer retention, acquisition, and conversion",Lamrhari S.; Ghazi H.E.; Oubrich M.; Faker A.E.,2022,10.1016/j.techfore.2021.121275,"Social Customer Relationship Management (social CRM) has become one of the central points for many companies seeking to improve their customer experience. It comprises a set of processes that allows decision-makers to analyze customer data, in order to launch an efficient, customer-centric, and cost-effective marketing strategy. Nonetheless, the inclusion of social media data in CRM introduces new challenges, as it requires advanced analytical approaches to extract actionable insight from such a huge amount of data. Thus, in this paper, we propose a social CRM analytic framework, which includes various analytical approaches, aiming at improving customer retention, acquisition, and conversion. This framework has been tested on various datasets and extensively evaluated based on several performance metrics. The obtained results suggest that the proposed framework can effectively extract relevant information and support decision-making processes. From an academics perspective, the study contributes to an understanding of customers’ experiences throughout their engagement on social media and focuses on long-term relationships with customers. From a managerial perspective, companies should leverage the insight generated through every customer engagement on social media to drive effective marketing strategies. © 2021",Acquisition; Conversion; Customer retention; Customer satisfaction; Machine learning; Sentiment analysis; Social CRM; Social media,Elsevier Inc.,scopus-machine learning,35,Feeling AI,"['customer experience', 'customer data', 'customer retention', 'customer engagement', 'long-term relationships']","The abstract emphasizes the importance of understanding customer experiences and engagement on social media, which aligns with the focus on customer understanding and relationalization in Feeling AI. The proposed framework aims to improve customer retention and acquisition by leveraging insights from customer interactions, indicating an emotional and relational approach to marketing.",70%,20%,10%,0%,0%,"[2021, 2023)",Sentiment analysis
Aspect based sentiment analysis and smart classification in uncertain feedback pool,Kumar V.V.; Raghunath K.M.K.; Muthukumaran V.; Joseph R.B.; Beschi I.S.; Uday A.K.,2022,10.1007/s13198-021-01379-2,"The data used in the opinion can be either factual or subjective, or both. The subjective form includes a positive or negative view, whereas there are facts in the objective form. As the result of opinion mining, the subjectivity and objectivity of knowledge are described as created. The outcome may be either positive or negative or a combination of both. Machine learning helps the computer to behave without a specific task being specifically programmed. Many consumers will critically evaluate everything online, especially food and amenities in eateries, to show their modest viewpoint. These views are critical in the decision-making process, especially in an uncertain feedback pool. Manually evaluating and deriving genuine opinions from these evaluations is very tough despite the growing count of opinions that are accessible in every category. So, to solve this issue, an automated methodology is needed. Sentiment evaluations or opinion extraction are returned methodologies to evaluate and identify uncertain feedback subjects as either positive or negative in these reviews. Three different dimensions of recommender systems are present; document-based, sentence-based, and aspect-based. Report and statement-based opinion mining concentrates on the broader orientation of the review and does not identify more accurately the crucial aspects of all the extracted reviews. The subject of trend is thus view-based opinion mining, and the emphasis of this research is on the restaurant's feedback sector. Creative marketing strategies are planned using sentiment assessments and opinion mining. The sentiment classifications are managed through a smart method called Neuro-Fuzzy Sentiment Classification. It is an entirely automated method of sentiment estimation and prediction. It can be used to group textual data and then used to identify patterns about the contents of the textual information. The resultant data aids in creating autonomous systems that consider the input from customers and prepare restaurant strategies. © 2021, The Society for Reliability Engineering, Quality and Operations Management (SREQOM), India and The Division of Operation and Maintenance, Lulea University of Technology, Sweden.",Accuracy; Aspect-based; Classification; Document-based; Machine learning; Opinion mining; Sentenced-based; Sentiment analysis; Uncertain feedback pool,Springer,scopus-autonomous,23,Feeling AI,"['sentiment assessments', 'opinion mining', 'customer strategies', 'emotional data', 'customer needs', 'restaurant feedback']","The abstract discusses the use of sentiment analysis and opinion mining to understand customer feedback, particularly in the restaurant sector. It emphasizes the importance of understanding customer emotions and opinions, which aligns with the Feeling AI category. The methodologies mentioned aim to gauge customer sentiment and incorporate it into marketing strategies, indicating an understanding of customer emotional needs.",60%,20%,20%,0%,0%,"[2021, 2023)",Sentiment analysis
COVID-19 vaccine rejection causes based on Twitter people’s opinions analysis using deep learning,Alotaibi W.; Alomary F.; Mokni R.,2023,10.1007/s13278-023-01059-y,"According to the World Health Organization, vaccine hesitancy was one of the ten major threats to global health in 2019, including the COVID-19 vaccine. The availability of vaccines does not always mean utilization. This is because, people have less confidence in vaccines, which resulted in vaccination hesitancy and developing global decline in vaccine intake and has caused viral disease outbreaks worldwide. Therefore, there is a need to understand people’s perceptions about the COVID-19 vaccine to help the manufacturing companies of the vaccine to improve their marketing strategy based on the rejection causes. In this paper, we used multi-class Sentiment Analysis to classify people’s opinions from extracted tweets about COVID-19 vaccines, using firstly different Machine Learning (ML) classifiers such as Logistic Regression (LR), Stochastic Gradient Descent, Support Vector Machine, K-Nearest Neighbors, Decision Tree (DT), Multinomial Naïve Bayes, Random Forest and Gradient Boosting and secondly various Deep Learning (DL) models such as Recurrent Neural Network (RNN), Long Short Term Memory (LSTM), Gated Recurrent Unit (GRU), RNN-LSTM and RNN-GRU. Then, we investigated the analysis of the negative tweets to identify the causes of rejection using the Latent Dirichlet Allocation (LDA) technique. Finally, we classified these negative tweets according to the rejection causes for all the vaccines using the same selected ML and DL models. The result of SA showed that DT gives the best performance with an accuracy of 92.26% and for DL models, GRU achieved 96.83%. Then, we identified five causes: Lack of safety, Side effect, Production problem, Fake news and Misinformation, and Cost. Furthermore, for the classification of the negative tweets according to the identified rejection causes, the LR achieved the best result with an accuracy of 89.97%. For DL models, the LSTM model showed the best result with an accuracy of 91.66%. © 2023, The Author(s), under exclusive licence to Springer-Verlag GmbH Austria, part of Springer Nature.",COVID-19 vaccines; Deep learning; GRU-LSTM; Latent Dirichlet allocation; Sentiment analysis; Vaccine rejection causes,Springer,scopus-machine learning,7,Feeling AI,"['vaccine hesitancy', ""people's perceptions"", 'emotional data', 'negative tweets', 'rejection causes']","The abstract discusses understanding people's perceptions and emotions towards the COVID-19 vaccine, which aligns with the focus on customer understanding and using emotional data to comprehend existing and potential customer needs. The analysis of negative sentiments and identification of causes for vaccine hesitancy further emphasizes the emotional aspect of consumer behavior, linking it closely to the Feeling AI category.",75%,10%,15%,0%,0%,"[2023, 2025)",Sentiment analysis
Understanding Consumer Perceptions About Smartwatches: Feature Extraction and Opinion Mining Using Supervised Learning Algorithm,Manayath D.; Kaladharan S.; Soman N.V.; Vijayakumaran A.,2024,10.18267/j.aip.231,"Against the backdrop of increasing smartwatch usage and the dynamic landscape of evolving features, a nuanced understanding of consumer opinions and preferences is vital for tailoring features and crafting effective marketing strategies. This study addresses this imperative by conducting a comprehensive analysis of customer reviews on smartwatches, aiming to determine the pivotal factors guiding consumer purchasing decisions. By employing word clouds to visually represent sentiments, the study uncovers notable trends. Positive reviews prominently highlight the term “quality”, suggesting a strong emphasis on product excellence. In contrast, negative reviews were characterized by the prevalence of the term “fake”, indicating concerns related to authenticity. Additionally, a comparative assessment of two machine learning algorithms, namely support vector machines and Naive Bayes, demonstrates that support vector machines exhibit superior accuracy in classification. These findings offer valuable insights for industry practitioners navigating the competitive landscape of the smartwatch market, providing actionable information for optimizing product features and refining marketing strategies to meet consumer expectations. © 2024 by the author(s). Licensee Prague University of Economics and Business, Czech Republic.",Healthcare 5.0; Opinion mining; Sentiment analysis; Supervised learning algorithms; Wearable technology,Prague University of Economics and Business,scopus-machine learning,1,Feeling AI,"['consumer opinions', 'preferences', 'sentiments', 'quality', 'fake', 'authenticity']","The abstract focuses on understanding consumer opinions and preferences regarding smartwatches, which aligns closely with the 'Feeling AI' category that emphasizes customer understanding and emotional data analysis. The identification of sentiments in customer reviews (positive and negative) highlights the emotional aspects influencing purchasing decisions, thus supporting this classification. The mention of tailoring features and marketing strategies based on these insights further underscores the importance of emotional engagement with customers.",60%,20%,20%,0%,0%,"[2023, 2025)",Sentiment analysis
Arabic language sentiment analysis via cross-language translation,Alsheref F.K.,2019,10.1504/IJWBC.2019.101047,"Social platforms on the web give us a huge amount of data like comments, messages, products' reviews and posts. Sentiment analysis on social users' data is a valuable analysis for automatically understanding people's opinions about products or some interesting topics, and this analysis provides valuable information for informed decision making in different domains. Arab web users number is about 200 million users; this huge number represents the strong impact on marketing which makes the sentiment analysis of Arabic language hot topic. This paper proposed an Arabic sentiment analysis model to increase the accuracy of Arabic sentiment analysis. It is based on a cross-language retrieval model. The proposed model was tested on a dataset extracted from twitter and manually sentimentally classified by experts, and it achieved 90.62% accuracy. Copyright © 2019 Inderscience Enterprises Ltd.",Cross-language; Facebook; Information retrieval correlation coefficient; Sentiment analysis; Social network service; Text mining; The social network; Twitter,Inderscience Publishers,scopus-text mining,0,Feeling AI,"['sentiment analysis', 'opinions', 'customer understanding', 'Arabic sentiment analysis']","The abstract discusses sentiment analysis, which is directly related to understanding customer opinions and emotions regarding products. This aligns with the focus of Feeling AI, which revolves around customer understanding and using emotional data to meet customer needs. The mention of analyzing social media comments and reviews further emphasizes the emotional aspect of consumer feedback.",80%,10%,10%,0%,0%,"[2019, 2021)",Sentiment analysis
Navigating the Digital Transformation of Commercial Banks: Embracing Innovation in Customer Emotion Analysis,"Sun, YY; Zhang, Q",2024,10.1007/s13132-024-01938-5,"The rapid development of science has ushered the society into the era of the digital economy, profoundly altering the habits and behaviors of empowered digital citizens. This transformation is particularly evident in the financial sector, where Internet companies have spearheaded the growth of Internet finance, offering non-professional, highly autonomous, cost-effective, and accessible financial services. Traditional banks face stiff competition from internal and cross-border rivals, compelling them to embark on digital transformation journeys to stay relevant. This research paper delves into the critical relationship between technology forecasting and social change, exploring the impact of gender imbalances on FinTech innovation. It also examines innovative e-commerce marketing models driven by big data and artificial intelligence, catalyzing advancements in the financial field. The digitalization of banks encompasses multiple facets, including decision-making, ecosystem development, channel optimization, process enhancement, data center construction, and infrastructure fortification. Central to this transformation is the understanding of customer emotions, a task made more intelligent through natural language processing (NLP) technology. We employ NLP techniques to analyze customer voice data and discern emotional states, including one-hot vector representation and Word2Vector models, alongside Bi-LSTM and attention processes. This approach significantly enhances our ability to tailor policies and products in real time, ensuring a more personalized customer experience. Also, the paper emphasizes the importance of establishing robust data governance systems, innovating talent development mechanisms, controlling digital risks, and optimizing customer acquisition strategies in the digital transformation journey. It also addresses the changing landscape of e-commerce architecture, highlighting the significance of logistical expertise and security considerations in international Internet sales. This research advances our understanding of how commercial banks can leverage technology and innovation to serve the real economy effectively. It provides valuable insights into the analysis of customer emotions and offers practical recommendations for achieving a seamless digital transformation.",Customer emotion; Affective computing; Sentiment analysis; Emotion analysis; Natural language processing,SPRINGER,wos-artificial intelligence,0,Feeling AI,"['customer emotions', 'natural language processing', 'emotional states', 'personalized customer experience']","The abstract emphasizes the understanding of customer emotions through natural language processing (NLP) techniques, which aligns closely with the 'Feeling AI' category focusing on customer understanding and relationalization. The paper discusses analyzing customer voice data and tailoring policies and products in real time to enhance customer experiences, reflecting the application examples of using emotional data to understand customer needs and personalize experiences.",70%,20%,10%,0%,0%,"[2023, 2025)",Sentiment analysis
A Semantic-Context Embedding Enhanced Attention Fusion BiLSTM: Unraveling Multilingual Sentiments in Product Reviews with Advanced Deep Learning,Purohit A.; Patheja P.S.,2024,10.31341/jios.48.2.9,"For natural language processing (NLP), sentiment analysis (SA) is crucial since it helps to understand users' feelings and opinions in a variety of contexts. Even though Deep Learning (DL) techniques are becoming more popular in SA, effective model optimization can be difficult because they frequently call for a great deal of hyperparameter tuning. However, because current models can't sufficiently capture the variety of review contexts, it introduces bias and inaccuracies, especially in product reviews. For Multilingual Sentiment Analysis (MSA) in product reviews, this research proposed a Semantic-Context Embedding Enhanced Attention Fusion BiLSTM (SCEEAF-BiLSTM). The proposed model combines Continuous Bag-of-Word (CBoW) and Skipgram techniques to extract semantic context after the preprocessing stages of tokenization, stop word removal, and case normalization. A novel Convolutional BiLSTM with Enhanced Attention (CoBLEA) architecture is introduced for multilingual sentiment prediction to extract comprehensive context representations. The model ultimately shows efficacy in dividing multilingual sentiments into positive, neutral, and negative states, providing a viable method for complex SA in several circumstances. The outcome signifies that the proposed approach obtains a high accuracy attained 0.987, precision attained 0.985, recall attained 0.978 and F1-Score attained 0.986 when compared with prior works. With practical applications in sentiment-driven platforms operating in multiple languages, the research presents a method for complex SA in e-commerce, social media, and customer feedback systems. It also emphasizes the significance of comprehending multilingual opinions for enhancing marketing strategies, driving business decisions, and improving customer satisfaction. © 2024 The Authors.",Bidirectional Long Short-Term Memory (BiLSTM); Convolution neural network (CNN); Embedding; Sentiment analysis; tokenization,"University of Zagreb, Faculty of Organization and Informatics",scopus-natural language processing,0,Feeling AI,"['sentiment analysis', 'customer feedback', 'multilingual sentiments', 'customer satisfaction', 'emotional data', 'opinions']","The abstract discusses sentiment analysis, which is intrinsically linked to understanding customer emotions and opinions. The proposed model aims to enhance the understanding of multilingual sentiments, highlighting the importance of comprehending customer feelings in various contexts. This aligns closely with the Feeling AI category, which focuses on customer understanding and emotional needs. The emphasis on improving customer satisfaction and marketing strategies further supports this classification.",60%,15%,25%,0%,0%,"[2023, 2025)",Sentiment analysis
Neuromarketing: Understanding the effect of emotion and memory on consumer behavior by mediating the role of artificial intelligence and customers' digital experience,Beyari H.; Hashem T.N.; Alrusaini O.,2024,10.5267/j.jpm.2024.9.001,"Artificial Intelligence (AI) techs help businesses turn internal and external data into real gold by analyzing customer data, extracting valuable insights, and offering individual solutions. The current study aimed to identify the mediating effect of artificial intelligence and digital experience on the relationship between neuromarketing (emotional appeal and memory encoding) and consumer behavior. The current study was applied to consumers within the MENA region by using an online questionnaire self-administered by (837) individuals. The study hypotheses were all accepted, and results confirmed that there is a mediating effect of AI and digital experience (DX) on the relationship between neuromarketing (emotional appeal and memory encoding) and consumer behavior. The degree to which digital experiences can modulate the association between emotional appeal, memory encoding, and consumer behavior, is not absolute; other factors and external cues that may be integral parts of a seller's marketing campaign remain relevant as well. The marketing strategy, quality of the product, prices, and effect of the enclosing environment influence consumer behavior from the digital dominion. Consequently, the comprehensive study of the digital situation is the premise of comprehending as well as using the mediating influence of digital experience on a consumer's mind. The study supports the idea that it is crucial for digital experience to bring up good feelings and provide opportunities for better information memory. Building visualizations that are appealing, interactive, and immersive to the users is intended to keep them interested and promote remembering. Through this approach, information on the brand can be associated with, recalled, and can become a significant decisive factor in future purchase decision-making. © 2024 Growing Science Ltd. All rights reserved.",Appeal; Artificial Intelligence; Digital Experience; Emotion; Marketing; Memory; Neuromarketing; Peronalized; Visual,Growing Science,scopus-ai,0,Feeling AI,"['emotional appeal', 'memory encoding', 'consumer behavior', 'digital experience', 'good feelings', 'information memory', 'brand recall']","The abstract discusses the mediating effect of artificial intelligence and digital experience on the relationship between neuromarketing, which includes emotional appeal and memory encoding, and consumer behavior. It emphasizes understanding customer needs and the importance of evoking good feelings to enhance memory retention and engagement, which aligns closely with the focus of Feeling AI on customer understanding and emotional needs.",70%,10%,20%,0%,0%,"[2023, 2025)",Neuromarketing
Comparison of Studies Conducted in the Field of Neuromarketing and Artificial Intelligence Using Bibliometric Method,"Balli, A",2024,10.30798/makuiibf.1416687,"Neuromarketing research focuses on consumer purchase intention, decision-making processes, purchase behavior, brand awareness, brand loyalty, and repeat purchase behavior. In these studies, consumer behavior has been analyzed using neuroscientific methods and tools. The most commonly used tools include Functional Magnetic Resonance Imaging Association Test (IAT), Facial Electromyography (fEMG), Automatic Face Coding (AFC), Skin Conductance Response (SCR), and other methods for measuring physiological responses. However, the use of these neuroscientific tools is not always possible due to economic constraints and lack of experimental design. Neuroscientific imaging and measurement methods are not preferred in every study due to their high costs and expertise requirements. However, when neuromarketing studies are examined, it is seen that methods such as Eye Tracking, EEG and fMRI are used more widely. These tools contribute to a deeper understanding of consumer behavior. In order to better analyze consumer behavior, it is of great importance to convey marketing stimuli and messages correctly. In the field of marketing, the effect of stimuli conveyed to consumers using the five senses is one of the focal points of neuromarketing. More than one neuroscientific method should be used together to understand consumer intentions, thoughts and purchasing behaviors. In this way, the obtained data can be analyzed more comprehensively and clearer insights can be provided about neuromarketing. The aim of this study is to present a comprehensive assessment of the use of neuroscientific tools by examining the publications in the field of neuromarketing in the Web of Science database between 2010-2024 with bibliometric analysis. The study will address the limitations of not using more than one neuroscientific tool together in neuromarketing research and the inadequacy of analyses supported by artificial intelligence. A more holistic approach will be proposed to address these shortcomings and a guiding resource for future research will be created.",Neuromarketing; Neuroscientific Tools; Artificial Intelligence,MEHMET AKIF ERSOY UNIV,wos-artificial intelligence,0,Feeling AI,"['consumer behavior', 'purchase intention', 'brand loyalty', 'emotional responses', 'neuromarketing', 'physiological responses']","The abstract discusses the use of neuroscientific methods to understand consumer behavior, decision-making, and emotional responses to marketing stimuli. The focus on how these methods can analyze consumer intentions and behaviors aligns closely with the goals of Feeling AI, which emphasizes understanding customer emotional needs and tailoring marketing strategies accordingly. The mention of using multiple neuroscientific tools to gain deeper insights further indicates an intention to connect with customer emotions and experiences.",70%,10%,20%,0%,0%,"[2023, 2025)",Neuromarketing
Video marketing for decentralized finance platforms’ services,Giannakopoulos N.T.; Reklitis D.P.; Terzi M.C.; Sakas D.P.; Kanellos N.,2024,10.1057/s41264-024-00288-2,"In the continuously evolving environment of blockchain applications, decentralized finance (DeFi) has been discerned as a favorable application among internet users. In this point of view, DeFi platforms have known increased competition with multiple similar platforms constantly emerging. Therefore, DeFi platforms should seek to promote digitally their financial services and increase the visibility of their website. This study examines the potential utilization of DeFi YouTube channel metrics for enhancing their digital marketing performance (website visibility and campaign efficiency), through statistical analyses, system dynamics (SD), and eye-tracking models. From the paper's outcomes, it becomes clear that only the YouTube metrics of the number of videos, number of comments, video interaction, channel views, and views per video can affect DeFi platforms’ website visibility and campaigns’ efficiency. Toward this purpose, neuromarketing applications (eye tracking and heatmaps) indicated that DeFi YouTube channels should select an engaging video (high interaction rate) and provide little but clear information on their home page. Apart from that, the rest of the channel’s pages should be enriched with a logical number of highly interactive short-duration videos, and not with an increasing number of videos. © The Author(s), under exclusive licence to Springer Nature Limited 2024.",Big data; Decentralized finance (DeFi); Decision support systems (DSSs); Neuromarketing; Strategic digital marketing; Video marketing,Palgrave Macmillan,scopus-big data,0,Feeling AI,"['YouTube metrics', 'website visibility', 'campaign efficiency', 'engaging video', 'interaction rate', 'customer needs', 'neuromarketing', 'eye tracking']","The abstract discusses enhancing the digital marketing performance of DeFi platforms through understanding customer engagement with YouTube content. It emphasizes the need to select engaging videos and tailor information to meet customer emotional preferences, which aligns with the focus on customer understanding and relationalization in Feeling AI.",60%,20%,20%,0%,0%,"[2023, 2025)",Neuromarketing
EYE-TRACKING AS A PHYSIOLOGICAL CORRELATE OF CONSUMER BEHAVIOR: A SYSTEMATIC LITERATURE REVIEW; [EYE-TRACKING COMO CORRELATO FISIOLÓGICO DO COMPORTAMENTO DO CONSUMIDOR: UMA REVISÃO SISTEMÁTICA DA LITERATURA],Neves Pereira M.H.; Bezerra de Melo F.L.N.; Jerônimo Soares A.M.; Soares Ferreira P.B.; da Silva M.P.; Morya E.,2024,10.5585/remark.v23i1.23271,"Objective: This study analyzes, through a systematic literature review, the main approaches used in research on consumer behavior that used eye-tracking as an identifier of physiological reactions. Method: The Preferred Reporting Items for Systematic Reviews and Meta-Analyses (PRISMA) protocol was used to identify and select empirical studies published in the last five years, between 2019 and 2023, in nine research databases (Web of Science, Science Direct, Scopus, Springer, Emerald, Wiley Online, Sage, Taylor & Francis, and Google Scholar). Thus, 243 studies were included in the review. Results: The analyzed studies are mainly classified into four different themes of neuromarketing application: purchase decision, behavioral prediction, advertising effects, and customer retention. The main segments analyzed were e-commerce and retail. The predominance of quantitative studies and the need to control sociodemographic variables in the models is highlighted. In summary, there is a suggested need for more multimethod approaches that combine eye-tracking with quantitative and qualitative methods (retrospective interviews), as well as integrate it with other techniques such as Electroencephalography (EEG), Magnetic Resonance Imaging (MRI), Galvanic Skin Response (GSR), facial biometrics, among others. Theoretical/Methodological Contributions: This research advances the understanding of the state of the art on eye-tracking and its application in neuromarketing, providing insights into methodological pathways. Originality/Relevance: Therefore, the main applications and emerging themes that can be explored in future studies are discussed. The proposal was previously registered in PROSPERO (CRD42022315763) and at the time of registration, there was no similar protocol. © 2024 Universidade Nove de Julho-UNINOVE. All rights reserved.",Consumer behavior; Eye-Tracking; Marketing; Neuromarketing,Universidade Nove de Julho-UNINOVE,scopus-prediction,0,Feeling AI,"['consumer behavior', 'physiological reactions', 'emotional data', 'customer understanding', 'neuromarketing', 'customer retention']","The abstract discusses the use of eye-tracking to analyze consumer behavior, which is closely linked to understanding emotional responses and preferences of customers. The focus is on how physiological reactions can indicate customer needs and wants, making it relevant to the 'Feeling AI' category. The study emphasizes the importance of emotional data in understanding consumer choices and tailoring marketing strategies accordingly.",70%,10%,20%,0%,0%,"[2023, 2025)",Neuromarketing
NEUROMARKETING AND ARTIFICIAL INTELLIGENCE: THE CASE OF CRUZCAMPO'S CAMPAIGN ‘WITH A STRONG ACCENT’; [NEUROMARKETING E INTELIGENCIA ARTIFICIAL: EL CASO DE LA CAMPAÑA ‘CON MUCHO ACENTO’ DE CRUZCAMPO],Ferruz-González S.-A.; Sidorenko-Bautista P.; López C.S.,2023,10.33732/ixc/13/02Neurom,"Since neuroscience broke into the field of marketing at the beginning of the 21st century, it has been proven that consumers base a large part of their daily decisions on their feelings, based on stimuli that move them rather than solely relying on conscious and rational factors. The research presents a case analysis of an award-winning Spot that uses artificial intelligence as the basis of the creative idea. Its objective is to assess the extent to which the implementation of this resource is pertinent in eliciting emotions, influencing brand awareness and perception, and fostering a favorable attitude towards the brand. For the analysis, a neuromarketing technique has been used, the Implicit Association Test, complemented with in-depth interviews and a CAWI survey. The results suggest that the use of AI in the creation of advertising messages favors the generation of positive attitudes toward the brand since it enhances the strength of the message transmitted, but it does not seem to influence the brand image or the intention to consume it. © 2023, Rey Juan Carlos University. All rights reserved.",Advertising campaigns; Artificial Intelligence; Brand image; Branding; Neuromarketing,Rey Juan Carlos University,scopus-ai,1,Feeling AI,"['emotions', 'brand awareness', 'brand perception', 'positive attitudes', 'neuromarketing', 'Implicit Association Test']","The abstract focuses on how the implementation of artificial intelligence in advertising can elicit emotions and influence brand perception and attitudes, which aligns with the 'Feeling AI' category. The use of emotional data to understand consumer reactions and the emphasis on fostering a favorable attitude towards the brand are key aspects that relate to customer understanding and relationalization.",70%,10%,15%,0%,5%,"[2023, 2025)",Neuromarketing
Seeing It Is Like Touching It: Unraveling the Effective Product Presentations on Online Apparel Purchase Decisions and Brain Activity (An fMRI Study),"Jai, TM; Fang, D; Bao, FS; James, RN; Chen, TW; Cai, WD",2021,10.1016/j.intmar.2020.04.005,"Unlike brick-and-mortar stores where consumers can use all of their senses to examine a product, online retailers must properly present products to shoppers via a computer-mediated interface. In this exploratory study, we investigate how the brain makes purchase decisions when it encounters different types of visual presentation strategies. Specifically, we use event-related fMRI to study brain activation preceding purchase decisions under three visual presentation strategies: (1) static picture, (2) image zooming, and (3) rotation video. Twenty-four (24) participants made 60 apparel purchase decisions. Utilizing machine learning, we study whether and how various neural circuits are engaged in purchase decision-making in regard to different types of visual sensory information. The functional neuroimaging results suggest high accuracy (highest: 95%, Rotation condition) in predicting purchase decisions using brain activity in the product evaluation process. Furthermore, cross-category validation reveals the activation patterns under the Rotation condition most successfully predict choices across the other two presentation conditions: this suggests a potential universal brain activity pattern in these apparel purchase decisions. Finally, we found some brain regions (such as the cerebellum) that are less likely to be associated with purchase decisions but are considered influential in predicting online apparel purchase decisions in the context of watching a rotation product video. The cerebellar activation may suggest association with spatial cognition and virtual navigation in addition to motor control. This study contributes to the research field of NeuroIS and online shopper study. The results provide empirical evidence to support the refined S-O-R theoretical model Jacoby (2002) and heuristic information process and inform the practical implications of sensory-engaging presentations in helping consumers to make online purchase decisions. (C) 2020 Direct Marketing Educational Foundation, Inc. dba Marketing EDGE. All rights reserved.",fMRI; Online shopper; Apparel shopping; Visual merchandising; Neuromarketing; Visual sensory information,SAGE PUBLICATIONS INC,wos-machine learning,39,Feeling AI,"['purchase decisions', 'visual presentation strategies', 'brain activation', 'neural circuits', 'sensory information', 'consumer behavior', 'emotional data']","The abstract discusses how different visual presentation strategies impact purchase decisions, which relates to understanding customer preferences and emotions in the context of online shopping. The study utilizes fMRI to analyze brain activation patterns, suggesting a deeper insight into consumer emotional responses to various stimuli. This aligns with the focus on customer understanding and emotional needs in the Feeling AI category.",65%,10%,15%,5%,5%,"[2021, 2023)",Neuromarketing
Brain Whisperers: Cutting through the Clutter with Neuromarketing,Andrejevic M.,2012,10.3366/soma.2012.0057,"The development of the field of neuromarketing piggybacks on growing interest in the neurosciences associated with the development of new brain imaging technology and recent theorizations of the role played by emotion in consumer decision making. Neuromarketers assert that people's bodies are, for marketing purposes, more truthful than the words they utter, promising direct access to formerly concealed aspects of consumer desire. This article situates the promise to bypass the vagaries of discourse with techniques for reading the body within the broader context of a changing information environment and the forms of reflexive awareness of the partial and constructed character of narrative forms of representation. It explores the uptake by neuromarketers of recent theories that posit emotional responses as integral to the process of rational decision making. This uptake repositions marketers as adjuncts to rational deliberation rather than threats to it and the forms of autonomy and citizenship with which it is associated. However, the article argues that neuromarketers’ claims to bypass mediation and the impasses of representation break down upon further examination. In the end, an examination of the recent literature on the topic indicates that neuromarketers – like data miners – are more interested in potentially useful correlations than in underlying explanations. Their portrayal of neuromarketing as a technique for accessing what consumers’ ‘really’ feel amounts to a misreading of their own project, which might be more properly understood as the development of techniques for making probabilistic predictions about the behaviour of populations. © 2012, Edinburgh University Press. All rights reserved.",Body language; Decision making; Digital media; Emotions; Neuromarketing,Edinburgh University Press,scopus-prediction,17,Feeling AI,"['emotion', 'consumer decision making', 'consumer desire', 'emotional responses', 'understanding', 'customer needs']","The abstract discusses the role of emotion in consumer decision-making and how neuromarketing seeks to understand consumers' true feelings and desires through body readings. This aligns closely with the 'Feeling AI' category, which focuses on customer understanding and emotional data to meet customer needs. The exploration of emotional responses indicates that the article is primarily concerned with understanding and addressing consumer emotions.",80%,10%,10%,0%,0%,"[2011, 2013)",Neuromarketing
Seeing It Is Like Touching It: Unraveling the Effective Product Presentations on Online Apparel Purchase Decisions and Brain Activity (An fMRI Study),"Jai, TM; Fang, D; Bao, FS; James, RN; Chen, TW; Cai, WD",2021,10.1016/j.intmar.2020.04.005,"Unlike brick-and-mortar stores where consumers can use all of their senses to examine a product, online retailers must properly present products to shoppers via a computer-mediated interface. In this exploratory study, we investigate how the brain makes purchase decisions when it encounters different types of visual presentation strategies. Specifically, we use event-related fMRI to study brain activation preceding purchase decisions under three visual presentation strategies: (1) static picture, (2) image zooming, and (3) rotation video. Twenty-four (24) participants made 60 apparel purchase decisions. Utilizing machine learning, we study whether and how various neural circuits are engaged in purchase decision-making in regard to different types of visual sensory information. The functional neuroimaging results suggest high accuracy (highest: 95%, Rotation condition) in predicting purchase decisions using brain activity in the product evaluation process. Furthermore, cross-category validation reveals the activation patterns under the Rotation condition most successfully predict choices across the other two presentation conditions: this suggests a potential universal brain activity pattern in these apparel purchase decisions. Finally, we found some brain regions (such as the cerebellum) that are less likely to be associated with purchase decisions but are considered influential in predicting online apparel purchase decisions in the context of watching a rotation product video. The cerebellar activation may suggest association with spatial cognition and virtual navigation in addition to motor control. This study contributes to the research field of NeuroIS and online shopper study. The results provide empirical evidence to support the refined S-O-R theoretical model Jacoby (2002) and heuristic information process and inform the practical implications of sensory-engaging presentations in helping consumers to make online purchase decisions. (C) 2020 Direct Marketing Educational Foundation, Inc. dba Marketing EDGE. All rights reserved.",fMRI; Online shopper; Apparel shopping; Visual merchandising; Neuromarketing; Visual sensory information,SAGE PUBLICATIONS INC,wos-machine learning,39,Feeling AI,"['purchase decisions', 'visual presentation strategies', 'brain activation', 'neural circuits', 'sensory information', 'consumer behavior', 'emotional data']","The abstract discusses how different visual presentation strategies impact purchase decisions, which relates to understanding customer preferences and emotions in the context of online shopping. The study utilizes fMRI to analyze brain activation patterns, suggesting a deeper insight into consumer emotional responses to various stimuli. This aligns with the focus on customer understanding and emotional needs in the Feeling AI category.",65%,10%,15%,5%,5%,"[2021, 2023)",Neuromarketing
Brain Whisperers: Cutting through the Clutter with Neuromarketing,Andrejevic M.,2012,10.3366/soma.2012.0057,"The development of the field of neuromarketing piggybacks on growing interest in the neurosciences associated with the development of new brain imaging technology and recent theorizations of the role played by emotion in consumer decision making. Neuromarketers assert that people's bodies are, for marketing purposes, more truthful than the words they utter, promising direct access to formerly concealed aspects of consumer desire. This article situates the promise to bypass the vagaries of discourse with techniques for reading the body within the broader context of a changing information environment and the forms of reflexive awareness of the partial and constructed character of narrative forms of representation. It explores the uptake by neuromarketers of recent theories that posit emotional responses as integral to the process of rational decision making. This uptake repositions marketers as adjuncts to rational deliberation rather than threats to it and the forms of autonomy and citizenship with which it is associated. However, the article argues that neuromarketers’ claims to bypass mediation and the impasses of representation break down upon further examination. In the end, an examination of the recent literature on the topic indicates that neuromarketers – like data miners – are more interested in potentially useful correlations than in underlying explanations. Their portrayal of neuromarketing as a technique for accessing what consumers’ ‘really’ feel amounts to a misreading of their own project, which might be more properly understood as the development of techniques for making probabilistic predictions about the behaviour of populations. © 2012, Edinburgh University Press. All rights reserved.",Body language; Decision making; Digital media; Emotions; Neuromarketing,Edinburgh University Press,scopus-prediction,17,Feeling AI,"['emotion', 'consumer decision making', 'consumer desire', 'emotional responses', 'understanding', 'customer needs']","The abstract discusses the role of emotion in consumer decision-making and how neuromarketing seeks to understand consumers' true feelings and desires through body readings. This aligns closely with the 'Feeling AI' category, which focuses on customer understanding and emotional data to meet customer needs. The exploration of emotional responses indicates that the article is primarily concerned with understanding and addressing consumer emotions.",80%,10%,10%,0%,0%,"[2011, 2013)",Neuromarketing
NEUROMARKETING AND ARTIFICIAL INTELLIGENCE: THE CASE OF CRUZCAMPO'S CAMPAIGN ‘WITH A STRONG ACCENT’; [NEUROMARKETING E INTELIGENCIA ARTIFICIAL: EL CASO DE LA CAMPAÑA ‘CON MUCHO ACENTO’ DE CRUZCAMPO],Ferruz-González S.-A.; Sidorenko-Bautista P.; López C.S.,2023,10.33732/ixc/13/02Neurom,"Since neuroscience broke into the field of marketing at the beginning of the 21st century, it has been proven that consumers base a large part of their daily decisions on their feelings, based on stimuli that move them rather than solely relying on conscious and rational factors. The research presents a case analysis of an award-winning Spot that uses artificial intelligence as the basis of the creative idea. Its objective is to assess the extent to which the implementation of this resource is pertinent in eliciting emotions, influencing brand awareness and perception, and fostering a favorable attitude towards the brand. For the analysis, a neuromarketing technique has been used, the Implicit Association Test, complemented with in-depth interviews and a CAWI survey. The results suggest that the use of AI in the creation of advertising messages favors the generation of positive attitudes toward the brand since it enhances the strength of the message transmitted, but it does not seem to influence the brand image or the intention to consume it. © 2023, Rey Juan Carlos University. All rights reserved.",Advertising campaigns; Artificial Intelligence; Brand image; Branding; Neuromarketing,Rey Juan Carlos University,scopus-ai,1,Feeling AI,"['emotions', 'brand awareness', 'brand perception', 'positive attitudes', 'neuromarketing', 'Implicit Association Test']","The abstract focuses on how the implementation of artificial intelligence in advertising can elicit emotions and influence brand perception and attitudes, which aligns with the 'Feeling AI' category. The use of emotional data to understand consumer reactions and the emphasis on fostering a favorable attitude towards the brand are key aspects that relate to customer understanding and relationalization.",70%,10%,15%,0%,5%,"[2023, 2025)",Neuromarketing
Neuromarketing: Understanding the effect of emotion and memory on consumer behavior by mediating the role of artificial intelligence and customers' digital experience,Beyari H.; Hashem T.N.; Alrusaini O.,2024,10.5267/j.jpm.2024.9.001,"Artificial Intelligence (AI) techs help businesses turn internal and external data into real gold by analyzing customer data, extracting valuable insights, and offering individual solutions. The current study aimed to identify the mediating effect of artificial intelligence and digital experience on the relationship between neuromarketing (emotional appeal and memory encoding) and consumer behavior. The current study was applied to consumers within the MENA region by using an online questionnaire self-administered by (837) individuals. The study hypotheses were all accepted, and results confirmed that there is a mediating effect of AI and digital experience (DX) on the relationship between neuromarketing (emotional appeal and memory encoding) and consumer behavior. The degree to which digital experiences can modulate the association between emotional appeal, memory encoding, and consumer behavior, is not absolute; other factors and external cues that may be integral parts of a seller's marketing campaign remain relevant as well. The marketing strategy, quality of the product, prices, and effect of the enclosing environment influence consumer behavior from the digital dominion. Consequently, the comprehensive study of the digital situation is the premise of comprehending as well as using the mediating influence of digital experience on a consumer's mind. The study supports the idea that it is crucial for digital experience to bring up good feelings and provide opportunities for better information memory. Building visualizations that are appealing, interactive, and immersive to the users is intended to keep them interested and promote remembering. Through this approach, information on the brand can be associated with, recalled, and can become a significant decisive factor in future purchase decision-making. © 2024 Growing Science Ltd. All rights reserved.",Appeal; Artificial Intelligence; Digital Experience; Emotion; Marketing; Memory; Neuromarketing; Peronalized; Visual,Growing Science,scopus-ai,0,Feeling AI,"['emotional appeal', 'memory encoding', 'consumer behavior', 'digital experience', 'good feelings', 'information memory', 'brand recall']","The abstract discusses the mediating effect of artificial intelligence and digital experience on the relationship between neuromarketing, which includes emotional appeal and memory encoding, and consumer behavior. It emphasizes understanding customer needs and the importance of evoking good feelings to enhance memory retention and engagement, which aligns closely with the focus of Feeling AI on customer understanding and emotional needs.",70%,10%,20%,0%,0%,"[2023, 2025)",Neuromarketing
Comparison of Studies Conducted in the Field of Neuromarketing and Artificial Intelligence Using Bibliometric Method,"Balli, A",2024,10.30798/makuiibf.1416687,"Neuromarketing research focuses on consumer purchase intention, decision-making processes, purchase behavior, brand awareness, brand loyalty, and repeat purchase behavior. In these studies, consumer behavior has been analyzed using neuroscientific methods and tools. The most commonly used tools include Functional Magnetic Resonance Imaging Association Test (IAT), Facial Electromyography (fEMG), Automatic Face Coding (AFC), Skin Conductance Response (SCR), and other methods for measuring physiological responses. However, the use of these neuroscientific tools is not always possible due to economic constraints and lack of experimental design. Neuroscientific imaging and measurement methods are not preferred in every study due to their high costs and expertise requirements. However, when neuromarketing studies are examined, it is seen that methods such as Eye Tracking, EEG and fMRI are used more widely. These tools contribute to a deeper understanding of consumer behavior. In order to better analyze consumer behavior, it is of great importance to convey marketing stimuli and messages correctly. In the field of marketing, the effect of stimuli conveyed to consumers using the five senses is one of the focal points of neuromarketing. More than one neuroscientific method should be used together to understand consumer intentions, thoughts and purchasing behaviors. In this way, the obtained data can be analyzed more comprehensively and clearer insights can be provided about neuromarketing. The aim of this study is to present a comprehensive assessment of the use of neuroscientific tools by examining the publications in the field of neuromarketing in the Web of Science database between 2010-2024 with bibliometric analysis. The study will address the limitations of not using more than one neuroscientific tool together in neuromarketing research and the inadequacy of analyses supported by artificial intelligence. A more holistic approach will be proposed to address these shortcomings and a guiding resource for future research will be created.",Neuromarketing; Neuroscientific Tools; Artificial Intelligence,MEHMET AKIF ERSOY UNIV,wos-artificial intelligence,0,Feeling AI,"['consumer behavior', 'purchase intention', 'brand loyalty', 'emotional responses', 'neuromarketing', 'physiological responses']","The abstract discusses the use of neuroscientific methods to understand consumer behavior, decision-making, and emotional responses to marketing stimuli. The focus on how these methods can analyze consumer intentions and behaviors aligns closely with the goals of Feeling AI, which emphasizes understanding customer emotional needs and tailoring marketing strategies accordingly. The mention of using multiple neuroscientific tools to gain deeper insights further indicates an intention to connect with customer emotions and experiences.",70%,10%,20%,0%,0%,"[2023, 2025)",Neuromarketing
Video marketing for decentralized finance platforms’ services,Giannakopoulos N.T.; Reklitis D.P.; Terzi M.C.; Sakas D.P.; Kanellos N.,2024,10.1057/s41264-024-00288-2,"In the continuously evolving environment of blockchain applications, decentralized finance (DeFi) has been discerned as a favorable application among internet users. In this point of view, DeFi platforms have known increased competition with multiple similar platforms constantly emerging. Therefore, DeFi platforms should seek to promote digitally their financial services and increase the visibility of their website. This study examines the potential utilization of DeFi YouTube channel metrics for enhancing their digital marketing performance (website visibility and campaign efficiency), through statistical analyses, system dynamics (SD), and eye-tracking models. From the paper's outcomes, it becomes clear that only the YouTube metrics of the number of videos, number of comments, video interaction, channel views, and views per video can affect DeFi platforms’ website visibility and campaigns’ efficiency. Toward this purpose, neuromarketing applications (eye tracking and heatmaps) indicated that DeFi YouTube channels should select an engaging video (high interaction rate) and provide little but clear information on their home page. Apart from that, the rest of the channel’s pages should be enriched with a logical number of highly interactive short-duration videos, and not with an increasing number of videos. © The Author(s), under exclusive licence to Springer Nature Limited 2024.",Big data; Decentralized finance (DeFi); Decision support systems (DSSs); Neuromarketing; Strategic digital marketing; Video marketing,Palgrave Macmillan,scopus-big data,0,Feeling AI,"['YouTube metrics', 'website visibility', 'campaign efficiency', 'engaging video', 'interaction rate', 'customer needs', 'neuromarketing', 'eye tracking']","The abstract discusses enhancing the digital marketing performance of DeFi platforms through understanding customer engagement with YouTube content. It emphasizes the need to select engaging videos and tailor information to meet customer emotional preferences, which aligns with the focus on customer understanding and relationalization in Feeling AI.",60%,20%,20%,0%,0%,"[2023, 2025)",Neuromarketing
EYE-TRACKING AS A PHYSIOLOGICAL CORRELATE OF CONSUMER BEHAVIOR: A SYSTEMATIC LITERATURE REVIEW; [EYE-TRACKING COMO CORRELATO FISIOLÓGICO DO COMPORTAMENTO DO CONSUMIDOR: UMA REVISÃO SISTEMÁTICA DA LITERATURA],Neves Pereira M.H.; Bezerra de Melo F.L.N.; Jerônimo Soares A.M.; Soares Ferreira P.B.; da Silva M.P.; Morya E.,2024,10.5585/remark.v23i1.23271,"Objective: This study analyzes, through a systematic literature review, the main approaches used in research on consumer behavior that used eye-tracking as an identifier of physiological reactions. Method: The Preferred Reporting Items for Systematic Reviews and Meta-Analyses (PRISMA) protocol was used to identify and select empirical studies published in the last five years, between 2019 and 2023, in nine research databases (Web of Science, Science Direct, Scopus, Springer, Emerald, Wiley Online, Sage, Taylor & Francis, and Google Scholar). Thus, 243 studies were included in the review. Results: The analyzed studies are mainly classified into four different themes of neuromarketing application: purchase decision, behavioral prediction, advertising effects, and customer retention. The main segments analyzed were e-commerce and retail. The predominance of quantitative studies and the need to control sociodemographic variables in the models is highlighted. In summary, there is a suggested need for more multimethod approaches that combine eye-tracking with quantitative and qualitative methods (retrospective interviews), as well as integrate it with other techniques such as Electroencephalography (EEG), Magnetic Resonance Imaging (MRI), Galvanic Skin Response (GSR), facial biometrics, among others. Theoretical/Methodological Contributions: This research advances the understanding of the state of the art on eye-tracking and its application in neuromarketing, providing insights into methodological pathways. Originality/Relevance: Therefore, the main applications and emerging themes that can be explored in future studies are discussed. The proposal was previously registered in PROSPERO (CRD42022315763) and at the time of registration, there was no similar protocol. © 2024 Universidade Nove de Julho-UNINOVE. All rights reserved.",Consumer behavior; Eye-Tracking; Marketing; Neuromarketing,Universidade Nove de Julho-UNINOVE,scopus-prediction,0,Feeling AI,"['consumer behavior', 'physiological reactions', 'emotional data', 'customer understanding', 'neuromarketing', 'customer retention']","The abstract discusses the use of eye-tracking to analyze consumer behavior, which is closely linked to understanding emotional responses and preferences of customers. The focus is on how physiological reactions can indicate customer needs and wants, making it relevant to the 'Feeling AI' category. The study emphasizes the importance of emotional data in understanding consumer choices and tailoring marketing strategies accordingly.",70%,10%,20%,0%,0%,"[2023, 2025)",Neuromarketing
Virtual or human? The impact of the influencer type on Gen Z consumer outcomes,Kholkina V.; Chesnokova E.; Zelenskaya E.,2025,10.1108/JPBM-12-2023-4885,"Purpose: Virtual influencers are a growing trend in digital marketing strategies. This paper aims to compare the impact of virtual and human influencers on Gen Z consumer outcomes (Source Trust, Intention to Follow, Word-of-Mouth and Brand Attachment). Design/methodology/approach: The authors surveyed young consumers (N = 317) in Europe and the CIS. The data are analyzed through Welch’s t-test and partial least squares structural equation modeling. Findings: This study demonstrates that for Gen Z, human influencers are still a more effective marketing tool than virtual influencers. The latter arouse greater social-psychological distance that significantly affects consumer outcomes. Consumers with a higher need-for-uniqueness and novelty seeking have a lower social-psychological distance from virtual influencers. Practical implications: This study offers valuable insights for practitioners in terms of influencer marketing decisions in the digital environment with respect to one of the most solvent target groups – Gen Z. Originality/value: This research contributes to the empirical investigation of the impact of virtual influencers on the behavioral outcomes of Gen Z by including Novelty Seeking and Brand Attachment in the analysis. The research sample includes CIS and European consumers, which allows for a more comprehensive investigation. © 2024, Emerald Publishing Limited.",Artificial intelligence; Brand attachment; Generation Z; Influencer marketing; Intention to follow; Psychological distance; Social media influencer; Source trust; Virtual influencer; Word-of-mouth,Emerald Publishing,scopus-artificial intelligence,1,Feeling AI,"['virtual influencers', 'human influencers', 'social-psychological distance', 'consumer outcomes', 'Brand Attachment', 'need-for-uniqueness', 'novelty seeking']","The abstract discusses the impact of virtual and human influencers on Gen Z's emotional responses and behavioral outcomes, particularly focusing on brand attachment and social-psychological distance. This aligns closely with the 'Feeling AI' category, which emphasizes understanding customer emotions and needs. The findings suggest how emotional factors, such as the perception of influencers and the desire for uniqueness, influence consumer behavior, indicating a strong connection to customer understanding and relationalization.",60%,10%,30%,0%,0%,,Word-of-mouth
What factors determine the intention to use and recommend public autonomous shuttles in a real-life setting?,"Quinones, M; Romero, J; Schmitz, A; Díaz-Martín, AM",2024,10.1108/EJMBE-07-2023-0224,"Purpose - User acceptance is a necessary precondition to implementing self-driving buses as a solution to public transport challenges. Focusing on potential users in a real-life setting, this paper aims to analyze the factors that affect their willingness to use public autonomous shuttles (PASs) as well as their word-of-mouth (WOM) intentions. Design/methodology/approach - Grounded on Unified Theory of Acceptance and Use of Technology (UTAUT2), the study was carried out on a sample of 318 potential users in a real-life setting. The hypothesized relationships were tested using partial least squares structural equation modeling (PLS-SEM). Findings - The study reveals that performance expectancy, facilitating conditions, hedonic motivation and trust are significant predictors of PAS usage intention, which is, in turn, related to WOM communication. Additionally, the factors that impact the intention to use a PAS are found to exert an indirect effect on WOM, mediated by usage intention. Practical implications - This study includes practical insights for transport decision-makers on PAS service design, marketing campaigns and WOM monitoring. Originality/value - While extant research focuses on passengers who have tried autonomous shuttles in experimental settings, this article adopts the perspective of potential users who have no previous experience with these vehicles and identifies the link between usage intention and WOM communication in a real-life traffic environment.",Autonomous vehicle; Autonomous shuttle; Driverless shuttle; Self-driving bus; Technology adoption; Technology acceptance; Usage intention; Word-of-mouth; Sustainable mobility; Smart mobility; Robots; UTAUT2,EMERALD GROUP PUBLISHING LTD,wos-autonomous,0,Feeling AI,"['user acceptance', 'trust', 'word-of-mouth', 'customer needs', 'willingness to use']","The abstract focuses on understanding potential users' acceptance of public autonomous shuttles (PASs), emphasizing emotional factors like trust and hedonic motivation. It explores how these factors influence users' intentions to adopt the technology and their subsequent word-of-mouth communication, which is closely aligned with customer understanding and relationalization aspects highlighted in the Feeling AI category.",70%,10%,20%,0%,0%,"[2023, 2025)",Word-of-mouth
Recommend or not: A comparative analysis of customer reviews to uncover factors influencing explicit online recommendation behavior in peer-to-peer accommodation,"Ding, K; Gong, XY; Huang, T; Choo, WC",2024,10.1016/j.iedeen.2023.100236,"In the fiercely competitive landscape of the peer-to-peer accommodation platform Airbnb, understanding customers' online recommendation behavior is essential for optimizing competitiveness and harnessing the potential of electronic word-of-mouth. This study aims to provide comprehensive insights into the factors driving customers' issuance of positive or negative recommendations based on their experiences. Leveraging 10,101 online reviews from Airbnb users, we employ the Structural Topic Model to determine latent topics relating to customers' recommendation intentions. This study reveals that positive recommendations are primarily influenced by hedonic values tied to the overall experience, including crucial aspects such as convenience for exploring points of interest, local authenticity, social interaction, and emotional fulfillment. These findings highlight the significance of providing memorable and enriching experiences to elicit positive reviews from customers. On the other hand, negative recommendations are closely linked to utilitarian values focused on practical concerns such as check -in procedures, cleanliness, comfortableness, and amenities. Understanding these utilitarian factors is vital for hosts and platform administrators to improve service quality and address potential issues that may lead to negative reviews. Furthermore, this study emphasizes the significant role of hosts in shaping both positive and negative recommendations. This research contributes valuable insights to the field of peer-to-peer accommodation, highlighting the significance of various factors influencing customers' recommendation behavior.",Social marketing; Online recommendation behavior; Word-of-mouth; Airbnb,ELSEVIER SCI LTD,wos-recommendation,6,Feeling AI,"['positive recommendations', 'negative recommendations', 'emotional fulfillment', 'customer understanding', 'experiences', 'social interaction', 'authenticity']","The abstract focuses on understanding customers' online recommendation behavior, emphasizing the emotional aspects of customer experiences. It highlights how positive recommendations are influenced by hedonic values and emotional fulfillment, while negative recommendations are related to practical concerns. This aligns with the 'Feeling AI' category, which focuses on customer understanding and emotional needs. The study aims to comprehend and meet these emotional needs to enhance customer engagement, making it a clear fit for Feeling AI.",70%,10%,20%,0%,0%,"[2023, 2025)",Word-of-mouth
What factors determine the intention to use and recommend public autonomous shuttles in a real-life setting?,Quinones M.; Romero J.; Schmitz A.; Díaz-Martín A.M.,2024,10.1108/EJMBE-07-2023-0224,"Purpose: User acceptance is a necessary precondition to implementing self-driving buses as a solution to public transport challenges. Focusing on potential users in a real-life setting, this paper aims to analyze the factors that affect their willingness to use public autonomous shuttles (PASs) as well as their word-of-mouth (WOM) intentions. Design/methodology/approach: Grounded on Unified Theory of Acceptance and Use of Technology (UTAUT2), the study was carried out on a sample of 318 potential users in a real-life setting. The hypothesized relationships were tested using partial least squares structural equation modeling (PLS-SEM). Findings: The study reveals that performance expectancy, facilitating conditions, hedonic motivation and trust are significant predictors of PAS usage intention, which is, in turn, related to WOM communication. Additionally, the factors that impact the intention to use a PAS are found to exert an indirect effect on WOM, mediated by usage intention. Practical implications: This study includes practical insights for transport decision-makers on PAS service design, marketing campaigns and WOM monitoring. Originality/value: While extant research focuses on passengers who have tried autonomous shuttles in experimental settings, this article adopts the perspective of potential users who have no previous experience with these vehicles and identifies the link between usage intention and WOM communication in a real-life traffic environment. © 2024, Myriam Quinones, Jaime Romero, Anne Schmitz and Ana M. Díaz-Martín.",Autonomous shuttle; Autonomous vehicle; Driverless shuttle; Robots; Self-driving bus; Smart mobility; Sustainable mobility; Technology acceptance; Technology adoption; Usage intention; UTAUT2; Word-of-mouth,Emerald Publishing,scopus-autonomous,0,Feeling AI,"['trust', 'word-of-mouth', 'user acceptance', 'hedonic motivation']","The abstract focuses on user acceptance and the emotional and psychological factors that influence the willingness to use public autonomous shuttles. It emphasizes the importance of trust and hedonic motivation, which are emotional drivers in customer understanding and acceptance. Additionally, the study explores word-of-mouth communication, which relates to customer engagement and emotional responses. This aligns closely with the objectives of Feeling AI, which aims to understand and meet customer emotional needs and wants.",70%,10%,20%,0%,0%,"[2023, 2025)",Word-of-mouth
Market amplification or transformation? The role of industry analysts in spreading WOM in B2B,Cowan K.; Palo T.; Chapple D.; Zhang Y.,2023,10.1108/JBIM-03-2022-0127,"Purpose: The purpose of this study is to address these questions. Word-of-mouth (WOM) is increasingly important in business-to-business (B2B) decision-making. Yet, research on this topic is rather limited, and often borrows from business-to-consumer (B2C) WOM literature. The question remains as to whether these assumptions realistically occur in B2B WOM. Specifically, this study explores the following questions: What value does B2B WOM have? Why do social media influencers in B2B engage in WOM? What type(s) of social media influencers spread WOM in B2B? Design/methodology/approach: To address these questions, this study adopts a qualitative research strategy. This study focuses on industry analysts in information technology markets who often influence the buying decisions of customers through their expertise and recommendations of technology solutions. Based on interviews with these influencers, this study explicates B2B WOM, an area the authors know much less of in comparison to B2C WOM. Findings: This study reveals differences in who spreads WOM within B2B, their roles, key features of their content and how they spread WOM. Second, this study demonstrates the types of actors spreading WOM in B2B in relation to the type of WOM and how it actually influences B2B markets. Originality/value: This study broadens the current definition of WOM and, specifically, showcases WOM not only as amplifying messages but as a means to co-create the market itself with vendors and clients. This research offers several contributions to the B2B WOM literature and influencer practice. © 2022, Emerald Publishing Limited.",Business-to-business; Influencer marketing; Market creation; Opinion leadership; Social media influencer; Thought leadership; Word-of-mouth,Emerald Publishing,scopus-recommendation,4,Feeling AI,"['word-of-mouth', 'social media influencers', 'customer decision-making', 'B2B', 'emotional needs']","The study focuses on the role of word-of-mouth (WOM) in B2B contexts, emphasizing the emotional aspects of decision-making influenced by social media influencers and their relationships with customers. It highlights how WOM can not only amplify messages but also co-create market dynamics, showcasing an understanding of customer emotional needs and the relational aspects of marketing. This aligns with the objectives of Feeling AI, which focuses on customer understanding and relationalization.",70%,10%,20%,0%,0%,"[2023, 2025)",Word-of-mouth
The role of brand orientation in the higher education sector: a student-perceived paradigm,Casidy R.,2013,10.1108/APJML-06-2013-0069,"Purpose – The purpose of this paper is to examine the relationship between perceived brand orientation (PBO), satisfaction, loyalty, and post-enrolment communication behaviour in the Australian higher education sector. Design/methodology/approach – Two hundred and fifty-eight questionnaires were completed by undergraduate students of a particular university in Australia. Structural equation modeling was employed in this study to examine the associations between the constructs. Findings – This study provides empirical evidence that PBO has a positive and significant relationship with all dependent variables. The research reveals that students' perception of a university's brand orientation is significantly related to satisfaction, loyalty, and post-enrolment communication behaviour. Research limitations/implications – The findings may guide the key decision makers in higher education institutions to understand the importance of brand orientation in their corporate strategy to enhance satisfaction, loyalty, and positive WOM, which can be used to differentiate themselves from other institutions in the highly competitive education market. Originality/value – Past researchers have not looked into the dynamic relationships between PBO, satisfaction, loyalty, and post-enrolment communication behaviour, and hence research is to be called for in this area. The paper is the first to examine brand orientation from the perspective of the students and provide higher education institutions with recommendations to improve service quality through brand orientation. © 2013, © Emerald Group Publishing Limited.",Brand orientation; Customer loyalty; Customer satisfaction; Higher education; Structural equation modelling; Word-of-mouth marketing,Emerald Group Publishing Ltd.,scopus-recommendation,33,Feeling AI,"['brand orientation', 'satisfaction', 'loyalty', 'communication behaviour', 'customer emotional needs']","The abstract emphasizes the relationship between perceived brand orientation and emotional factors such as satisfaction and loyalty, which are critical elements in understanding customer needs and wants. The study aims to enhance these emotional connections through brand orientation, aligning closely with the objectives of Feeling AI to understand and meet customer emotional needs.",70%,10%,20%,0%,0%,"[2013, 2015)",Word-of-mouth
The effects of marketing communication on the tourist's hotel reservation process,Almeida N.M.; Silva J.A.; Mendes J.; do Valle P.O.,2012,10.1080/13032917.2012.687690,"The paper analyses the tourist's first stay booking decision and the factors (such as advertising, word-of-mouth, and travel agency recommendation) that most significantly influence it. Three research hypotheses have been considered and a logistic regression model has been specified. The factors ""advertising"" and ""word-of-mouth"" have significant power to explain direct-contact booking. Hence, there is not only a strong association between first stay booking and the Web, but also a very strong association between the booking and the recommendation of someone close to the tourist who has previously stayed at the hotel. This means that these are two important sources of information for inducing the tourist's decision in this respect. The research contributes to both the understanding of the first stay booking decision-making process and the management of the hotel marketing communication media plan. © 2012 Taylor & Francis.",Advertising; Booking; Marketing communication media; Word-of-mouth,,scopus-recommendation,10,Feeling AI,"['advertising', 'word-of-mouth', 'recommendation', 'decision-making', ""tourist's first stay booking""]","The abstract focuses on understanding the factors influencing a tourist's decision to book their first stay, particularly highlighting the emotional aspects of recommendations from peers and advertising. This aligns closely with the Feeling AI category, which emphasizes understanding customer emotional needs and wants. The significant impact of word-of-mouth indicates the importance of relational aspects in influencing customer decisions.",60%,10%,30%,0%,0%,"[2011, 2013)",Word-of-mouth
Examining the nature and dynamics of At-destination recommendations: The local experts' perspective,Wang Y.; Severt D.; Rompf P.,2006,10.1300/J150v13n03_08,"At-destination referrals from local experts play a critical and complementary role in information sourcing and venue decision strategies by visitors of a destination. This context-specific form of word-of-moulh communication is widely practiced, yet remains an under-researched phenomenon when taking into consideration the broad range of locals utilized by visitors when making at-destination decisions on travel-related services. Most word-of-mouth studies have examined its influence on consumer's purchase behavior, but few attempts have been made to investigate the local experts' perspective. This exploratory study attempts to contribute to the understanding of the phenomenon from the local experts' perspective from two aspects: (1) examining the nature and significance of at-destination recommendations; and (2) developing and testing a motivational construct of locals making recommendations. The results provide further evidence of a broad range of residents within a community being involved in the provision of venue information and direct property referrals. A test of motivational scale items reveals that five themes emerge as the underlying constructs driving the local experts' referral behavior. Discussion and implications are also provided based on the study results. © 2005 by The Haworth Press, Inc. All rights reserved.",At-destination referrals/recommendations; Destination marketing; Referrer motivations; Tourism marketing; Word-of-mouth,,scopus-recommendation,5,Feeling AI,"['at-destination referrals', 'local experts', 'word-of-mouth', 'recommendations', 'motivational construct', 'community involvement', 'residents', 'venue information']","The abstract discusses the emotional and relational aspects of recommendations provided by local experts to visitors. It focuses on understanding the motivations behind locals' referrals and the significance of these at-destination recommendations, indicating an emphasis on customer understanding and relationalization. The themes driving local experts' behavior reflect emotional engagement and the desire to assist visitors, aligning closely with the definitions of Feeling AI.",70%,10%,20%,0%,0%,"[2005, 2007)",Word-of-mouth
The role of brand orientation in the higher education sector: a student-perceived paradigm,Casidy R.,2013,10.1108/APJML-06-2013-0069,"Purpose – The purpose of this paper is to examine the relationship between perceived brand orientation (PBO), satisfaction, loyalty, and post-enrolment communication behaviour in the Australian higher education sector. Design/methodology/approach – Two hundred and fifty-eight questionnaires were completed by undergraduate students of a particular university in Australia. Structural equation modeling was employed in this study to examine the associations between the constructs. Findings – This study provides empirical evidence that PBO has a positive and significant relationship with all dependent variables. The research reveals that students' perception of a university's brand orientation is significantly related to satisfaction, loyalty, and post-enrolment communication behaviour. Research limitations/implications – The findings may guide the key decision makers in higher education institutions to understand the importance of brand orientation in their corporate strategy to enhance satisfaction, loyalty, and positive WOM, which can be used to differentiate themselves from other institutions in the highly competitive education market. Originality/value – Past researchers have not looked into the dynamic relationships between PBO, satisfaction, loyalty, and post-enrolment communication behaviour, and hence research is to be called for in this area. The paper is the first to examine brand orientation from the perspective of the students and provide higher education institutions with recommendations to improve service quality through brand orientation. © 2013, © Emerald Group Publishing Limited.",Brand orientation; Customer loyalty; Customer satisfaction; Higher education; Structural equation modelling; Word-of-mouth marketing,Emerald Group Publishing Ltd.,scopus-recommendation,33,Feeling AI,"['brand orientation', 'satisfaction', 'loyalty', 'communication behaviour', 'customer emotional needs']","The abstract emphasizes the relationship between perceived brand orientation and emotional factors such as satisfaction and loyalty, which are critical elements in understanding customer needs and wants. The study aims to enhance these emotional connections through brand orientation, aligning closely with the objectives of Feeling AI to understand and meet customer emotional needs.",70%,10%,20%,0%,0%,"[2013, 2015)",Word-of-mouth
The effects of marketing communication on the tourist's hotel reservation process,Almeida N.M.; Silva J.A.; Mendes J.; do Valle P.O.,2012,10.1080/13032917.2012.687690,"The paper analyses the tourist's first stay booking decision and the factors (such as advertising, word-of-mouth, and travel agency recommendation) that most significantly influence it. Three research hypotheses have been considered and a logistic regression model has been specified. The factors ""advertising"" and ""word-of-mouth"" have significant power to explain direct-contact booking. Hence, there is not only a strong association between first stay booking and the Web, but also a very strong association between the booking and the recommendation of someone close to the tourist who has previously stayed at the hotel. This means that these are two important sources of information for inducing the tourist's decision in this respect. The research contributes to both the understanding of the first stay booking decision-making process and the management of the hotel marketing communication media plan. © 2012 Taylor & Francis.",Advertising; Booking; Marketing communication media; Word-of-mouth,,scopus-recommendation,10,Feeling AI,"['advertising', 'word-of-mouth', 'recommendation', 'decision-making', ""tourist's first stay booking""]","The abstract focuses on understanding the factors influencing a tourist's decision to book their first stay, particularly highlighting the emotional aspects of recommendations from peers and advertising. This aligns closely with the Feeling AI category, which emphasizes understanding customer emotional needs and wants. The significant impact of word-of-mouth indicates the importance of relational aspects in influencing customer decisions.",60%,10%,30%,0%,0%,"[2011, 2013)",Word-of-mouth
Recommend or not: A comparative analysis of customer reviews to uncover factors influencing explicit online recommendation behavior in peer-to-peer accommodation,"Ding, K; Gong, XY; Huang, T; Choo, WC",2024,10.1016/j.iedeen.2023.100236,"In the fiercely competitive landscape of the peer-to-peer accommodation platform Airbnb, understanding customers' online recommendation behavior is essential for optimizing competitiveness and harnessing the potential of electronic word-of-mouth. This study aims to provide comprehensive insights into the factors driving customers' issuance of positive or negative recommendations based on their experiences. Leveraging 10,101 online reviews from Airbnb users, we employ the Structural Topic Model to determine latent topics relating to customers' recommendation intentions. This study reveals that positive recommendations are primarily influenced by hedonic values tied to the overall experience, including crucial aspects such as convenience for exploring points of interest, local authenticity, social interaction, and emotional fulfillment. These findings highlight the significance of providing memorable and enriching experiences to elicit positive reviews from customers. On the other hand, negative recommendations are closely linked to utilitarian values focused on practical concerns such as check -in procedures, cleanliness, comfortableness, and amenities. Understanding these utilitarian factors is vital for hosts and platform administrators to improve service quality and address potential issues that may lead to negative reviews. Furthermore, this study emphasizes the significant role of hosts in shaping both positive and negative recommendations. This research contributes valuable insights to the field of peer-to-peer accommodation, highlighting the significance of various factors influencing customers' recommendation behavior.",Social marketing; Online recommendation behavior; Word-of-mouth; Airbnb,ELSEVIER SCI LTD,wos-recommendation,6,Feeling AI,"['positive recommendations', 'negative recommendations', 'emotional fulfillment', 'customer understanding', 'experiences', 'social interaction', 'authenticity']","The abstract focuses on understanding customers' online recommendation behavior, emphasizing the emotional aspects of customer experiences. It highlights how positive recommendations are influenced by hedonic values and emotional fulfillment, while negative recommendations are related to practical concerns. This aligns with the 'Feeling AI' category, which focuses on customer understanding and emotional needs. The study aims to comprehend and meet these emotional needs to enhance customer engagement, making it a clear fit for Feeling AI.",70%,10%,20%,0%,0%,"[2023, 2025)",Word-of-mouth
Examining the nature and dynamics of At-destination recommendations: The local experts' perspective,Wang Y.; Severt D.; Rompf P.,2006,10.1300/J150v13n03_08,"At-destination referrals from local experts play a critical and complementary role in information sourcing and venue decision strategies by visitors of a destination. This context-specific form of word-of-moulh communication is widely practiced, yet remains an under-researched phenomenon when taking into consideration the broad range of locals utilized by visitors when making at-destination decisions on travel-related services. Most word-of-mouth studies have examined its influence on consumer's purchase behavior, but few attempts have been made to investigate the local experts' perspective. This exploratory study attempts to contribute to the understanding of the phenomenon from the local experts' perspective from two aspects: (1) examining the nature and significance of at-destination recommendations; and (2) developing and testing a motivational construct of locals making recommendations. The results provide further evidence of a broad range of residents within a community being involved in the provision of venue information and direct property referrals. A test of motivational scale items reveals that five themes emerge as the underlying constructs driving the local experts' referral behavior. Discussion and implications are also provided based on the study results. © 2005 by The Haworth Press, Inc. All rights reserved.",At-destination referrals/recommendations; Destination marketing; Referrer motivations; Tourism marketing; Word-of-mouth,,scopus-recommendation,5,Feeling AI,"['at-destination referrals', 'local experts', 'word-of-mouth', 'recommendations', 'motivational construct', 'community involvement', 'residents', 'venue information']","The abstract discusses the emotional and relational aspects of recommendations provided by local experts to visitors. It focuses on understanding the motivations behind locals' referrals and the significance of these at-destination recommendations, indicating an emphasis on customer understanding and relationalization. The themes driving local experts' behavior reflect emotional engagement and the desire to assist visitors, aligning closely with the definitions of Feeling AI.",70%,10%,20%,0%,0%,"[2005, 2007)",Word-of-mouth
Market amplification or transformation? The role of industry analysts in spreading WOM in B2B,Cowan K.; Palo T.; Chapple D.; Zhang Y.,2023,10.1108/JBIM-03-2022-0127,"Purpose: The purpose of this study is to address these questions. Word-of-mouth (WOM) is increasingly important in business-to-business (B2B) decision-making. Yet, research on this topic is rather limited, and often borrows from business-to-consumer (B2C) WOM literature. The question remains as to whether these assumptions realistically occur in B2B WOM. Specifically, this study explores the following questions: What value does B2B WOM have? Why do social media influencers in B2B engage in WOM? What type(s) of social media influencers spread WOM in B2B? Design/methodology/approach: To address these questions, this study adopts a qualitative research strategy. This study focuses on industry analysts in information technology markets who often influence the buying decisions of customers through their expertise and recommendations of technology solutions. Based on interviews with these influencers, this study explicates B2B WOM, an area the authors know much less of in comparison to B2C WOM. Findings: This study reveals differences in who spreads WOM within B2B, their roles, key features of their content and how they spread WOM. Second, this study demonstrates the types of actors spreading WOM in B2B in relation to the type of WOM and how it actually influences B2B markets. Originality/value: This study broadens the current definition of WOM and, specifically, showcases WOM not only as amplifying messages but as a means to co-create the market itself with vendors and clients. This research offers several contributions to the B2B WOM literature and influencer practice. © 2022, Emerald Publishing Limited.",Business-to-business; Influencer marketing; Market creation; Opinion leadership; Social media influencer; Thought leadership; Word-of-mouth,Emerald Publishing,scopus-recommendation,4,Feeling AI,"['word-of-mouth', 'social media influencers', 'customer decision-making', 'B2B', 'emotional needs']","The study focuses on the role of word-of-mouth (WOM) in B2B contexts, emphasizing the emotional aspects of decision-making influenced by social media influencers and their relationships with customers. It highlights how WOM can not only amplify messages but also co-create market dynamics, showcasing an understanding of customer emotional needs and the relational aspects of marketing. This aligns with the objectives of Feeling AI, which focuses on customer understanding and relationalization.",70%,10%,20%,0%,0%,"[2023, 2025)",Word-of-mouth
Virtual or human? The impact of the influencer type on Gen Z consumer outcomes,Kholkina V.; Chesnokova E.; Zelenskaya E.,2025,10.1108/JPBM-12-2023-4885,"Purpose: Virtual influencers are a growing trend in digital marketing strategies. This paper aims to compare the impact of virtual and human influencers on Gen Z consumer outcomes (Source Trust, Intention to Follow, Word-of-Mouth and Brand Attachment). Design/methodology/approach: The authors surveyed young consumers (N = 317) in Europe and the CIS. The data are analyzed through Welch’s t-test and partial least squares structural equation modeling. Findings: This study demonstrates that for Gen Z, human influencers are still a more effective marketing tool than virtual influencers. The latter arouse greater social-psychological distance that significantly affects consumer outcomes. Consumers with a higher need-for-uniqueness and novelty seeking have a lower social-psychological distance from virtual influencers. Practical implications: This study offers valuable insights for practitioners in terms of influencer marketing decisions in the digital environment with respect to one of the most solvent target groups – Gen Z. Originality/value: This research contributes to the empirical investigation of the impact of virtual influencers on the behavioral outcomes of Gen Z by including Novelty Seeking and Brand Attachment in the analysis. The research sample includes CIS and European consumers, which allows for a more comprehensive investigation. © 2024, Emerald Publishing Limited.",Artificial intelligence; Brand attachment; Generation Z; Influencer marketing; Intention to follow; Psychological distance; Social media influencer; Source trust; Virtual influencer; Word-of-mouth,Emerald Publishing,scopus-artificial intelligence,1,Feeling AI,"['virtual influencers', 'human influencers', 'social-psychological distance', 'consumer outcomes', 'Brand Attachment', 'need-for-uniqueness', 'novelty seeking']","The abstract discusses the impact of virtual and human influencers on Gen Z's emotional responses and behavioral outcomes, particularly focusing on brand attachment and social-psychological distance. This aligns closely with the 'Feeling AI' category, which emphasizes understanding customer emotions and needs. The findings suggest how emotional factors, such as the perception of influencers and the desire for uniqueness, influence consumer behavior, indicating a strong connection to customer understanding and relationalization.",60%,10%,30%,0%,0%,,Word-of-mouth
What factors determine the intention to use and recommend public autonomous shuttles in a real-life setting?,"Quinones, M; Romero, J; Schmitz, A; Díaz-Martín, AM",2024,10.1108/EJMBE-07-2023-0224,"Purpose - User acceptance is a necessary precondition to implementing self-driving buses as a solution to public transport challenges. Focusing on potential users in a real-life setting, this paper aims to analyze the factors that affect their willingness to use public autonomous shuttles (PASs) as well as their word-of-mouth (WOM) intentions. Design/methodology/approach - Grounded on Unified Theory of Acceptance and Use of Technology (UTAUT2), the study was carried out on a sample of 318 potential users in a real-life setting. The hypothesized relationships were tested using partial least squares structural equation modeling (PLS-SEM). Findings - The study reveals that performance expectancy, facilitating conditions, hedonic motivation and trust are significant predictors of PAS usage intention, which is, in turn, related to WOM communication. Additionally, the factors that impact the intention to use a PAS are found to exert an indirect effect on WOM, mediated by usage intention. Practical implications - This study includes practical insights for transport decision-makers on PAS service design, marketing campaigns and WOM monitoring. Originality/value - While extant research focuses on passengers who have tried autonomous shuttles in experimental settings, this article adopts the perspective of potential users who have no previous experience with these vehicles and identifies the link between usage intention and WOM communication in a real-life traffic environment.",Autonomous vehicle; Autonomous shuttle; Driverless shuttle; Self-driving bus; Technology adoption; Technology acceptance; Usage intention; Word-of-mouth; Sustainable mobility; Smart mobility; Robots; UTAUT2,EMERALD GROUP PUBLISHING LTD,wos-autonomous,0,Feeling AI,"['user acceptance', 'trust', 'word-of-mouth', 'customer needs', 'willingness to use']","The abstract focuses on understanding potential users' acceptance of public autonomous shuttles (PASs), emphasizing emotional factors like trust and hedonic motivation. It explores how these factors influence users' intentions to adopt the technology and their subsequent word-of-mouth communication, which is closely aligned with customer understanding and relationalization aspects highlighted in the Feeling AI category.",70%,10%,20%,0%,0%,"[2023, 2025)",Word-of-mouth
What factors determine the intention to use and recommend public autonomous shuttles in a real-life setting?,Quinones M.; Romero J.; Schmitz A.; Díaz-Martín A.M.,2024,10.1108/EJMBE-07-2023-0224,"Purpose: User acceptance is a necessary precondition to implementing self-driving buses as a solution to public transport challenges. Focusing on potential users in a real-life setting, this paper aims to analyze the factors that affect their willingness to use public autonomous shuttles (PASs) as well as their word-of-mouth (WOM) intentions. Design/methodology/approach: Grounded on Unified Theory of Acceptance and Use of Technology (UTAUT2), the study was carried out on a sample of 318 potential users in a real-life setting. The hypothesized relationships were tested using partial least squares structural equation modeling (PLS-SEM). Findings: The study reveals that performance expectancy, facilitating conditions, hedonic motivation and trust are significant predictors of PAS usage intention, which is, in turn, related to WOM communication. Additionally, the factors that impact the intention to use a PAS are found to exert an indirect effect on WOM, mediated by usage intention. Practical implications: This study includes practical insights for transport decision-makers on PAS service design, marketing campaigns and WOM monitoring. Originality/value: While extant research focuses on passengers who have tried autonomous shuttles in experimental settings, this article adopts the perspective of potential users who have no previous experience with these vehicles and identifies the link between usage intention and WOM communication in a real-life traffic environment. © 2024, Myriam Quinones, Jaime Romero, Anne Schmitz and Ana M. Díaz-Martín.",Autonomous shuttle; Autonomous vehicle; Driverless shuttle; Robots; Self-driving bus; Smart mobility; Sustainable mobility; Technology acceptance; Technology adoption; Usage intention; UTAUT2; Word-of-mouth,Emerald Publishing,scopus-autonomous,0,Feeling AI,"['trust', 'word-of-mouth', 'user acceptance', 'hedonic motivation']","The abstract focuses on user acceptance and the emotional and psychological factors that influence the willingness to use public autonomous shuttles. It emphasizes the importance of trust and hedonic motivation, which are emotional drivers in customer understanding and acceptance. Additionally, the study explores word-of-mouth communication, which relates to customer engagement and emotional responses. This aligns closely with the objectives of Feeling AI, which aims to understand and meet customer emotional needs and wants.",70%,10%,20%,0%,0%,"[2023, 2025)",Word-of-mouth
